#-----------------------------------------------------------
# Vivado v2025.1 (64-bit)
# SW Build 6140274 on Thu May 22 00:12:29 MDT 2025
# IP Build 6138677 on Thu May 22 03:10:11 MDT 2025
# SharedData Build 6139179 on Tue May 20 17:58:58 MDT 2025
# Start of session at: Wed Jul 15 18:25:35 2026
# Process ID         : 14552
# Current directory  : D:/ECE/FPGA Training NTI/stream_parity_gen
# Command line       : vivado.exe -gui_launcher_event rodinguilauncherevent9032 D:\ECE\FPGA Training NTI\stream_parity_gen\stream_parity_gen.xpr
# Log file           : D:/ECE/FPGA Training NTI/stream_parity_gen/vivado.log
# Journal file       : D:/ECE/FPGA Training NTI/stream_parity_gen\vivado.jou
# Running On         : MOHAMMED-SAEED
# Platform           : Windows Server 2016 or Windows 10
# Operating System   : 26200
# Processor Detail   : Intel(R) Core(TM) i7-8850H CPU @ 2.60GHz
# CPU Frequency      : 2592 MHz
# CPU Physical cores : 6
# CPU Logical cores  : 12
# Host memory        : 16960 MB
# Swap memory        : 2684 MB
# Total Virtual      : 19645 MB
# Available Virtual  : 7960 MB
#-----------------------------------------------------------
start_gui
open_project {D:/ECE/FPGA Training NTI/stream_parity_gen/stream_parity_gen.xpr}
WARNING: [Board 49-26] cannot add Board Part xilinx.com:emb-plus-vpr-4616:part0:1.0 available at C:/Xilinx/2025.1/data/xhub/boards\XilinxBoardStore\boards\Xilinx\emb-plus-vpr-4616\1.0\board.xml as part xcve2302-sfva784-2mp-e-s specified in board_part file is either invalid or not available
WARNING: [Board 49-26] cannot add Board Part xilinx.com:emb-plus-vpr-4616:part0:1.1 available at C:/Xilinx/2025.1/data/xhub/boards\XilinxBoardStore\boards\Xilinx\emb-plus-vpr-4616\1.1\board.xml as part xcve2302-sfva784-2mp-e-s specified in board_part file is either invalid or not available
INFO: [filemgmt 56-3] Default IP Output Path : Could not find the directory 'D:/ECE/FPGA Training NTI/stream_parity_gen/stream_parity_gen.gen/sources_1'.
WARNING: [Board 49-26] cannot add Board Part xilinx.com:k24c:part0:1.0 available at C:/Xilinx/2025.1/data/xhub/boards\XilinxBoardStore\boards\Xilinx\k24c\1.0\board.xml as part xck24-ubva530-2lv-c specified in board_part file is either invalid or not available
WARNING: [Board 49-26] cannot add Board Part xilinx.com:k24c:part0:1.1 available at C:/Xilinx/2025.1/data/xhub/boards\XilinxBoardStore\boards\Xilinx\k24c\1.1\board.xml as part xck24-ubva530-2lv-c specified in board_part file is either invalid or not available
WARNING: [Board 49-26] cannot add Board Part xilinx.com:k24i:part0:1.0 available at C:/Xilinx/2025.1/data/xhub/boards\XilinxBoardStore\boards\Xilinx\k24i\1.0\board.xml as part xck24-ubva530-2lvi-i specified in board_part file is either invalid or not available
WARNING: [Board 49-26] cannot add Board Part xilinx.com:k26c:part0:1.2 available at C:/Xilinx/2025.1/data/xhub/boards\XilinxBoardStore\boards\Xilinx\k26c\1.2\board.xml as part xck26-sfvc784-2lv-c specified in board_part file is either invalid or not available
WARNING: [Board 49-26] cannot add Board Part xilinx.com:k26c:part0:1.3 available at C:/Xilinx/2025.1/data/xhub/boards\XilinxBoardStore\boards\Xilinx\k26c\1.3\board.xml as part xck26-sfvc784-2lv-c specified in board_part file is either invalid or not available
WARNING: [Board 49-26] cannot add Board Part xilinx.com:k26c:part0:1.4 available at C:/Xilinx/2025.1/data/xhub/boards\XilinxBoardStore\boards\Xilinx\k26c\1.4\board.xml as part xck26-sfvc784-2lv-c specified in board_part file is either invalid or not available
WARNING: [Board 49-26] cannot add Board Part xilinx.com:k26i:part0:1.2 available at C:/Xilinx/2025.1/data/xhub/boards\XilinxBoardStore\boards\Xilinx\k26i\1.2\board.xml as part xck26-sfvc784-2lvi-i specified in board_part file is either invalid or not available
WARNING: [Board 49-26] cannot add Board Part xilinx.com:k26i:part0:1.3 available at C:/Xilinx/2025.1/data/xhub/boards\XilinxBoardStore\boards\Xilinx\k26i\1.3\board.xml as part xck26-sfvc784-2lvi-i specified in board_part file is either invalid or not available
WARNING: [Board 49-26] cannot add Board Part xilinx.com:k26i:part0:1.4 available at C:/Xilinx/2025.1/data/xhub/boards\XilinxBoardStore\boards\Xilinx\k26i\1.4\board.xml as part xck26-sfvc784-2lvi-i specified in board_part file is either invalid or not available
WARNING: [Board 49-26] cannot add Board Part xilinx.com:kcu105:part0:1.6 available at C:/Xilinx/2025.1/data/xhub/boards\XilinxBoardStore\boards\Xilinx\kcu105\1.6\board.xml as part xcku040-ffva1156-2-e specified in board_part file is either invalid or not available
WARNING: [Board 49-26] cannot add Board Part xilinx.com:kcu105:part0:1.7 available at C:/Xilinx/2025.1/data/xhub/boards\XilinxBoardStore\boards\Xilinx\kcu105\1.7\board.xml as part xcku040-ffva1156-2-e specified in board_part file is either invalid or not available
WARNING: [Board 49-26] cannot add Board Part xilinx.com:kcu116:part0:1.4 available at C:/Xilinx/2025.1/data/xhub/boards\XilinxBoardStore\boards\Xilinx\kcu116\1.4\board.xml as part xcku5p-ffvb676-2-e specified in board_part file is either invalid or not available
WARNING: [Board 49-26] cannot add Board Part xilinx.com:kcu116:part0:1.5 available at C:/Xilinx/2025.1/data/xhub/boards\XilinxBoardStore\boards\Xilinx\kcu116\1.5\board.xml as part xcku5p-ffvb676-2-e specified in board_part file is either invalid or not available
WARNING: [Board 49-26] cannot add Board Part xilinx.com:kcu1500:part0:1.2 available at C:/Xilinx/2025.1/data/xhub/boards\XilinxBoardStore\boards\Xilinx\kcu1500\1.2\board.xml as part xcku115-flvb2104-2-e specified in board_part file is either invalid or not available
WARNING: [Board 49-26] cannot add Board Part xilinx.com:kd240_som:part0:1.0 available at C:/Xilinx/2025.1/data/xhub/boards\XilinxBoardStore\boards\Xilinx\kd240_som\1.0\board.xml as part xck24-ubva530-2lv-c specified in board_part file is either invalid or not available
WARNING: [Board 49-26] cannot add Board Part xilinx.com:kd240_som:part0:1.1 available at C:/Xilinx/2025.1/data/xhub/boards\XilinxBoardStore\boards\Xilinx\kd240_som\1.1\board.xml as part xck24-ubva530-2lv-c specified in board_part file is either invalid or not available
WARNING: [Board 49-26] cannot add Board Part xilinx.com:kr260_som:part0:1.0 available at C:/Xilinx/2025.1/data/xhub/boards\XilinxBoardStore\boards\Xilinx\kr260_som\1.0\board.xml as part xck26-sfvc784-2lv-c specified in board_part file is either invalid or not available
WARNING: [Board 49-26] cannot add Board Part xilinx.com:kr260_som:part0:1.1 available at C:/Xilinx/2025.1/data/xhub/boards\XilinxBoardStore\boards\Xilinx\kr260_som\1.1\board.xml as part xck26-sfvc784-2lv-c specified in board_part file is either invalid or not available
WARNING: [Board 49-26] cannot add Board Part xilinx.com:kv260_som:part0:1.2 available at C:/Xilinx/2025.1/data/xhub/boards\XilinxBoardStore\boards\Xilinx\kv260_som\1.2\board.xml as part xck26-sfvc784-2lv-c specified in board_part file is either invalid or not available
WARNING: [Board 49-26] cannot add Board Part xilinx.com:kv260_som:part0:1.3 available at C:/Xilinx/2025.1/data/xhub/boards\XilinxBoardStore\boards\Xilinx\kv260_som\1.3\board.xml as part xck26-sfvc784-2lv-c specified in board_part file is either invalid or not available
WARNING: [Board 49-26] cannot add Board Part xilinx.com:kv260_som:part0:1.4 available at C:/Xilinx/2025.1/data/xhub/boards\XilinxBoardStore\boards\Xilinx\kv260_som\1.4\board.xml as part xck26-sfvc784-2lv-c specified in board_part file is either invalid or not available
WARNING: [Board 49-26] cannot add Board Part xilinx.com:scu35:part0:1.0 available at C:/Xilinx/2025.1/data/xhub/boards\XilinxBoardStore\boards\Xilinx\scu35\1.0\board.xml as part xcsu35p-sbvb625-2-e specified in board_part file is either invalid or not available
WARNING: [Board 49-26] cannot add Board Part xilinx.com:v80:part0:1.0 available at C:/Xilinx/2025.1/data/xhub/boards\XilinxBoardStore\boards\Xilinx\v80\1.0\board.xml as part xcv80-lsva4737-2mhp-e-s specified in board_part file is either invalid or not available
WARNING: [Board 49-26] cannot add Board Part xilinx.com:vck190:part0:2.2 available at C:/Xilinx/2025.1/data/xhub/boards\XilinxBoardStore\boards\Xilinx\vck190\production\2.2\board.xml as part xcvc1902-vsva2197-2mp-e-s specified in board_part file is either invalid or not available
WARNING: [Board 49-26] cannot add Board Part xilinx.com:vck190:part0:3.0 available at C:/Xilinx/2025.1/data/xhub/boards\XilinxBoardStore\boards\Xilinx\vck190\production\3.0\board.xml as part xcvc1902-vsva2197-2mp-e-s specified in board_part file is either invalid or not available
WARNING: [Board 49-26] cannot add Board Part xilinx.com:vck190:part0:3.1 available at C:/Xilinx/2025.1/data/xhub/boards\XilinxBoardStore\boards\Xilinx\vck190\production\3.1\board.xml as part xcvc1902-vsva2197-2mp-e-s specified in board_part file is either invalid or not available
WARNING: [Board 49-26] cannot add Board Part xilinx.com:vck190:part0:3.2 available at C:/Xilinx/2025.1/data/xhub/boards\XilinxBoardStore\boards\Xilinx\vck190\production\3.2\board.xml as part xcvc1902-vsva2197-2mp-e-s specified in board_part file is either invalid or not available
WARNING: [Board 49-26] cannot add Board Part xilinx.com:vck190:part0:3.3 available at C:/Xilinx/2025.1/data/xhub/boards\XilinxBoardStore\boards\Xilinx\vck190\production\3.3\board.xml as part xcvc1902-vsva2197-2mp-e-s specified in board_part file is either invalid or not available
WARNING: [Board 49-26] cannot add Board Part xilinx.com:vck190:part0:3.4 available at C:/Xilinx/2025.1/data/xhub/boards\XilinxBoardStore\boards\Xilinx\vck190\production\3.4\board.xml as part xcvc1902-vsva2197-2mp-e-s specified in board_part file is either invalid or not available
WARNING: [Board 49-26] cannot add Board Part xilinx.com:vck190_newl:part0:1.0 available at C:/Xilinx/2025.1/data/xhub/boards\XilinxBoardStore\boards\Xilinx\vck190_newl\production\1.0\board.xml as part xcvc1902-vsva2197-2mp-e-s specified in board_part file is either invalid or not available
WARNING: [Board 49-26] cannot add Board Part xilinx.com:vck190_newl:part0:1.1 available at C:/Xilinx/2025.1/data/xhub/boards\XilinxBoardStore\boards\Xilinx\vck190_newl\production\1.1\board.xml as part xcvc1902-vsva2197-2mp-e-s specified in board_part file is either invalid or not available
WARNING: [Board 49-26] cannot add Board Part xilinx.com:vck190_newl:part0:1.2 available at C:/Xilinx/2025.1/data/xhub/boards\XilinxBoardStore\boards\Xilinx\vck190_newl\production\1.2\board.xml as part xcvc1902-vsva2197-2mp-e-s specified in board_part file is either invalid or not available
WARNING: [Board 49-26] cannot add Board Part xilinx.com:vck190_newl:part0:1.3 available at C:/Xilinx/2025.1/data/xhub/boards\XilinxBoardStore\boards\Xilinx\vck190_newl\production\1.3\board.xml as part xcvc1902-vsva2197-2mp-e-s specified in board_part file is either invalid or not available
WARNING: [Board 49-26] cannot add Board Part xilinx.com:vcu108:part0:1.6 available at C:/Xilinx/2025.1/data/xhub/boards\XilinxBoardStore\boards\Xilinx\vcu108\1.6\board.xml as part xcvu095-ffva2104-2-e specified in board_part file is either invalid or not available
WARNING: [Board 49-26] cannot add Board Part xilinx.com:vcu108:part0:1.7 available at C:/Xilinx/2025.1/data/xhub/boards\XilinxBoardStore\boards\Xilinx\vcu108\1.7\board.xml as part xcvu095-ffva2104-2-e specified in board_part file is either invalid or not available
WARNING: [Board 49-26] cannot add Board Part xilinx.com:vcu110:part0:1.4 available at C:/Xilinx/2025.1/data/xhub/boards\XilinxBoardStore\boards\Xilinx\vcu110\1.4\board.xml as part xcvu190-flgc2104-2-e specified in board_part file is either invalid or not available
WARNING: [Board 49-26] cannot add Board Part xilinx.com:vcu118:part0:2.0 available at C:/Xilinx/2025.1/data/xhub/boards\XilinxBoardStore\boards\Xilinx\vcu118\2.0\board.xml as part xcvu9p-flga2104-2l-e specified in board_part file is either invalid or not available
WARNING: [Board 49-26] cannot add Board Part xilinx.com:vcu118:part0:2.3 available at C:/Xilinx/2025.1/data/xhub/boards\XilinxBoardStore\boards\Xilinx\vcu118\2.3\board.xml as part xcvu9p-flga2104-2l-e specified in board_part file is either invalid or not available
WARNING: [Board 49-26] cannot add Board Part xilinx.com:vcu118:part0:2.4 available at C:/Xilinx/2025.1/data/xhub/boards\XilinxBoardStore\boards\Xilinx\vcu118\2.4\board.xml as part xcvu9p-flga2104-2l-e specified in board_part file is either invalid or not available
WARNING: [Board 49-26] cannot add Board Part xilinx.com:vcu128:part0:1.0 available at C:/Xilinx/2025.1/data/xhub/boards\XilinxBoardStore\boards\Xilinx\vcu128\production\1.0\board.xml as part xcvu37p-fsvh2892-2l-e specified in board_part file is either invalid or not available
WARNING: [Board 49-26] cannot add Board Part xilinx.com:vcu129:part0:1.0 available at C:/Xilinx/2025.1/data/xhub/boards\XilinxBoardStore\boards\Xilinx\vcu129\production\1.0\board.xml as part xcvu29p-fsga2577-2l-e specified in board_part file is either invalid or not available
WARNING: [Board 49-26] cannot add Board Part xilinx.com:vcu1525:part0:1.3 available at C:/Xilinx/2025.1/data/xhub/boards\XilinxBoardStore\boards\Xilinx\vcu1525\1.3\board.xml as part xcvu9p-fsgd2104-2l-e specified in board_part file is either invalid or not available
WARNING: [Board 49-26] cannot add Board Part xilinx.com:vek280:part0:1.0 available at C:/Xilinx/2025.1/data/xhub/boards\XilinxBoardStore\boards\Xilinx\vek280\production\1.0\board.xml as part xcve2802-vsvh1760-2mp-e-s specified in board_part file is either invalid or not available
WARNING: [Board 49-26] cannot add Board Part xilinx.com:vek280:part0:1.1 available at C:/Xilinx/2025.1/data/xhub/boards\XilinxBoardStore\boards\Xilinx\vek280\production\1.1\board.xml as part xcve2802-vsvh1760-2mp-e-s specified in board_part file is either invalid or not available
WARNING: [Board 49-26] cannot add Board Part xilinx.com:vek280:part0:1.2 available at C:/Xilinx/2025.1/data/xhub/boards\XilinxBoardStore\boards\Xilinx\vek280\production\1.2\board.xml as part xcve2802-vsvh1760-2mp-e-s specified in board_part file is either invalid or not available
WARNING: [Board 49-26] cannot add Board Part xilinx.com:vek385:part0:1.0 available at C:/Xilinx/2025.1/data/xhub/boards\XilinxBoardStore\boards\Xilinx\vek385\1.0\board.xml as part xc2ve3858-ssva2112-2mp-e-s specified in board_part file is either invalid or not available
WARNING: [Board 49-26] cannot add Board Part xilinx.com:vermeo_t1_mpsoc:part0:1.0 available at C:/Xilinx/2025.1/data/xhub/boards\XilinxBoardStore\boards\Xilinx\vermeo_t1_mpsoc\1.0\board.xml as part xczu19eg-ffvd1760-2l-e specified in board_part file is either invalid or not available
WARNING: [Board 49-26] cannot add Board Part xilinx.com:vermeo_t1_rfsoc:part0:1.0 available at C:/Xilinx/2025.1/data/xhub/boards\XilinxBoardStore\boards\Xilinx\vermeo_t1_rfsoc\1.0\board.xml as part xczu21dr-ffvd1156-2l-e specified in board_part file is either invalid or not available
WARNING: [Board 49-26] cannot add Board Part xilinx.com:vhk158:part0:1.0 available at C:/Xilinx/2025.1/data/xhub/boards\XilinxBoardStore\boards\Xilinx\vhk158\production\1.0\board.xml as part xcvh1582-vsva3697-2mp-e-s specified in board_part file is either invalid or not available
WARNING: [Board 49-26] cannot add Board Part xilinx.com:vhk158:part0:1.1 available at C:/Xilinx/2025.1/data/xhub/boards\XilinxBoardStore\boards\Xilinx\vhk158\production\1.1\board.xml as part xcvh1582-vsva3697-2mp-e-s specified in board_part file is either invalid or not available
WARNING: [Board 49-26] cannot add Board Part xilinx.com:vhk158:part0:1.2 available at C:/Xilinx/2025.1/data/xhub/boards\XilinxBoardStore\boards\Xilinx\vhk158\production\1.2\board.xml as part xcvh1582-vsva3697-2mp-e-s specified in board_part file is either invalid or not available
WARNING: [Board 49-26] cannot add Board Part xilinx.com:vmk180:part0:2.2 available at C:/Xilinx/2025.1/data/xhub/boards\XilinxBoardStore\boards\Xilinx\vmk180\production\2.2\board.xml as part xcvm1802-vsva2197-2mp-e-s specified in board_part file is either invalid or not available
WARNING: [Board 49-26] cannot add Board Part xilinx.com:vmk180:part0:3.0 available at C:/Xilinx/2025.1/data/xhub/boards\XilinxBoardStore\boards\Xilinx\vmk180\production\3.0\board.xml as part xcvm1802-vsva2197-2mp-e-s specified in board_part file is either invalid or not available
WARNING: [Board 49-26] cannot add Board Part xilinx.com:vmk180:part0:3.1 available at C:/Xilinx/2025.1/data/xhub/boards\XilinxBoardStore\boards\Xilinx\vmk180\production\3.1\board.xml as part xcvm1802-vsva2197-2mp-e-s specified in board_part file is either invalid or not available
WARNING: [Board 49-26] cannot add Board Part xilinx.com:vmk180:part0:3.2 available at C:/Xilinx/2025.1/data/xhub/boards\XilinxBoardStore\boards\Xilinx\vmk180\production\3.2\board.xml as part xcvm1802-vsva2197-2mp-e-s specified in board_part file is either invalid or not available
WARNING: [Board 49-26] cannot add Board Part xilinx.com:vmk180:part0:3.3 available at C:/Xilinx/2025.1/data/xhub/boards\XilinxBoardStore\boards\Xilinx\vmk180\production\3.3\board.xml as part xcvm1802-vsva2197-2mp-e-s specified in board_part file is either invalid or not available
WARNING: [Board 49-26] cannot add Board Part xilinx.com:vmk180_newl:part0:1.0 available at C:/Xilinx/2025.1/data/xhub/boards\XilinxBoardStore\boards\Xilinx\vmk180_newl\production\1.0\board.xml as part xcvm1802-vsva2197-2mp-e-s specified in board_part file is either invalid or not available
WARNING: [Board 49-26] cannot add Board Part xilinx.com:vmk180_newl:part0:1.1 available at C:/Xilinx/2025.1/data/xhub/boards\XilinxBoardStore\boards\Xilinx\vmk180_newl\production\1.1\board.xml as part xcvm1802-vsva2197-2mp-e-s specified in board_part file is either invalid or not available
WARNING: [Board 49-26] cannot add Board Part xilinx.com:vpk120:part0:1.0 available at C:/Xilinx/2025.1/data/xhub/boards\XilinxBoardStore\boards\Xilinx\vpk120\production\1.0\board.xml as part xcvp1202-vsva2785-2mp-e-s specified in board_part file is either invalid or not available
WARNING: [Board 49-26] cannot add Board Part xilinx.com:vpk120:part0:1.1 available at C:/Xilinx/2025.1/data/xhub/boards\XilinxBoardStore\boards\Xilinx\vpk120\production\1.1\board.xml as part xcvp1202-vsva2785-2mp-e-s specified in board_part file is either invalid or not available
WARNING: [Board 49-26] cannot add Board Part xilinx.com:vpk120:part0:1.2 available at C:/Xilinx/2025.1/data/xhub/boards\XilinxBoardStore\boards\Xilinx\vpk120\production\1.2\board.xml as part xcvp1202-vsva2785-2mp-e-s specified in board_part file is either invalid or not available
WARNING: [Board 49-26] cannot add Board Part xilinx.com:vpk180:part0:1.0 available at C:/Xilinx/2025.1/data/xhub/boards\XilinxBoardStore\boards\Xilinx\vpk180\production\1.0\board.xml as part xcvp1802-lsvc4072-2mp-e-s specified in board_part file is either invalid or not available
WARNING: [Board 49-26] cannot add Board Part xilinx.com:vpk180:part0:1.1 available at C:/Xilinx/2025.1/data/xhub/boards\XilinxBoardStore\boards\Xilinx\vpk180\production\1.1\board.xml as part xcvp1802-lsvc4072-2mp-e-s specified in board_part file is either invalid or not available
WARNING: [Board 49-26] cannot add Board Part xilinx.com:vpk180:part0:1.2 available at C:/Xilinx/2025.1/data/xhub/boards\XilinxBoardStore\boards\Xilinx\vpk180\production\1.2\board.xml as part xcvp1802-lsvc4072-2mp-e-s specified in board_part file is either invalid or not available
WARNING: [Board 49-26] cannot add Board Part xilinx.com:zcu102:part0:3.3 available at C:/Xilinx/2025.1/data/xhub/boards\XilinxBoardStore\boards\Xilinx\zcu102\3.3\board.xml as part xczu9eg-ffvb1156-2-e specified in board_part file is either invalid or not available
WARNING: [Board 49-26] cannot add Board Part xilinx.com:zcu102:part0:3.4 available at C:/Xilinx/2025.1/data/xhub/boards\XilinxBoardStore\boards\Xilinx\zcu102\3.4\board.xml as part xczu9eg-ffvb1156-2-e specified in board_part file is either invalid or not available
WARNING: [Board 49-26] cannot add Board Part xilinx.com:zcu104:part0:1.1 available at C:/Xilinx/2025.1/data/xhub/boards\XilinxBoardStore\boards\Xilinx\zcu104\1.1\board.xml as part xczu7ev-ffvc1156-2-e specified in board_part file is either invalid or not available
WARNING: [Board 49-26] cannot add Board Part xilinx.com:zcu106:part0:2.4 available at C:/Xilinx/2025.1/data/xhub/boards\XilinxBoardStore\boards\Xilinx\zcu106\2.4\board.xml as part xczu7ev-ffvc1156-2-e specified in board_part file is either invalid or not available
WARNING: [Board 49-26] cannot add Board Part xilinx.com:zcu106:part0:2.5 available at C:/Xilinx/2025.1/data/xhub/boards\XilinxBoardStore\boards\Xilinx\zcu106\2.5\board.xml as part xczu7ev-ffvc1156-2-e specified in board_part file is either invalid or not available
WARNING: [Board 49-26] cannot add Board Part xilinx.com:zcu106:part0:2.6 available at C:/Xilinx/2025.1/data/xhub/boards\XilinxBoardStore\boards\Xilinx\zcu106\2.6\board.xml as part xczu7ev-ffvc1156-2-e specified in board_part file is either invalid or not available
WARNING: [Board 49-26] cannot add Board Part xilinx.com:zcu111:part0:1.2 available at C:/Xilinx/2025.1/data/xhub/boards\XilinxBoardStore\boards\Xilinx\zcu111\1.2\board.xml as part xczu28dr-ffvg1517-2-e specified in board_part file is either invalid or not available
WARNING: [Board 49-26] cannot add Board Part xilinx.com:zcu111:part0:1.3 available at C:/Xilinx/2025.1/data/xhub/boards\XilinxBoardStore\boards\Xilinx\zcu111\1.3\board.xml as part xczu28dr-ffvg1517-2-e specified in board_part file is either invalid or not available
WARNING: [Board 49-26] cannot add Board Part xilinx.com:zcu111:part0:1.4 available at C:/Xilinx/2025.1/data/xhub/boards\XilinxBoardStore\boards\Xilinx\zcu111\1.4\board.xml as part xczu28dr-ffvg1517-2-e specified in board_part file is either invalid or not available
WARNING: [Board 49-26] cannot add Board Part xilinx.com:zcu1275:part0:1.0 available at C:/Xilinx/2025.1/data/xhub/boards\XilinxBoardStore\boards\Xilinx\zcu1275\1.0\board.xml as part xczu29dr-ffvf1760-2-e specified in board_part file is either invalid or not available
WARNING: [Board 49-26] cannot add Board Part xilinx.com:zcu1285:part0:1.0 available at C:/Xilinx/2025.1/data/xhub/boards\XilinxBoardStore\boards\Xilinx\zcu1285\1.0\board.xml as part xczu39dr-ffvf1760-2-i specified in board_part file is either invalid or not available
WARNING: [Board 49-26] cannot add Board Part xilinx.com:zcu208:part0:2.0 available at C:/Xilinx/2025.1/data/xhub/boards\XilinxBoardStore\boards\Xilinx\zcu208\production\2.0\board.xml as part xczu48dr-fsvg1517-2-e specified in board_part file is either invalid or not available
WARNING: [Board 49-26] cannot add Board Part xilinx.com:zcu208ld:part0:2.0 available at C:/Xilinx/2025.1/data/xhub/boards\XilinxBoardStore\boards\Xilinx\zcu208ld\production\2.0\board.xml as part xczu58dr-fsvg1517-2-i specified in board_part file is either invalid or not available
WARNING: [Board 49-26] cannot add Board Part xilinx.com:zcu216:part0:2.0 available at C:/Xilinx/2025.1/data/xhub/boards\XilinxBoardStore\boards\Xilinx\zcu216\production\2.0\board.xml as part xczu49dr-ffvf1760-2-e specified in board_part file is either invalid or not available
WARNING: [Board 49-26] cannot add Board Part xilinx.com:zcu216ld:part0:2.0 available at C:/Xilinx/2025.1/data/xhub/boards\XilinxBoardStore\boards\Xilinx\zcu216ld\production\2.0\board.xml as part xczu59dr-ffvf1760-2-i specified in board_part file is either invalid or not available
WARNING: [Board 49-26] cannot add Board Part xilinx.com:zcu670:part0:2.0 available at C:/Xilinx/2025.1/data/xhub/boards\XilinxBoardStore\boards\Xilinx\zcu670\2.0\board.xml as part xczu67dr-fsve1156-2-i specified in board_part file is either invalid or not available
WARNING: [Board 49-26] cannot add Board Part xilinx.com:zcu670ld:part0:1.0 available at C:/Xilinx/2025.1/data/xhub/boards\XilinxBoardStore\boards\Xilinx\zcu670ld\1.0\board.xml as part xczu57dr-fsve1156-2-i specified in board_part file is either invalid or not available
Scanning sources...
Finished scanning sources
WARNING: [Board 49-26] cannot add Board Part xilinx.com:emb-plus-vpr-4616:part0:1.0 available at C:/Xilinx/2025.1/data/xhub/boards\XilinxBoardStore\boards\Xilinx\emb-plus-vpr-4616\1.0\board.xml as part xcve2302-sfva784-2mp-e-s specified in board_part file is either invalid or not available
WARNING: [Board 49-26] cannot add Board Part xilinx.com:emb-plus-vpr-4616:part0:1.1 available at C:/Xilinx/2025.1/data/xhub/boards\XilinxBoardStore\boards\Xilinx\emb-plus-vpr-4616\1.1\board.xml as part xcve2302-sfva784-2mp-e-s specified in board_part file is either invalid or not available
WARNING: [Board 49-26] cannot add Board Part xilinx.com:k24c:part0:1.0 available at C:/Xilinx/2025.1/data/xhub/boards\XilinxBoardStore\boards\Xilinx\k24c\1.0\board.xml as part xck24-ubva530-2lv-c specified in board_part file is either invalid or not available
WARNING: [Board 49-26] cannot add Board Part xilinx.com:k24c:part0:1.1 available at C:/Xilinx/2025.1/data/xhub/boards\XilinxBoardStore\boards\Xilinx\k24c\1.1\board.xml as part xck24-ubva530-2lv-c specified in board_part file is either invalid or not available
WARNING: [Board 49-26] cannot add Board Part xilinx.com:k24i:part0:1.0 available at C:/Xilinx/2025.1/data/xhub/boards\XilinxBoardStore\boards\Xilinx\k24i\1.0\board.xml as part xck24-ubva530-2lvi-i specified in board_part file is either invalid or not available
WARNING: [Board 49-26] cannot add Board Part xilinx.com:k26c:part0:1.2 available at C:/Xilinx/2025.1/data/xhub/boards\XilinxBoardStore\boards\Xilinx\k26c\1.2\board.xml as part xck26-sfvc784-2lv-c specified in board_part file is either invalid or not available
WARNING: [Board 49-26] cannot add Board Part xilinx.com:k26c:part0:1.3 available at C:/Xilinx/2025.1/data/xhub/boards\XilinxBoardStore\boards\Xilinx\k26c\1.3\board.xml as part xck26-sfvc784-2lv-c specified in board_part file is either invalid or not available
WARNING: [Board 49-26] cannot add Board Part xilinx.com:k26c:part0:1.4 available at C:/Xilinx/2025.1/data/xhub/boards\XilinxBoardStore\boards\Xilinx\k26c\1.4\board.xml as part xck26-sfvc784-2lv-c specified in board_part file is either invalid or not available
WARNING: [Board 49-26] cannot add Board Part xilinx.com:k26i:part0:1.2 available at C:/Xilinx/2025.1/data/xhub/boards\XilinxBoardStore\boards\Xilinx\k26i\1.2\board.xml as part xck26-sfvc784-2lvi-i specified in board_part file is either invalid or not available
WARNING: [Board 49-26] cannot add Board Part xilinx.com:k26i:part0:1.3 available at C:/Xilinx/2025.1/data/xhub/boards\XilinxBoardStore\boards\Xilinx\k26i\1.3\board.xml as part xck26-sfvc784-2lvi-i specified in board_part file is either invalid or not available
WARNING: [Board 49-26] cannot add Board Part xilinx.com:k26i:part0:1.4 available at C:/Xilinx/2025.1/data/xhub/boards\XilinxBoardStore\boards\Xilinx\k26i\1.4\board.xml as part xck26-sfvc784-2lvi-i specified in board_part file is either invalid or not available
WARNING: [Board 49-26] cannot add Board Part xilinx.com:kcu105:part0:1.6 available at C:/Xilinx/2025.1/data/xhub/boards\XilinxBoardStore\boards\Xilinx\kcu105\1.6\board.xml as part xcku040-ffva1156-2-e specified in board_part file is either invalid or not available
WARNING: [Board 49-26] cannot add Board Part xilinx.com:kcu105:part0:1.7 available at C:/Xilinx/2025.1/data/xhub/boards\XilinxBoardStore\boards\Xilinx\kcu105\1.7\board.xml as part xcku040-ffva1156-2-e specified in board_part file is either invalid or not available
WARNING: [Board 49-26] cannot add Board Part xilinx.com:kcu116:part0:1.4 available at C:/Xilinx/2025.1/data/xhub/boards\XilinxBoardStore\boards\Xilinx\kcu116\1.4\board.xml as part xcku5p-ffvb676-2-e specified in board_part file is either invalid or not available
WARNING: [Board 49-26] cannot add Board Part xilinx.com:kcu116:part0:1.5 available at C:/Xilinx/2025.1/data/xhub/boards\XilinxBoardStore\boards\Xilinx\kcu116\1.5\board.xml as part xcku5p-ffvb676-2-e specified in board_part file is either invalid or not available
WARNING: [Board 49-26] cannot add Board Part xilinx.com:kcu1500:part0:1.2 available at C:/Xilinx/2025.1/data/xhub/boards\XilinxBoardStore\boards\Xilinx\kcu1500\1.2\board.xml as part xcku115-flvb2104-2-e specified in board_part file is either invalid or not available
WARNING: [Board 49-26] cannot add Board Part xilinx.com:kd240_som:part0:1.0 available at C:/Xilinx/2025.1/data/xhub/boards\XilinxBoardStore\boards\Xilinx\kd240_som\1.0\board.xml as part xck24-ubva530-2lv-c specified in board_part file is either invalid or not available
INFO: [Common 17-14] Message 'Board 49-26' appears 100 times and further instances of the messages will be disabled. Use the Tcl command set_msg_config to change the current settings.
WARNING: [Project 1-5713] Board part '' set for the project  is not found. BoardPart property will be unset. Please select board from latest repo build 
INFO: [IP_Flow 19-234] Refreshing IP repositories
INFO: [IP_Flow 19-1704] No user IP repositories specified
INFO: [IP_Flow 19-2313] Loaded Vivado IP repository 'C:/Xilinx/2025.1/Vivado/data/ip'.
open_project: Time (s): cpu = 00:02:35 ; elapsed = 00:01:34 . Memory (MB): peak = 1605.672 ; gain = 257.332
update_compile_order -fileset sources_1
launch_simulation
Command: launch_simulation 
INFO: [Vivado 12-12493] Simulation top is 'stream_parity_gen_tb'
INFO: [Vivado 12-5682] Launching behavioral simulation in 'D:/ECE/FPGA Training NTI/stream_parity_gen/stream_parity_gen.sim/sim_1/behav/xsim'
INFO: [SIM-utils-51] Simulation object is 'sim_1'
INFO: [SIM-utils-72] Using boost library from 'C:/Xilinx/2025.1/Vivado/tps/boost_1_72_0'
INFO: [SIM-utils-54] Inspecting design source files for 'stream_parity_gen_tb' in fileset 'sim_1'...
INFO: [USF-XSim-97] Finding global include files...
INFO: [USF-XSim-98] Fetching design files from 'sim_1'...
INFO: [USF-XSim-2] XSim::Compile design
INFO: [USF-XSim-61] Executing 'COMPILE and ANALYZE' step in 'D:/ECE/FPGA Training NTI/stream_parity_gen/stream_parity_gen.sim/sim_1/behav/xsim'
"xvlog --incr --relax -prj stream_parity_gen_tb_vlog.prj"
INFO: [VRFC 10-2263] Analyzing Verilog file "D:/ECE/FPGA Training NTI/stream_parity_gen/stream_parity_gen.srcs/sources_1/new/stream_parity_gen.v" into library xil_defaultlib
INFO: [VRFC 10-311] analyzing module stream_parity_gen
INFO: [VRFC 10-2263] Analyzing Verilog file "D:/ECE/FPGA Training NTI/stream_parity_gen/stream_parity_gen.srcs/sources_1/new/stream_parity_tb.v" into library xil_defaultlib
INFO: [VRFC 10-311] analyzing module stream_parity_gen_tb
INFO: [USF-XSim-69] 'compile' step finished in '2' seconds
INFO: [USF-XSim-3] XSim::Elaborate design
INFO: [USF-XSim-61] Executing 'ELABORATE' step in 'D:/ECE/FPGA Training NTI/stream_parity_gen/stream_parity_gen.sim/sim_1/behav/xsim'
"xelab --incr --debug typical --relax --mt 2 -L xil_defaultlib -L unisims_ver -L unimacro_ver -L secureip --snapshot stream_parity_gen_tb_behav xil_defaultlib.stream_parity_gen_tb xil_defaultlib.glbl -log elaborate.log"
Vivado Simulator v2025.1.0
Copyright 1986-2022 Xilinx, Inc. All Rights Reserved.
Copyright 2022-2025 Advanced Micro Devices, Inc. All Rights Reserved.
Running: C:/Xilinx/2025.1/Vivado/bin/unwrapped/win64.o/xelab.exe --incr --debug typical --relax --mt 2 -L xil_defaultlib -L unisims_ver -L unimacro_ver -L secureip --snapshot stream_parity_gen_tb_behav xil_defaultlib.stream_parity_gen_tb xil_defaultlib.glbl -log elaborate.log 
Using 2 slave threads.
Starting static elaboration
Pass Through NonSizing Optimizer
Completed static elaboration
Starting simulation data flow analysis
Completed simulation data flow analysis
Time Resolution for simulation is 1ps
Compiling module xil_defaultlib.stream_parity_gen
Compiling module xil_defaultlib.stream_parity_gen_tb
Compiling module xil_defaultlib.glbl
Built simulation snapshot stream_parity_gen_tb_behav
INFO: [USF-XSim-69] 'elaborate' step finished in '3' seconds
INFO: [USF-XSim-4] XSim::Simulate design
INFO: [USF-XSim-61] Executing 'SIMULATE' step in 'D:/ECE/FPGA Training NTI/stream_parity_gen/stream_parity_gen.sim/sim_1/behav/xsim'
INFO: [USF-XSim-98] *** Running xsim
   with args "stream_parity_gen_tb_behav -key {Behavioral:sim_1:Functional:stream_parity_gen_tb} -tclbatch {stream_parity_gen_tb.tcl} -log {simulate.log}"
INFO: [USF-XSim-8] Loading simulator feature
Time resolution is 1 ps
source stream_parity_gen_tb.tcl
# set curr_wave [current_wave_config]
# if { [string length $curr_wave] == 0 } {
#   if { [llength [get_objects]] > 0} {
#     add_wave /
#     set_property needs_save false [current_wave_config]
#   } else {
#      send_msg_id Add_Wave-1 WARNING "No top level signals found. Simulator will start without a wave window. If you want to open a wave window go to 'File->New Waveform Configuration' or type 'create_wave_config' in the TCL console."
#   }
# }
# run 1000ns
Time = 0 | serial_in = 0 | Internal stream_in = xxxxxxxx | parity_out = x
Time = 5 | serial_in = 0 | Internal stream_in = 00000000 | parity_out = 0
$finish called at time : 40 ns : File "D:/ECE/FPGA Training NTI/stream_parity_gen/stream_parity_gen.srcs/sources_1/new/stream_parity_tb.v" Line 58
INFO: [USF-XSim-96] XSim completed. Design snapshot 'stream_parity_gen_tb_behav' loaded.
INFO: [USF-XSim-97] XSim simulation ran for 1000ns
launch_simulation: Time (s): cpu = 00:00:07 ; elapsed = 00:00:11 . Memory (MB): peak = 1662.660 ; gain = 22.391
WARNING: [filemgmt 56-199] Attempt to get parsing info during refresh. "On-the-fly" syntax checking information may be incorrect. [D:\ECE\FPGA Training NTI\stream_parity_gen\stream_parity_gen.srcs\sources_1\new\stream_parity_tb.v:]
WARNING: [filemgmt 56-199] Attempt to get parsing info during refresh. "On-the-fly" syntax checking information may be incorrect. [D:\ECE\FPGA Training NTI\stream_parity_gen\stream_parity_gen.srcs\sources_1\new\stream_parity_gen.v:]
WARNING: [filemgmt 56-199] Attempt to get parsing info during refresh. "On-the-fly" syntax checking information may be incorrect. [D:\ECE\FPGA Training NTI\stream_parity_gen\stream_parity_gen.srcs\sources_1\new\stream_parity_gen.v:]
WARNING: [filemgmt 56-199] Attempt to get parsing info during refresh. "On-the-fly" syntax checking information may be incorrect. [D:\ECE\FPGA Training NTI\stream_parity_gen\stream_parity_gen.srcs\sources_1\new\stream_parity_gen.v:]
close_sim
INFO: [Simtcl 6-16] Simulation closed
launch_simulation
Command: launch_simulation 
INFO: [Vivado 12-12493] Simulation top is 'stream_parity_gen_tb'
INFO: [Vivado 12-5682] Launching behavioral simulation in 'D:/ECE/FPGA Training NTI/stream_parity_gen/stream_parity_gen.sim/sim_1/behav/xsim'
INFO: [SIM-utils-51] Simulation object is 'sim_1'
INFO: [SIM-utils-72] Using boost library from 'C:/Xilinx/2025.1/Vivado/tps/boost_1_72_0'
INFO: [SIM-utils-54] Inspecting design source files for 'stream_parity_gen_tb' in fileset 'sim_1'...
INFO: [USF-XSim-97] Finding global include files...
INFO: [USF-XSim-98] Fetching design files from 'sim_1'...
INFO: [USF-XSim-2] XSim::Compile design
INFO: [USF-XSim-61] Executing 'COMPILE and ANALYZE' step in 'D:/ECE/FPGA Training NTI/stream_parity_gen/stream_parity_gen.sim/sim_1/behav/xsim'
"xvlog --incr --relax -prj stream_parity_gen_tb_vlog.prj"
INFO: [VRFC 10-2263] Analyzing Verilog file "D:/ECE/FPGA Training NTI/stream_parity_gen/stream_parity_gen.srcs/sources_1/new/stream_parity_gen.v" into library xil_defaultlib
INFO: [VRFC 10-311] analyzing module stream_parity_gen
INFO: [VRFC 10-2263] Analyzing Verilog file "D:/ECE/FPGA Training NTI/stream_parity_gen/stream_parity_gen.srcs/sources_1/new/stream_parity_tb.v" into library xil_defaultlib
INFO: [VRFC 10-311] analyzing module stream_parity_gen_tb
INFO: [USF-XSim-69] 'compile' step finished in '1' seconds
INFO: [USF-XSim-3] XSim::Elaborate design
INFO: [USF-XSim-61] Executing 'ELABORATE' step in 'D:/ECE/FPGA Training NTI/stream_parity_gen/stream_parity_gen.sim/sim_1/behav/xsim'
"xelab --incr --debug typical --relax --mt 2 -L xil_defaultlib -L unisims_ver -L unimacro_ver -L secureip --snapshot stream_parity_gen_tb_behav xil_defaultlib.stream_parity_gen_tb xil_defaultlib.glbl -log elaborate.log"
Vivado Simulator v2025.1.0
Copyright 1986-2022 Xilinx, Inc. All Rights Reserved.
Copyright 2022-2025 Advanced Micro Devices, Inc. All Rights Reserved.
Running: C:/Xilinx/2025.1/Vivado/bin/unwrapped/win64.o/xelab.exe --incr --debug typical --relax --mt 2 -L xil_defaultlib -L unisims_ver -L unimacro_ver -L secureip --snapshot stream_parity_gen_tb_behav xil_defaultlib.stream_parity_gen_tb xil_defaultlib.glbl -log elaborate.log 
Using 2 slave threads.
Starting static elaboration
Pass Through NonSizing Optimizer
Completed static elaboration
Starting simulation data flow analysis
Completed simulation data flow analysis
Time Resolution for simulation is 1ps
Compiling module xil_defaultlib.stream_parity_gen
Compiling module xil_defaultlib.stream_parity_gen_tb
Compiling module xil_defaultlib.glbl
Built simulation snapshot stream_parity_gen_tb_behav
INFO: [USF-XSim-69] 'elaborate' step finished in '2' seconds
INFO: [USF-XSim-4] XSim::Simulate design
INFO: [USF-XSim-61] Executing 'SIMULATE' step in 'D:/ECE/FPGA Training NTI/stream_parity_gen/stream_parity_gen.sim/sim_1/behav/xsim'
INFO: [USF-XSim-98] *** Running xsim
   with args "stream_parity_gen_tb_behav -key {Behavioral:sim_1:Functional:stream_parity_gen_tb} -tclbatch {stream_parity_gen_tb.tcl} -log {simulate.log}"
INFO: [USF-XSim-8] Loading simulator feature
Time resolution is 1 ps
source stream_parity_gen_tb.tcl
# set curr_wave [current_wave_config]
# if { [string length $curr_wave] == 0 } {
#   if { [llength [get_objects]] > 0} {
#     add_wave /
#     set_property needs_save false [current_wave_config]
#   } else {
#      send_msg_id Add_Wave-1 WARNING "No top level signals found. Simulator will start without a wave window. If you want to open a wave window go to 'File->New Waveform Configuration' or type 'create_wave_config' in the TCL console."
#   }
# }
# run 1000ns
Time = 0 | serial_in = 0 | Internal stream_in = xxxxxxxx | parity_out = x
Time = 5 | serial_in = 0 | Internal stream_in = 00000000 | parity_out = 0
Time = 170 | serial_in = 1 | Internal stream_in = 00000000 | parity_out = 0
Time = 175 | serial_in = 1 | Internal stream_in = 00000001 | parity_out = 1
Time = 180 | serial_in = 0 | Internal stream_in = 00000001 | parity_out = 1
Time = 185 | serial_in = 0 | Internal stream_in = 00000010 | parity_out = 1
Time = 195 | serial_in = 0 | Internal stream_in = 00000100 | parity_out = 1
Time = 205 | serial_in = 0 | Internal stream_in = 00001000 | parity_out = 1
Time = 215 | serial_in = 0 | Internal stream_in = 00010000 | parity_out = 1
Time = 225 | serial_in = 0 | Internal stream_in = 00100000 | parity_out = 1
Time = 235 | serial_in = 0 | Internal stream_in = 01000000 | parity_out = 1
Time = 240 | serial_in = 1 | Internal stream_in = 01000000 | parity_out = 1
Time = 245 | serial_in = 1 | Internal stream_in = 10000001 | parity_out = 0
Time = 255 | serial_in = 1 | Internal stream_in = 00000011 | parity_out = 0
Time = 260 | serial_in = 0 | Internal stream_in = 00000011 | parity_out = 0
Time = 265 | serial_in = 0 | Internal stream_in = 00000110 | parity_out = 0
Time = 275 | serial_in = 0 | Internal stream_in = 00001100 | parity_out = 0
Time = 285 | serial_in = 0 | Internal stream_in = 00011000 | parity_out = 0
Time = 295 | serial_in = 0 | Internal stream_in = 00110000 | parity_out = 0
Time = 305 | serial_in = 0 | Internal stream_in = 01100000 | parity_out = 0
Time = 310 | serial_in = 1 | Internal stream_in = 01100000 | parity_out = 0
Time = 315 | serial_in = 1 | Internal stream_in = 11000001 | parity_out = 1
Time = 325 | serial_in = 1 | Internal stream_in = 10000011 | parity_out = 1
Time = 330 | serial_in = 0 | Internal stream_in = 10000011 | parity_out = 1
Time = 335 | serial_in = 0 | Internal stream_in = 00000110 | parity_out = 0
Time = 345 | serial_in = 0 | Internal stream_in = 00001100 | parity_out = 0
Time = 355 | serial_in = 0 | Internal stream_in = 00011000 | parity_out = 0
Time = 365 | serial_in = 0 | Internal stream_in = 00110000 | parity_out = 0
Time = 375 | serial_in = 0 | Internal stream_in = 01100000 | parity_out = 0
Time = 380 | serial_in = 1 | Internal stream_in = 01100000 | parity_out = 0
Time = 385 | serial_in = 1 | Internal stream_in = 11000001 | parity_out = 1
Time = 390 | serial_in = 0 | Internal stream_in = 11000001 | parity_out = 1
Time = 395 | serial_in = 0 | Internal stream_in = 10000010 | parity_out = 0
Time = 400 | serial_in = 1 | Internal stream_in = 10000010 | parity_out = 0
Time = 405 | serial_in = 1 | Internal stream_in = 00000101 | parity_out = 0
Time = 410 | serial_in = 0 | Internal stream_in = 00000101 | parity_out = 0
Time = 415 | serial_in = 0 | Internal stream_in = 00001010 | parity_out = 0
Time = 425 | serial_in = 0 | Internal stream_in = 00010100 | parity_out = 0
Time = 435 | serial_in = 0 | Internal stream_in = 00101000 | parity_out = 0
Time = 445 | serial_in = 0 | Internal stream_in = 01010000 | parity_out = 0
Time = 455 | serial_in = 0 | Internal stream_in = 10100000 | parity_out = 0
Time = 460 | serial_in = 1 | Internal stream_in = 10100000 | parity_out = 0
Time = 465 | serial_in = 1 | Internal stream_in = 01000001 | parity_out = 0
Time = 475 | serial_in = 1 | Internal stream_in = 10000011 | parity_out = 1
Time = 485 | serial_in = 1 | Internal stream_in = 00000111 | parity_out = 1
Time = 495 | serial_in = 1 | Internal stream_in = 00001111 | parity_out = 0
Time = 500 | serial_in = 0 | Internal stream_in = 00001111 | parity_out = 0
Time = 505 | serial_in = 0 | Internal stream_in = 00011110 | parity_out = 0
Time = 515 | serial_in = 0 | Internal stream_in = 00111100 | parity_out = 0
Time = 525 | serial_in = 0 | Internal stream_in = 01111000 | parity_out = 0
Time = 530 | serial_in = 1 | Internal stream_in = 01111000 | parity_out = 0
Time = 535 | serial_in = 1 | Internal stream_in = 11110001 | parity_out = 1
Time = 540 | serial_in = 0 | Internal stream_in = 11110001 | parity_out = 1
Time = 545 | serial_in = 0 | Internal stream_in = 11100010 | parity_out = 0
Time = 550 | serial_in = 1 | Internal stream_in = 11100010 | parity_out = 0
Time = 555 | serial_in = 1 | Internal stream_in = 11000101 | parity_out = 0
Time = 560 | serial_in = 0 | Internal stream_in = 11000101 | parity_out = 0
Time = 565 | serial_in = 0 | Internal stream_in = 10001010 | parity_out = 1
Time = 570 | serial_in = 1 | Internal stream_in = 10001010 | parity_out = 1
Time = 575 | serial_in = 1 | Internal stream_in = 00010101 | parity_out = 1
Time = 580 | serial_in = 0 | Internal stream_in = 00010101 | parity_out = 1
Time = 585 | serial_in = 0 | Internal stream_in = 00101010 | parity_out = 1
Time = 595 | serial_in = 0 | Internal stream_in = 01010100 | parity_out = 1
Time = 605 | serial_in = 0 | Internal stream_in = 10101000 | parity_out = 1
Time = 610 | serial_in = 1 | Internal stream_in = 10101000 | parity_out = 1
Time = 615 | serial_in = 1 | Internal stream_in = 01010001 | parity_out = 1
Time = 625 | serial_in = 1 | Internal stream_in = 10100011 | parity_out = 0
Time = 635 | serial_in = 1 | Internal stream_in = 01000111 | parity_out = 0
Time = 640 | serial_in = 0 | Internal stream_in = 01000111 | parity_out = 0
Time = 645 | serial_in = 0 | Internal stream_in = 10001110 | parity_out = 0
Time = 655 | serial_in = 0 | Internal stream_in = 00011100 | parity_out = 1
Time = 665 | serial_in = 0 | Internal stream_in = 00111000 | parity_out = 1
Time = 675 | serial_in = 0 | Internal stream_in = 01110000 | parity_out = 1
Time = 680 | serial_in = 1 | Internal stream_in = 01110000 | parity_out = 1
Time = 685 | serial_in = 1 | Internal stream_in = 11100001 | parity_out = 0
Time = 690 | serial_in = 0 | Internal stream_in = 11100001 | parity_out = 0
Time = 695 | serial_in = 0 | Internal stream_in = 11000010 | parity_out = 1
Time = 705 | serial_in = 0 | Internal stream_in = 10000100 | parity_out = 0
Time = 710 | serial_in = 1 | Internal stream_in = 10000100 | parity_out = 0
Time = 715 | serial_in = 1 | Internal stream_in = 00001001 | parity_out = 0
Time = 720 | serial_in = 0 | Internal stream_in = 00001001 | parity_out = 0
Time = 725 | serial_in = 0 | Internal stream_in = 00010010 | parity_out = 0
Time = 735 | serial_in = 0 | Internal stream_in = 00100100 | parity_out = 0
Time = 745 | serial_in = 0 | Internal stream_in = 01001000 | parity_out = 0
Time = 755 | serial_in = 0 | Internal stream_in = 10010000 | parity_out = 0
Time = 760 | serial_in = 1 | Internal stream_in = 10010000 | parity_out = 0
Time = 765 | serial_in = 1 | Internal stream_in = 00100001 | parity_out = 0
Time = 770 | serial_in = 0 | Internal stream_in = 00100001 | parity_out = 0
Time = 775 | serial_in = 0 | Internal stream_in = 01000010 | parity_out = 0
Time = 780 | serial_in = 1 | Internal stream_in = 01000010 | parity_out = 0
Time = 785 | serial_in = 1 | Internal stream_in = 10000101 | parity_out = 1
Time = 795 | serial_in = 1 | Internal stream_in = 00001011 | parity_out = 1
Time = 800 | serial_in = 0 | Internal stream_in = 00001011 | parity_out = 1
Time = 805 | serial_in = 0 | Internal stream_in = 00010110 | parity_out = 1
Time = 810 | serial_in = 1 | Internal stream_in = 00010110 | parity_out = 1
Time = 815 | serial_in = 1 | Internal stream_in = 00101101 | parity_out = 0
Time = 820 | serial_in = 0 | Internal stream_in = 00101101 | parity_out = 0
Time = 825 | serial_in = 0 | Internal stream_in = 01011010 | parity_out = 0
Time = 835 | serial_in = 0 | Internal stream_in = 10110100 | parity_out = 0
Time = 840 | serial_in = 1 | Internal stream_in = 10110100 | parity_out = 0
Time = 845 | serial_in = 1 | Internal stream_in = 01101001 | parity_out = 0
Time = 855 | serial_in = 1 | Internal stream_in = 11010011 | parity_out = 1
Time = 860 | serial_in = 0 | Internal stream_in = 11010011 | parity_out = 1
Time = 865 | serial_in = 0 | Internal stream_in = 10100110 | parity_out = 0
Time = 870 | serial_in = 1 | Internal stream_in = 10100110 | parity_out = 0
Time = 875 | serial_in = 1 | Internal stream_in = 01001101 | parity_out = 0
Time = 885 | serial_in = 1 | Internal stream_in = 10011011 | parity_out = 1
Time = 895 | serial_in = 1 | Internal stream_in = 00110111 | parity_out = 1
Time = 900 | serial_in = 0 | Internal stream_in = 00110111 | parity_out = 1
Time = 905 | serial_in = 0 | Internal stream_in = 01101110 | parity_out = 1
Time = 910 | serial_in = 1 | Internal stream_in = 01101110 | parity_out = 1
Time = 915 | serial_in = 1 | Internal stream_in = 11011101 | parity_out = 0
Time = 920 | serial_in = 0 | Internal stream_in = 11011101 | parity_out = 0
Time = 925 | serial_in = 0 | Internal stream_in = 10111010 | parity_out = 1
Time = 935 | serial_in = 0 | Internal stream_in = 01110100 | parity_out = 0
Time = 945 | serial_in = 0 | Internal stream_in = 11101000 | parity_out = 0
Time = 955 | serial_in = 0 | Internal stream_in = 11010000 | parity_out = 1
Time = 960 | serial_in = 1 | Internal stream_in = 11010000 | parity_out = 1
Time = 965 | serial_in = 1 | Internal stream_in = 10100001 | parity_out = 1
Time = 970 | serial_in = 0 | Internal stream_in = 10100001 | parity_out = 1
Time = 975 | serial_in = 0 | Internal stream_in = 01000010 | parity_out = 0
Time = 985 | serial_in = 0 | Internal stream_in = 10000100 | parity_out = 0
Time = 990 | serial_in = 1 | Internal stream_in = 10000100 | parity_out = 0
Time = 995 | serial_in = 1 | Internal stream_in = 00001001 | parity_out = 0
Time = 1000 | serial_in = 0 | Internal stream_in = 00001001 | parity_out = 0
INFO: [USF-XSim-96] XSim completed. Design snapshot 'stream_parity_gen_tb_behav' loaded.
INFO: [USF-XSim-97] XSim simulation ran for 1000ns
launch_simulation: Time (s): cpu = 00:00:04 ; elapsed = 00:00:07 . Memory (MB): peak = 1693.434 ; gain = 0.000
close_sim
INFO: [Simtcl 6-16] Simulation closed
launch_simulation
Command: launch_simulation 
INFO: [Vivado 12-12493] Simulation top is 'stream_parity_gen_tb'
INFO: [Vivado 12-5682] Launching behavioral simulation in 'D:/ECE/FPGA Training NTI/stream_parity_gen/stream_parity_gen.sim/sim_1/behav/xsim'
INFO: [SIM-utils-51] Simulation object is 'sim_1'
INFO: [SIM-utils-72] Using boost library from 'C:/Xilinx/2025.1/Vivado/tps/boost_1_72_0'
INFO: [SIM-utils-54] Inspecting design source files for 'stream_parity_gen_tb' in fileset 'sim_1'...
INFO: [USF-XSim-97] Finding global include files...
INFO: [USF-XSim-98] Fetching design files from 'sim_1'...
INFO: [USF-XSim-2] XSim::Compile design
INFO: [USF-XSim-61] Executing 'COMPILE and ANALYZE' step in 'D:/ECE/FPGA Training NTI/stream_parity_gen/stream_parity_gen.sim/sim_1/behav/xsim'
"xvlog --incr --relax -prj stream_parity_gen_tb_vlog.prj"
INFO: [VRFC 10-2263] Analyzing Verilog file "D:/ECE/FPGA Training NTI/stream_parity_gen/stream_parity_gen.srcs/sources_1/new/stream_parity_gen.v" into library xil_defaultlib
INFO: [VRFC 10-311] analyzing module stream_parity_gen
INFO: [VRFC 10-2263] Analyzing Verilog file "D:/ECE/FPGA Training NTI/stream_parity_gen/stream_parity_gen.srcs/sources_1/new/stream_parity_tb.v" into library xil_defaultlib
INFO: [VRFC 10-311] analyzing module stream_parity_gen_tb
INFO: [USF-XSim-69] 'compile' step finished in '2' seconds
INFO: [USF-XSim-3] XSim::Elaborate design
INFO: [USF-XSim-61] Executing 'ELABORATE' step in 'D:/ECE/FPGA Training NTI/stream_parity_gen/stream_parity_gen.sim/sim_1/behav/xsim'
"xelab --incr --debug typical --relax --mt 2 -L xil_defaultlib -L unisims_ver -L unimacro_ver -L secureip --snapshot stream_parity_gen_tb_behav xil_defaultlib.stream_parity_gen_tb xil_defaultlib.glbl -log elaborate.log"
Vivado Simulator v2025.1.0
Copyright 1986-2022 Xilinx, Inc. All Rights Reserved.
Copyright 2022-2025 Advanced Micro Devices, Inc. All Rights Reserved.
Running: C:/Xilinx/2025.1/Vivado/bin/unwrapped/win64.o/xelab.exe --incr --debug typical --relax --mt 2 -L xil_defaultlib -L unisims_ver -L unimacro_ver -L secureip --snapshot stream_parity_gen_tb_behav xil_defaultlib.stream_parity_gen_tb xil_defaultlib.glbl -log elaborate.log 
Using 2 slave threads.
Starting static elaboration
Pass Through NonSizing Optimizer
Completed static elaboration
Starting simulation data flow analysis
Completed simulation data flow analysis
Time Resolution for simulation is 1ps
Compiling module xil_defaultlib.stream_parity_gen
Compiling module xil_defaultlib.stream_parity_gen_tb
Compiling module xil_defaultlib.glbl
Built simulation snapshot stream_parity_gen_tb_behav
INFO: [USF-XSim-69] 'elaborate' step finished in '2' seconds
INFO: [USF-XSim-4] XSim::Simulate design
INFO: [USF-XSim-61] Executing 'SIMULATE' step in 'D:/ECE/FPGA Training NTI/stream_parity_gen/stream_parity_gen.sim/sim_1/behav/xsim'
INFO: [USF-XSim-98] *** Running xsim
   with args "stream_parity_gen_tb_behav -key {Behavioral:sim_1:Functional:stream_parity_gen_tb} -tclbatch {stream_parity_gen_tb.tcl} -log {simulate.log}"
INFO: [USF-XSim-8] Loading simulator feature
Time resolution is 1 ps
source stream_parity_gen_tb.tcl
# set curr_wave [current_wave_config]
# if { [string length $curr_wave] == 0 } {
#   if { [llength [get_objects]] > 0} {
#     add_wave /
#     set_property needs_save false [current_wave_config]
#   } else {
#      send_msg_id Add_Wave-1 WARNING "No top level signals found. Simulator will start without a wave window. If you want to open a wave window go to 'File->New Waveform Configuration' or type 'create_wave_config' in the TCL console."
#   }
# }
# run 1000ns
Time = 0 | serial_in = 0 | Internal stream_in = xxxxxxxx | parity_out = x
Time = 5 | serial_in = 0 | Internal stream_in = 00000000 | parity_out = 0
Time = 170 | serial_in = 1 | Internal stream_in = 00000000 | parity_out = 0
Time = 175 | serial_in = 1 | Internal stream_in = 00000001 | parity_out = 1
Time = 180 | serial_in = 0 | Internal stream_in = 00000001 | parity_out = 1
Time = 185 | serial_in = 0 | Internal stream_in = 00000010 | parity_out = 1
Time = 195 | serial_in = 0 | Internal stream_in = 00000100 | parity_out = 1
Time = 205 | serial_in = 0 | Internal stream_in = 00001000 | parity_out = 1
Time = 215 | serial_in = 0 | Internal stream_in = 00010000 | parity_out = 1
Time = 225 | serial_in = 0 | Internal stream_in = 00100000 | parity_out = 1
Time = 235 | serial_in = 0 | Internal stream_in = 01000000 | parity_out = 1
Time = 240 | serial_in = 1 | Internal stream_in = 01000000 | parity_out = 1
Time = 245 | serial_in = 1 | Internal stream_in = 10000001 | parity_out = 0
Time = 255 | serial_in = 1 | Internal stream_in = 00000011 | parity_out = 0
Time = 260 | serial_in = 0 | Internal stream_in = 00000011 | parity_out = 0
Time = 265 | serial_in = 0 | Internal stream_in = 00000110 | parity_out = 0
Time = 275 | serial_in = 0 | Internal stream_in = 00001100 | parity_out = 0
Time = 285 | serial_in = 0 | Internal stream_in = 00011000 | parity_out = 0
Time = 295 | serial_in = 0 | Internal stream_in = 00110000 | parity_out = 0
Time = 305 | serial_in = 0 | Internal stream_in = 01100000 | parity_out = 0
Time = 310 | serial_in = 1 | Internal stream_in = 01100000 | parity_out = 0
Time = 315 | serial_in = 1 | Internal stream_in = 11000001 | parity_out = 1
Time = 325 | serial_in = 1 | Internal stream_in = 10000011 | parity_out = 1
Time = 330 | serial_in = 0 | Internal stream_in = 10000011 | parity_out = 1
Time = 335 | serial_in = 0 | Internal stream_in = 00000110 | parity_out = 0
Time = 345 | serial_in = 0 | Internal stream_in = 00001100 | parity_out = 0
Time = 355 | serial_in = 0 | Internal stream_in = 00011000 | parity_out = 0
Time = 365 | serial_in = 0 | Internal stream_in = 00110000 | parity_out = 0
Time = 375 | serial_in = 0 | Internal stream_in = 01100000 | parity_out = 0
Time = 380 | serial_in = 1 | Internal stream_in = 01100000 | parity_out = 0
Time = 385 | serial_in = 1 | Internal stream_in = 11000001 | parity_out = 1
Time = 390 | serial_in = 0 | Internal stream_in = 11000001 | parity_out = 1
Time = 395 | serial_in = 0 | Internal stream_in = 10000010 | parity_out = 0
Time = 400 | serial_in = 1 | Internal stream_in = 10000010 | parity_out = 0
Time = 405 | serial_in = 1 | Internal stream_in = 00000101 | parity_out = 0
Time = 410 | serial_in = 0 | Internal stream_in = 00000101 | parity_out = 0
Time = 415 | serial_in = 0 | Internal stream_in = 00001010 | parity_out = 0
Time = 425 | serial_in = 0 | Internal stream_in = 00010100 | parity_out = 0
Time = 435 | serial_in = 0 | Internal stream_in = 00101000 | parity_out = 0
Time = 445 | serial_in = 0 | Internal stream_in = 01010000 | parity_out = 0
Time = 455 | serial_in = 0 | Internal stream_in = 10100000 | parity_out = 0
Time = 460 | serial_in = 1 | Internal stream_in = 10100000 | parity_out = 0
Time = 465 | serial_in = 1 | Internal stream_in = 01000001 | parity_out = 0
Time = 475 | serial_in = 1 | Internal stream_in = 10000011 | parity_out = 1
Time = 485 | serial_in = 1 | Internal stream_in = 00000111 | parity_out = 1
Time = 495 | serial_in = 1 | Internal stream_in = 00001111 | parity_out = 0
Time = 500 | serial_in = 0 | Internal stream_in = 00001111 | parity_out = 0
Time = 505 | serial_in = 0 | Internal stream_in = 00011110 | parity_out = 0
Time = 515 | serial_in = 0 | Internal stream_in = 00111100 | parity_out = 0
Time = 525 | serial_in = 0 | Internal stream_in = 01111000 | parity_out = 0
Time = 530 | serial_in = 1 | Internal stream_in = 01111000 | parity_out = 0
Time = 535 | serial_in = 1 | Internal stream_in = 11110001 | parity_out = 1
Time = 540 | serial_in = 0 | Internal stream_in = 11110001 | parity_out = 1
Time = 545 | serial_in = 0 | Internal stream_in = 11100010 | parity_out = 0
Time = 550 | serial_in = 1 | Internal stream_in = 11100010 | parity_out = 0
Time = 555 | serial_in = 1 | Internal stream_in = 11000101 | parity_out = 0
Time = 560 | serial_in = 0 | Internal stream_in = 11000101 | parity_out = 0
Time = 565 | serial_in = 0 | Internal stream_in = 10001010 | parity_out = 1
Time = 570 | serial_in = 1 | Internal stream_in = 10001010 | parity_out = 1
Time = 575 | serial_in = 1 | Internal stream_in = 00010101 | parity_out = 1
Time = 580 | serial_in = 0 | Internal stream_in = 00010101 | parity_out = 1
Time = 585 | serial_in = 0 | Internal stream_in = 00101010 | parity_out = 1
Time = 595 | serial_in = 0 | Internal stream_in = 01010100 | parity_out = 1
Time = 605 | serial_in = 0 | Internal stream_in = 10101000 | parity_out = 1
Time = 610 | serial_in = 1 | Internal stream_in = 10101000 | parity_out = 1
Time = 615 | serial_in = 1 | Internal stream_in = 01010001 | parity_out = 1
Time = 625 | serial_in = 1 | Internal stream_in = 10100011 | parity_out = 0
Time = 635 | serial_in = 1 | Internal stream_in = 01000111 | parity_out = 0
Time = 640 | serial_in = 0 | Internal stream_in = 01000111 | parity_out = 0
Time = 645 | serial_in = 0 | Internal stream_in = 10001110 | parity_out = 0
Time = 655 | serial_in = 0 | Internal stream_in = 00011100 | parity_out = 1
Time = 665 | serial_in = 0 | Internal stream_in = 00111000 | parity_out = 1
Time = 675 | serial_in = 0 | Internal stream_in = 01110000 | parity_out = 1
Time = 680 | serial_in = 1 | Internal stream_in = 01110000 | parity_out = 1
Time = 685 | serial_in = 1 | Internal stream_in = 11100001 | parity_out = 0
Time = 690 | serial_in = 0 | Internal stream_in = 11100001 | parity_out = 0
Time = 695 | serial_in = 0 | Internal stream_in = 11000010 | parity_out = 1
Time = 705 | serial_in = 0 | Internal stream_in = 10000100 | parity_out = 0
Time = 710 | serial_in = 1 | Internal stream_in = 10000100 | parity_out = 0
Time = 715 | serial_in = 1 | Internal stream_in = 00001001 | parity_out = 0
Time = 720 | serial_in = 0 | Internal stream_in = 00001001 | parity_out = 0
Time = 725 | serial_in = 0 | Internal stream_in = 00010010 | parity_out = 0
Time = 735 | serial_in = 0 | Internal stream_in = 00100100 | parity_out = 0
Time = 745 | serial_in = 0 | Internal stream_in = 01001000 | parity_out = 0
Time = 755 | serial_in = 0 | Internal stream_in = 10010000 | parity_out = 0
Time = 760 | serial_in = 1 | Internal stream_in = 10010000 | parity_out = 0
Time = 765 | serial_in = 1 | Internal stream_in = 00100001 | parity_out = 0
Time = 770 | serial_in = 0 | Internal stream_in = 00100001 | parity_out = 0
Time = 775 | serial_in = 0 | Internal stream_in = 01000010 | parity_out = 0
Time = 780 | serial_in = 1 | Internal stream_in = 01000010 | parity_out = 0
Time = 785 | serial_in = 1 | Internal stream_in = 10000101 | parity_out = 1
Time = 795 | serial_in = 1 | Internal stream_in = 00001011 | parity_out = 1
Time = 800 | serial_in = 0 | Internal stream_in = 00001011 | parity_out = 1
Time = 805 | serial_in = 0 | Internal stream_in = 00010110 | parity_out = 1
Time = 810 | serial_in = 1 | Internal stream_in = 00010110 | parity_out = 1
Time = 815 | serial_in = 1 | Internal stream_in = 00101101 | parity_out = 0
Time = 820 | serial_in = 0 | Internal stream_in = 00101101 | parity_out = 0
Time = 825 | serial_in = 0 | Internal stream_in = 01011010 | parity_out = 0
Time = 835 | serial_in = 0 | Internal stream_in = 10110100 | parity_out = 0
Time = 840 | serial_in = 1 | Internal stream_in = 10110100 | parity_out = 0
Time = 845 | serial_in = 1 | Internal stream_in = 01101001 | parity_out = 0
Time = 855 | serial_in = 1 | Internal stream_in = 11010011 | parity_out = 1
Time = 860 | serial_in = 0 | Internal stream_in = 11010011 | parity_out = 1
Time = 865 | serial_in = 0 | Internal stream_in = 10100110 | parity_out = 0
Time = 870 | serial_in = 1 | Internal stream_in = 10100110 | parity_out = 0
Time = 875 | serial_in = 1 | Internal stream_in = 01001101 | parity_out = 0
Time = 885 | serial_in = 1 | Internal stream_in = 10011011 | parity_out = 1
Time = 895 | serial_in = 1 | Internal stream_in = 00110111 | parity_out = 1
Time = 900 | serial_in = 0 | Internal stream_in = 00110111 | parity_out = 1
Time = 905 | serial_in = 0 | Internal stream_in = 01101110 | parity_out = 1
Time = 910 | serial_in = 1 | Internal stream_in = 01101110 | parity_out = 1
Time = 915 | serial_in = 1 | Internal stream_in = 11011101 | parity_out = 0
Time = 920 | serial_in = 0 | Internal stream_in = 11011101 | parity_out = 0
Time = 925 | serial_in = 0 | Internal stream_in = 10111010 | parity_out = 1
Time = 935 | serial_in = 0 | Internal stream_in = 01110100 | parity_out = 0
Time = 945 | serial_in = 0 | Internal stream_in = 11101000 | parity_out = 0
Time = 955 | serial_in = 0 | Internal stream_in = 11010000 | parity_out = 1
Time = 960 | serial_in = 1 | Internal stream_in = 11010000 | parity_out = 1
Time = 965 | serial_in = 1 | Internal stream_in = 10100001 | parity_out = 1
Time = 970 | serial_in = 0 | Internal stream_in = 10100001 | parity_out = 1
Time = 975 | serial_in = 0 | Internal stream_in = 01000010 | parity_out = 0
Time = 985 | serial_in = 0 | Internal stream_in = 10000100 | parity_out = 0
Time = 990 | serial_in = 1 | Internal stream_in = 10000100 | parity_out = 0
Time = 995 | serial_in = 1 | Internal stream_in = 00001001 | parity_out = 0
Time = 1000 | serial_in = 0 | Internal stream_in = 00001001 | parity_out = 0
INFO: [USF-XSim-96] XSim completed. Design snapshot 'stream_parity_gen_tb_behav' loaded.
INFO: [USF-XSim-97] XSim simulation ran for 1000ns
launch_simulation: Time (s): cpu = 00:00:03 ; elapsed = 00:00:07 . Memory (MB): peak = 1693.434 ; gain = 0.000
WARNING: [filemgmt 56-199] Attempt to get parsing info during refresh. "On-the-fly" syntax checking information may be incorrect. [D:\ECE\FPGA Training NTI\stream_parity_gen\stream_parity_gen.srcs\sources_1\new\stream_parity_tb.v:]
WARNING: [filemgmt 56-199] Attempt to get parsing info during refresh. "On-the-fly" syntax checking information may be incorrect. [D:\ECE\FPGA Training NTI\stream_parity_gen\stream_parity_gen.srcs\sources_1\new\stream_parity_gen.v:]
WARNING: [filemgmt 56-199] Attempt to get parsing info during refresh. "On-the-fly" syntax checking information may be incorrect. [D:\ECE\FPGA Training NTI\stream_parity_gen\stream_parity_gen.srcs\sources_1\new\stream_parity_gen.v:]
WARNING: [filemgmt 56-199] Attempt to get parsing info during refresh. "On-the-fly" syntax checking information may be incorrect. [D:\ECE\FPGA Training NTI\stream_parity_gen\stream_parity_gen.srcs\sources_1\new\stream_parity_gen.v:]
close_sim
INFO: [Simtcl 6-16] Simulation closed
launch_simulation
Command: launch_simulation 
INFO: [Vivado 12-12493] Simulation top is 'stream_parity_gen_tb'
INFO: [Vivado 12-5682] Launching behavioral simulation in 'D:/ECE/FPGA Training NTI/stream_parity_gen/stream_parity_gen.sim/sim_1/behav/xsim'
INFO: [SIM-utils-51] Simulation object is 'sim_1'
INFO: [SIM-utils-72] Using boost library from 'C:/Xilinx/2025.1/Vivado/tps/boost_1_72_0'
INFO: [SIM-utils-54] Inspecting design source files for 'stream_parity_gen_tb' in fileset 'sim_1'...
INFO: [USF-XSim-97] Finding global include files...
INFO: [USF-XSim-98] Fetching design files from 'sim_1'...
INFO: [USF-XSim-2] XSim::Compile design
INFO: [USF-XSim-61] Executing 'COMPILE and ANALYZE' step in 'D:/ECE/FPGA Training NTI/stream_parity_gen/stream_parity_gen.sim/sim_1/behav/xsim'
"xvlog --incr --relax -prj stream_parity_gen_tb_vlog.prj"
INFO: [VRFC 10-2263] Analyzing Verilog file "D:/ECE/FPGA Training NTI/stream_parity_gen/stream_parity_gen.srcs/sources_1/new/stream_parity_gen.v" into library xil_defaultlib
INFO: [VRFC 10-311] analyzing module stream_parity_gen
INFO: [VRFC 10-2263] Analyzing Verilog file "D:/ECE/FPGA Training NTI/stream_parity_gen/stream_parity_gen.srcs/sources_1/new/stream_parity_tb.v" into library xil_defaultlib
INFO: [VRFC 10-311] analyzing module stream_parity_gen_tb
INFO: [USF-XSim-69] 'compile' step finished in '2' seconds
INFO: [USF-XSim-3] XSim::Elaborate design
INFO: [USF-XSim-61] Executing 'ELABORATE' step in 'D:/ECE/FPGA Training NTI/stream_parity_gen/stream_parity_gen.sim/sim_1/behav/xsim'
"xelab --incr --debug typical --relax --mt 2 -L xil_defaultlib -L unisims_ver -L unimacro_ver -L secureip --snapshot stream_parity_gen_tb_behav xil_defaultlib.stream_parity_gen_tb xil_defaultlib.glbl -log elaborate.log"
Vivado Simulator v2025.1.0
Copyright 1986-2022 Xilinx, Inc. All Rights Reserved.
Copyright 2022-2025 Advanced Micro Devices, Inc. All Rights Reserved.
Running: C:/Xilinx/2025.1/Vivado/bin/unwrapped/win64.o/xelab.exe --incr --debug typical --relax --mt 2 -L xil_defaultlib -L unisims_ver -L unimacro_ver -L secureip --snapshot stream_parity_gen_tb_behav xil_defaultlib.stream_parity_gen_tb xil_defaultlib.glbl -log elaborate.log 
Using 2 slave threads.
Starting static elaboration
Pass Through NonSizing Optimizer
Completed static elaboration
Starting simulation data flow analysis
Completed simulation data flow analysis
Time Resolution for simulation is 1ps
Compiling module xil_defaultlib.stream_parity_gen
Compiling module xil_defaultlib.stream_parity_gen_tb
Compiling module xil_defaultlib.glbl
Built simulation snapshot stream_parity_gen_tb_behav
INFO: [USF-XSim-69] 'elaborate' step finished in '2' seconds
INFO: [USF-XSim-4] XSim::Simulate design
INFO: [USF-XSim-61] Executing 'SIMULATE' step in 'D:/ECE/FPGA Training NTI/stream_parity_gen/stream_parity_gen.sim/sim_1/behav/xsim'
INFO: [USF-XSim-98] *** Running xsim
   with args "stream_parity_gen_tb_behav -key {Behavioral:sim_1:Functional:stream_parity_gen_tb} -tclbatch {stream_parity_gen_tb.tcl} -log {simulate.log}"
INFO: [USF-XSim-8] Loading simulator feature
Time resolution is 1 ps
source stream_parity_gen_tb.tcl
# set curr_wave [current_wave_config]
# if { [string length $curr_wave] == 0 } {
#   if { [llength [get_objects]] > 0} {
#     add_wave /
#     set_property needs_save false [current_wave_config]
#   } else {
#      send_msg_id Add_Wave-1 WARNING "No top level signals found. Simulator will start without a wave window. If you want to open a wave window go to 'File->New Waveform Configuration' or type 'create_wave_config' in the TCL console."
#   }
# }
# run 1000ns
Time = 0 | serial_in = 0 | Internal stream_in = xxxxxxxx | parity_out = x
Time = 5 | serial_in = 0 | Internal stream_in = 00000000 | parity_out = 0
Time = 170 | serial_in = 1 | Internal stream_in = 00000000 | parity_out = 0
Time = 175 | serial_in = 1 | Internal stream_in = 00000001 | parity_out = 1
Time = 180 | serial_in = 0 | Internal stream_in = 00000001 | parity_out = 1
Time = 185 | serial_in = 0 | Internal stream_in = 00000010 | parity_out = 1
Time = 195 | serial_in = 0 | Internal stream_in = 00000100 | parity_out = 1
Time = 205 | serial_in = 0 | Internal stream_in = 00001000 | parity_out = 1
Time = 215 | serial_in = 0 | Internal stream_in = 00010000 | parity_out = 1
Time = 225 | serial_in = 0 | Internal stream_in = 00100000 | parity_out = 1
Time = 235 | serial_in = 0 | Internal stream_in = 01000000 | parity_out = 1
Time = 240 | serial_in = 1 | Internal stream_in = 01000000 | parity_out = 1
Time = 245 | serial_in = 1 | Internal stream_in = 10000001 | parity_out = 0
Time = 250 | serial_in = 0 | Internal stream_in = 10000001 | parity_out = 0
Time = 255 | serial_in = 0 | Internal stream_in = 00000010 | parity_out = 1
Time = 265 | serial_in = 0 | Internal stream_in = 00000100 | parity_out = 1
Time = 275 | serial_in = 0 | Internal stream_in = 00001000 | parity_out = 1
Time = 285 | serial_in = 0 | Internal stream_in = 00010000 | parity_out = 1
Time = 295 | serial_in = 0 | Internal stream_in = 00100000 | parity_out = 1
Time = 305 | serial_in = 0 | Internal stream_in = 01000000 | parity_out = 1
Time = 315 | serial_in = 0 | Internal stream_in = 10000000 | parity_out = 1
Time = 320 | serial_in = 1 | Internal stream_in = 10000000 | parity_out = 1
Time = 325 | serial_in = 1 | Internal stream_in = 00000001 | parity_out = 1
Time = 335 | serial_in = 1 | Internal stream_in = 00000011 | parity_out = 0
Time = 340 | serial_in = 0 | Internal stream_in = 00000011 | parity_out = 0
Time = 345 | serial_in = 0 | Internal stream_in = 00000110 | parity_out = 0
Time = 355 | serial_in = 0 | Internal stream_in = 00001100 | parity_out = 0
Time = 365 | serial_in = 0 | Internal stream_in = 00011000 | parity_out = 0
Time = 375 | serial_in = 0 | Internal stream_in = 00110000 | parity_out = 0
Time = 385 | serial_in = 0 | Internal stream_in = 01100000 | parity_out = 0
Time = 390 | serial_in = 1 | Internal stream_in = 01100000 | parity_out = 0
Time = 395 | serial_in = 1 | Internal stream_in = 11000001 | parity_out = 1
Time = 400 | serial_in = 0 | Internal stream_in = 11000001 | parity_out = 1
Time = 405 | serial_in = 0 | Internal stream_in = 10000010 | parity_out = 0
Time = 415 | serial_in = 0 | Internal stream_in = 00000100 | parity_out = 1
Time = 425 | serial_in = 0 | Internal stream_in = 00001000 | parity_out = 1
Time = 435 | serial_in = 0 | Internal stream_in = 00010000 | parity_out = 1
Time = 445 | serial_in = 0 | Internal stream_in = 00100000 | parity_out = 1
Time = 455 | serial_in = 0 | Internal stream_in = 01000000 | parity_out = 1
Time = 465 | serial_in = 0 | Internal stream_in = 10000000 | parity_out = 1
Time = 470 | serial_in = 1 | Internal stream_in = 10000000 | parity_out = 1
Time = 475 | serial_in = 1 | Internal stream_in = 00000001 | parity_out = 1
Time = 480 | serial_in = 0 | Internal stream_in = 00000001 | parity_out = 1
Time = 485 | serial_in = 0 | Internal stream_in = 00000010 | parity_out = 1
Time = 490 | serial_in = 1 | Internal stream_in = 00000010 | parity_out = 1
Time = 495 | serial_in = 1 | Internal stream_in = 00000101 | parity_out = 0
Time = 500 | serial_in = 0 | Internal stream_in = 00000101 | parity_out = 0
Time = 505 | serial_in = 0 | Internal stream_in = 00001010 | parity_out = 0
Time = 515 | serial_in = 0 | Internal stream_in = 00010100 | parity_out = 0
Time = 525 | serial_in = 0 | Internal stream_in = 00101000 | parity_out = 0
Time = 535 | serial_in = 0 | Internal stream_in = 01010000 | parity_out = 0
Time = 545 | serial_in = 0 | Internal stream_in = 10100000 | parity_out = 0
Time = 550 | serial_in = 1 | Internal stream_in = 10100000 | parity_out = 0
Time = 555 | serial_in = 1 | Internal stream_in = 01000001 | parity_out = 0
Time = 565 | serial_in = 1 | Internal stream_in = 10000011 | parity_out = 1
Time = 570 | serial_in = 0 | Internal stream_in = 10000011 | parity_out = 1
Time = 575 | serial_in = 0 | Internal stream_in = 00000110 | parity_out = 0
Time = 585 | serial_in = 0 | Internal stream_in = 00001100 | parity_out = 0
Time = 595 | serial_in = 0 | Internal stream_in = 00011000 | parity_out = 0
Time = 605 | serial_in = 0 | Internal stream_in = 00110000 | parity_out = 0
Time = 615 | serial_in = 0 | Internal stream_in = 01100000 | parity_out = 0
Time = 625 | serial_in = 0 | Internal stream_in = 11000000 | parity_out = 0
Time = 630 | serial_in = 1 | Internal stream_in = 11000000 | parity_out = 0
Time = 635 | serial_in = 1 | Internal stream_in = 10000001 | parity_out = 0
Time = 645 | serial_in = 1 | Internal stream_in = 00000011 | parity_out = 0
Time = 655 | serial_in = 1 | Internal stream_in = 00000111 | parity_out = 1
Time = 660 | serial_in = 0 | Internal stream_in = 00000111 | parity_out = 1
Time = 665 | serial_in = 0 | Internal stream_in = 00001110 | parity_out = 1
Time = 675 | serial_in = 0 | Internal stream_in = 00011100 | parity_out = 1
Time = 685 | serial_in = 0 | Internal stream_in = 00111000 | parity_out = 1
Time = 695 | serial_in = 0 | Internal stream_in = 01110000 | parity_out = 1
Time = 700 | serial_in = 1 | Internal stream_in = 01110000 | parity_out = 1
Time = 705 | serial_in = 1 | Internal stream_in = 11100001 | parity_out = 0
Time = 710 | serial_in = 0 | Internal stream_in = 11100001 | parity_out = 0
Time = 715 | serial_in = 0 | Internal stream_in = 11000010 | parity_out = 1
Time = 725 | serial_in = 0 | Internal stream_in = 10000100 | parity_out = 0
Time = 735 | serial_in = 0 | Internal stream_in = 00001000 | parity_out = 1
Time = 745 | serial_in = 0 | Internal stream_in = 00010000 | parity_out = 1
Time = 755 | serial_in = 0 | Internal stream_in = 00100000 | parity_out = 1
Time = 765 | serial_in = 0 | Internal stream_in = 01000000 | parity_out = 1
Time = 775 | serial_in = 0 | Internal stream_in = 10000000 | parity_out = 1
Time = 780 | serial_in = 1 | Internal stream_in = 10000000 | parity_out = 1
Time = 785 | serial_in = 1 | Internal stream_in = 00000001 | parity_out = 1
Time = 790 | serial_in = 0 | Internal stream_in = 00000001 | parity_out = 1
Time = 795 | serial_in = 0 | Internal stream_in = 00000010 | parity_out = 1
Time = 805 | serial_in = 0 | Internal stream_in = 00000100 | parity_out = 1
Time = 810 | serial_in = 1 | Internal stream_in = 00000100 | parity_out = 1
Time = 815 | serial_in = 1 | Internal stream_in = 00001001 | parity_out = 0
Time = 820 | serial_in = 0 | Internal stream_in = 00001001 | parity_out = 0
Time = 825 | serial_in = 0 | Internal stream_in = 00010010 | parity_out = 0
Time = 835 | serial_in = 0 | Internal stream_in = 00100100 | parity_out = 0
Time = 845 | serial_in = 0 | Internal stream_in = 01001000 | parity_out = 0
Time = 855 | serial_in = 0 | Internal stream_in = 10010000 | parity_out = 0
Time = 860 | serial_in = 1 | Internal stream_in = 10010000 | parity_out = 0
Time = 865 | serial_in = 1 | Internal stream_in = 00100001 | parity_out = 0
Time = 870 | serial_in = 0 | Internal stream_in = 00100001 | parity_out = 0
Time = 875 | serial_in = 0 | Internal stream_in = 01000010 | parity_out = 0
Time = 880 | serial_in = 1 | Internal stream_in = 01000010 | parity_out = 0
Time = 885 | serial_in = 1 | Internal stream_in = 10000101 | parity_out = 1
Time = 890 | serial_in = 0 | Internal stream_in = 10000101 | parity_out = 1
Time = 895 | serial_in = 0 | Internal stream_in = 00001010 | parity_out = 0
Time = 905 | serial_in = 0 | Internal stream_in = 00010100 | parity_out = 0
Time = 915 | serial_in = 0 | Internal stream_in = 00101000 | parity_out = 0
Time = 925 | serial_in = 0 | Internal stream_in = 01010000 | parity_out = 0
Time = 935 | serial_in = 0 | Internal stream_in = 10100000 | parity_out = 0
Time = 940 | serial_in = 1 | Internal stream_in = 10100000 | parity_out = 0
Time = 945 | serial_in = 1 | Internal stream_in = 01000001 | parity_out = 0
Time = 950 | serial_in = 0 | Internal stream_in = 01000001 | parity_out = 0
Time = 955 | serial_in = 0 | Internal stream_in = 10000010 | parity_out = 0
Time = 960 | serial_in = 1 | Internal stream_in = 10000010 | parity_out = 0
Time = 965 | serial_in = 1 | Internal stream_in = 00000101 | parity_out = 0
Time = 975 | serial_in = 1 | Internal stream_in = 00001011 | parity_out = 1
Time = 980 | serial_in = 0 | Internal stream_in = 00001011 | parity_out = 1
Time = 985 | serial_in = 0 | Internal stream_in = 00010110 | parity_out = 1
Time = 995 | serial_in = 0 | Internal stream_in = 00101100 | parity_out = 1
INFO: [USF-XSim-96] XSim completed. Design snapshot 'stream_parity_gen_tb_behav' loaded.
INFO: [USF-XSim-97] XSim simulation ran for 1000ns
launch_simulation: Time (s): cpu = 00:00:06 ; elapsed = 00:00:08 . Memory (MB): peak = 1693.434 ; gain = 0.000
close_sim
INFO: [Simtcl 6-16] Simulation closed
launch_simulation
Command: launch_simulation 
INFO: [Vivado 12-12493] Simulation top is 'stream_parity_gen_tb'
INFO: [Vivado 12-5682] Launching behavioral simulation in 'D:/ECE/FPGA Training NTI/stream_parity_gen/stream_parity_gen.sim/sim_1/behav/xsim'
INFO: [SIM-utils-51] Simulation object is 'sim_1'
INFO: [SIM-utils-72] Using boost library from 'C:/Xilinx/2025.1/Vivado/tps/boost_1_72_0'
INFO: [SIM-utils-54] Inspecting design source files for 'stream_parity_gen_tb' in fileset 'sim_1'...
INFO: [USF-XSim-97] Finding global include files...
INFO: [USF-XSim-98] Fetching design files from 'sim_1'...
INFO: [USF-XSim-2] XSim::Compile design
INFO: [USF-XSim-61] Executing 'COMPILE and ANALYZE' step in 'D:/ECE/FPGA Training NTI/stream_parity_gen/stream_parity_gen.sim/sim_1/behav/xsim'
"xvlog --incr --relax -prj stream_parity_gen_tb_vlog.prj"
INFO: [VRFC 10-2263] Analyzing Verilog file "D:/ECE/FPGA Training NTI/stream_parity_gen/stream_parity_gen.srcs/sources_1/new/stream_parity_gen.v" into library xil_defaultlib
INFO: [VRFC 10-311] analyzing module stream_parity_gen
INFO: [VRFC 10-2263] Analyzing Verilog file "D:/ECE/FPGA Training NTI/stream_parity_gen/stream_parity_gen.srcs/sources_1/new/stream_parity_tb.v" into library xil_defaultlib
INFO: [VRFC 10-311] analyzing module stream_parity_gen_tb
INFO: [USF-XSim-69] 'compile' step finished in '2' seconds
INFO: [USF-XSim-3] XSim::Elaborate design
INFO: [USF-XSim-61] Executing 'ELABORATE' step in 'D:/ECE/FPGA Training NTI/stream_parity_gen/stream_parity_gen.sim/sim_1/behav/xsim'
"xelab --incr --debug typical --relax --mt 2 -L xil_defaultlib -L unisims_ver -L unimacro_ver -L secureip --snapshot stream_parity_gen_tb_behav xil_defaultlib.stream_parity_gen_tb xil_defaultlib.glbl -log elaborate.log"
Vivado Simulator v2025.1.0
Copyright 1986-2022 Xilinx, Inc. All Rights Reserved.
Copyright 2022-2025 Advanced Micro Devices, Inc. All Rights Reserved.
Running: C:/Xilinx/2025.1/Vivado/bin/unwrapped/win64.o/xelab.exe --incr --debug typical --relax --mt 2 -L xil_defaultlib -L unisims_ver -L unimacro_ver -L secureip --snapshot stream_parity_gen_tb_behav xil_defaultlib.stream_parity_gen_tb xil_defaultlib.glbl -log elaborate.log 
Using 2 slave threads.
Starting static elaboration
Pass Through NonSizing Optimizer
Completed static elaboration
Starting simulation data flow analysis
Completed simulation data flow analysis
Time Resolution for simulation is 1ps
Compiling module xil_defaultlib.stream_parity_gen
Compiling module xil_defaultlib.stream_parity_gen_tb
Compiling module xil_defaultlib.glbl
Built simulation snapshot stream_parity_gen_tb_behav
INFO: [USF-XSim-69] 'elaborate' step finished in '2' seconds
INFO: [USF-XSim-4] XSim::Simulate design
INFO: [USF-XSim-61] Executing 'SIMULATE' step in 'D:/ECE/FPGA Training NTI/stream_parity_gen/stream_parity_gen.sim/sim_1/behav/xsim'
INFO: [USF-XSim-98] *** Running xsim
   with args "stream_parity_gen_tb_behav -key {Behavioral:sim_1:Functional:stream_parity_gen_tb} -tclbatch {stream_parity_gen_tb.tcl} -log {simulate.log}"
INFO: [USF-XSim-8] Loading simulator feature
Time resolution is 1 ps
source stream_parity_gen_tb.tcl
# set curr_wave [current_wave_config]
# if { [string length $curr_wave] == 0 } {
#   if { [llength [get_objects]] > 0} {
#     add_wave /
#     set_property needs_save false [current_wave_config]
#   } else {
#      send_msg_id Add_Wave-1 WARNING "No top level signals found. Simulator will start without a wave window. If you want to open a wave window go to 'File->New Waveform Configuration' or type 'create_wave_config' in the TCL console."
#   }
# }
# run 1000ns
Time = 0 | serial_in = 0 | Internal stream_in = xxxxxxxx | parity_out = x
Time = 5 | serial_in = 0 | Internal stream_in = 00000000 | parity_out = 0
Time = 170 | serial_in = 1 | Internal stream_in = 00000000 | parity_out = 0
Time = 175 | serial_in = 1 | Internal stream_in = 00000001 | parity_out = 1
Time = 180 | serial_in = 0 | Internal stream_in = 00000001 | parity_out = 1
Time = 185 | serial_in = 0 | Internal stream_in = 00000010 | parity_out = 1
Time = 195 | serial_in = 0 | Internal stream_in = 00000100 | parity_out = 1
Time = 205 | serial_in = 0 | Internal stream_in = 00001000 | parity_out = 1
Time = 215 | serial_in = 0 | Internal stream_in = 00010000 | parity_out = 1
Time = 225 | serial_in = 0 | Internal stream_in = 00100000 | parity_out = 1
Time = 235 | serial_in = 0 | Internal stream_in = 01000000 | parity_out = 1
Time = 240 | serial_in = 1 | Internal stream_in = 01000000 | parity_out = 1
Time = 245 | serial_in = 1 | Internal stream_in = 10000001 | parity_out = 0
Time = 250 | serial_in = 0 | Internal stream_in = 10000001 | parity_out = 0
Time = 255 | serial_in = 0 | Internal stream_in = 00000010 | parity_out = 1
Time = 265 | serial_in = 0 | Internal stream_in = 00000100 | parity_out = 1
Time = 275 | serial_in = 0 | Internal stream_in = 00001000 | parity_out = 1
Time = 285 | serial_in = 0 | Internal stream_in = 00010000 | parity_out = 1
Time = 295 | serial_in = 0 | Internal stream_in = 00100000 | parity_out = 1
Time = 305 | serial_in = 0 | Internal stream_in = 01000000 | parity_out = 1
Time = 315 | serial_in = 0 | Internal stream_in = 10000000 | parity_out = 1
Time = 320 | serial_in = 1 | Internal stream_in = 10000000 | parity_out = 1
Time = 325 | serial_in = 1 | Internal stream_in = 00000001 | parity_out = 1
Time = 335 | serial_in = 1 | Internal stream_in = 00000011 | parity_out = 0
Time = 340 | serial_in = 0 | Internal stream_in = 00000011 | parity_out = 0
Time = 345 | serial_in = 0 | Internal stream_in = 00000110 | parity_out = 0
Time = 355 | serial_in = 0 | Internal stream_in = 00001100 | parity_out = 0
Time = 365 | serial_in = 0 | Internal stream_in = 00011000 | parity_out = 0
Time = 375 | serial_in = 0 | Internal stream_in = 00110000 | parity_out = 0
Time = 385 | serial_in = 0 | Internal stream_in = 01100000 | parity_out = 0
Time = 390 | serial_in = 1 | Internal stream_in = 01100000 | parity_out = 0
Time = 395 | serial_in = 1 | Internal stream_in = 11000001 | parity_out = 1
Time = 400 | serial_in = 0 | Internal stream_in = 11000001 | parity_out = 1
Time = 405 | serial_in = 0 | Internal stream_in = 10000010 | parity_out = 0
Time = 415 | serial_in = 0 | Internal stream_in = 00000100 | parity_out = 1
Time = 425 | serial_in = 0 | Internal stream_in = 00001000 | parity_out = 1
Time = 435 | serial_in = 0 | Internal stream_in = 00010000 | parity_out = 1
Time = 445 | serial_in = 0 | Internal stream_in = 00100000 | parity_out = 1
Time = 455 | serial_in = 0 | Internal stream_in = 01000000 | parity_out = 1
Time = 465 | serial_in = 0 | Internal stream_in = 10000000 | parity_out = 1
Time = 470 | serial_in = 1 | Internal stream_in = 10000000 | parity_out = 1
Time = 475 | serial_in = 1 | Internal stream_in = 00000001 | parity_out = 1
Time = 480 | serial_in = 0 | Internal stream_in = 00000001 | parity_out = 1
Time = 485 | serial_in = 0 | Internal stream_in = 00000010 | parity_out = 1
Time = 490 | serial_in = 1 | Internal stream_in = 00000010 | parity_out = 1
Time = 495 | serial_in = 1 | Internal stream_in = 00000101 | parity_out = 0
Time = 500 | serial_in = 0 | Internal stream_in = 00000101 | parity_out = 0
Time = 505 | serial_in = 0 | Internal stream_in = 00001010 | parity_out = 0
Time = 515 | serial_in = 0 | Internal stream_in = 00010100 | parity_out = 0
Time = 525 | serial_in = 0 | Internal stream_in = 00101000 | parity_out = 0
Time = 535 | serial_in = 0 | Internal stream_in = 01010000 | parity_out = 0
Time = 545 | serial_in = 0 | Internal stream_in = 10100000 | parity_out = 0
Time = 550 | serial_in = 1 | Internal stream_in = 10100000 | parity_out = 0
Time = 555 | serial_in = 1 | Internal stream_in = 01000001 | parity_out = 0
Time = 565 | serial_in = 1 | Internal stream_in = 10000011 | parity_out = 1
Time = 570 | serial_in = 0 | Internal stream_in = 10000011 | parity_out = 1
Time = 575 | serial_in = 0 | Internal stream_in = 00000110 | parity_out = 0
Time = 585 | serial_in = 0 | Internal stream_in = 00001100 | parity_out = 0
Time = 595 | serial_in = 0 | Internal stream_in = 00011000 | parity_out = 0
Time = 605 | serial_in = 0 | Internal stream_in = 00110000 | parity_out = 0
Time = 615 | serial_in = 0 | Internal stream_in = 01100000 | parity_out = 0
Time = 625 | serial_in = 0 | Internal stream_in = 11000000 | parity_out = 0
Time = 630 | serial_in = 1 | Internal stream_in = 11000000 | parity_out = 0
Time = 635 | serial_in = 1 | Internal stream_in = 10000001 | parity_out = 0
Time = 645 | serial_in = 1 | Internal stream_in = 00000011 | parity_out = 0
Time = 655 | serial_in = 1 | Internal stream_in = 00000111 | parity_out = 1
Time = 660 | serial_in = 0 | Internal stream_in = 00000111 | parity_out = 1
Time = 665 | serial_in = 0 | Internal stream_in = 00001110 | parity_out = 1
Time = 675 | serial_in = 0 | Internal stream_in = 00011100 | parity_out = 1
Time = 685 | serial_in = 0 | Internal stream_in = 00111000 | parity_out = 1
Time = 695 | serial_in = 0 | Internal stream_in = 01110000 | parity_out = 1
Time = 700 | serial_in = 1 | Internal stream_in = 01110000 | parity_out = 1
Time = 705 | serial_in = 1 | Internal stream_in = 11100001 | parity_out = 0
Time = 710 | serial_in = 0 | Internal stream_in = 11100001 | parity_out = 0
Time = 715 | serial_in = 0 | Internal stream_in = 11000010 | parity_out = 1
Time = 725 | serial_in = 0 | Internal stream_in = 10000100 | parity_out = 0
Time = 735 | serial_in = 0 | Internal stream_in = 00001000 | parity_out = 1
Time = 745 | serial_in = 0 | Internal stream_in = 00010000 | parity_out = 1
Time = 755 | serial_in = 0 | Internal stream_in = 00100000 | parity_out = 1
Time = 765 | serial_in = 0 | Internal stream_in = 01000000 | parity_out = 1
Time = 775 | serial_in = 0 | Internal stream_in = 10000000 | parity_out = 1
Time = 780 | serial_in = 1 | Internal stream_in = 10000000 | parity_out = 1
Time = 785 | serial_in = 1 | Internal stream_in = 00000001 | parity_out = 1
Time = 790 | serial_in = 0 | Internal stream_in = 00000001 | parity_out = 1
Time = 795 | serial_in = 0 | Internal stream_in = 00000010 | parity_out = 1
Time = 805 | serial_in = 0 | Internal stream_in = 00000100 | parity_out = 1
Time = 810 | serial_in = 1 | Internal stream_in = 00000100 | parity_out = 1
Time = 815 | serial_in = 1 | Internal stream_in = 00001001 | parity_out = 0
Time = 820 | serial_in = 0 | Internal stream_in = 00001001 | parity_out = 0
Time = 825 | serial_in = 0 | Internal stream_in = 00010010 | parity_out = 0
Time = 835 | serial_in = 0 | Internal stream_in = 00100100 | parity_out = 0
Time = 845 | serial_in = 0 | Internal stream_in = 01001000 | parity_out = 0
Time = 855 | serial_in = 0 | Internal stream_in = 10010000 | parity_out = 0
Time = 860 | serial_in = 1 | Internal stream_in = 10010000 | parity_out = 0
Time = 865 | serial_in = 1 | Internal stream_in = 00100001 | parity_out = 0
Time = 870 | serial_in = 0 | Internal stream_in = 00100001 | parity_out = 0
Time = 875 | serial_in = 0 | Internal stream_in = 01000010 | parity_out = 0
Time = 880 | serial_in = 1 | Internal stream_in = 01000010 | parity_out = 0
Time = 885 | serial_in = 1 | Internal stream_in = 10000101 | parity_out = 1
Time = 890 | serial_in = 0 | Internal stream_in = 10000101 | parity_out = 1
Time = 895 | serial_in = 0 | Internal stream_in = 00001010 | parity_out = 0
Time = 905 | serial_in = 0 | Internal stream_in = 00010100 | parity_out = 0
Time = 915 | serial_in = 0 | Internal stream_in = 00101000 | parity_out = 0
Time = 925 | serial_in = 0 | Internal stream_in = 01010000 | parity_out = 0
Time = 935 | serial_in = 0 | Internal stream_in = 10100000 | parity_out = 0
Time = 940 | serial_in = 1 | Internal stream_in = 10100000 | parity_out = 0
Time = 945 | serial_in = 1 | Internal stream_in = 01000001 | parity_out = 0
Time = 950 | serial_in = 0 | Internal stream_in = 01000001 | parity_out = 0
Time = 955 | serial_in = 0 | Internal stream_in = 10000010 | parity_out = 0
Time = 960 | serial_in = 1 | Internal stream_in = 10000010 | parity_out = 0
Time = 965 | serial_in = 1 | Internal stream_in = 00000101 | parity_out = 0
Time = 975 | serial_in = 1 | Internal stream_in = 00001011 | parity_out = 1
Time = 980 | serial_in = 0 | Internal stream_in = 00001011 | parity_out = 1
Time = 985 | serial_in = 0 | Internal stream_in = 00010110 | parity_out = 1
Time = 995 | serial_in = 0 | Internal stream_in = 00101100 | parity_out = 1
INFO: [USF-XSim-96] XSim completed. Design snapshot 'stream_parity_gen_tb_behav' loaded.
INFO: [USF-XSim-97] XSim simulation ran for 1000ns
launch_simulation: Time (s): cpu = 00:00:05 ; elapsed = 00:00:07 . Memory (MB): peak = 1693.434 ; gain = 0.000
WARNING: [filemgmt 56-199] Attempt to get parsing info during refresh. "On-the-fly" syntax checking information may be incorrect. [D:\ECE\FPGA Training NTI\stream_parity_gen\stream_parity_gen.srcs\sources_1\new\stream_parity_tb.v:]
WARNING: [filemgmt 56-199] Attempt to get parsing info during refresh. "On-the-fly" syntax checking information may be incorrect. [D:\ECE\FPGA Training NTI\stream_parity_gen\stream_parity_gen.srcs\sources_1\new\stream_parity_gen.v:]
WARNING: [filemgmt 56-199] Attempt to get parsing info during refresh. "On-the-fly" syntax checking information may be incorrect. [D:\ECE\FPGA Training NTI\stream_parity_gen\stream_parity_gen.srcs\sources_1\new\stream_parity_tb.v:]
WARNING: [filemgmt 56-199] Attempt to get parsing info during refresh. "On-the-fly" syntax checking information may be incorrect. [D:\ECE\FPGA Training NTI\stream_parity_gen\stream_parity_gen.srcs\sources_1\new\stream_parity_tb.v:]
ERROR: [Common 17-180] Spawn failed: The operation completed successfully.

close_sim
INFO: [Simtcl 6-16] Simulation closed
launch_simulation
Command: launch_simulation 
INFO: [Vivado 12-12493] Simulation top is 'stream_parity_gen_tb'
INFO: [Vivado 12-5682] Launching behavioral simulation in 'D:/ECE/FPGA Training NTI/stream_parity_gen/stream_parity_gen.sim/sim_1/behav/xsim'
INFO: [SIM-utils-51] Simulation object is 'sim_1'
INFO: [SIM-utils-72] Using boost library from 'C:/Xilinx/2025.1/Vivado/tps/boost_1_72_0'
INFO: [SIM-utils-54] Inspecting design source files for 'stream_parity_gen_tb' in fileset 'sim_1'...
INFO: [USF-XSim-97] Finding global include files...
INFO: [USF-XSim-98] Fetching design files from 'sim_1'...
INFO: [USF-XSim-2] XSim::Compile design
INFO: [USF-XSim-61] Executing 'COMPILE and ANALYZE' step in 'D:/ECE/FPGA Training NTI/stream_parity_gen/stream_parity_gen.sim/sim_1/behav/xsim'
"xvlog --incr --relax -prj stream_parity_gen_tb_vlog.prj"
INFO: [VRFC 10-2263] Analyzing Verilog file "D:/ECE/FPGA Training NTI/stream_parity_gen/stream_parity_gen.srcs/sources_1/new/stream_parity_gen.v" into library xil_defaultlib
INFO: [VRFC 10-311] analyzing module stream_parity_gen
INFO: [VRFC 10-2263] Analyzing Verilog file "D:/ECE/FPGA Training NTI/stream_parity_gen/stream_parity_gen.srcs/sources_1/new/stream_parity_tb.v" into library xil_defaultlib
INFO: [VRFC 10-311] analyzing module stream_parity_gen_tb
INFO: [USF-XSim-69] 'compile' step finished in '2' seconds
INFO: [USF-XSim-3] XSim::Elaborate design
INFO: [USF-XSim-61] Executing 'ELABORATE' step in 'D:/ECE/FPGA Training NTI/stream_parity_gen/stream_parity_gen.sim/sim_1/behav/xsim'
"xelab --incr --debug typical --relax --mt 2 -L xil_defaultlib -L unisims_ver -L unimacro_ver -L secureip --snapshot stream_parity_gen_tb_behav xil_defaultlib.stream_parity_gen_tb xil_defaultlib.glbl -log elaborate.log"
Vivado Simulator v2025.1.0
Copyright 1986-2022 Xilinx, Inc. All Rights Reserved.
Copyright 2022-2025 Advanced Micro Devices, Inc. All Rights Reserved.
Running: C:/Xilinx/2025.1/Vivado/bin/unwrapped/win64.o/xelab.exe --incr --debug typical --relax --mt 2 -L xil_defaultlib -L unisims_ver -L unimacro_ver -L secureip --snapshot stream_parity_gen_tb_behav xil_defaultlib.stream_parity_gen_tb xil_defaultlib.glbl -log elaborate.log 
Using 2 slave threads.
Starting static elaboration
Pass Through NonSizing Optimizer
Completed static elaboration
Starting simulation data flow analysis
Completed simulation data flow analysis
Time Resolution for simulation is 1ps
Compiling module xil_defaultlib.stream_parity_gen
Compiling module xil_defaultlib.stream_parity_gen_tb
Compiling module xil_defaultlib.glbl
Built simulation snapshot stream_parity_gen_tb_behav
INFO: [USF-XSim-69] 'elaborate' step finished in '3' seconds
INFO: [USF-XSim-4] XSim::Simulate design
INFO: [USF-XSim-61] Executing 'SIMULATE' step in 'D:/ECE/FPGA Training NTI/stream_parity_gen/stream_parity_gen.sim/sim_1/behav/xsim'
INFO: [USF-XSim-98] *** Running xsim
   with args "stream_parity_gen_tb_behav -key {Behavioral:sim_1:Functional:stream_parity_gen_tb} -tclbatch {stream_parity_gen_tb.tcl} -log {simulate.log}"
INFO: [USF-XSim-8] Loading simulator feature
Time resolution is 1 ps
source stream_parity_gen_tb.tcl
# set curr_wave [current_wave_config]
# if { [string length $curr_wave] == 0 } {
#   if { [llength [get_objects]] > 0} {
#     add_wave /
#     set_property needs_save false [current_wave_config]
#   } else {
#      send_msg_id Add_Wave-1 WARNING "No top level signals found. Simulator will start without a wave window. If you want to open a wave window go to 'File->New Waveform Configuration' or type 'create_wave_config' in the TCL console."
#   }
# }
# run 1000ns
Time = 0 | serial_in = 0 | Internal stream_in = xxxxxxxx | parity_out = x
Time = 5 | serial_in = 0 | Internal stream_in = 00000000 | parity_out = 0
Time = 170 | serial_in = 1 | Internal stream_in = 00000000 | parity_out = 0
Time = 175 | serial_in = 1 | Internal stream_in = 00000001 | parity_out = 1
Time = 180 | serial_in = 0 | Internal stream_in = 00000001 | parity_out = 1
Time = 185 | serial_in = 0 | Internal stream_in = 00000010 | parity_out = 1
Time = 195 | serial_in = 0 | Internal stream_in = 00000100 | parity_out = 1
Time = 205 | serial_in = 0 | Internal stream_in = 00001000 | parity_out = 1
Time = 215 | serial_in = 0 | Internal stream_in = 00010000 | parity_out = 1
Time = 225 | serial_in = 0 | Internal stream_in = 00100000 | parity_out = 1
Time = 235 | serial_in = 0 | Internal stream_in = 01000000 | parity_out = 1
Time = 240 | serial_in = 1 | Internal stream_in = 01000000 | parity_out = 1
Time = 245 | serial_in = 1 | Internal stream_in = 10000001 | parity_out = 0
Time = 250 | serial_in = 0 | Internal stream_in = 10000001 | parity_out = 0
Time = 255 | serial_in = 0 | Internal stream_in = 00000010 | parity_out = 1
Time = 265 | serial_in = 0 | Internal stream_in = 00000100 | parity_out = 1
Time = 275 | serial_in = 0 | Internal stream_in = 00001000 | parity_out = 1
Time = 285 | serial_in = 0 | Internal stream_in = 00010000 | parity_out = 1
Time = 295 | serial_in = 0 | Internal stream_in = 00100000 | parity_out = 1
Time = 305 | serial_in = 0 | Internal stream_in = 01000000 | parity_out = 1
Time = 315 | serial_in = 0 | Internal stream_in = 10000000 | parity_out = 1
Time = 320 | serial_in = 1 | Internal stream_in = 10000000 | parity_out = 1
Time = 325 | serial_in = 1 | Internal stream_in = 00000001 | parity_out = 1
Time = 335 | serial_in = 1 | Internal stream_in = 00000011 | parity_out = 0
Time = 340 | serial_in = 0 | Internal stream_in = 00000011 | parity_out = 0
Time = 345 | serial_in = 0 | Internal stream_in = 00000110 | parity_out = 0
Time = 355 | serial_in = 0 | Internal stream_in = 00001100 | parity_out = 0
Time = 365 | serial_in = 0 | Internal stream_in = 00011000 | parity_out = 0
Time = 375 | serial_in = 0 | Internal stream_in = 00110000 | parity_out = 0
Time = 385 | serial_in = 0 | Internal stream_in = 01100000 | parity_out = 0
Time = 390 | serial_in = 1 | Internal stream_in = 01100000 | parity_out = 0
Time = 395 | serial_in = 1 | Internal stream_in = 11000001 | parity_out = 1
Time = 400 | serial_in = 0 | Internal stream_in = 11000001 | parity_out = 1
Time = 405 | serial_in = 0 | Internal stream_in = 10000010 | parity_out = 0
Time = 415 | serial_in = 0 | Internal stream_in = 00000100 | parity_out = 1
Time = 425 | serial_in = 0 | Internal stream_in = 00001000 | parity_out = 1
Time = 435 | serial_in = 0 | Internal stream_in = 00010000 | parity_out = 1
Time = 445 | serial_in = 0 | Internal stream_in = 00100000 | parity_out = 1
Time = 455 | serial_in = 0 | Internal stream_in = 01000000 | parity_out = 1
Time = 465 | serial_in = 0 | Internal stream_in = 10000000 | parity_out = 1
Time = 470 | serial_in = 1 | Internal stream_in = 10000000 | parity_out = 1
Time = 475 | serial_in = 1 | Internal stream_in = 00000001 | parity_out = 1
Time = 480 | serial_in = 0 | Internal stream_in = 00000001 | parity_out = 1
Time = 485 | serial_in = 0 | Internal stream_in = 00000010 | parity_out = 1
Time = 490 | serial_in = 1 | Internal stream_in = 00000010 | parity_out = 1
Time = 495 | serial_in = 1 | Internal stream_in = 00000101 | parity_out = 0
Time = 500 | serial_in = 0 | Internal stream_in = 00000101 | parity_out = 0
Time = 505 | serial_in = 0 | Internal stream_in = 00001010 | parity_out = 0
Time = 515 | serial_in = 0 | Internal stream_in = 00010100 | parity_out = 0
Time = 525 | serial_in = 0 | Internal stream_in = 00101000 | parity_out = 0
Time = 535 | serial_in = 0 | Internal stream_in = 01010000 | parity_out = 0
Time = 545 | serial_in = 0 | Internal stream_in = 10100000 | parity_out = 0
Time = 550 | serial_in = 1 | Internal stream_in = 10100000 | parity_out = 0
Time = 555 | serial_in = 1 | Internal stream_in = 01000001 | parity_out = 0
Time = 565 | serial_in = 1 | Internal stream_in = 10000011 | parity_out = 1
Time = 570 | serial_in = 0 | Internal stream_in = 10000011 | parity_out = 1
Time = 575 | serial_in = 0 | Internal stream_in = 00000110 | parity_out = 0
Time = 585 | serial_in = 0 | Internal stream_in = 00001100 | parity_out = 0
Time = 595 | serial_in = 0 | Internal stream_in = 00011000 | parity_out = 0
Time = 605 | serial_in = 0 | Internal stream_in = 00110000 | parity_out = 0
Time = 615 | serial_in = 0 | Internal stream_in = 01100000 | parity_out = 0
Time = 625 | serial_in = 0 | Internal stream_in = 11000000 | parity_out = 0
Time = 630 | serial_in = 1 | Internal stream_in = 11000000 | parity_out = 0
Time = 635 | serial_in = 1 | Internal stream_in = 10000001 | parity_out = 0
Time = 645 | serial_in = 1 | Internal stream_in = 00000011 | parity_out = 0
Time = 655 | serial_in = 1 | Internal stream_in = 00000111 | parity_out = 1
Time = 660 | serial_in = 0 | Internal stream_in = 00000111 | parity_out = 1
Time = 665 | serial_in = 0 | Internal stream_in = 00001110 | parity_out = 1
Time = 675 | serial_in = 0 | Internal stream_in = 00011100 | parity_out = 1
Time = 685 | serial_in = 0 | Internal stream_in = 00111000 | parity_out = 1
Time = 695 | serial_in = 0 | Internal stream_in = 01110000 | parity_out = 1
Time = 700 | serial_in = 1 | Internal stream_in = 01110000 | parity_out = 1
Time = 705 | serial_in = 1 | Internal stream_in = 11100001 | parity_out = 0
Time = 710 | serial_in = 0 | Internal stream_in = 11100001 | parity_out = 0
Time = 715 | serial_in = 0 | Internal stream_in = 11000010 | parity_out = 1
Time = 725 | serial_in = 0 | Internal stream_in = 10000100 | parity_out = 0
Time = 735 | serial_in = 0 | Internal stream_in = 00001000 | parity_out = 1
Time = 745 | serial_in = 0 | Internal stream_in = 00010000 | parity_out = 1
Time = 755 | serial_in = 0 | Internal stream_in = 00100000 | parity_out = 1
Time = 765 | serial_in = 0 | Internal stream_in = 01000000 | parity_out = 1
Time = 775 | serial_in = 0 | Internal stream_in = 10000000 | parity_out = 1
Time = 780 | serial_in = 1 | Internal stream_in = 10000000 | parity_out = 1
Time = 785 | serial_in = 1 | Internal stream_in = 00000001 | parity_out = 1
Time = 790 | serial_in = 0 | Internal stream_in = 00000001 | parity_out = 1
Time = 795 | serial_in = 0 | Internal stream_in = 00000010 | parity_out = 1
Time = 805 | serial_in = 0 | Internal stream_in = 00000100 | parity_out = 1
Time = 810 | serial_in = 1 | Internal stream_in = 00000100 | parity_out = 1
Time = 815 | serial_in = 1 | Internal stream_in = 00001001 | parity_out = 0
Time = 820 | serial_in = 0 | Internal stream_in = 00001001 | parity_out = 0
Time = 825 | serial_in = 0 | Internal stream_in = 00010010 | parity_out = 0
Time = 835 | serial_in = 0 | Internal stream_in = 00100100 | parity_out = 0
Time = 845 | serial_in = 0 | Internal stream_in = 01001000 | parity_out = 0
Time = 855 | serial_in = 0 | Internal stream_in = 10010000 | parity_out = 0
Time = 860 | serial_in = 1 | Internal stream_in = 10010000 | parity_out = 0
Time = 865 | serial_in = 1 | Internal stream_in = 00100001 | parity_out = 0
Time = 870 | serial_in = 0 | Internal stream_in = 00100001 | parity_out = 0
Time = 875 | serial_in = 0 | Internal stream_in = 01000010 | parity_out = 0
Time = 880 | serial_in = 1 | Internal stream_in = 01000010 | parity_out = 0
Time = 885 | serial_in = 1 | Internal stream_in = 10000101 | parity_out = 1
Time = 890 | serial_in = 0 | Internal stream_in = 10000101 | parity_out = 1
Time = 895 | serial_in = 0 | Internal stream_in = 00001010 | parity_out = 0
Time = 905 | serial_in = 0 | Internal stream_in = 00010100 | parity_out = 0
Time = 915 | serial_in = 0 | Internal stream_in = 00101000 | parity_out = 0
Time = 925 | serial_in = 0 | Internal stream_in = 01010000 | parity_out = 0
Time = 935 | serial_in = 0 | Internal stream_in = 10100000 | parity_out = 0
Time = 940 | serial_in = 1 | Internal stream_in = 10100000 | parity_out = 0
Time = 945 | serial_in = 1 | Internal stream_in = 01000001 | parity_out = 0
Time = 950 | serial_in = 0 | Internal stream_in = 01000001 | parity_out = 0
Time = 955 | serial_in = 0 | Internal stream_in = 10000010 | parity_out = 0
Time = 960 | serial_in = 1 | Internal stream_in = 10000010 | parity_out = 0
Time = 965 | serial_in = 1 | Internal stream_in = 00000101 | parity_out = 0
Time = 975 | serial_in = 1 | Internal stream_in = 00001011 | parity_out = 1
Time = 980 | serial_in = 0 | Internal stream_in = 00001011 | parity_out = 1
Time = 985 | serial_in = 0 | Internal stream_in = 00010110 | parity_out = 1
Time = 995 | serial_in = 0 | Internal stream_in = 00101100 | parity_out = 1
INFO: [USF-XSim-96] XSim completed. Design snapshot 'stream_parity_gen_tb_behav' loaded.
INFO: [USF-XSim-97] XSim simulation ran for 1000ns
launch_simulation: Time (s): cpu = 00:00:06 ; elapsed = 00:00:09 . Memory (MB): peak = 1693.434 ; gain = 0.000
run all
Time = 1005 | serial_in = 0 | Internal stream_in = 01011000 | parity_out = 1
Time = 1015 | serial_in = 0 | Internal stream_in = 10110000 | parity_out = 1
Time = 1020 | serial_in = 1 | Internal stream_in = 10110000 | parity_out = 1
Time = 1025 | serial_in = 1 | Internal stream_in = 01100001 | parity_out = 1
Time = 1035 | serial_in = 1 | Internal stream_in = 11000011 | parity_out = 0
Time = 1040 | serial_in = 0 | Internal stream_in = 11000011 | parity_out = 0
Time = 1045 | serial_in = 0 | Internal stream_in = 10000110 | parity_out = 1
Time = 1055 | serial_in = 0 | Internal stream_in = 00001100 | parity_out = 0
Time = 1065 | serial_in = 0 | Internal stream_in = 00011000 | parity_out = 0
Time = 1075 | serial_in = 0 | Internal stream_in = 00110000 | parity_out = 0
Time = 1085 | serial_in = 0 | Internal stream_in = 01100000 | parity_out = 0
Time = 1095 | serial_in = 0 | Internal stream_in = 11000000 | parity_out = 0
Time = 1100 | serial_in = 1 | Internal stream_in = 11000000 | parity_out = 0
Time = 1105 | serial_in = 1 | Internal stream_in = 10000001 | parity_out = 0
Time = 1115 | serial_in = 1 | Internal stream_in = 00000011 | parity_out = 0
Time = 1120 | serial_in = 0 | Internal stream_in = 00000011 | parity_out = 0
Time = 1125 | serial_in = 0 | Internal stream_in = 00000110 | parity_out = 0
Time = 1130 | serial_in = 1 | Internal stream_in = 00000110 | parity_out = 0
Time = 1135 | serial_in = 1 | Internal stream_in = 00001101 | parity_out = 1
Time = 1140 | serial_in = 0 | Internal stream_in = 00001101 | parity_out = 1
Time = 1145 | serial_in = 0 | Internal stream_in = 00011010 | parity_out = 1
Time = 1155 | serial_in = 0 | Internal stream_in = 00110100 | parity_out = 1
Time = 1165 | serial_in = 0 | Internal stream_in = 01101000 | parity_out = 1
Time = 1175 | serial_in = 0 | Internal stream_in = 11010000 | parity_out = 1
Time = 1180 | serial_in = 1 | Internal stream_in = 11010000 | parity_out = 1
Time = 1185 | serial_in = 1 | Internal stream_in = 10100001 | parity_out = 1
Time = 1195 | serial_in = 1 | Internal stream_in = 01000011 | parity_out = 1
Time = 1205 | serial_in = 1 | Internal stream_in = 10000111 | parity_out = 0
Time = 1210 | serial_in = 0 | Internal stream_in = 10000111 | parity_out = 0
Time = 1215 | serial_in = 0 | Internal stream_in = 00001110 | parity_out = 1
Time = 1225 | serial_in = 0 | Internal stream_in = 00011100 | parity_out = 1
Time = 1235 | serial_in = 0 | Internal stream_in = 00111000 | parity_out = 1
Time = 1245 | serial_in = 0 | Internal stream_in = 01110000 | parity_out = 1
Time = 1255 | serial_in = 0 | Internal stream_in = 11100000 | parity_out = 1
Time = 1260 | serial_in = 1 | Internal stream_in = 11100000 | parity_out = 1
Time = 1265 | serial_in = 1 | Internal stream_in = 11000001 | parity_out = 1
Time = 1275 | serial_in = 1 | Internal stream_in = 10000011 | parity_out = 1
Time = 1285 | serial_in = 1 | Internal stream_in = 00000111 | parity_out = 1
Time = 1295 | serial_in = 1 | Internal stream_in = 00001111 | parity_out = 0
Time = 1300 | serial_in = 0 | Internal stream_in = 00001111 | parity_out = 0
Time = 1305 | serial_in = 0 | Internal stream_in = 00011110 | parity_out = 0
Time = 1315 | serial_in = 0 | Internal stream_in = 00111100 | parity_out = 0
Time = 1325 | serial_in = 0 | Internal stream_in = 01111000 | parity_out = 0
Time = 1330 | serial_in = 1 | Internal stream_in = 01111000 | parity_out = 0
Time = 1335 | serial_in = 1 | Internal stream_in = 11110001 | parity_out = 1
Time = 1340 | serial_in = 0 | Internal stream_in = 11110001 | parity_out = 1
Time = 1345 | serial_in = 0 | Internal stream_in = 11100010 | parity_out = 0
Time = 1355 | serial_in = 0 | Internal stream_in = 11000100 | parity_out = 1
Time = 1365 | serial_in = 0 | Internal stream_in = 10001000 | parity_out = 0
Time = 1375 | serial_in = 0 | Internal stream_in = 00010000 | parity_out = 1
Time = 1385 | serial_in = 0 | Internal stream_in = 00100000 | parity_out = 1
Time = 1395 | serial_in = 0 | Internal stream_in = 01000000 | parity_out = 1
Time = 1405 | serial_in = 0 | Internal stream_in = 10000000 | parity_out = 1
Time = 1410 | serial_in = 1 | Internal stream_in = 10000000 | parity_out = 1
Time = 1415 | serial_in = 1 | Internal stream_in = 00000001 | parity_out = 1
Time = 1420 | serial_in = 0 | Internal stream_in = 00000001 | parity_out = 1
Time = 1425 | serial_in = 0 | Internal stream_in = 00000010 | parity_out = 1
Time = 1435 | serial_in = 0 | Internal stream_in = 00000100 | parity_out = 1
Time = 1445 | serial_in = 0 | Internal stream_in = 00001000 | parity_out = 1
Time = 1450 | serial_in = 1 | Internal stream_in = 00001000 | parity_out = 1
Time = 1455 | serial_in = 1 | Internal stream_in = 00010001 | parity_out = 0
Time = 1460 | serial_in = 0 | Internal stream_in = 00010001 | parity_out = 0
Time = 1465 | serial_in = 0 | Internal stream_in = 00100010 | parity_out = 0
Time = 1475 | serial_in = 0 | Internal stream_in = 01000100 | parity_out = 0
Time = 1485 | serial_in = 0 | Internal stream_in = 10001000 | parity_out = 0
Time = 1490 | serial_in = 1 | Internal stream_in = 10001000 | parity_out = 0
Time = 1495 | serial_in = 1 | Internal stream_in = 00010001 | parity_out = 0
Time = 1500 | serial_in = 0 | Internal stream_in = 00010001 | parity_out = 0
Time = 1505 | serial_in = 0 | Internal stream_in = 00100010 | parity_out = 0
Time = 1515 | serial_in = 0 | Internal stream_in = 01000100 | parity_out = 0
Time = 1520 | serial_in = 1 | Internal stream_in = 01000100 | parity_out = 0
Time = 1525 | serial_in = 1 | Internal stream_in = 10001001 | parity_out = 1
Time = 1530 | serial_in = 0 | Internal stream_in = 10001001 | parity_out = 1
Time = 1535 | serial_in = 0 | Internal stream_in = 00010010 | parity_out = 0
Time = 1545 | serial_in = 0 | Internal stream_in = 00100100 | parity_out = 0
Time = 1555 | serial_in = 0 | Internal stream_in = 01001000 | parity_out = 0
Time = 1565 | serial_in = 0 | Internal stream_in = 10010000 | parity_out = 0
Time = 1570 | serial_in = 1 | Internal stream_in = 10010000 | parity_out = 0
Time = 1575 | serial_in = 1 | Internal stream_in = 00100001 | parity_out = 0
Time = 1580 | serial_in = 0 | Internal stream_in = 00100001 | parity_out = 0
Time = 1585 | serial_in = 0 | Internal stream_in = 01000010 | parity_out = 0
Time = 1595 | serial_in = 0 | Internal stream_in = 10000100 | parity_out = 0
Time = 1600 | serial_in = 1 | Internal stream_in = 10000100 | parity_out = 0
Time = 1605 | serial_in = 1 | Internal stream_in = 00001001 | parity_out = 0
Time = 1615 | serial_in = 1 | Internal stream_in = 00010011 | parity_out = 1
Time = 1620 | serial_in = 0 | Internal stream_in = 00010011 | parity_out = 1
Time = 1625 | serial_in = 0 | Internal stream_in = 00100110 | parity_out = 1
Time = 1635 | serial_in = 0 | Internal stream_in = 01001100 | parity_out = 1
Time = 1645 | serial_in = 0 | Internal stream_in = 10011000 | parity_out = 1
Time = 1650 | serial_in = 1 | Internal stream_in = 10011000 | parity_out = 1
Time = 1655 | serial_in = 1 | Internal stream_in = 00110001 | parity_out = 1
Time = 1660 | serial_in = 0 | Internal stream_in = 00110001 | parity_out = 1
Time = 1665 | serial_in = 0 | Internal stream_in = 01100010 | parity_out = 1
Time = 1670 | serial_in = 1 | Internal stream_in = 01100010 | parity_out = 1
Time = 1675 | serial_in = 1 | Internal stream_in = 11000101 | parity_out = 0
Time = 1680 | serial_in = 0 | Internal stream_in = 11000101 | parity_out = 0
Time = 1685 | serial_in = 0 | Internal stream_in = 10001010 | parity_out = 1
Time = 1695 | serial_in = 0 | Internal stream_in = 00010100 | parity_out = 0
Time = 1705 | serial_in = 0 | Internal stream_in = 00101000 | parity_out = 0
Time = 1715 | serial_in = 0 | Internal stream_in = 01010000 | parity_out = 0
Time = 1725 | serial_in = 0 | Internal stream_in = 10100000 | parity_out = 0
Time = 1730 | serial_in = 1 | Internal stream_in = 10100000 | parity_out = 0
Time = 1735 | serial_in = 1 | Internal stream_in = 01000001 | parity_out = 0
Time = 1740 | serial_in = 0 | Internal stream_in = 01000001 | parity_out = 0
Time = 1745 | serial_in = 0 | Internal stream_in = 10000010 | parity_out = 0
Time = 1750 | serial_in = 1 | Internal stream_in = 10000010 | parity_out = 0
Time = 1755 | serial_in = 1 | Internal stream_in = 00000101 | parity_out = 0
Time = 1760 | serial_in = 0 | Internal stream_in = 00000101 | parity_out = 0
Time = 1765 | serial_in = 0 | Internal stream_in = 00001010 | parity_out = 0
Time = 1770 | serial_in = 1 | Internal stream_in = 00001010 | parity_out = 0
Time = 1775 | serial_in = 1 | Internal stream_in = 00010101 | parity_out = 1
Time = 1780 | serial_in = 0 | Internal stream_in = 00010101 | parity_out = 1
Time = 1785 | serial_in = 0 | Internal stream_in = 00101010 | parity_out = 1
Time = 1795 | serial_in = 0 | Internal stream_in = 01010100 | parity_out = 1
Time = 1805 | serial_in = 0 | Internal stream_in = 10101000 | parity_out = 1
Time = 1810 | serial_in = 1 | Internal stream_in = 10101000 | parity_out = 1
Time = 1815 | serial_in = 1 | Internal stream_in = 01010001 | parity_out = 1
Time = 1820 | serial_in = 0 | Internal stream_in = 01010001 | parity_out = 1
Time = 1825 | serial_in = 0 | Internal stream_in = 10100010 | parity_out = 1
Time = 1830 | serial_in = 1 | Internal stream_in = 10100010 | parity_out = 1
Time = 1835 | serial_in = 1 | Internal stream_in = 01000101 | parity_out = 1
Time = 1845 | serial_in = 1 | Internal stream_in = 10001011 | parity_out = 0
Time = 1850 | serial_in = 0 | Internal stream_in = 10001011 | parity_out = 0
Time = 1855 | serial_in = 0 | Internal stream_in = 00010110 | parity_out = 1
Time = 1865 | serial_in = 0 | Internal stream_in = 00101100 | parity_out = 1
Time = 1875 | serial_in = 0 | Internal stream_in = 01011000 | parity_out = 1
Time = 1885 | serial_in = 0 | Internal stream_in = 10110000 | parity_out = 1
Time = 1890 | serial_in = 1 | Internal stream_in = 10110000 | parity_out = 1
Time = 1895 | serial_in = 1 | Internal stream_in = 01100001 | parity_out = 1
Time = 1900 | serial_in = 0 | Internal stream_in = 01100001 | parity_out = 1
Time = 1905 | serial_in = 0 | Internal stream_in = 11000010 | parity_out = 1
Time = 1910 | serial_in = 1 | Internal stream_in = 11000010 | parity_out = 1
Time = 1915 | serial_in = 1 | Internal stream_in = 10000101 | parity_out = 1
Time = 1925 | serial_in = 1 | Internal stream_in = 00001011 | parity_out = 1
Time = 1935 | serial_in = 1 | Internal stream_in = 00010111 | parity_out = 0
Time = 1940 | serial_in = 0 | Internal stream_in = 00010111 | parity_out = 0
Time = 1945 | serial_in = 0 | Internal stream_in = 00101110 | parity_out = 0
Time = 1955 | serial_in = 0 | Internal stream_in = 01011100 | parity_out = 0
Time = 1965 | serial_in = 0 | Internal stream_in = 10111000 | parity_out = 0
Time = 1970 | serial_in = 1 | Internal stream_in = 10111000 | parity_out = 0
Time = 1975 | serial_in = 1 | Internal stream_in = 01110001 | parity_out = 0
Time = 1985 | serial_in = 1 | Internal stream_in = 11100011 | parity_out = 1
Time = 1990 | serial_in = 0 | Internal stream_in = 11100011 | parity_out = 1
Time = 1995 | serial_in = 0 | Internal stream_in = 11000110 | parity_out = 0
Time = 2005 | serial_in = 0 | Internal stream_in = 10001100 | parity_out = 1
Time = 2015 | serial_in = 0 | Internal stream_in = 00011000 | parity_out = 0
Time = 2025 | serial_in = 0 | Internal stream_in = 00110000 | parity_out = 0
Time = 2035 | serial_in = 0 | Internal stream_in = 01100000 | parity_out = 0
Time = 2045 | serial_in = 0 | Internal stream_in = 11000000 | parity_out = 0
Time = 2050 | serial_in = 1 | Internal stream_in = 11000000 | parity_out = 0
Time = 2055 | serial_in = 1 | Internal stream_in = 10000001 | parity_out = 0
Time = 2065 | serial_in = 1 | Internal stream_in = 00000011 | parity_out = 0
Time = 2070 | serial_in = 0 | Internal stream_in = 00000011 | parity_out = 0
Time = 2075 | serial_in = 0 | Internal stream_in = 00000110 | parity_out = 0
Time = 2085 | serial_in = 0 | Internal stream_in = 00001100 | parity_out = 0
Time = 2090 | serial_in = 1 | Internal stream_in = 00001100 | parity_out = 0
Time = 2095 | serial_in = 1 | Internal stream_in = 00011001 | parity_out = 1
Time = 2100 | serial_in = 0 | Internal stream_in = 00011001 | parity_out = 1
Time = 2105 | serial_in = 0 | Internal stream_in = 00110010 | parity_out = 1
Time = 2115 | serial_in = 0 | Internal stream_in = 01100100 | parity_out = 1
Time = 2125 | serial_in = 0 | Internal stream_in = 11001000 | parity_out = 1
Time = 2130 | serial_in = 1 | Internal stream_in = 11001000 | parity_out = 1
Time = 2135 | serial_in = 1 | Internal stream_in = 10010001 | parity_out = 1
Time = 2145 | serial_in = 1 | Internal stream_in = 00100011 | parity_out = 1
Time = 2150 | serial_in = 0 | Internal stream_in = 00100011 | parity_out = 1
Time = 2155 | serial_in = 0 | Internal stream_in = 01000110 | parity_out = 1
Time = 2160 | serial_in = 1 | Internal stream_in = 01000110 | parity_out = 1
Time = 2165 | serial_in = 1 | Internal stream_in = 10001101 | parity_out = 0
Time = 2170 | serial_in = 0 | Internal stream_in = 10001101 | parity_out = 0
Time = 2175 | serial_in = 0 | Internal stream_in = 00011010 | parity_out = 1
Time = 2185 | serial_in = 0 | Internal stream_in = 00110100 | parity_out = 1
Time = 2195 | serial_in = 0 | Internal stream_in = 01101000 | parity_out = 1
Time = 2205 | serial_in = 0 | Internal stream_in = 11010000 | parity_out = 1
Time = 2210 | serial_in = 1 | Internal stream_in = 11010000 | parity_out = 1
Time = 2215 | serial_in = 1 | Internal stream_in = 10100001 | parity_out = 1
Time = 2225 | serial_in = 1 | Internal stream_in = 01000011 | parity_out = 1
Time = 2230 | serial_in = 0 | Internal stream_in = 01000011 | parity_out = 1
Time = 2235 | serial_in = 0 | Internal stream_in = 10000110 | parity_out = 1
Time = 2240 | serial_in = 1 | Internal stream_in = 10000110 | parity_out = 1
Time = 2245 | serial_in = 1 | Internal stream_in = 00001101 | parity_out = 1
Time = 2255 | serial_in = 1 | Internal stream_in = 00011011 | parity_out = 0
Time = 2260 | serial_in = 0 | Internal stream_in = 00011011 | parity_out = 0
Time = 2265 | serial_in = 0 | Internal stream_in = 00110110 | parity_out = 0
Time = 2275 | serial_in = 0 | Internal stream_in = 01101100 | parity_out = 0
Time = 2285 | serial_in = 0 | Internal stream_in = 11011000 | parity_out = 0
Time = 2290 | serial_in = 1 | Internal stream_in = 11011000 | parity_out = 0
Time = 2295 | serial_in = 1 | Internal stream_in = 10110001 | parity_out = 0
Time = 2305 | serial_in = 1 | Internal stream_in = 01100011 | parity_out = 0
Time = 2315 | serial_in = 1 | Internal stream_in = 11000111 | parity_out = 1
Time = 2320 | serial_in = 0 | Internal stream_in = 11000111 | parity_out = 1
Time = 2325 | serial_in = 0 | Internal stream_in = 10001110 | parity_out = 0
Time = 2335 | serial_in = 0 | Internal stream_in = 00011100 | parity_out = 1
Time = 2345 | serial_in = 0 | Internal stream_in = 00111000 | parity_out = 1
Time = 2355 | serial_in = 0 | Internal stream_in = 01110000 | parity_out = 1
Time = 2365 | serial_in = 0 | Internal stream_in = 11100000 | parity_out = 1
Time = 2370 | serial_in = 1 | Internal stream_in = 11100000 | parity_out = 1
Time = 2375 | serial_in = 1 | Internal stream_in = 11000001 | parity_out = 1
Time = 2385 | serial_in = 1 | Internal stream_in = 10000011 | parity_out = 1
Time = 2395 | serial_in = 1 | Internal stream_in = 00000111 | parity_out = 1
Time = 2400 | serial_in = 0 | Internal stream_in = 00000111 | parity_out = 1
Time = 2405 | serial_in = 0 | Internal stream_in = 00001110 | parity_out = 1
Time = 2410 | serial_in = 1 | Internal stream_in = 00001110 | parity_out = 1
Time = 2415 | serial_in = 1 | Internal stream_in = 00011101 | parity_out = 0
Time = 2420 | serial_in = 0 | Internal stream_in = 00011101 | parity_out = 0
Time = 2425 | serial_in = 0 | Internal stream_in = 00111010 | parity_out = 0
Time = 2435 | serial_in = 0 | Internal stream_in = 01110100 | parity_out = 0
Time = 2445 | serial_in = 0 | Internal stream_in = 11101000 | parity_out = 0
Time = 2450 | serial_in = 1 | Internal stream_in = 11101000 | parity_out = 0
Time = 2455 | serial_in = 1 | Internal stream_in = 11010001 | parity_out = 0
Time = 2465 | serial_in = 1 | Internal stream_in = 10100011 | parity_out = 0
Time = 2475 | serial_in = 1 | Internal stream_in = 01000111 | parity_out = 0
Time = 2485 | serial_in = 1 | Internal stream_in = 10001111 | parity_out = 1
Time = 2490 | serial_in = 0 | Internal stream_in = 10001111 | parity_out = 1
Time = 2495 | serial_in = 0 | Internal stream_in = 00011110 | parity_out = 0
Time = 2505 | serial_in = 0 | Internal stream_in = 00111100 | parity_out = 0
Time = 2515 | serial_in = 0 | Internal stream_in = 01111000 | parity_out = 0
Time = 2525 | serial_in = 0 | Internal stream_in = 11110000 | parity_out = 0
Time = 2530 | serial_in = 1 | Internal stream_in = 11110000 | parity_out = 0
Time = 2535 | serial_in = 1 | Internal stream_in = 11100001 | parity_out = 0
Time = 2545 | serial_in = 1 | Internal stream_in = 11000011 | parity_out = 0
Time = 2555 | serial_in = 1 | Internal stream_in = 10000111 | parity_out = 0
Time = 2565 | serial_in = 1 | Internal stream_in = 00001111 | parity_out = 0
Time = 2575 | serial_in = 1 | Internal stream_in = 00011111 | parity_out = 1
Time = 2580 | serial_in = 0 | Internal stream_in = 00011111 | parity_out = 1
Time = 2585 | serial_in = 0 | Internal stream_in = 00111110 | parity_out = 1
Time = 2595 | serial_in = 0 | Internal stream_in = 01111100 | parity_out = 1
Time = 2600 | serial_in = 1 | Internal stream_in = 01111100 | parity_out = 1
Time = 2605 | serial_in = 1 | Internal stream_in = 11111001 | parity_out = 0
Time = 2610 | serial_in = 0 | Internal stream_in = 11111001 | parity_out = 0
Time = 2615 | serial_in = 0 | Internal stream_in = 11110010 | parity_out = 1
Time = 2625 | serial_in = 0 | Internal stream_in = 11100100 | parity_out = 0
Time = 2635 | serial_in = 0 | Internal stream_in = 11001000 | parity_out = 1
Time = 2645 | serial_in = 0 | Internal stream_in = 10010000 | parity_out = 0
Time = 2655 | serial_in = 0 | Internal stream_in = 00100000 | parity_out = 1
Time = 2665 | serial_in = 0 | Internal stream_in = 01000000 | parity_out = 1
Time = 2675 | serial_in = 0 | Internal stream_in = 10000000 | parity_out = 1
Time = 2680 | serial_in = 1 | Internal stream_in = 10000000 | parity_out = 1
Time = 2685 | serial_in = 1 | Internal stream_in = 00000001 | parity_out = 1
Time = 2690 | serial_in = 0 | Internal stream_in = 00000001 | parity_out = 1
Time = 2695 | serial_in = 0 | Internal stream_in = 00000010 | parity_out = 1
Time = 2705 | serial_in = 0 | Internal stream_in = 00000100 | parity_out = 1
Time = 2715 | serial_in = 0 | Internal stream_in = 00001000 | parity_out = 1
Time = 2725 | serial_in = 0 | Internal stream_in = 00010000 | parity_out = 1
Time = 2730 | serial_in = 1 | Internal stream_in = 00010000 | parity_out = 1
Time = 2735 | serial_in = 1 | Internal stream_in = 00100001 | parity_out = 0
Time = 2740 | serial_in = 0 | Internal stream_in = 00100001 | parity_out = 0
Time = 2745 | serial_in = 0 | Internal stream_in = 01000010 | parity_out = 0
Time = 2755 | serial_in = 0 | Internal stream_in = 10000100 | parity_out = 0
Time = 2760 | serial_in = 1 | Internal stream_in = 10000100 | parity_out = 0
Time = 2765 | serial_in = 1 | Internal stream_in = 00001001 | parity_out = 0
Time = 2770 | serial_in = 0 | Internal stream_in = 00001001 | parity_out = 0
Time = 2775 | serial_in = 0 | Internal stream_in = 00010010 | parity_out = 0
Time = 2785 | serial_in = 0 | Internal stream_in = 00100100 | parity_out = 0
Time = 2795 | serial_in = 0 | Internal stream_in = 01001000 | parity_out = 0
Time = 2800 | serial_in = 1 | Internal stream_in = 01001000 | parity_out = 0
Time = 2805 | serial_in = 1 | Internal stream_in = 10010001 | parity_out = 1
Time = 2810 | serial_in = 0 | Internal stream_in = 10010001 | parity_out = 1
Time = 2815 | serial_in = 0 | Internal stream_in = 00100010 | parity_out = 0
Time = 2825 | serial_in = 0 | Internal stream_in = 01000100 | parity_out = 0
Time = 2835 | serial_in = 0 | Internal stream_in = 10001000 | parity_out = 0
Time = 2840 | serial_in = 1 | Internal stream_in = 10001000 | parity_out = 0
Time = 2845 | serial_in = 1 | Internal stream_in = 00010001 | parity_out = 0
Time = 2850 | serial_in = 0 | Internal stream_in = 00010001 | parity_out = 0
Time = 2855 | serial_in = 0 | Internal stream_in = 00100010 | parity_out = 0
Time = 2865 | serial_in = 0 | Internal stream_in = 01000100 | parity_out = 0
Time = 2875 | serial_in = 0 | Internal stream_in = 10001000 | parity_out = 0
Time = 2880 | serial_in = 1 | Internal stream_in = 10001000 | parity_out = 0
Time = 2885 | serial_in = 1 | Internal stream_in = 00010001 | parity_out = 0
Time = 2895 | serial_in = 1 | Internal stream_in = 00100011 | parity_out = 1
Time = 2900 | serial_in = 0 | Internal stream_in = 00100011 | parity_out = 1
Time = 2905 | serial_in = 0 | Internal stream_in = 01000110 | parity_out = 1
Time = 2915 | serial_in = 0 | Internal stream_in = 10001100 | parity_out = 1
Time = 2920 | serial_in = 1 | Internal stream_in = 10001100 | parity_out = 1
Time = 2925 | serial_in = 1 | Internal stream_in = 00011001 | parity_out = 1
Time = 2930 | serial_in = 0 | Internal stream_in = 00011001 | parity_out = 1
Time = 2935 | serial_in = 0 | Internal stream_in = 00110010 | parity_out = 1
Time = 2945 | serial_in = 0 | Internal stream_in = 01100100 | parity_out = 1
Time = 2950 | serial_in = 1 | Internal stream_in = 01100100 | parity_out = 1
Time = 2955 | serial_in = 1 | Internal stream_in = 11001001 | parity_out = 0
Time = 2960 | serial_in = 0 | Internal stream_in = 11001001 | parity_out = 0
Time = 2965 | serial_in = 0 | Internal stream_in = 10010010 | parity_out = 1
Time = 2975 | serial_in = 0 | Internal stream_in = 00100100 | parity_out = 0
Time = 2985 | serial_in = 0 | Internal stream_in = 01001000 | parity_out = 0
Time = 2995 | serial_in = 0 | Internal stream_in = 10010000 | parity_out = 0
Time = 3000 | serial_in = 1 | Internal stream_in = 10010000 | parity_out = 0
Time = 3005 | serial_in = 1 | Internal stream_in = 00100001 | parity_out = 0
Time = 3010 | serial_in = 0 | Internal stream_in = 00100001 | parity_out = 0
Time = 3015 | serial_in = 0 | Internal stream_in = 01000010 | parity_out = 0
Time = 3025 | serial_in = 0 | Internal stream_in = 10000100 | parity_out = 0
Time = 3030 | serial_in = 1 | Internal stream_in = 10000100 | parity_out = 0
Time = 3035 | serial_in = 1 | Internal stream_in = 00001001 | parity_out = 0
Time = 3040 | serial_in = 0 | Internal stream_in = 00001001 | parity_out = 0
Time = 3045 | serial_in = 0 | Internal stream_in = 00010010 | parity_out = 0
Time = 3050 | serial_in = 1 | Internal stream_in = 00010010 | parity_out = 0
Time = 3055 | serial_in = 1 | Internal stream_in = 00100101 | parity_out = 1
Time = 3060 | serial_in = 0 | Internal stream_in = 00100101 | parity_out = 1
Time = 3065 | serial_in = 0 | Internal stream_in = 01001010 | parity_out = 1
Time = 3075 | serial_in = 0 | Internal stream_in = 10010100 | parity_out = 1
Time = 3080 | serial_in = 1 | Internal stream_in = 10010100 | parity_out = 1
Time = 3085 | serial_in = 1 | Internal stream_in = 00101001 | parity_out = 1
Time = 3090 | serial_in = 0 | Internal stream_in = 00101001 | parity_out = 1
Time = 3095 | serial_in = 0 | Internal stream_in = 01010010 | parity_out = 1
Time = 3105 | serial_in = 0 | Internal stream_in = 10100100 | parity_out = 1
Time = 3110 | serial_in = 1 | Internal stream_in = 10100100 | parity_out = 1
Time = 3115 | serial_in = 1 | Internal stream_in = 01001001 | parity_out = 1
Time = 3125 | serial_in = 1 | Internal stream_in = 10010011 | parity_out = 0
Time = 3130 | serial_in = 0 | Internal stream_in = 10010011 | parity_out = 0
Time = 3135 | serial_in = 0 | Internal stream_in = 00100110 | parity_out = 1
Time = 3145 | serial_in = 0 | Internal stream_in = 01001100 | parity_out = 1
Time = 3155 | serial_in = 0 | Internal stream_in = 10011000 | parity_out = 1
Time = 3160 | serial_in = 1 | Internal stream_in = 10011000 | parity_out = 1
Time = 3165 | serial_in = 1 | Internal stream_in = 00110001 | parity_out = 1
Time = 3170 | serial_in = 0 | Internal stream_in = 00110001 | parity_out = 1
Time = 3175 | serial_in = 0 | Internal stream_in = 01100010 | parity_out = 1
Time = 3185 | serial_in = 0 | Internal stream_in = 11000100 | parity_out = 1
Time = 3190 | serial_in = 1 | Internal stream_in = 11000100 | parity_out = 1
Time = 3195 | serial_in = 1 | Internal stream_in = 10001001 | parity_out = 1
Time = 3205 | serial_in = 1 | Internal stream_in = 00010011 | parity_out = 1
Time = 3215 | serial_in = 1 | Internal stream_in = 00100111 | parity_out = 0
Time = 3220 | serial_in = 0 | Internal stream_in = 00100111 | parity_out = 0
Time = 3225 | serial_in = 0 | Internal stream_in = 01001110 | parity_out = 0
Time = 3235 | serial_in = 0 | Internal stream_in = 10011100 | parity_out = 0
Time = 3240 | serial_in = 1 | Internal stream_in = 10011100 | parity_out = 0
Time = 3245 | serial_in = 1 | Internal stream_in = 00111001 | parity_out = 0
Time = 3250 | serial_in = 0 | Internal stream_in = 00111001 | parity_out = 0
Time = 3255 | serial_in = 0 | Internal stream_in = 01110010 | parity_out = 0
Time = 3260 | serial_in = 1 | Internal stream_in = 01110010 | parity_out = 0
Time = 3265 | serial_in = 1 | Internal stream_in = 11100101 | parity_out = 1
Time = 3270 | serial_in = 0 | Internal stream_in = 11100101 | parity_out = 1
Time = 3275 | serial_in = 0 | Internal stream_in = 11001010 | parity_out = 0
Time = 3285 | serial_in = 0 | Internal stream_in = 10010100 | parity_out = 1
Time = 3295 | serial_in = 0 | Internal stream_in = 00101000 | parity_out = 0
Time = 3305 | serial_in = 0 | Internal stream_in = 01010000 | parity_out = 0
Time = 3315 | serial_in = 0 | Internal stream_in = 10100000 | parity_out = 0
Time = 3320 | serial_in = 1 | Internal stream_in = 10100000 | parity_out = 0
Time = 3325 | serial_in = 1 | Internal stream_in = 01000001 | parity_out = 0
Time = 3330 | serial_in = 0 | Internal stream_in = 01000001 | parity_out = 0
Time = 3335 | serial_in = 0 | Internal stream_in = 10000010 | parity_out = 0
Time = 3340 | serial_in = 1 | Internal stream_in = 10000010 | parity_out = 0
Time = 3345 | serial_in = 1 | Internal stream_in = 00000101 | parity_out = 0
Time = 3350 | serial_in = 0 | Internal stream_in = 00000101 | parity_out = 0
Time = 3355 | serial_in = 0 | Internal stream_in = 00001010 | parity_out = 0
Time = 3365 | serial_in = 0 | Internal stream_in = 00010100 | parity_out = 0
Time = 3370 | serial_in = 1 | Internal stream_in = 00010100 | parity_out = 0
Time = 3375 | serial_in = 1 | Internal stream_in = 00101001 | parity_out = 1
Time = 3380 | serial_in = 0 | Internal stream_in = 00101001 | parity_out = 1
Time = 3385 | serial_in = 0 | Internal stream_in = 01010010 | parity_out = 1
Time = 3395 | serial_in = 0 | Internal stream_in = 10100100 | parity_out = 1
Time = 3400 | serial_in = 1 | Internal stream_in = 10100100 | parity_out = 1
Time = 3405 | serial_in = 1 | Internal stream_in = 01001001 | parity_out = 1
Time = 3410 | serial_in = 0 | Internal stream_in = 01001001 | parity_out = 1
Time = 3415 | serial_in = 0 | Internal stream_in = 10010010 | parity_out = 1
Time = 3420 | serial_in = 1 | Internal stream_in = 10010010 | parity_out = 1
Time = 3425 | serial_in = 1 | Internal stream_in = 00100101 | parity_out = 1
Time = 3430 | serial_in = 0 | Internal stream_in = 00100101 | parity_out = 1
Time = 3435 | serial_in = 0 | Internal stream_in = 01001010 | parity_out = 1
Time = 3440 | serial_in = 1 | Internal stream_in = 01001010 | parity_out = 1
Time = 3445 | serial_in = 1 | Internal stream_in = 10010101 | parity_out = 0
Time = 3450 | serial_in = 0 | Internal stream_in = 10010101 | parity_out = 0
Time = 3455 | serial_in = 0 | Internal stream_in = 00101010 | parity_out = 1
Time = 3465 | serial_in = 0 | Internal stream_in = 01010100 | parity_out = 1
Time = 3475 | serial_in = 0 | Internal stream_in = 10101000 | parity_out = 1
Time = 3480 | serial_in = 1 | Internal stream_in = 10101000 | parity_out = 1
Time = 3485 | serial_in = 1 | Internal stream_in = 01010001 | parity_out = 1
Time = 3490 | serial_in = 0 | Internal stream_in = 01010001 | parity_out = 1
Time = 3495 | serial_in = 0 | Internal stream_in = 10100010 | parity_out = 1
Time = 3500 | serial_in = 1 | Internal stream_in = 10100010 | parity_out = 1
Time = 3505 | serial_in = 1 | Internal stream_in = 01000101 | parity_out = 1
Time = 3510 | serial_in = 0 | Internal stream_in = 01000101 | parity_out = 1
Time = 3515 | serial_in = 0 | Internal stream_in = 10001010 | parity_out = 1
Time = 3520 | serial_in = 1 | Internal stream_in = 10001010 | parity_out = 1
Time = 3525 | serial_in = 1 | Internal stream_in = 00010101 | parity_out = 1
Time = 3535 | serial_in = 1 | Internal stream_in = 00101011 | parity_out = 0
Time = 3540 | serial_in = 0 | Internal stream_in = 00101011 | parity_out = 0
Time = 3545 | serial_in = 0 | Internal stream_in = 01010110 | parity_out = 0
Time = 3555 | serial_in = 0 | Internal stream_in = 10101100 | parity_out = 0
Time = 3560 | serial_in = 1 | Internal stream_in = 10101100 | parity_out = 0
Time = 3565 | serial_in = 1 | Internal stream_in = 01011001 | parity_out = 0
Time = 3570 | serial_in = 0 | Internal stream_in = 01011001 | parity_out = 0
Time = 3575 | serial_in = 0 | Internal stream_in = 10110010 | parity_out = 0
Time = 3580 | serial_in = 1 | Internal stream_in = 10110010 | parity_out = 0
Time = 3585 | serial_in = 1 | Internal stream_in = 01100101 | parity_out = 0
Time = 3595 | serial_in = 1 | Internal stream_in = 11001011 | parity_out = 1
Time = 3600 | serial_in = 0 | Internal stream_in = 11001011 | parity_out = 1
Time = 3605 | serial_in = 0 | Internal stream_in = 10010110 | parity_out = 0
Time = 3615 | serial_in = 0 | Internal stream_in = 00101100 | parity_out = 1
Time = 3625 | serial_in = 0 | Internal stream_in = 01011000 | parity_out = 1
Time = 3635 | serial_in = 0 | Internal stream_in = 10110000 | parity_out = 1
Time = 3640 | serial_in = 1 | Internal stream_in = 10110000 | parity_out = 1
Time = 3645 | serial_in = 1 | Internal stream_in = 01100001 | parity_out = 1
Time = 3650 | serial_in = 0 | Internal stream_in = 01100001 | parity_out = 1
Time = 3655 | serial_in = 0 | Internal stream_in = 11000010 | parity_out = 1
Time = 3660 | serial_in = 1 | Internal stream_in = 11000010 | parity_out = 1
Time = 3665 | serial_in = 1 | Internal stream_in = 10000101 | parity_out = 1
Time = 3675 | serial_in = 1 | Internal stream_in = 00001011 | parity_out = 1
Time = 3680 | serial_in = 0 | Internal stream_in = 00001011 | parity_out = 1
Time = 3685 | serial_in = 0 | Internal stream_in = 00010110 | parity_out = 1
Time = 3690 | serial_in = 1 | Internal stream_in = 00010110 | parity_out = 1
Time = 3695 | serial_in = 1 | Internal stream_in = 00101101 | parity_out = 0
Time = 3700 | serial_in = 0 | Internal stream_in = 00101101 | parity_out = 0
Time = 3705 | serial_in = 0 | Internal stream_in = 01011010 | parity_out = 0
Time = 3715 | serial_in = 0 | Internal stream_in = 10110100 | parity_out = 0
Time = 3720 | serial_in = 1 | Internal stream_in = 10110100 | parity_out = 0
Time = 3725 | serial_in = 1 | Internal stream_in = 01101001 | parity_out = 0
Time = 3730 | serial_in = 0 | Internal stream_in = 01101001 | parity_out = 0
Time = 3735 | serial_in = 0 | Internal stream_in = 11010010 | parity_out = 0
Time = 3740 | serial_in = 1 | Internal stream_in = 11010010 | parity_out = 0
Time = 3745 | serial_in = 1 | Internal stream_in = 10100101 | parity_out = 0
Time = 3755 | serial_in = 1 | Internal stream_in = 01001011 | parity_out = 0
Time = 3765 | serial_in = 1 | Internal stream_in = 10010111 | parity_out = 1
Time = 3770 | serial_in = 0 | Internal stream_in = 10010111 | parity_out = 1
Time = 3775 | serial_in = 0 | Internal stream_in = 00101110 | parity_out = 0
Time = 3785 | serial_in = 0 | Internal stream_in = 01011100 | parity_out = 0
Time = 3795 | serial_in = 0 | Internal stream_in = 10111000 | parity_out = 0
Time = 3800 | serial_in = 1 | Internal stream_in = 10111000 | parity_out = 0
Time = 3805 | serial_in = 1 | Internal stream_in = 01110001 | parity_out = 0
Time = 3810 | serial_in = 0 | Internal stream_in = 01110001 | parity_out = 0
Time = 3815 | serial_in = 0 | Internal stream_in = 11100010 | parity_out = 0
Time = 3820 | serial_in = 1 | Internal stream_in = 11100010 | parity_out = 0
Time = 3825 | serial_in = 1 | Internal stream_in = 11000101 | parity_out = 0
Time = 3835 | serial_in = 1 | Internal stream_in = 10001011 | parity_out = 0
Time = 3845 | serial_in = 1 | Internal stream_in = 00010111 | parity_out = 0
Time = 3855 | serial_in = 1 | Internal stream_in = 00101111 | parity_out = 1
Time = 3860 | serial_in = 0 | Internal stream_in = 00101111 | parity_out = 1
Time = 3865 | serial_in = 0 | Internal stream_in = 01011110 | parity_out = 1
Time = 3875 | serial_in = 0 | Internal stream_in = 10111100 | parity_out = 1
Time = 3880 | serial_in = 1 | Internal stream_in = 10111100 | parity_out = 1
Time = 3885 | serial_in = 1 | Internal stream_in = 01111001 | parity_out = 1
Time = 3895 | serial_in = 1 | Internal stream_in = 11110011 | parity_out = 0
Time = 3900 | serial_in = 0 | Internal stream_in = 11110011 | parity_out = 0
Time = 3905 | serial_in = 0 | Internal stream_in = 11100110 | parity_out = 1
Time = 3915 | serial_in = 0 | Internal stream_in = 11001100 | parity_out = 0
Time = 3925 | serial_in = 0 | Internal stream_in = 10011000 | parity_out = 1
Time = 3935 | serial_in = 0 | Internal stream_in = 00110000 | parity_out = 0
Time = 3945 | serial_in = 0 | Internal stream_in = 01100000 | parity_out = 0
Time = 3955 | serial_in = 0 | Internal stream_in = 11000000 | parity_out = 0
Time = 3960 | serial_in = 1 | Internal stream_in = 11000000 | parity_out = 0
Time = 3965 | serial_in = 1 | Internal stream_in = 10000001 | parity_out = 0
Time = 3975 | serial_in = 1 | Internal stream_in = 00000011 | parity_out = 0
Time = 3980 | serial_in = 0 | Internal stream_in = 00000011 | parity_out = 0
Time = 3985 | serial_in = 0 | Internal stream_in = 00000110 | parity_out = 0
Time = 3995 | serial_in = 0 | Internal stream_in = 00001100 | parity_out = 0
Time = 4005 | serial_in = 0 | Internal stream_in = 00011000 | parity_out = 0
Time = 4010 | serial_in = 1 | Internal stream_in = 00011000 | parity_out = 0
Time = 4015 | serial_in = 1 | Internal stream_in = 00110001 | parity_out = 1
Time = 4020 | serial_in = 0 | Internal stream_in = 00110001 | parity_out = 1
Time = 4025 | serial_in = 0 | Internal stream_in = 01100010 | parity_out = 1
Time = 4035 | serial_in = 0 | Internal stream_in = 11000100 | parity_out = 1
Time = 4040 | serial_in = 1 | Internal stream_in = 11000100 | parity_out = 1
Time = 4045 | serial_in = 1 | Internal stream_in = 10001001 | parity_out = 1
Time = 4055 | serial_in = 1 | Internal stream_in = 00010011 | parity_out = 1
Time = 4060 | serial_in = 0 | Internal stream_in = 00010011 | parity_out = 1
Time = 4065 | serial_in = 0 | Internal stream_in = 00100110 | parity_out = 1
Time = 4075 | serial_in = 0 | Internal stream_in = 01001100 | parity_out = 1
Time = 4080 | serial_in = 1 | Internal stream_in = 01001100 | parity_out = 1
Time = 4085 | serial_in = 1 | Internal stream_in = 10011001 | parity_out = 0
Time = 4090 | serial_in = 0 | Internal stream_in = 10011001 | parity_out = 0
Time = 4095 | serial_in = 0 | Internal stream_in = 00110010 | parity_out = 1
Time = 4105 | serial_in = 0 | Internal stream_in = 01100100 | parity_out = 1
Time = 4115 | serial_in = 0 | Internal stream_in = 11001000 | parity_out = 1
Time = 4120 | serial_in = 1 | Internal stream_in = 11001000 | parity_out = 1
Time = 4125 | serial_in = 1 | Internal stream_in = 10010001 | parity_out = 1
Time = 4135 | serial_in = 1 | Internal stream_in = 00100011 | parity_out = 1
Time = 4140 | serial_in = 0 | Internal stream_in = 00100011 | parity_out = 1
Time = 4145 | serial_in = 0 | Internal stream_in = 01000110 | parity_out = 1
Time = 4155 | serial_in = 0 | Internal stream_in = 10001100 | parity_out = 1
Time = 4160 | serial_in = 1 | Internal stream_in = 10001100 | parity_out = 1
Time = 4165 | serial_in = 1 | Internal stream_in = 00011001 | parity_out = 1
Time = 4175 | serial_in = 1 | Internal stream_in = 00110011 | parity_out = 0
Time = 4180 | serial_in = 0 | Internal stream_in = 00110011 | parity_out = 0
Time = 4185 | serial_in = 0 | Internal stream_in = 01100110 | parity_out = 0
Time = 4195 | serial_in = 0 | Internal stream_in = 11001100 | parity_out = 0
Time = 4200 | serial_in = 1 | Internal stream_in = 11001100 | parity_out = 0
Time = 4205 | serial_in = 1 | Internal stream_in = 10011001 | parity_out = 0
Time = 4215 | serial_in = 1 | Internal stream_in = 00110011 | parity_out = 0
Time = 4220 | serial_in = 0 | Internal stream_in = 00110011 | parity_out = 0
Time = 4225 | serial_in = 0 | Internal stream_in = 01100110 | parity_out = 0
Time = 4230 | serial_in = 1 | Internal stream_in = 01100110 | parity_out = 0
Time = 4235 | serial_in = 1 | Internal stream_in = 11001101 | parity_out = 1
Time = 4240 | serial_in = 0 | Internal stream_in = 11001101 | parity_out = 1
Time = 4245 | serial_in = 0 | Internal stream_in = 10011010 | parity_out = 0
Time = 4255 | serial_in = 0 | Internal stream_in = 00110100 | parity_out = 1
Time = 4265 | serial_in = 0 | Internal stream_in = 01101000 | parity_out = 1
Time = 4275 | serial_in = 0 | Internal stream_in = 11010000 | parity_out = 1
Time = 4280 | serial_in = 1 | Internal stream_in = 11010000 | parity_out = 1
Time = 4285 | serial_in = 1 | Internal stream_in = 10100001 | parity_out = 1
Time = 4295 | serial_in = 1 | Internal stream_in = 01000011 | parity_out = 1
Time = 4300 | serial_in = 0 | Internal stream_in = 01000011 | parity_out = 1
Time = 4305 | serial_in = 0 | Internal stream_in = 10000110 | parity_out = 1
Time = 4310 | serial_in = 1 | Internal stream_in = 10000110 | parity_out = 1
Time = 4315 | serial_in = 1 | Internal stream_in = 00001101 | parity_out = 1
Time = 4320 | serial_in = 0 | Internal stream_in = 00001101 | parity_out = 1
Time = 4325 | serial_in = 0 | Internal stream_in = 00011010 | parity_out = 1
Time = 4330 | serial_in = 1 | Internal stream_in = 00011010 | parity_out = 1
Time = 4335 | serial_in = 1 | Internal stream_in = 00110101 | parity_out = 0
Time = 4340 | serial_in = 0 | Internal stream_in = 00110101 | parity_out = 0
Time = 4345 | serial_in = 0 | Internal stream_in = 01101010 | parity_out = 0
Time = 4355 | serial_in = 0 | Internal stream_in = 11010100 | parity_out = 0
Time = 4360 | serial_in = 1 | Internal stream_in = 11010100 | parity_out = 0
Time = 4365 | serial_in = 1 | Internal stream_in = 10101001 | parity_out = 0
Time = 4375 | serial_in = 1 | Internal stream_in = 01010011 | parity_out = 0
Time = 4380 | serial_in = 0 | Internal stream_in = 01010011 | parity_out = 0
Time = 4385 | serial_in = 0 | Internal stream_in = 10100110 | parity_out = 0
Time = 4390 | serial_in = 1 | Internal stream_in = 10100110 | parity_out = 0
Time = 4395 | serial_in = 1 | Internal stream_in = 01001101 | parity_out = 0
Time = 4405 | serial_in = 1 | Internal stream_in = 10011011 | parity_out = 1
Time = 4410 | serial_in = 0 | Internal stream_in = 10011011 | parity_out = 1
Time = 4415 | serial_in = 0 | Internal stream_in = 00110110 | parity_out = 0
Time = 4425 | serial_in = 0 | Internal stream_in = 01101100 | parity_out = 0
Time = 4435 | serial_in = 0 | Internal stream_in = 11011000 | parity_out = 0
Time = 4440 | serial_in = 1 | Internal stream_in = 11011000 | parity_out = 0
Time = 4445 | serial_in = 1 | Internal stream_in = 10110001 | parity_out = 0
Time = 4455 | serial_in = 1 | Internal stream_in = 01100011 | parity_out = 0
Time = 4460 | serial_in = 0 | Internal stream_in = 01100011 | parity_out = 0
Time = 4465 | serial_in = 0 | Internal stream_in = 11000110 | parity_out = 0
Time = 4470 | serial_in = 1 | Internal stream_in = 11000110 | parity_out = 0
Time = 4475 | serial_in = 1 | Internal stream_in = 10001101 | parity_out = 0
Time = 4485 | serial_in = 1 | Internal stream_in = 00011011 | parity_out = 0
Time = 4495 | serial_in = 1 | Internal stream_in = 00110111 | parity_out = 1
Time = 4500 | serial_in = 0 | Internal stream_in = 00110111 | parity_out = 1
Time = 4505 | serial_in = 0 | Internal stream_in = 01101110 | parity_out = 1
Time = 4515 | serial_in = 0 | Internal stream_in = 11011100 | parity_out = 1
Time = 4520 | serial_in = 1 | Internal stream_in = 11011100 | parity_out = 1
Time = 4525 | serial_in = 1 | Internal stream_in = 10111001 | parity_out = 1
Time = 4535 | serial_in = 1 | Internal stream_in = 01110011 | parity_out = 1
Time = 4545 | serial_in = 1 | Internal stream_in = 11100111 | parity_out = 0
Time = 4550 | serial_in = 0 | Internal stream_in = 11100111 | parity_out = 0
Time = 4555 | serial_in = 0 | Internal stream_in = 11001110 | parity_out = 1
Time = 4565 | serial_in = 0 | Internal stream_in = 10011100 | parity_out = 0
Time = 4575 | serial_in = 0 | Internal stream_in = 00111000 | parity_out = 1
Time = 4585 | serial_in = 0 | Internal stream_in = 01110000 | parity_out = 1
Time = 4595 | serial_in = 0 | Internal stream_in = 11100000 | parity_out = 1
Time = 4600 | serial_in = 1 | Internal stream_in = 11100000 | parity_out = 1
Time = 4605 | serial_in = 1 | Internal stream_in = 11000001 | parity_out = 1
Time = 4615 | serial_in = 1 | Internal stream_in = 10000011 | parity_out = 1
Time = 4625 | serial_in = 1 | Internal stream_in = 00000111 | parity_out = 1
Time = 4630 | serial_in = 0 | Internal stream_in = 00000111 | parity_out = 1
Time = 4635 | serial_in = 0 | Internal stream_in = 00001110 | parity_out = 1
Time = 4645 | serial_in = 0 | Internal stream_in = 00011100 | parity_out = 1
Time = 4650 | serial_in = 1 | Internal stream_in = 00011100 | parity_out = 1
Time = 4655 | serial_in = 1 | Internal stream_in = 00111001 | parity_out = 0
Time = 4660 | serial_in = 0 | Internal stream_in = 00111001 | parity_out = 0
Time = 4665 | serial_in = 0 | Internal stream_in = 01110010 | parity_out = 0
Time = 4675 | serial_in = 0 | Internal stream_in = 11100100 | parity_out = 0
Time = 4680 | serial_in = 1 | Internal stream_in = 11100100 | parity_out = 0
Time = 4685 | serial_in = 1 | Internal stream_in = 11001001 | parity_out = 0
Time = 4695 | serial_in = 1 | Internal stream_in = 10010011 | parity_out = 0
Time = 4705 | serial_in = 1 | Internal stream_in = 00100111 | parity_out = 0
Time = 4710 | serial_in = 0 | Internal stream_in = 00100111 | parity_out = 0
Time = 4715 | serial_in = 0 | Internal stream_in = 01001110 | parity_out = 0
Time = 4720 | serial_in = 1 | Internal stream_in = 01001110 | parity_out = 0
Time = 4725 | serial_in = 1 | Internal stream_in = 10011101 | parity_out = 1
Time = 4730 | serial_in = 0 | Internal stream_in = 10011101 | parity_out = 1
Time = 4735 | serial_in = 0 | Internal stream_in = 00111010 | parity_out = 0
Time = 4745 | serial_in = 0 | Internal stream_in = 01110100 | parity_out = 0
Time = 4755 | serial_in = 0 | Internal stream_in = 11101000 | parity_out = 0
Time = 4760 | serial_in = 1 | Internal stream_in = 11101000 | parity_out = 0
Time = 4765 | serial_in = 1 | Internal stream_in = 11010001 | parity_out = 0
Time = 4775 | serial_in = 1 | Internal stream_in = 10100011 | parity_out = 0
Time = 4785 | serial_in = 1 | Internal stream_in = 01000111 | parity_out = 0
Time = 4790 | serial_in = 0 | Internal stream_in = 01000111 | parity_out = 0
Time = 4795 | serial_in = 0 | Internal stream_in = 10001110 | parity_out = 0
Time = 4800 | serial_in = 1 | Internal stream_in = 10001110 | parity_out = 0
Time = 4805 | serial_in = 1 | Internal stream_in = 00011101 | parity_out = 0
Time = 4815 | serial_in = 1 | Internal stream_in = 00111011 | parity_out = 1
Time = 4820 | serial_in = 0 | Internal stream_in = 00111011 | parity_out = 1
Time = 4825 | serial_in = 0 | Internal stream_in = 01110110 | parity_out = 1
Time = 4835 | serial_in = 0 | Internal stream_in = 11101100 | parity_out = 1
Time = 4840 | serial_in = 1 | Internal stream_in = 11101100 | parity_out = 1
Time = 4845 | serial_in = 1 | Internal stream_in = 11011001 | parity_out = 1
Time = 4855 | serial_in = 1 | Internal stream_in = 10110011 | parity_out = 1
Time = 4865 | serial_in = 1 | Internal stream_in = 01100111 | parity_out = 1
Time = 4875 | serial_in = 1 | Internal stream_in = 11001111 | parity_out = 0
Time = 4880 | serial_in = 0 | Internal stream_in = 11001111 | parity_out = 0
Time = 4885 | serial_in = 0 | Internal stream_in = 10011110 | parity_out = 1
Time = 4895 | serial_in = 0 | Internal stream_in = 00111100 | parity_out = 0
Time = 4905 | serial_in = 0 | Internal stream_in = 01111000 | parity_out = 0
Time = 4915 | serial_in = 0 | Internal stream_in = 11110000 | parity_out = 0
Time = 4920 | serial_in = 1 | Internal stream_in = 11110000 | parity_out = 0
Time = 4925 | serial_in = 1 | Internal stream_in = 11100001 | parity_out = 0
Time = 4935 | serial_in = 1 | Internal stream_in = 11000011 | parity_out = 0
Time = 4945 | serial_in = 1 | Internal stream_in = 10000111 | parity_out = 0
Time = 4955 | serial_in = 1 | Internal stream_in = 00001111 | parity_out = 0
Time = 4960 | serial_in = 0 | Internal stream_in = 00001111 | parity_out = 0
Time = 4965 | serial_in = 0 | Internal stream_in = 00011110 | parity_out = 0
Time = 4970 | serial_in = 1 | Internal stream_in = 00011110 | parity_out = 0
Time = 4975 | serial_in = 1 | Internal stream_in = 00111101 | parity_out = 1
Time = 4980 | serial_in = 0 | Internal stream_in = 00111101 | parity_out = 1
Time = 4985 | serial_in = 0 | Internal stream_in = 01111010 | parity_out = 1
Time = 4995 | serial_in = 0 | Internal stream_in = 11110100 | parity_out = 1
Time = 5000 | serial_in = 1 | Internal stream_in = 11110100 | parity_out = 1
Time = 5005 | serial_in = 1 | Internal stream_in = 11101001 | parity_out = 1
Time = 5015 | serial_in = 1 | Internal stream_in = 11010011 | parity_out = 1
Time = 5025 | serial_in = 1 | Internal stream_in = 10100111 | parity_out = 1
Time = 5035 | serial_in = 1 | Internal stream_in = 01001111 | parity_out = 1
Time = 5045 | serial_in = 1 | Internal stream_in = 10011111 | parity_out = 0
Time = 5050 | serial_in = 0 | Internal stream_in = 10011111 | parity_out = 0
Time = 5055 | serial_in = 0 | Internal stream_in = 00111110 | parity_out = 1
Time = 5065 | serial_in = 0 | Internal stream_in = 01111100 | parity_out = 1
Time = 5075 | serial_in = 0 | Internal stream_in = 11111000 | parity_out = 1
Time = 5080 | serial_in = 1 | Internal stream_in = 11111000 | parity_out = 1
Time = 5085 | serial_in = 1 | Internal stream_in = 11110001 | parity_out = 1
Time = 5095 | serial_in = 1 | Internal stream_in = 11100011 | parity_out = 1
Time = 5105 | serial_in = 1 | Internal stream_in = 11000111 | parity_out = 1
Time = 5115 | serial_in = 1 | Internal stream_in = 10001111 | parity_out = 1
Time = 5125 | serial_in = 1 | Internal stream_in = 00011111 | parity_out = 1
Time = 5135 | serial_in = 1 | Internal stream_in = 00111111 | parity_out = 0
Time = 5140 | serial_in = 0 | Internal stream_in = 00111111 | parity_out = 0
Time = 5145 | serial_in = 0 | Internal stream_in = 01111110 | parity_out = 0
Time = 5150 | serial_in = 1 | Internal stream_in = 01111110 | parity_out = 0
Time = 5155 | serial_in = 1 | Internal stream_in = 11111101 | parity_out = 1
Time = 5160 | serial_in = 0 | Internal stream_in = 11111101 | parity_out = 1
Time = 5165 | serial_in = 0 | Internal stream_in = 11111010 | parity_out = 0
Time = 5175 | serial_in = 0 | Internal stream_in = 11110100 | parity_out = 1
Time = 5185 | serial_in = 0 | Internal stream_in = 11101000 | parity_out = 0
Time = 5195 | serial_in = 0 | Internal stream_in = 11010000 | parity_out = 1
Time = 5205 | serial_in = 0 | Internal stream_in = 10100000 | parity_out = 0
Time = 5215 | serial_in = 0 | Internal stream_in = 01000000 | parity_out = 1
Time = 5225 | serial_in = 0 | Internal stream_in = 10000000 | parity_out = 1
Time = 5230 | serial_in = 1 | Internal stream_in = 10000000 | parity_out = 1
Time = 5235 | serial_in = 1 | Internal stream_in = 00000001 | parity_out = 1
Time = 5240 | serial_in = 0 | Internal stream_in = 00000001 | parity_out = 1
Time = 5245 | serial_in = 0 | Internal stream_in = 00000010 | parity_out = 1
Time = 5255 | serial_in = 0 | Internal stream_in = 00000100 | parity_out = 1
Time = 5265 | serial_in = 0 | Internal stream_in = 00001000 | parity_out = 1
Time = 5275 | serial_in = 0 | Internal stream_in = 00010000 | parity_out = 1
Time = 5285 | serial_in = 0 | Internal stream_in = 00100000 | parity_out = 1
Time = 5290 | serial_in = 1 | Internal stream_in = 00100000 | parity_out = 1
Time = 5295 | serial_in = 1 | Internal stream_in = 01000001 | parity_out = 0
Time = 5300 | serial_in = 0 | Internal stream_in = 01000001 | parity_out = 0
Time = 5305 | serial_in = 0 | Internal stream_in = 10000010 | parity_out = 0
Time = 5310 | serial_in = 1 | Internal stream_in = 10000010 | parity_out = 0
Time = 5315 | serial_in = 1 | Internal stream_in = 00000101 | parity_out = 0
Time = 5320 | serial_in = 0 | Internal stream_in = 00000101 | parity_out = 0
Time = 5325 | serial_in = 0 | Internal stream_in = 00001010 | parity_out = 0
Time = 5335 | serial_in = 0 | Internal stream_in = 00010100 | parity_out = 0
Time = 5345 | serial_in = 0 | Internal stream_in = 00101000 | parity_out = 0
Time = 5355 | serial_in = 0 | Internal stream_in = 01010000 | parity_out = 0
Time = 5360 | serial_in = 1 | Internal stream_in = 01010000 | parity_out = 0
Time = 5365 | serial_in = 1 | Internal stream_in = 10100001 | parity_out = 1
Time = 5370 | serial_in = 0 | Internal stream_in = 10100001 | parity_out = 1
Time = 5375 | serial_in = 0 | Internal stream_in = 01000010 | parity_out = 0
Time = 5385 | serial_in = 0 | Internal stream_in = 10000100 | parity_out = 0
Time = 5390 | serial_in = 1 | Internal stream_in = 10000100 | parity_out = 0
Time = 5395 | serial_in = 1 | Internal stream_in = 00001001 | parity_out = 0
Time = 5400 | serial_in = 0 | Internal stream_in = 00001001 | parity_out = 0
Time = 5405 | serial_in = 0 | Internal stream_in = 00010010 | parity_out = 0
Time = 5415 | serial_in = 0 | Internal stream_in = 00100100 | parity_out = 0
Time = 5425 | serial_in = 0 | Internal stream_in = 01001000 | parity_out = 0
Time = 5435 | serial_in = 0 | Internal stream_in = 10010000 | parity_out = 0
Time = 5440 | serial_in = 1 | Internal stream_in = 10010000 | parity_out = 0
Time = 5445 | serial_in = 1 | Internal stream_in = 00100001 | parity_out = 0
Time = 5455 | serial_in = 1 | Internal stream_in = 01000011 | parity_out = 1
Time = 5460 | serial_in = 0 | Internal stream_in = 01000011 | parity_out = 1
Time = 5465 | serial_in = 0 | Internal stream_in = 10000110 | parity_out = 1
Time = 5470 | serial_in = 1 | Internal stream_in = 10000110 | parity_out = 1
Time = 5475 | serial_in = 1 | Internal stream_in = 00001101 | parity_out = 1
Time = 5480 | serial_in = 0 | Internal stream_in = 00001101 | parity_out = 1
Time = 5485 | serial_in = 0 | Internal stream_in = 00011010 | parity_out = 1
Time = 5495 | serial_in = 0 | Internal stream_in = 00110100 | parity_out = 1
Time = 5505 | serial_in = 0 | Internal stream_in = 01101000 | parity_out = 1
Time = 5510 | serial_in = 1 | Internal stream_in = 01101000 | parity_out = 1
Time = 5515 | serial_in = 1 | Internal stream_in = 11010001 | parity_out = 0
Time = 5520 | serial_in = 0 | Internal stream_in = 11010001 | parity_out = 0
Time = 5525 | serial_in = 0 | Internal stream_in = 10100010 | parity_out = 1
Time = 5535 | serial_in = 0 | Internal stream_in = 01000100 | parity_out = 0
Time = 5545 | serial_in = 0 | Internal stream_in = 10001000 | parity_out = 0
Time = 5550 | serial_in = 1 | Internal stream_in = 10001000 | parity_out = 0
Time = 5555 | serial_in = 1 | Internal stream_in = 00010001 | parity_out = 0
Time = 5560 | serial_in = 0 | Internal stream_in = 00010001 | parity_out = 0
Time = 5565 | serial_in = 0 | Internal stream_in = 00100010 | parity_out = 0
Time = 5575 | serial_in = 0 | Internal stream_in = 01000100 | parity_out = 0
Time = 5585 | serial_in = 0 | Internal stream_in = 10001000 | parity_out = 0
Time = 5590 | serial_in = 1 | Internal stream_in = 10001000 | parity_out = 0
Time = 5595 | serial_in = 1 | Internal stream_in = 00010001 | parity_out = 0
Time = 5600 | serial_in = 0 | Internal stream_in = 00010001 | parity_out = 0
Time = 5605 | serial_in = 0 | Internal stream_in = 00100010 | parity_out = 0
Time = 5610 | serial_in = 1 | Internal stream_in = 00100010 | parity_out = 0
Time = 5615 | serial_in = 1 | Internal stream_in = 01000101 | parity_out = 1
Time = 5620 | serial_in = 0 | Internal stream_in = 01000101 | parity_out = 1
Time = 5625 | serial_in = 0 | Internal stream_in = 10001010 | parity_out = 1
Time = 5630 | serial_in = 1 | Internal stream_in = 10001010 | parity_out = 1
Time = 5635 | serial_in = 1 | Internal stream_in = 00010101 | parity_out = 1
Time = 5640 | serial_in = 0 | Internal stream_in = 00010101 | parity_out = 1
Time = 5645 | serial_in = 0 | Internal stream_in = 00101010 | parity_out = 1
Time = 5655 | serial_in = 0 | Internal stream_in = 01010100 | parity_out = 1
Time = 5665 | serial_in = 0 | Internal stream_in = 10101000 | parity_out = 1
Time = 5670 | serial_in = 1 | Internal stream_in = 10101000 | parity_out = 1
Time = 5675 | serial_in = 1 | Internal stream_in = 01010001 | parity_out = 1
Time = 5685 | serial_in = 1 | Internal stream_in = 10100011 | parity_out = 0
Time = 5690 | serial_in = 0 | Internal stream_in = 10100011 | parity_out = 0
Time = 5695 | serial_in = 0 | Internal stream_in = 01000110 | parity_out = 1
Time = 5705 | serial_in = 0 | Internal stream_in = 10001100 | parity_out = 1
Time = 5710 | serial_in = 1 | Internal stream_in = 10001100 | parity_out = 1
Time = 5715 | serial_in = 1 | Internal stream_in = 00011001 | parity_out = 1
Time = 5720 | serial_in = 0 | Internal stream_in = 00011001 | parity_out = 1
Time = 5725 | serial_in = 0 | Internal stream_in = 00110010 | parity_out = 1
Time = 5735 | serial_in = 0 | Internal stream_in = 01100100 | parity_out = 1
Time = 5745 | serial_in = 0 | Internal stream_in = 11001000 | parity_out = 1
Time = 5750 | serial_in = 1 | Internal stream_in = 11001000 | parity_out = 1
Time = 5755 | serial_in = 1 | Internal stream_in = 10010001 | parity_out = 1
Time = 5765 | serial_in = 1 | Internal stream_in = 00100011 | parity_out = 1
Time = 5775 | serial_in = 1 | Internal stream_in = 01000111 | parity_out = 0
Time = 5780 | serial_in = 0 | Internal stream_in = 01000111 | parity_out = 0
Time = 5785 | serial_in = 0 | Internal stream_in = 10001110 | parity_out = 0
Time = 5790 | serial_in = 1 | Internal stream_in = 10001110 | parity_out = 0
Time = 5795 | serial_in = 1 | Internal stream_in = 00011101 | parity_out = 0
Time = 5800 | serial_in = 0 | Internal stream_in = 00011101 | parity_out = 0
Time = 5805 | serial_in = 0 | Internal stream_in = 00111010 | parity_out = 0
Time = 5815 | serial_in = 0 | Internal stream_in = 01110100 | parity_out = 0
Time = 5820 | serial_in = 1 | Internal stream_in = 01110100 | parity_out = 0
Time = 5825 | serial_in = 1 | Internal stream_in = 11101001 | parity_out = 1
Time = 5830 | serial_in = 0 | Internal stream_in = 11101001 | parity_out = 1
Time = 5835 | serial_in = 0 | Internal stream_in = 11010010 | parity_out = 0
Time = 5845 | serial_in = 0 | Internal stream_in = 10100100 | parity_out = 1
Time = 5855 | serial_in = 0 | Internal stream_in = 01001000 | parity_out = 0
Time = 5865 | serial_in = 0 | Internal stream_in = 10010000 | parity_out = 0
Time = 5870 | serial_in = 1 | Internal stream_in = 10010000 | parity_out = 0
Time = 5875 | serial_in = 1 | Internal stream_in = 00100001 | parity_out = 0
Time = 5880 | serial_in = 0 | Internal stream_in = 00100001 | parity_out = 0
Time = 5885 | serial_in = 0 | Internal stream_in = 01000010 | parity_out = 0
Time = 5895 | serial_in = 0 | Internal stream_in = 10000100 | parity_out = 0
Time = 5900 | serial_in = 1 | Internal stream_in = 10000100 | parity_out = 0
Time = 5905 | serial_in = 1 | Internal stream_in = 00001001 | parity_out = 0
Time = 5910 | serial_in = 0 | Internal stream_in = 00001001 | parity_out = 0
Time = 5915 | serial_in = 0 | Internal stream_in = 00010010 | parity_out = 0
Time = 5925 | serial_in = 0 | Internal stream_in = 00100100 | parity_out = 0
Time = 5930 | serial_in = 1 | Internal stream_in = 00100100 | parity_out = 0
Time = 5935 | serial_in = 1 | Internal stream_in = 01001001 | parity_out = 1
Time = 5940 | serial_in = 0 | Internal stream_in = 01001001 | parity_out = 1
Time = 5945 | serial_in = 0 | Internal stream_in = 10010010 | parity_out = 1
Time = 5950 | serial_in = 1 | Internal stream_in = 10010010 | parity_out = 1
Time = 5955 | serial_in = 1 | Internal stream_in = 00100101 | parity_out = 1
Time = 5960 | serial_in = 0 | Internal stream_in = 00100101 | parity_out = 1
Time = 5965 | serial_in = 0 | Internal stream_in = 01001010 | parity_out = 1
Time = 5975 | serial_in = 0 | Internal stream_in = 10010100 | parity_out = 1
Time = 5980 | serial_in = 1 | Internal stream_in = 10010100 | parity_out = 1
Time = 5985 | serial_in = 1 | Internal stream_in = 00101001 | parity_out = 1
Time = 5990 | serial_in = 0 | Internal stream_in = 00101001 | parity_out = 1
Time = 5995 | serial_in = 0 | Internal stream_in = 01010010 | parity_out = 1
Time = 6000 | serial_in = 1 | Internal stream_in = 01010010 | parity_out = 1
Time = 6005 | serial_in = 1 | Internal stream_in = 10100101 | parity_out = 0
Time = 6010 | serial_in = 0 | Internal stream_in = 10100101 | parity_out = 0
Time = 6015 | serial_in = 0 | Internal stream_in = 01001010 | parity_out = 1
Time = 6025 | serial_in = 0 | Internal stream_in = 10010100 | parity_out = 1
Time = 6030 | serial_in = 1 | Internal stream_in = 10010100 | parity_out = 1
Time = 6035 | serial_in = 1 | Internal stream_in = 00101001 | parity_out = 1
Time = 6040 | serial_in = 0 | Internal stream_in = 00101001 | parity_out = 1
Time = 6045 | serial_in = 0 | Internal stream_in = 01010010 | parity_out = 1
Time = 6055 | serial_in = 0 | Internal stream_in = 10100100 | parity_out = 1
Time = 6060 | serial_in = 1 | Internal stream_in = 10100100 | parity_out = 1
Time = 6065 | serial_in = 1 | Internal stream_in = 01001001 | parity_out = 1
Time = 6070 | serial_in = 0 | Internal stream_in = 01001001 | parity_out = 1
Time = 6075 | serial_in = 0 | Internal stream_in = 10010010 | parity_out = 1
Time = 6080 | serial_in = 1 | Internal stream_in = 10010010 | parity_out = 1
Time = 6085 | serial_in = 1 | Internal stream_in = 00100101 | parity_out = 1
Time = 6095 | serial_in = 1 | Internal stream_in = 01001011 | parity_out = 0
Time = 6100 | serial_in = 0 | Internal stream_in = 01001011 | parity_out = 0
Time = 6105 | serial_in = 0 | Internal stream_in = 10010110 | parity_out = 0
Time = 6110 | serial_in = 1 | Internal stream_in = 10010110 | parity_out = 0
Time = 6115 | serial_in = 1 | Internal stream_in = 00101101 | parity_out = 0
Time = 6120 | serial_in = 0 | Internal stream_in = 00101101 | parity_out = 0
Time = 6125 | serial_in = 0 | Internal stream_in = 01011010 | parity_out = 0
Time = 6135 | serial_in = 0 | Internal stream_in = 10110100 | parity_out = 0
Time = 6140 | serial_in = 1 | Internal stream_in = 10110100 | parity_out = 0
Time = 6145 | serial_in = 1 | Internal stream_in = 01101001 | parity_out = 0
Time = 6155 | serial_in = 1 | Internal stream_in = 11010011 | parity_out = 1
Time = 6160 | serial_in = 0 | Internal stream_in = 11010011 | parity_out = 1
Time = 6165 | serial_in = 0 | Internal stream_in = 10100110 | parity_out = 0
Time = 6175 | serial_in = 0 | Internal stream_in = 01001100 | parity_out = 1
Time = 6185 | serial_in = 0 | Internal stream_in = 10011000 | parity_out = 1
Time = 6190 | serial_in = 1 | Internal stream_in = 10011000 | parity_out = 1
Time = 6195 | serial_in = 1 | Internal stream_in = 00110001 | parity_out = 1
Time = 6200 | serial_in = 0 | Internal stream_in = 00110001 | parity_out = 1
Time = 6205 | serial_in = 0 | Internal stream_in = 01100010 | parity_out = 1
Time = 6215 | serial_in = 0 | Internal stream_in = 11000100 | parity_out = 1
Time = 6220 | serial_in = 1 | Internal stream_in = 11000100 | parity_out = 1
Time = 6225 | serial_in = 1 | Internal stream_in = 10001001 | parity_out = 1
Time = 6235 | serial_in = 1 | Internal stream_in = 00010011 | parity_out = 1
Time = 6240 | serial_in = 0 | Internal stream_in = 00010011 | parity_out = 1
Time = 6245 | serial_in = 0 | Internal stream_in = 00100110 | parity_out = 1
Time = 6250 | serial_in = 1 | Internal stream_in = 00100110 | parity_out = 1
Time = 6255 | serial_in = 1 | Internal stream_in = 01001101 | parity_out = 0
Time = 6260 | serial_in = 0 | Internal stream_in = 01001101 | parity_out = 0
Time = 6265 | serial_in = 0 | Internal stream_in = 10011010 | parity_out = 0
Time = 6270 | serial_in = 1 | Internal stream_in = 10011010 | parity_out = 0
Time = 6275 | serial_in = 1 | Internal stream_in = 00110101 | parity_out = 0
Time = 6280 | serial_in = 0 | Internal stream_in = 00110101 | parity_out = 0
Time = 6285 | serial_in = 0 | Internal stream_in = 01101010 | parity_out = 0
Time = 6295 | serial_in = 0 | Internal stream_in = 11010100 | parity_out = 0
Time = 6300 | serial_in = 1 | Internal stream_in = 11010100 | parity_out = 0
Time = 6305 | serial_in = 1 | Internal stream_in = 10101001 | parity_out = 0
Time = 6315 | serial_in = 1 | Internal stream_in = 01010011 | parity_out = 0
Time = 6325 | serial_in = 1 | Internal stream_in = 10100111 | parity_out = 1
Time = 6330 | serial_in = 0 | Internal stream_in = 10100111 | parity_out = 1
Time = 6335 | serial_in = 0 | Internal stream_in = 01001110 | parity_out = 0
Time = 6345 | serial_in = 0 | Internal stream_in = 10011100 | parity_out = 0
Time = 6350 | serial_in = 1 | Internal stream_in = 10011100 | parity_out = 0
Time = 6355 | serial_in = 1 | Internal stream_in = 00111001 | parity_out = 0
Time = 6360 | serial_in = 0 | Internal stream_in = 00111001 | parity_out = 0
Time = 6365 | serial_in = 0 | Internal stream_in = 01110010 | parity_out = 0
Time = 6375 | serial_in = 0 | Internal stream_in = 11100100 | parity_out = 0
Time = 6380 | serial_in = 1 | Internal stream_in = 11100100 | parity_out = 0
Time = 6385 | serial_in = 1 | Internal stream_in = 11001001 | parity_out = 0
Time = 6395 | serial_in = 1 | Internal stream_in = 10010011 | parity_out = 0
Time = 6405 | serial_in = 1 | Internal stream_in = 00100111 | parity_out = 0
Time = 6415 | serial_in = 1 | Internal stream_in = 01001111 | parity_out = 1
Time = 6420 | serial_in = 0 | Internal stream_in = 01001111 | parity_out = 1
Time = 6425 | serial_in = 0 | Internal stream_in = 10011110 | parity_out = 1
Time = 6430 | serial_in = 1 | Internal stream_in = 10011110 | parity_out = 1
Time = 6435 | serial_in = 1 | Internal stream_in = 00111101 | parity_out = 1
Time = 6440 | serial_in = 0 | Internal stream_in = 00111101 | parity_out = 1
Time = 6445 | serial_in = 0 | Internal stream_in = 01111010 | parity_out = 1
Time = 6450 | serial_in = 1 | Internal stream_in = 01111010 | parity_out = 1
Time = 6455 | serial_in = 1 | Internal stream_in = 11110101 | parity_out = 0
Time = 6460 | serial_in = 0 | Internal stream_in = 11110101 | parity_out = 0
Time = 6465 | serial_in = 0 | Internal stream_in = 11101010 | parity_out = 1
Time = 6475 | serial_in = 0 | Internal stream_in = 11010100 | parity_out = 0
Time = 6485 | serial_in = 0 | Internal stream_in = 10101000 | parity_out = 1
Time = 6495 | serial_in = 0 | Internal stream_in = 01010000 | parity_out = 0
Time = 6505 | serial_in = 0 | Internal stream_in = 10100000 | parity_out = 0
Time = 6510 | serial_in = 1 | Internal stream_in = 10100000 | parity_out = 0
Time = 6515 | serial_in = 1 | Internal stream_in = 01000001 | parity_out = 0
Time = 6520 | serial_in = 0 | Internal stream_in = 01000001 | parity_out = 0
Time = 6525 | serial_in = 0 | Internal stream_in = 10000010 | parity_out = 0
Time = 6530 | serial_in = 1 | Internal stream_in = 10000010 | parity_out = 0
Time = 6535 | serial_in = 1 | Internal stream_in = 00000101 | parity_out = 0
Time = 6540 | serial_in = 0 | Internal stream_in = 00000101 | parity_out = 0
Time = 6545 | serial_in = 0 | Internal stream_in = 00001010 | parity_out = 0
Time = 6555 | serial_in = 0 | Internal stream_in = 00010100 | parity_out = 0
Time = 6565 | serial_in = 0 | Internal stream_in = 00101000 | parity_out = 0
Time = 6570 | serial_in = 1 | Internal stream_in = 00101000 | parity_out = 0
Time = 6575 | serial_in = 1 | Internal stream_in = 01010001 | parity_out = 1
Time = 6580 | serial_in = 0 | Internal stream_in = 01010001 | parity_out = 1
Time = 6585 | serial_in = 0 | Internal stream_in = 10100010 | parity_out = 1
Time = 6590 | serial_in = 1 | Internal stream_in = 10100010 | parity_out = 1
Time = 6595 | serial_in = 1 | Internal stream_in = 01000101 | parity_out = 1
Time = 6600 | serial_in = 0 | Internal stream_in = 01000101 | parity_out = 1
Time = 6605 | serial_in = 0 | Internal stream_in = 10001010 | parity_out = 1
Time = 6610 | serial_in = 1 | Internal stream_in = 10001010 | parity_out = 1
Time = 6615 | serial_in = 1 | Internal stream_in = 00010101 | parity_out = 1
Time = 6620 | serial_in = 0 | Internal stream_in = 00010101 | parity_out = 1
Time = 6625 | serial_in = 0 | Internal stream_in = 00101010 | parity_out = 1
Time = 6635 | serial_in = 0 | Internal stream_in = 01010100 | parity_out = 1
Time = 6640 | serial_in = 1 | Internal stream_in = 01010100 | parity_out = 1
Time = 6645 | serial_in = 1 | Internal stream_in = 10101001 | parity_out = 0
Time = 6650 | serial_in = 0 | Internal stream_in = 10101001 | parity_out = 0
Time = 6655 | serial_in = 0 | Internal stream_in = 01010010 | parity_out = 1
Time = 6665 | serial_in = 0 | Internal stream_in = 10100100 | parity_out = 1
Time = 6670 | serial_in = 1 | Internal stream_in = 10100100 | parity_out = 1
Time = 6675 | serial_in = 1 | Internal stream_in = 01001001 | parity_out = 1
Time = 6680 | serial_in = 0 | Internal stream_in = 01001001 | parity_out = 1
Time = 6685 | serial_in = 0 | Internal stream_in = 10010010 | parity_out = 1
Time = 6690 | serial_in = 1 | Internal stream_in = 10010010 | parity_out = 1
Time = 6695 | serial_in = 1 | Internal stream_in = 00100101 | parity_out = 1
Time = 6700 | serial_in = 0 | Internal stream_in = 00100101 | parity_out = 1
Time = 6705 | serial_in = 0 | Internal stream_in = 01001010 | parity_out = 1
Time = 6715 | serial_in = 0 | Internal stream_in = 10010100 | parity_out = 1
Time = 6720 | serial_in = 1 | Internal stream_in = 10010100 | parity_out = 1
Time = 6725 | serial_in = 1 | Internal stream_in = 00101001 | parity_out = 1
Time = 6735 | serial_in = 1 | Internal stream_in = 01010011 | parity_out = 0
Time = 6740 | serial_in = 0 | Internal stream_in = 01010011 | parity_out = 0
Time = 6745 | serial_in = 0 | Internal stream_in = 10100110 | parity_out = 0
Time = 6750 | serial_in = 1 | Internal stream_in = 10100110 | parity_out = 0
Time = 6755 | serial_in = 1 | Internal stream_in = 01001101 | parity_out = 0
Time = 6760 | serial_in = 0 | Internal stream_in = 01001101 | parity_out = 0
Time = 6765 | serial_in = 0 | Internal stream_in = 10011010 | parity_out = 0
Time = 6770 | serial_in = 1 | Internal stream_in = 10011010 | parity_out = 0
Time = 6775 | serial_in = 1 | Internal stream_in = 00110101 | parity_out = 0
Time = 6780 | serial_in = 0 | Internal stream_in = 00110101 | parity_out = 0
Time = 6785 | serial_in = 0 | Internal stream_in = 01101010 | parity_out = 0
Time = 6790 | serial_in = 1 | Internal stream_in = 01101010 | parity_out = 0
Time = 6795 | serial_in = 1 | Internal stream_in = 11010101 | parity_out = 1
Time = 6800 | serial_in = 0 | Internal stream_in = 11010101 | parity_out = 1
Time = 6805 | serial_in = 0 | Internal stream_in = 10101010 | parity_out = 0
Time = 6815 | serial_in = 0 | Internal stream_in = 01010100 | parity_out = 1
Time = 6825 | serial_in = 0 | Internal stream_in = 10101000 | parity_out = 1
Time = 6830 | serial_in = 1 | Internal stream_in = 10101000 | parity_out = 1
Time = 6835 | serial_in = 1 | Internal stream_in = 01010001 | parity_out = 1
Time = 6840 | serial_in = 0 | Internal stream_in = 01010001 | parity_out = 1
Time = 6845 | serial_in = 0 | Internal stream_in = 10100010 | parity_out = 1
Time = 6850 | serial_in = 1 | Internal stream_in = 10100010 | parity_out = 1
Time = 6855 | serial_in = 1 | Internal stream_in = 01000101 | parity_out = 1
Time = 6860 | serial_in = 0 | Internal stream_in = 01000101 | parity_out = 1
Time = 6865 | serial_in = 0 | Internal stream_in = 10001010 | parity_out = 1
Time = 6870 | serial_in = 1 | Internal stream_in = 10001010 | parity_out = 1
Time = 6875 | serial_in = 1 | Internal stream_in = 00010101 | parity_out = 1
Time = 6880 | serial_in = 0 | Internal stream_in = 00010101 | parity_out = 1
Time = 6885 | serial_in = 0 | Internal stream_in = 00101010 | parity_out = 1
Time = 6890 | serial_in = 1 | Internal stream_in = 00101010 | parity_out = 1
Time = 6895 | serial_in = 1 | Internal stream_in = 01010101 | parity_out = 0
Time = 6900 | serial_in = 0 | Internal stream_in = 01010101 | parity_out = 0
Time = 6905 | serial_in = 0 | Internal stream_in = 10101010 | parity_out = 0
Time = 6910 | serial_in = 1 | Internal stream_in = 10101010 | parity_out = 0
Time = 6915 | serial_in = 1 | Internal stream_in = 01010101 | parity_out = 0
Time = 6920 | serial_in = 0 | Internal stream_in = 01010101 | parity_out = 0
Time = 6925 | serial_in = 0 | Internal stream_in = 10101010 | parity_out = 0
Time = 6930 | serial_in = 1 | Internal stream_in = 10101010 | parity_out = 0
Time = 6935 | serial_in = 1 | Internal stream_in = 01010101 | parity_out = 0
Time = 6940 | serial_in = 0 | Internal stream_in = 01010101 | parity_out = 0
Time = 6945 | serial_in = 0 | Internal stream_in = 10101010 | parity_out = 0
Time = 6950 | serial_in = 1 | Internal stream_in = 10101010 | parity_out = 0
Time = 6955 | serial_in = 1 | Internal stream_in = 01010101 | parity_out = 0
Time = 6965 | serial_in = 1 | Internal stream_in = 10101011 | parity_out = 1
Time = 6970 | serial_in = 0 | Internal stream_in = 10101011 | parity_out = 1
Time = 6975 | serial_in = 0 | Internal stream_in = 01010110 | parity_out = 0
Time = 6985 | serial_in = 0 | Internal stream_in = 10101100 | parity_out = 0
Time = 6990 | serial_in = 1 | Internal stream_in = 10101100 | parity_out = 0
Time = 6995 | serial_in = 1 | Internal stream_in = 01011001 | parity_out = 0
Time = 7000 | serial_in = 0 | Internal stream_in = 01011001 | parity_out = 0
Time = 7005 | serial_in = 0 | Internal stream_in = 10110010 | parity_out = 0
Time = 7010 | serial_in = 1 | Internal stream_in = 10110010 | parity_out = 0
Time = 7015 | serial_in = 1 | Internal stream_in = 01100101 | parity_out = 0
Time = 7020 | serial_in = 0 | Internal stream_in = 01100101 | parity_out = 0
Time = 7025 | serial_in = 0 | Internal stream_in = 11001010 | parity_out = 0
Time = 7030 | serial_in = 1 | Internal stream_in = 11001010 | parity_out = 0
Time = 7035 | serial_in = 1 | Internal stream_in = 10010101 | parity_out = 0
Time = 7045 | serial_in = 1 | Internal stream_in = 00101011 | parity_out = 0
Time = 7055 | serial_in = 1 | Internal stream_in = 01010111 | parity_out = 1
Time = 7060 | serial_in = 0 | Internal stream_in = 01010111 | parity_out = 1
Time = 7065 | serial_in = 0 | Internal stream_in = 10101110 | parity_out = 1
Time = 7070 | serial_in = 1 | Internal stream_in = 10101110 | parity_out = 1
Time = 7075 | serial_in = 1 | Internal stream_in = 01011101 | parity_out = 1
Time = 7080 | serial_in = 0 | Internal stream_in = 01011101 | parity_out = 1
Time = 7085 | serial_in = 0 | Internal stream_in = 10111010 | parity_out = 1
Time = 7090 | serial_in = 1 | Internal stream_in = 10111010 | parity_out = 1
Time = 7095 | serial_in = 1 | Internal stream_in = 01110101 | parity_out = 1
Time = 7105 | serial_in = 1 | Internal stream_in = 11101011 | parity_out = 0
Time = 7110 | serial_in = 0 | Internal stream_in = 11101011 | parity_out = 0
Time = 7115 | serial_in = 0 | Internal stream_in = 11010110 | parity_out = 1
Time = 7125 | serial_in = 0 | Internal stream_in = 10101100 | parity_out = 0
Time = 7135 | serial_in = 0 | Internal stream_in = 01011000 | parity_out = 1
Time = 7145 | serial_in = 0 | Internal stream_in = 10110000 | parity_out = 1
Time = 7150 | serial_in = 1 | Internal stream_in = 10110000 | parity_out = 1
Time = 7155 | serial_in = 1 | Internal stream_in = 01100001 | parity_out = 1
Time = 7160 | serial_in = 0 | Internal stream_in = 01100001 | parity_out = 1
Time = 7165 | serial_in = 0 | Internal stream_in = 11000010 | parity_out = 1
Time = 7170 | serial_in = 1 | Internal stream_in = 11000010 | parity_out = 1
Time = 7175 | serial_in = 1 | Internal stream_in = 10000101 | parity_out = 1
Time = 7185 | serial_in = 1 | Internal stream_in = 00001011 | parity_out = 1
Time = 7190 | serial_in = 0 | Internal stream_in = 00001011 | parity_out = 1
Time = 7195 | serial_in = 0 | Internal stream_in = 00010110 | parity_out = 1
Time = 7205 | serial_in = 0 | Internal stream_in = 00101100 | parity_out = 1
Time = 7210 | serial_in = 1 | Internal stream_in = 00101100 | parity_out = 1
Time = 7215 | serial_in = 1 | Internal stream_in = 01011001 | parity_out = 0
Time = 7220 | serial_in = 0 | Internal stream_in = 01011001 | parity_out = 0
Time = 7225 | serial_in = 0 | Internal stream_in = 10110010 | parity_out = 0
Time = 7230 | serial_in = 1 | Internal stream_in = 10110010 | parity_out = 0
Time = 7235 | serial_in = 1 | Internal stream_in = 01100101 | parity_out = 0
Time = 7240 | serial_in = 0 | Internal stream_in = 01100101 | parity_out = 0
Time = 7245 | serial_in = 0 | Internal stream_in = 11001010 | parity_out = 0
Time = 7250 | serial_in = 1 | Internal stream_in = 11001010 | parity_out = 0
Time = 7255 | serial_in = 1 | Internal stream_in = 10010101 | parity_out = 0
Time = 7265 | serial_in = 1 | Internal stream_in = 00101011 | parity_out = 0
Time = 7270 | serial_in = 0 | Internal stream_in = 00101011 | parity_out = 0
Time = 7275 | serial_in = 0 | Internal stream_in = 01010110 | parity_out = 0
Time = 7280 | serial_in = 1 | Internal stream_in = 01010110 | parity_out = 0
Time = 7285 | serial_in = 1 | Internal stream_in = 10101101 | parity_out = 1
Time = 7290 | serial_in = 0 | Internal stream_in = 10101101 | parity_out = 1
Time = 7295 | serial_in = 0 | Internal stream_in = 01011010 | parity_out = 0
Time = 7305 | serial_in = 0 | Internal stream_in = 10110100 | parity_out = 0
Time = 7310 | serial_in = 1 | Internal stream_in = 10110100 | parity_out = 0
Time = 7315 | serial_in = 1 | Internal stream_in = 01101001 | parity_out = 0
Time = 7320 | serial_in = 0 | Internal stream_in = 01101001 | parity_out = 0
Time = 7325 | serial_in = 0 | Internal stream_in = 11010010 | parity_out = 0
Time = 7330 | serial_in = 1 | Internal stream_in = 11010010 | parity_out = 0
Time = 7335 | serial_in = 1 | Internal stream_in = 10100101 | parity_out = 0
Time = 7345 | serial_in = 1 | Internal stream_in = 01001011 | parity_out = 0
Time = 7350 | serial_in = 0 | Internal stream_in = 01001011 | parity_out = 0
Time = 7355 | serial_in = 0 | Internal stream_in = 10010110 | parity_out = 0
Time = 7360 | serial_in = 1 | Internal stream_in = 10010110 | parity_out = 0
Time = 7365 | serial_in = 1 | Internal stream_in = 00101101 | parity_out = 0
Time = 7375 | serial_in = 1 | Internal stream_in = 01011011 | parity_out = 1
Time = 7380 | serial_in = 0 | Internal stream_in = 01011011 | parity_out = 1
Time = 7385 | serial_in = 0 | Internal stream_in = 10110110 | parity_out = 1
Time = 7390 | serial_in = 1 | Internal stream_in = 10110110 | parity_out = 1
Time = 7395 | serial_in = 1 | Internal stream_in = 01101101 | parity_out = 1
Time = 7400 | serial_in = 0 | Internal stream_in = 01101101 | parity_out = 1
Time = 7405 | serial_in = 0 | Internal stream_in = 11011010 | parity_out = 1
Time = 7410 | serial_in = 1 | Internal stream_in = 11011010 | parity_out = 1
Time = 7415 | serial_in = 1 | Internal stream_in = 10110101 | parity_out = 1
Time = 7425 | serial_in = 1 | Internal stream_in = 01101011 | parity_out = 1
Time = 7435 | serial_in = 1 | Internal stream_in = 11010111 | parity_out = 0
Time = 7440 | serial_in = 0 | Internal stream_in = 11010111 | parity_out = 0
Time = 7445 | serial_in = 0 | Internal stream_in = 10101110 | parity_out = 1
Time = 7455 | serial_in = 0 | Internal stream_in = 01011100 | parity_out = 0
Time = 7465 | serial_in = 0 | Internal stream_in = 10111000 | parity_out = 0
Time = 7470 | serial_in = 1 | Internal stream_in = 10111000 | parity_out = 0
Time = 7475 | serial_in = 1 | Internal stream_in = 01110001 | parity_out = 0
Time = 7480 | serial_in = 0 | Internal stream_in = 01110001 | parity_out = 0
Time = 7485 | serial_in = 0 | Internal stream_in = 11100010 | parity_out = 0
Time = 7490 | serial_in = 1 | Internal stream_in = 11100010 | parity_out = 0
Time = 7495 | serial_in = 1 | Internal stream_in = 11000101 | parity_out = 0
Time = 7505 | serial_in = 1 | Internal stream_in = 10001011 | parity_out = 0
Time = 7515 | serial_in = 1 | Internal stream_in = 00010111 | parity_out = 0
Time = 7520 | serial_in = 0 | Internal stream_in = 00010111 | parity_out = 0
Time = 7525 | serial_in = 0 | Internal stream_in = 00101110 | parity_out = 0
Time = 7530 | serial_in = 1 | Internal stream_in = 00101110 | parity_out = 0
Time = 7535 | serial_in = 1 | Internal stream_in = 01011101 | parity_out = 1
Time = 7540 | serial_in = 0 | Internal stream_in = 01011101 | parity_out = 1
Time = 7545 | serial_in = 0 | Internal stream_in = 10111010 | parity_out = 1
Time = 7550 | serial_in = 1 | Internal stream_in = 10111010 | parity_out = 1
Time = 7555 | serial_in = 1 | Internal stream_in = 01110101 | parity_out = 1
Time = 7560 | serial_in = 0 | Internal stream_in = 01110101 | parity_out = 1
Time = 7565 | serial_in = 0 | Internal stream_in = 11101010 | parity_out = 1
Time = 7570 | serial_in = 1 | Internal stream_in = 11101010 | parity_out = 1
Time = 7575 | serial_in = 1 | Internal stream_in = 11010101 | parity_out = 1
Time = 7585 | serial_in = 1 | Internal stream_in = 10101011 | parity_out = 1
Time = 7595 | serial_in = 1 | Internal stream_in = 01010111 | parity_out = 1
Time = 7605 | serial_in = 1 | Internal stream_in = 10101111 | parity_out = 0
Time = 7610 | serial_in = 0 | Internal stream_in = 10101111 | parity_out = 0
Time = 7615 | serial_in = 0 | Internal stream_in = 01011110 | parity_out = 1
Time = 7625 | serial_in = 0 | Internal stream_in = 10111100 | parity_out = 1
Time = 7630 | serial_in = 1 | Internal stream_in = 10111100 | parity_out = 1
Time = 7635 | serial_in = 1 | Internal stream_in = 01111001 | parity_out = 1
Time = 7640 | serial_in = 0 | Internal stream_in = 01111001 | parity_out = 1
Time = 7645 | serial_in = 0 | Internal stream_in = 11110010 | parity_out = 1
Time = 7650 | serial_in = 1 | Internal stream_in = 11110010 | parity_out = 1
Time = 7655 | serial_in = 1 | Internal stream_in = 11100101 | parity_out = 1
Time = 7665 | serial_in = 1 | Internal stream_in = 11001011 | parity_out = 1
Time = 7675 | serial_in = 1 | Internal stream_in = 10010111 | parity_out = 1
Time = 7685 | serial_in = 1 | Internal stream_in = 00101111 | parity_out = 1
Time = 7695 | serial_in = 1 | Internal stream_in = 01011111 | parity_out = 0
Time = 7700 | serial_in = 0 | Internal stream_in = 01011111 | parity_out = 0
Time = 7705 | serial_in = 0 | Internal stream_in = 10111110 | parity_out = 0
Time = 7710 | serial_in = 1 | Internal stream_in = 10111110 | parity_out = 0
Time = 7715 | serial_in = 1 | Internal stream_in = 01111101 | parity_out = 0
Time = 7725 | serial_in = 1 | Internal stream_in = 11111011 | parity_out = 1
Time = 7730 | serial_in = 0 | Internal stream_in = 11111011 | parity_out = 1
Time = 7735 | serial_in = 0 | Internal stream_in = 11110110 | parity_out = 0
Time = 7745 | serial_in = 0 | Internal stream_in = 11101100 | parity_out = 1
Time = 7755 | serial_in = 0 | Internal stream_in = 11011000 | parity_out = 0
Time = 7765 | serial_in = 0 | Internal stream_in = 10110000 | parity_out = 1
Time = 7775 | serial_in = 0 | Internal stream_in = 01100000 | parity_out = 0
Time = 7785 | serial_in = 0 | Internal stream_in = 11000000 | parity_out = 0
Time = 7790 | serial_in = 1 | Internal stream_in = 11000000 | parity_out = 0
Time = 7795 | serial_in = 1 | Internal stream_in = 10000001 | parity_out = 0
Time = 7805 | serial_in = 1 | Internal stream_in = 00000011 | parity_out = 0
Time = 7810 | serial_in = 0 | Internal stream_in = 00000011 | parity_out = 0
Time = 7815 | serial_in = 0 | Internal stream_in = 00000110 | parity_out = 0
Time = 7825 | serial_in = 0 | Internal stream_in = 00001100 | parity_out = 0
Time = 7835 | serial_in = 0 | Internal stream_in = 00011000 | parity_out = 0
Time = 7845 | serial_in = 0 | Internal stream_in = 00110000 | parity_out = 0
Time = 7850 | serial_in = 1 | Internal stream_in = 00110000 | parity_out = 0
Time = 7855 | serial_in = 1 | Internal stream_in = 01100001 | parity_out = 1
Time = 7860 | serial_in = 0 | Internal stream_in = 01100001 | parity_out = 1
Time = 7865 | serial_in = 0 | Internal stream_in = 11000010 | parity_out = 1
Time = 7870 | serial_in = 1 | Internal stream_in = 11000010 | parity_out = 1
Time = 7875 | serial_in = 1 | Internal stream_in = 10000101 | parity_out = 1
Time = 7885 | serial_in = 1 | Internal stream_in = 00001011 | parity_out = 1
Time = 7890 | serial_in = 0 | Internal stream_in = 00001011 | parity_out = 1
Time = 7895 | serial_in = 0 | Internal stream_in = 00010110 | parity_out = 1
Time = 7905 | serial_in = 0 | Internal stream_in = 00101100 | parity_out = 1
Time = 7915 | serial_in = 0 | Internal stream_in = 01011000 | parity_out = 1
Time = 7920 | serial_in = 1 | Internal stream_in = 01011000 | parity_out = 1
Time = 7925 | serial_in = 1 | Internal stream_in = 10110001 | parity_out = 0
Time = 7930 | serial_in = 0 | Internal stream_in = 10110001 | parity_out = 0
Time = 7935 | serial_in = 0 | Internal stream_in = 01100010 | parity_out = 1
Time = 7945 | serial_in = 0 | Internal stream_in = 11000100 | parity_out = 1
Time = 7950 | serial_in = 1 | Internal stream_in = 11000100 | parity_out = 1
Time = 7955 | serial_in = 1 | Internal stream_in = 10001001 | parity_out = 1
Time = 7965 | serial_in = 1 | Internal stream_in = 00010011 | parity_out = 1
Time = 7970 | serial_in = 0 | Internal stream_in = 00010011 | parity_out = 1
Time = 7975 | serial_in = 0 | Internal stream_in = 00100110 | parity_out = 1
Time = 7985 | serial_in = 0 | Internal stream_in = 01001100 | parity_out = 1
Time = 7995 | serial_in = 0 | Internal stream_in = 10011000 | parity_out = 1
Time = 8000 | serial_in = 1 | Internal stream_in = 10011000 | parity_out = 1
Time = 8005 | serial_in = 1 | Internal stream_in = 00110001 | parity_out = 1
Time = 8015 | serial_in = 1 | Internal stream_in = 01100011 | parity_out = 0
Time = 8020 | serial_in = 0 | Internal stream_in = 01100011 | parity_out = 0
Time = 8025 | serial_in = 0 | Internal stream_in = 11000110 | parity_out = 0
Time = 8030 | serial_in = 1 | Internal stream_in = 11000110 | parity_out = 0
Time = 8035 | serial_in = 1 | Internal stream_in = 10001101 | parity_out = 0
Time = 8045 | serial_in = 1 | Internal stream_in = 00011011 | parity_out = 0
Time = 8050 | serial_in = 0 | Internal stream_in = 00011011 | parity_out = 0
Time = 8055 | serial_in = 0 | Internal stream_in = 00110110 | parity_out = 0
Time = 8065 | serial_in = 0 | Internal stream_in = 01101100 | parity_out = 0
Time = 8070 | serial_in = 1 | Internal stream_in = 01101100 | parity_out = 0
Time = 8075 | serial_in = 1 | Internal stream_in = 11011001 | parity_out = 1
Time = 8080 | serial_in = 0 | Internal stream_in = 11011001 | parity_out = 1
Time = 8085 | serial_in = 0 | Internal stream_in = 10110010 | parity_out = 0
Time = 8095 | serial_in = 0 | Internal stream_in = 01100100 | parity_out = 1
Time = 8105 | serial_in = 0 | Internal stream_in = 11001000 | parity_out = 1
Time = 8110 | serial_in = 1 | Internal stream_in = 11001000 | parity_out = 1
Time = 8115 | serial_in = 1 | Internal stream_in = 10010001 | parity_out = 1
Time = 8125 | serial_in = 1 | Internal stream_in = 00100011 | parity_out = 1
Time = 8130 | serial_in = 0 | Internal stream_in = 00100011 | parity_out = 1
Time = 8135 | serial_in = 0 | Internal stream_in = 01000110 | parity_out = 1
Time = 8145 | serial_in = 0 | Internal stream_in = 10001100 | parity_out = 1
Time = 8150 | serial_in = 1 | Internal stream_in = 10001100 | parity_out = 1
Time = 8155 | serial_in = 1 | Internal stream_in = 00011001 | parity_out = 1
Time = 8160 | serial_in = 0 | Internal stream_in = 00011001 | parity_out = 1
Time = 8165 | serial_in = 0 | Internal stream_in = 00110010 | parity_out = 1
Time = 8170 | serial_in = 1 | Internal stream_in = 00110010 | parity_out = 1
Time = 8175 | serial_in = 1 | Internal stream_in = 01100101 | parity_out = 0
Time = 8180 | serial_in = 0 | Internal stream_in = 01100101 | parity_out = 0
Time = 8185 | serial_in = 0 | Internal stream_in = 11001010 | parity_out = 0
Time = 8190 | serial_in = 1 | Internal stream_in = 11001010 | parity_out = 0
Time = 8195 | serial_in = 1 | Internal stream_in = 10010101 | parity_out = 0
Time = 8205 | serial_in = 1 | Internal stream_in = 00101011 | parity_out = 0
Time = 8210 | serial_in = 0 | Internal stream_in = 00101011 | parity_out = 0
Time = 8215 | serial_in = 0 | Internal stream_in = 01010110 | parity_out = 0
Time = 8225 | serial_in = 0 | Internal stream_in = 10101100 | parity_out = 0
Time = 8230 | serial_in = 1 | Internal stream_in = 10101100 | parity_out = 0
Time = 8235 | serial_in = 1 | Internal stream_in = 01011001 | parity_out = 0
Time = 8245 | serial_in = 1 | Internal stream_in = 10110011 | parity_out = 1
Time = 8250 | serial_in = 0 | Internal stream_in = 10110011 | parity_out = 1
Time = 8255 | serial_in = 0 | Internal stream_in = 01100110 | parity_out = 0
Time = 8265 | serial_in = 0 | Internal stream_in = 11001100 | parity_out = 0
Time = 8270 | serial_in = 1 | Internal stream_in = 11001100 | parity_out = 0
Time = 8275 | serial_in = 1 | Internal stream_in = 10011001 | parity_out = 0
Time = 8285 | serial_in = 1 | Internal stream_in = 00110011 | parity_out = 0
Time = 8290 | serial_in = 0 | Internal stream_in = 00110011 | parity_out = 0
Time = 8295 | serial_in = 0 | Internal stream_in = 01100110 | parity_out = 0
Time = 8305 | serial_in = 0 | Internal stream_in = 11001100 | parity_out = 0
Time = 8310 | serial_in = 1 | Internal stream_in = 11001100 | parity_out = 0
Time = 8315 | serial_in = 1 | Internal stream_in = 10011001 | parity_out = 0
Time = 8325 | serial_in = 1 | Internal stream_in = 00110011 | parity_out = 0
Time = 8335 | serial_in = 1 | Internal stream_in = 01100111 | parity_out = 1
Time = 8340 | serial_in = 0 | Internal stream_in = 01100111 | parity_out = 1
Time = 8345 | serial_in = 0 | Internal stream_in = 11001110 | parity_out = 1
Time = 8350 | serial_in = 1 | Internal stream_in = 11001110 | parity_out = 1
Time = 8355 | serial_in = 1 | Internal stream_in = 10011101 | parity_out = 1
Time = 8365 | serial_in = 1 | Internal stream_in = 00111011 | parity_out = 1
Time = 8370 | serial_in = 0 | Internal stream_in = 00111011 | parity_out = 1
Time = 8375 | serial_in = 0 | Internal stream_in = 01110110 | parity_out = 1
Time = 8380 | serial_in = 1 | Internal stream_in = 01110110 | parity_out = 1
Time = 8385 | serial_in = 1 | Internal stream_in = 11101101 | parity_out = 0
Time = 8390 | serial_in = 0 | Internal stream_in = 11101101 | parity_out = 0
Time = 8395 | serial_in = 0 | Internal stream_in = 11011010 | parity_out = 1
Time = 8405 | serial_in = 0 | Internal stream_in = 10110100 | parity_out = 0
Time = 8415 | serial_in = 0 | Internal stream_in = 01101000 | parity_out = 1
Time = 8425 | serial_in = 0 | Internal stream_in = 11010000 | parity_out = 1
Time = 8430 | serial_in = 1 | Internal stream_in = 11010000 | parity_out = 1
Time = 8435 | serial_in = 1 | Internal stream_in = 10100001 | parity_out = 1
Time = 8445 | serial_in = 1 | Internal stream_in = 01000011 | parity_out = 1
Time = 8450 | serial_in = 0 | Internal stream_in = 01000011 | parity_out = 1
Time = 8455 | serial_in = 0 | Internal stream_in = 10000110 | parity_out = 1
Time = 8460 | serial_in = 1 | Internal stream_in = 10000110 | parity_out = 1
Time = 8465 | serial_in = 1 | Internal stream_in = 00001101 | parity_out = 1
Time = 8470 | serial_in = 0 | Internal stream_in = 00001101 | parity_out = 1
Time = 8475 | serial_in = 0 | Internal stream_in = 00011010 | parity_out = 1
Time = 8485 | serial_in = 0 | Internal stream_in = 00110100 | parity_out = 1
Time = 8490 | serial_in = 1 | Internal stream_in = 00110100 | parity_out = 1
Time = 8495 | serial_in = 1 | Internal stream_in = 01101001 | parity_out = 0
Time = 8500 | serial_in = 0 | Internal stream_in = 01101001 | parity_out = 0
Time = 8505 | serial_in = 0 | Internal stream_in = 11010010 | parity_out = 0
Time = 8510 | serial_in = 1 | Internal stream_in = 11010010 | parity_out = 0
Time = 8515 | serial_in = 1 | Internal stream_in = 10100101 | parity_out = 0
Time = 8525 | serial_in = 1 | Internal stream_in = 01001011 | parity_out = 0
Time = 8530 | serial_in = 0 | Internal stream_in = 01001011 | parity_out = 0
Time = 8535 | serial_in = 0 | Internal stream_in = 10010110 | parity_out = 0
Time = 8540 | serial_in = 1 | Internal stream_in = 10010110 | parity_out = 0
Time = 8545 | serial_in = 1 | Internal stream_in = 00101101 | parity_out = 0
Time = 8550 | serial_in = 0 | Internal stream_in = 00101101 | parity_out = 0
Time = 8555 | serial_in = 0 | Internal stream_in = 01011010 | parity_out = 0
Time = 8560 | serial_in = 1 | Internal stream_in = 01011010 | parity_out = 0
Time = 8565 | serial_in = 1 | Internal stream_in = 10110101 | parity_out = 1
Time = 8570 | serial_in = 0 | Internal stream_in = 10110101 | parity_out = 1
Time = 8575 | serial_in = 0 | Internal stream_in = 01101010 | parity_out = 0
Time = 8585 | serial_in = 0 | Internal stream_in = 11010100 | parity_out = 0
Time = 8590 | serial_in = 1 | Internal stream_in = 11010100 | parity_out = 0
Time = 8595 | serial_in = 1 | Internal stream_in = 10101001 | parity_out = 0
Time = 8605 | serial_in = 1 | Internal stream_in = 01010011 | parity_out = 0
Time = 8610 | serial_in = 0 | Internal stream_in = 01010011 | parity_out = 0
Time = 8615 | serial_in = 0 | Internal stream_in = 10100110 | parity_out = 0
Time = 8620 | serial_in = 1 | Internal stream_in = 10100110 | parity_out = 0
Time = 8625 | serial_in = 1 | Internal stream_in = 01001101 | parity_out = 0
Time = 8630 | serial_in = 0 | Internal stream_in = 01001101 | parity_out = 0
Time = 8635 | serial_in = 0 | Internal stream_in = 10011010 | parity_out = 0
Time = 8640 | serial_in = 1 | Internal stream_in = 10011010 | parity_out = 0
Time = 8645 | serial_in = 1 | Internal stream_in = 00110101 | parity_out = 0
Time = 8655 | serial_in = 1 | Internal stream_in = 01101011 | parity_out = 1
Time = 8660 | serial_in = 0 | Internal stream_in = 01101011 | parity_out = 1
Time = 8665 | serial_in = 0 | Internal stream_in = 11010110 | parity_out = 1
Time = 8670 | serial_in = 1 | Internal stream_in = 11010110 | parity_out = 1
Time = 8675 | serial_in = 1 | Internal stream_in = 10101101 | parity_out = 1
Time = 8685 | serial_in = 1 | Internal stream_in = 01011011 | parity_out = 1
Time = 8690 | serial_in = 0 | Internal stream_in = 01011011 | parity_out = 1
Time = 8695 | serial_in = 0 | Internal stream_in = 10110110 | parity_out = 1
Time = 8700 | serial_in = 1 | Internal stream_in = 10110110 | parity_out = 1
Time = 8705 | serial_in = 1 | Internal stream_in = 01101101 | parity_out = 1
Time = 8715 | serial_in = 1 | Internal stream_in = 11011011 | parity_out = 0
Time = 8720 | serial_in = 0 | Internal stream_in = 11011011 | parity_out = 0
Time = 8725 | serial_in = 0 | Internal stream_in = 10110110 | parity_out = 1
Time = 8735 | serial_in = 0 | Internal stream_in = 01101100 | parity_out = 0
Time = 8745 | serial_in = 0 | Internal stream_in = 11011000 | parity_out = 0
Time = 8750 | serial_in = 1 | Internal stream_in = 11011000 | parity_out = 0
Time = 8755 | serial_in = 1 | Internal stream_in = 10110001 | parity_out = 0
Time = 8765 | serial_in = 1 | Internal stream_in = 01100011 | parity_out = 0
Time = 8770 | serial_in = 0 | Internal stream_in = 01100011 | parity_out = 0
Time = 8775 | serial_in = 0 | Internal stream_in = 11000110 | parity_out = 0
Time = 8780 | serial_in = 1 | Internal stream_in = 11000110 | parity_out = 0
Time = 8785 | serial_in = 1 | Internal stream_in = 10001101 | parity_out = 0
Time = 8795 | serial_in = 1 | Internal stream_in = 00011011 | parity_out = 0
Time = 8800 | serial_in = 0 | Internal stream_in = 00011011 | parity_out = 0
Time = 8805 | serial_in = 0 | Internal stream_in = 00110110 | parity_out = 0
Time = 8810 | serial_in = 1 | Internal stream_in = 00110110 | parity_out = 0
Time = 8815 | serial_in = 1 | Internal stream_in = 01101101 | parity_out = 1
Time = 8820 | serial_in = 0 | Internal stream_in = 01101101 | parity_out = 1
Time = 8825 | serial_in = 0 | Internal stream_in = 11011010 | parity_out = 1
Time = 8830 | serial_in = 1 | Internal stream_in = 11011010 | parity_out = 1
Time = 8835 | serial_in = 1 | Internal stream_in = 10110101 | parity_out = 1
Time = 8845 | serial_in = 1 | Internal stream_in = 01101011 | parity_out = 1
Time = 8850 | serial_in = 0 | Internal stream_in = 01101011 | parity_out = 1
Time = 8855 | serial_in = 0 | Internal stream_in = 11010110 | parity_out = 1
Time = 8860 | serial_in = 1 | Internal stream_in = 11010110 | parity_out = 1
Time = 8865 | serial_in = 1 | Internal stream_in = 10101101 | parity_out = 1
Time = 8875 | serial_in = 1 | Internal stream_in = 01011011 | parity_out = 1
Time = 8885 | serial_in = 1 | Internal stream_in = 10110111 | parity_out = 0
Time = 8890 | serial_in = 0 | Internal stream_in = 10110111 | parity_out = 0
Time = 8895 | serial_in = 0 | Internal stream_in = 01101110 | parity_out = 1
Time = 8905 | serial_in = 0 | Internal stream_in = 11011100 | parity_out = 1
Time = 8910 | serial_in = 1 | Internal stream_in = 11011100 | parity_out = 1
Time = 8915 | serial_in = 1 | Internal stream_in = 10111001 | parity_out = 1
Time = 8925 | serial_in = 1 | Internal stream_in = 01110011 | parity_out = 1
Time = 8930 | serial_in = 0 | Internal stream_in = 01110011 | parity_out = 1
Time = 8935 | serial_in = 0 | Internal stream_in = 11100110 | parity_out = 1
Time = 8940 | serial_in = 1 | Internal stream_in = 11100110 | parity_out = 1
Time = 8945 | serial_in = 1 | Internal stream_in = 11001101 | parity_out = 1
Time = 8955 | serial_in = 1 | Internal stream_in = 10011011 | parity_out = 1
Time = 8965 | serial_in = 1 | Internal stream_in = 00110111 | parity_out = 1
Time = 8975 | serial_in = 1 | Internal stream_in = 01101111 | parity_out = 0
Time = 8980 | serial_in = 0 | Internal stream_in = 01101111 | parity_out = 0
Time = 8985 | serial_in = 0 | Internal stream_in = 11011110 | parity_out = 0
Time = 8990 | serial_in = 1 | Internal stream_in = 11011110 | parity_out = 0
Time = 8995 | serial_in = 1 | Internal stream_in = 10111101 | parity_out = 0
Time = 9005 | serial_in = 1 | Internal stream_in = 01111011 | parity_out = 0
Time = 9015 | serial_in = 1 | Internal stream_in = 11110111 | parity_out = 1
Time = 9020 | serial_in = 0 | Internal stream_in = 11110111 | parity_out = 1
Time = 9025 | serial_in = 0 | Internal stream_in = 11101110 | parity_out = 0
Time = 9035 | serial_in = 0 | Internal stream_in = 11011100 | parity_out = 1
Time = 9045 | serial_in = 0 | Internal stream_in = 10111000 | parity_out = 0
Time = 9055 | serial_in = 0 | Internal stream_in = 01110000 | parity_out = 1
Time = 9065 | serial_in = 0 | Internal stream_in = 11100000 | parity_out = 1
Time = 9070 | serial_in = 1 | Internal stream_in = 11100000 | parity_out = 1
Time = 9075 | serial_in = 1 | Internal stream_in = 11000001 | parity_out = 1
Time = 9085 | serial_in = 1 | Internal stream_in = 10000011 | parity_out = 1
Time = 9095 | serial_in = 1 | Internal stream_in = 00000111 | parity_out = 1
Time = 9100 | serial_in = 0 | Internal stream_in = 00000111 | parity_out = 1
Time = 9105 | serial_in = 0 | Internal stream_in = 00001110 | parity_out = 1
Time = 9115 | serial_in = 0 | Internal stream_in = 00011100 | parity_out = 1
Time = 9125 | serial_in = 0 | Internal stream_in = 00111000 | parity_out = 1
Time = 9130 | serial_in = 1 | Internal stream_in = 00111000 | parity_out = 1
Time = 9135 | serial_in = 1 | Internal stream_in = 01110001 | parity_out = 0
Time = 9140 | serial_in = 0 | Internal stream_in = 01110001 | parity_out = 0
Time = 9145 | serial_in = 0 | Internal stream_in = 11100010 | parity_out = 0
Time = 9150 | serial_in = 1 | Internal stream_in = 11100010 | parity_out = 0
Time = 9155 | serial_in = 1 | Internal stream_in = 11000101 | parity_out = 0
Time = 9165 | serial_in = 1 | Internal stream_in = 10001011 | parity_out = 0
Time = 9175 | serial_in = 1 | Internal stream_in = 00010111 | parity_out = 0
Time = 9180 | serial_in = 0 | Internal stream_in = 00010111 | parity_out = 0
Time = 9185 | serial_in = 0 | Internal stream_in = 00101110 | parity_out = 0
Time = 9195 | serial_in = 0 | Internal stream_in = 01011100 | parity_out = 0
Time = 9200 | serial_in = 1 | Internal stream_in = 01011100 | parity_out = 0
Time = 9205 | serial_in = 1 | Internal stream_in = 10111001 | parity_out = 1
Time = 9210 | serial_in = 0 | Internal stream_in = 10111001 | parity_out = 1
Time = 9215 | serial_in = 0 | Internal stream_in = 01110010 | parity_out = 0
Time = 9225 | serial_in = 0 | Internal stream_in = 11100100 | parity_out = 0
Time = 9230 | serial_in = 1 | Internal stream_in = 11100100 | parity_out = 0
Time = 9235 | serial_in = 1 | Internal stream_in = 11001001 | parity_out = 0
Time = 9245 | serial_in = 1 | Internal stream_in = 10010011 | parity_out = 0
Time = 9255 | serial_in = 1 | Internal stream_in = 00100111 | parity_out = 0
Time = 9260 | serial_in = 0 | Internal stream_in = 00100111 | parity_out = 0
Time = 9265 | serial_in = 0 | Internal stream_in = 01001110 | parity_out = 0
Time = 9275 | serial_in = 0 | Internal stream_in = 10011100 | parity_out = 0
Time = 9280 | serial_in = 1 | Internal stream_in = 10011100 | parity_out = 0
Time = 9285 | serial_in = 1 | Internal stream_in = 00111001 | parity_out = 0
Time = 9295 | serial_in = 1 | Internal stream_in = 01110011 | parity_out = 1
Time = 9300 | serial_in = 0 | Internal stream_in = 01110011 | parity_out = 1
Time = 9305 | serial_in = 0 | Internal stream_in = 11100110 | parity_out = 1
Time = 9310 | serial_in = 1 | Internal stream_in = 11100110 | parity_out = 1
Time = 9315 | serial_in = 1 | Internal stream_in = 11001101 | parity_out = 1
Time = 9325 | serial_in = 1 | Internal stream_in = 10011011 | parity_out = 1
Time = 9335 | serial_in = 1 | Internal stream_in = 00110111 | parity_out = 1
Time = 9340 | serial_in = 0 | Internal stream_in = 00110111 | parity_out = 1
Time = 9345 | serial_in = 0 | Internal stream_in = 01101110 | parity_out = 1
Time = 9350 | serial_in = 1 | Internal stream_in = 01101110 | parity_out = 1
Time = 9355 | serial_in = 1 | Internal stream_in = 11011101 | parity_out = 0
Time = 9360 | serial_in = 0 | Internal stream_in = 11011101 | parity_out = 0
Time = 9365 | serial_in = 0 | Internal stream_in = 10111010 | parity_out = 1
Time = 9375 | serial_in = 0 | Internal stream_in = 01110100 | parity_out = 0
Time = 9385 | serial_in = 0 | Internal stream_in = 11101000 | parity_out = 0
Time = 9390 | serial_in = 1 | Internal stream_in = 11101000 | parity_out = 0
Time = 9395 | serial_in = 1 | Internal stream_in = 11010001 | parity_out = 0
Time = 9405 | serial_in = 1 | Internal stream_in = 10100011 | parity_out = 0
Time = 9415 | serial_in = 1 | Internal stream_in = 01000111 | parity_out = 0
Time = 9420 | serial_in = 0 | Internal stream_in = 01000111 | parity_out = 0
Time = 9425 | serial_in = 0 | Internal stream_in = 10001110 | parity_out = 0
Time = 9430 | serial_in = 1 | Internal stream_in = 10001110 | parity_out = 0
Time = 9435 | serial_in = 1 | Internal stream_in = 00011101 | parity_out = 0
Time = 9440 | serial_in = 0 | Internal stream_in = 00011101 | parity_out = 0
Time = 9445 | serial_in = 0 | Internal stream_in = 00111010 | parity_out = 0
Time = 9450 | serial_in = 1 | Internal stream_in = 00111010 | parity_out = 0
Time = 9455 | serial_in = 1 | Internal stream_in = 01110101 | parity_out = 1
Time = 9460 | serial_in = 0 | Internal stream_in = 01110101 | parity_out = 1
Time = 9465 | serial_in = 0 | Internal stream_in = 11101010 | parity_out = 1
Time = 9470 | serial_in = 1 | Internal stream_in = 11101010 | parity_out = 1
Time = 9475 | serial_in = 1 | Internal stream_in = 11010101 | parity_out = 1
Time = 9485 | serial_in = 1 | Internal stream_in = 10101011 | parity_out = 1
Time = 9495 | serial_in = 1 | Internal stream_in = 01010111 | parity_out = 1
Time = 9500 | serial_in = 0 | Internal stream_in = 01010111 | parity_out = 1
Time = 9505 | serial_in = 0 | Internal stream_in = 10101110 | parity_out = 1
Time = 9510 | serial_in = 1 | Internal stream_in = 10101110 | parity_out = 1
Time = 9515 | serial_in = 1 | Internal stream_in = 01011101 | parity_out = 1
Time = 9525 | serial_in = 1 | Internal stream_in = 10111011 | parity_out = 0
Time = 9530 | serial_in = 0 | Internal stream_in = 10111011 | parity_out = 0
Time = 9535 | serial_in = 0 | Internal stream_in = 01110110 | parity_out = 1
Time = 9545 | serial_in = 0 | Internal stream_in = 11101100 | parity_out = 1
Time = 9550 | serial_in = 1 | Internal stream_in = 11101100 | parity_out = 1
Time = 9555 | serial_in = 1 | Internal stream_in = 11011001 | parity_out = 1
Time = 9565 | serial_in = 1 | Internal stream_in = 10110011 | parity_out = 1
Time = 9575 | serial_in = 1 | Internal stream_in = 01100111 | parity_out = 1
Time = 9580 | serial_in = 0 | Internal stream_in = 01100111 | parity_out = 1
Time = 9585 | serial_in = 0 | Internal stream_in = 11001110 | parity_out = 1
Time = 9590 | serial_in = 1 | Internal stream_in = 11001110 | parity_out = 1
Time = 9595 | serial_in = 1 | Internal stream_in = 10011101 | parity_out = 1
Time = 9605 | serial_in = 1 | Internal stream_in = 00111011 | parity_out = 1
Time = 9615 | serial_in = 1 | Internal stream_in = 01110111 | parity_out = 0
Time = 9620 | serial_in = 0 | Internal stream_in = 01110111 | parity_out = 0
Time = 9625 | serial_in = 0 | Internal stream_in = 11101110 | parity_out = 0
Time = 9630 | serial_in = 1 | Internal stream_in = 11101110 | parity_out = 0
Time = 9635 | serial_in = 1 | Internal stream_in = 11011101 | parity_out = 0
Time = 9645 | serial_in = 1 | Internal stream_in = 10111011 | parity_out = 0
Time = 9655 | serial_in = 1 | Internal stream_in = 01110111 | parity_out = 0
Time = 9665 | serial_in = 1 | Internal stream_in = 11101111 | parity_out = 1
Time = 9670 | serial_in = 0 | Internal stream_in = 11101111 | parity_out = 1
Time = 9675 | serial_in = 0 | Internal stream_in = 11011110 | parity_out = 0
Time = 9685 | serial_in = 0 | Internal stream_in = 10111100 | parity_out = 1
Time = 9695 | serial_in = 0 | Internal stream_in = 01111000 | parity_out = 0
Time = 9705 | serial_in = 0 | Internal stream_in = 11110000 | parity_out = 0
Time = 9710 | serial_in = 1 | Internal stream_in = 11110000 | parity_out = 0
Time = 9715 | serial_in = 1 | Internal stream_in = 11100001 | parity_out = 0
Time = 9725 | serial_in = 1 | Internal stream_in = 11000011 | parity_out = 0
Time = 9735 | serial_in = 1 | Internal stream_in = 10000111 | parity_out = 0
Time = 9745 | serial_in = 1 | Internal stream_in = 00001111 | parity_out = 0
Time = 9750 | serial_in = 0 | Internal stream_in = 00001111 | parity_out = 0
Time = 9755 | serial_in = 0 | Internal stream_in = 00011110 | parity_out = 0
Time = 9765 | serial_in = 0 | Internal stream_in = 00111100 | parity_out = 0
Time = 9770 | serial_in = 1 | Internal stream_in = 00111100 | parity_out = 0
Time = 9775 | serial_in = 1 | Internal stream_in = 01111001 | parity_out = 1
Time = 9780 | serial_in = 0 | Internal stream_in = 01111001 | parity_out = 1
Time = 9785 | serial_in = 0 | Internal stream_in = 11110010 | parity_out = 1
Time = 9790 | serial_in = 1 | Internal stream_in = 11110010 | parity_out = 1
Time = 9795 | serial_in = 1 | Internal stream_in = 11100101 | parity_out = 1
Time = 9805 | serial_in = 1 | Internal stream_in = 11001011 | parity_out = 1
Time = 9815 | serial_in = 1 | Internal stream_in = 10010111 | parity_out = 1
Time = 9825 | serial_in = 1 | Internal stream_in = 00101111 | parity_out = 1
Time = 9830 | serial_in = 0 | Internal stream_in = 00101111 | parity_out = 1
Time = 9835 | serial_in = 0 | Internal stream_in = 01011110 | parity_out = 1
Time = 9840 | serial_in = 1 | Internal stream_in = 01011110 | parity_out = 1
Time = 9845 | serial_in = 1 | Internal stream_in = 10111101 | parity_out = 0
Time = 9850 | serial_in = 0 | Internal stream_in = 10111101 | parity_out = 0
Time = 9855 | serial_in = 0 | Internal stream_in = 01111010 | parity_out = 1
Time = 9865 | serial_in = 0 | Internal stream_in = 11110100 | parity_out = 1
Time = 9870 | serial_in = 1 | Internal stream_in = 11110100 | parity_out = 1
Time = 9875 | serial_in = 1 | Internal stream_in = 11101001 | parity_out = 1
Time = 9885 | serial_in = 1 | Internal stream_in = 11010011 | parity_out = 1
Time = 9895 | serial_in = 1 | Internal stream_in = 10100111 | parity_out = 1
Time = 9905 | serial_in = 1 | Internal stream_in = 01001111 | parity_out = 1
Time = 9910 | serial_in = 0 | Internal stream_in = 01001111 | parity_out = 1
Time = 9915 | serial_in = 0 | Internal stream_in = 10011110 | parity_out = 1
Time = 9920 | serial_in = 1 | Internal stream_in = 10011110 | parity_out = 1
Time = 9925 | serial_in = 1 | Internal stream_in = 00111101 | parity_out = 1
Time = 9935 | serial_in = 1 | Internal stream_in = 01111011 | parity_out = 0
Time = 9940 | serial_in = 0 | Internal stream_in = 01111011 | parity_out = 0
Time = 9945 | serial_in = 0 | Internal stream_in = 11110110 | parity_out = 0
Time = 9950 | serial_in = 1 | Internal stream_in = 11110110 | parity_out = 0
Time = 9955 | serial_in = 1 | Internal stream_in = 11101101 | parity_out = 0
Time = 9965 | serial_in = 1 | Internal stream_in = 11011011 | parity_out = 0
Time = 9975 | serial_in = 1 | Internal stream_in = 10110111 | parity_out = 0
Time = 9985 | serial_in = 1 | Internal stream_in = 01101111 | parity_out = 0
Time = 9995 | serial_in = 1 | Internal stream_in = 11011111 | parity_out = 1
Time = 10000 | serial_in = 0 | Internal stream_in = 11011111 | parity_out = 1
Time = 10005 | serial_in = 0 | Internal stream_in = 10111110 | parity_out = 0
Time = 10015 | serial_in = 0 | Internal stream_in = 01111100 | parity_out = 1
Time = 10025 | serial_in = 0 | Internal stream_in = 11111000 | parity_out = 1
Time = 10030 | serial_in = 1 | Internal stream_in = 11111000 | parity_out = 1
Time = 10035 | serial_in = 1 | Internal stream_in = 11110001 | parity_out = 1
Time = 10045 | serial_in = 1 | Internal stream_in = 11100011 | parity_out = 1
Time = 10055 | serial_in = 1 | Internal stream_in = 11000111 | parity_out = 1
Time = 10065 | serial_in = 1 | Internal stream_in = 10001111 | parity_out = 1
Time = 10075 | serial_in = 1 | Internal stream_in = 00011111 | parity_out = 1
Time = 10080 | serial_in = 0 | Internal stream_in = 00011111 | parity_out = 1
Time = 10085 | serial_in = 0 | Internal stream_in = 00111110 | parity_out = 1
Time = 10090 | serial_in = 1 | Internal stream_in = 00111110 | parity_out = 1
Time = 10095 | serial_in = 1 | Internal stream_in = 01111101 | parity_out = 0
Time = 10100 | serial_in = 0 | Internal stream_in = 01111101 | parity_out = 0
Time = 10105 | serial_in = 0 | Internal stream_in = 11111010 | parity_out = 0
Time = 10110 | serial_in = 1 | Internal stream_in = 11111010 | parity_out = 0
Time = 10115 | serial_in = 1 | Internal stream_in = 11110101 | parity_out = 0
Time = 10125 | serial_in = 1 | Internal stream_in = 11101011 | parity_out = 0
Time = 10135 | serial_in = 1 | Internal stream_in = 11010111 | parity_out = 0
Time = 10145 | serial_in = 1 | Internal stream_in = 10101111 | parity_out = 0
Time = 10155 | serial_in = 1 | Internal stream_in = 01011111 | parity_out = 0
Time = 10165 | serial_in = 1 | Internal stream_in = 10111111 | parity_out = 1
Time = 10170 | serial_in = 0 | Internal stream_in = 10111111 | parity_out = 1
Time = 10175 | serial_in = 0 | Internal stream_in = 01111110 | parity_out = 0
Time = 10185 | serial_in = 0 | Internal stream_in = 11111100 | parity_out = 0
Time = 10190 | serial_in = 1 | Internal stream_in = 11111100 | parity_out = 0
Time = 10195 | serial_in = 1 | Internal stream_in = 11111001 | parity_out = 0
Time = 10205 | serial_in = 1 | Internal stream_in = 11110011 | parity_out = 0
Time = 10215 | serial_in = 1 | Internal stream_in = 11100111 | parity_out = 0
Time = 10225 | serial_in = 1 | Internal stream_in = 11001111 | parity_out = 0
Time = 10235 | serial_in = 1 | Internal stream_in = 10011111 | parity_out = 0
Time = 10245 | serial_in = 1 | Internal stream_in = 00111111 | parity_out = 0
Time = 10255 | serial_in = 1 | Internal stream_in = 01111111 | parity_out = 1
Time = 10265 | serial_in = 1 | Internal stream_in = 11111111 | parity_out = 0
Time = 10270 | serial_in = 0 | Internal stream_in = 11111111 | parity_out = 0
Time = 10275 | serial_in = 0 | Internal stream_in = 11111110 | parity_out = 1
Time = 10285 | serial_in = 0 | Internal stream_in = 11111100 | parity_out = 0
Time = 10295 | serial_in = 0 | Internal stream_in = 11111000 | parity_out = 1
Time = 10305 | serial_in = 0 | Internal stream_in = 11110000 | parity_out = 0
Time = 10315 | serial_in = 0 | Internal stream_in = 11100000 | parity_out = 1
Time = 10325 | serial_in = 0 | Internal stream_in = 11000000 | parity_out = 0
Time = 10335 | serial_in = 0 | Internal stream_in = 10000000 | parity_out = 1
Time = 10340 | serial_in = 1 | Internal stream_in = 10000000 | parity_out = 1
Time = 10345 | serial_in = 1 | Internal stream_in = 00000001 | parity_out = 1
Time = 10350 | serial_in = 0 | Internal stream_in = 00000001 | parity_out = 1
Time = 10355 | serial_in = 0 | Internal stream_in = 00000010 | parity_out = 1
Time = 10365 | serial_in = 0 | Internal stream_in = 00000100 | parity_out = 1
Time = 10375 | serial_in = 0 | Internal stream_in = 00001000 | parity_out = 1
Time = 10385 | serial_in = 0 | Internal stream_in = 00010000 | parity_out = 1
Time = 10395 | serial_in = 0 | Internal stream_in = 00100000 | parity_out = 1
Time = 10405 | serial_in = 0 | Internal stream_in = 01000000 | parity_out = 1
Time = 10410 | serial_in = 1 | Internal stream_in = 01000000 | parity_out = 1
Time = 10415 | serial_in = 1 | Internal stream_in = 10000001 | parity_out = 0
Time = 10425 | serial_in = 1 | Internal stream_in = 00000011 | parity_out = 0
Time = 10430 | serial_in = 0 | Internal stream_in = 00000011 | parity_out = 0
Time = 10435 | serial_in = 0 | Internal stream_in = 00000110 | parity_out = 0
Time = 10445 | serial_in = 0 | Internal stream_in = 00001100 | parity_out = 0
Time = 10455 | serial_in = 0 | Internal stream_in = 00011000 | parity_out = 0
Time = 10465 | serial_in = 0 | Internal stream_in = 00110000 | parity_out = 0
Time = 10475 | serial_in = 0 | Internal stream_in = 01100000 | parity_out = 0
Time = 10480 | serial_in = 1 | Internal stream_in = 01100000 | parity_out = 0
Time = 10485 | serial_in = 1 | Internal stream_in = 11000001 | parity_out = 1
Time = 10490 | serial_in = 0 | Internal stream_in = 11000001 | parity_out = 1
Time = 10495 | serial_in = 0 | Internal stream_in = 10000010 | parity_out = 0
Time = 10500 | serial_in = 1 | Internal stream_in = 10000010 | parity_out = 0
Time = 10505 | serial_in = 1 | Internal stream_in = 00000101 | parity_out = 0
Time = 10510 | serial_in = 0 | Internal stream_in = 00000101 | parity_out = 0
Time = 10515 | serial_in = 0 | Internal stream_in = 00001010 | parity_out = 0
Time = 10525 | serial_in = 0 | Internal stream_in = 00010100 | parity_out = 0
Time = 10535 | serial_in = 0 | Internal stream_in = 00101000 | parity_out = 0
Time = 10545 | serial_in = 0 | Internal stream_in = 01010000 | parity_out = 0
Time = 10555 | serial_in = 0 | Internal stream_in = 10100000 | parity_out = 0
Time = 10560 | serial_in = 1 | Internal stream_in = 10100000 | parity_out = 0
Time = 10565 | serial_in = 1 | Internal stream_in = 01000001 | parity_out = 0
Time = 10575 | serial_in = 1 | Internal stream_in = 10000011 | parity_out = 1
Time = 10585 | serial_in = 1 | Internal stream_in = 00000111 | parity_out = 1
Time = 10590 | serial_in = 0 | Internal stream_in = 00000111 | parity_out = 1
Time = 10595 | serial_in = 0 | Internal stream_in = 00001110 | parity_out = 1
Time = 10605 | serial_in = 0 | Internal stream_in = 00011100 | parity_out = 1
Time = 10615 | serial_in = 0 | Internal stream_in = 00111000 | parity_out = 1
Time = 10625 | serial_in = 0 | Internal stream_in = 01110000 | parity_out = 1
Time = 10630 | serial_in = 1 | Internal stream_in = 01110000 | parity_out = 1
Time = 10635 | serial_in = 1 | Internal stream_in = 11100001 | parity_out = 0
Time = 10640 | serial_in = 0 | Internal stream_in = 11100001 | parity_out = 0
Time = 10645 | serial_in = 0 | Internal stream_in = 11000010 | parity_out = 1
Time = 10655 | serial_in = 0 | Internal stream_in = 10000100 | parity_out = 0
Time = 10660 | serial_in = 1 | Internal stream_in = 10000100 | parity_out = 0
Time = 10665 | serial_in = 1 | Internal stream_in = 00001001 | parity_out = 0
Time = 10670 | serial_in = 0 | Internal stream_in = 00001001 | parity_out = 0
Time = 10675 | serial_in = 0 | Internal stream_in = 00010010 | parity_out = 0
Time = 10685 | serial_in = 0 | Internal stream_in = 00100100 | parity_out = 0
Time = 10695 | serial_in = 0 | Internal stream_in = 01001000 | parity_out = 0
Time = 10705 | serial_in = 0 | Internal stream_in = 10010000 | parity_out = 0
Time = 10710 | serial_in = 1 | Internal stream_in = 10010000 | parity_out = 0
Time = 10715 | serial_in = 1 | Internal stream_in = 00100001 | parity_out = 0
Time = 10720 | serial_in = 0 | Internal stream_in = 00100001 | parity_out = 0
Time = 10725 | serial_in = 0 | Internal stream_in = 01000010 | parity_out = 0
Time = 10730 | serial_in = 1 | Internal stream_in = 01000010 | parity_out = 0
Time = 10735 | serial_in = 1 | Internal stream_in = 10000101 | parity_out = 1
Time = 10745 | serial_in = 1 | Internal stream_in = 00001011 | parity_out = 1
Time = 10750 | serial_in = 0 | Internal stream_in = 00001011 | parity_out = 1
Time = 10755 | serial_in = 0 | Internal stream_in = 00010110 | parity_out = 1
Time = 10765 | serial_in = 0 | Internal stream_in = 00101100 | parity_out = 1
Time = 10775 | serial_in = 0 | Internal stream_in = 01011000 | parity_out = 1
Time = 10785 | serial_in = 0 | Internal stream_in = 10110000 | parity_out = 1
Time = 10790 | serial_in = 1 | Internal stream_in = 10110000 | parity_out = 1
Time = 10795 | serial_in = 1 | Internal stream_in = 01100001 | parity_out = 1
Time = 10805 | serial_in = 1 | Internal stream_in = 11000011 | parity_out = 0
Time = 10810 | serial_in = 0 | Internal stream_in = 11000011 | parity_out = 0
Time = 10815 | serial_in = 0 | Internal stream_in = 10000110 | parity_out = 1
Time = 10820 | serial_in = 1 | Internal stream_in = 10000110 | parity_out = 1
Time = 10825 | serial_in = 1 | Internal stream_in = 00001101 | parity_out = 1
Time = 10830 | serial_in = 0 | Internal stream_in = 00001101 | parity_out = 1
Time = 10835 | serial_in = 0 | Internal stream_in = 00011010 | parity_out = 1
Time = 10845 | serial_in = 0 | Internal stream_in = 00110100 | parity_out = 1
Time = 10855 | serial_in = 0 | Internal stream_in = 01101000 | parity_out = 1
Time = 10865 | serial_in = 0 | Internal stream_in = 11010000 | parity_out = 1
Time = 10870 | serial_in = 1 | Internal stream_in = 11010000 | parity_out = 1
Time = 10875 | serial_in = 1 | Internal stream_in = 10100001 | parity_out = 1
Time = 10885 | serial_in = 1 | Internal stream_in = 01000011 | parity_out = 1
Time = 10895 | serial_in = 1 | Internal stream_in = 10000111 | parity_out = 0
Time = 10905 | serial_in = 1 | Internal stream_in = 00001111 | parity_out = 0
Time = 10910 | serial_in = 0 | Internal stream_in = 00001111 | parity_out = 0
Time = 10915 | serial_in = 0 | Internal stream_in = 00011110 | parity_out = 0
Time = 10925 | serial_in = 0 | Internal stream_in = 00111100 | parity_out = 0
Time = 10935 | serial_in = 0 | Internal stream_in = 01111000 | parity_out = 0
Time = 10940 | serial_in = 1 | Internal stream_in = 01111000 | parity_out = 0
Time = 10945 | serial_in = 1 | Internal stream_in = 11110001 | parity_out = 1
Time = 10950 | serial_in = 0 | Internal stream_in = 11110001 | parity_out = 1
Time = 10955 | serial_in = 0 | Internal stream_in = 11100010 | parity_out = 0
Time = 10965 | serial_in = 0 | Internal stream_in = 11000100 | parity_out = 1
Time = 10975 | serial_in = 0 | Internal stream_in = 10001000 | parity_out = 0
Time = 10980 | serial_in = 1 | Internal stream_in = 10001000 | parity_out = 0
Time = 10985 | serial_in = 1 | Internal stream_in = 00010001 | parity_out = 0
Time = 10990 | serial_in = 0 | Internal stream_in = 00010001 | parity_out = 0
Time = 10995 | serial_in = 0 | Internal stream_in = 00100010 | parity_out = 0
Time = 11005 | serial_in = 0 | Internal stream_in = 01000100 | parity_out = 0
Time = 11015 | serial_in = 0 | Internal stream_in = 10001000 | parity_out = 0
Time = 11020 | serial_in = 1 | Internal stream_in = 10001000 | parity_out = 0
Time = 11025 | serial_in = 1 | Internal stream_in = 00010001 | parity_out = 0
Time = 11030 | serial_in = 0 | Internal stream_in = 00010001 | parity_out = 0
Time = 11035 | serial_in = 0 | Internal stream_in = 00100010 | parity_out = 0
Time = 11045 | serial_in = 0 | Internal stream_in = 01000100 | parity_out = 0
Time = 11050 | serial_in = 1 | Internal stream_in = 01000100 | parity_out = 0
Time = 11055 | serial_in = 1 | Internal stream_in = 10001001 | parity_out = 1
Time = 11065 | serial_in = 1 | Internal stream_in = 00010011 | parity_out = 1
Time = 11070 | serial_in = 0 | Internal stream_in = 00010011 | parity_out = 1
Time = 11075 | serial_in = 0 | Internal stream_in = 00100110 | parity_out = 1
Time = 11085 | serial_in = 0 | Internal stream_in = 01001100 | parity_out = 1
Time = 11095 | serial_in = 0 | Internal stream_in = 10011000 | parity_out = 1
Time = 11100 | serial_in = 1 | Internal stream_in = 10011000 | parity_out = 1
Time = 11105 | serial_in = 1 | Internal stream_in = 00110001 | parity_out = 1
Time = 11110 | serial_in = 0 | Internal stream_in = 00110001 | parity_out = 1
Time = 11115 | serial_in = 0 | Internal stream_in = 01100010 | parity_out = 1
Time = 11120 | serial_in = 1 | Internal stream_in = 01100010 | parity_out = 1
Time = 11125 | serial_in = 1 | Internal stream_in = 11000101 | parity_out = 0
Time = 11130 | serial_in = 0 | Internal stream_in = 11000101 | parity_out = 0
Time = 11135 | serial_in = 0 | Internal stream_in = 10001010 | parity_out = 1
Time = 11140 | serial_in = 1 | Internal stream_in = 10001010 | parity_out = 1
Time = 11145 | serial_in = 1 | Internal stream_in = 00010101 | parity_out = 1
Time = 11150 | serial_in = 0 | Internal stream_in = 00010101 | parity_out = 1
Time = 11155 | serial_in = 0 | Internal stream_in = 00101010 | parity_out = 1
Time = 11165 | serial_in = 0 | Internal stream_in = 01010100 | parity_out = 1
Time = 11175 | serial_in = 0 | Internal stream_in = 10101000 | parity_out = 1
Time = 11180 | serial_in = 1 | Internal stream_in = 10101000 | parity_out = 1
Time = 11185 | serial_in = 1 | Internal stream_in = 01010001 | parity_out = 1
Time = 11190 | serial_in = 0 | Internal stream_in = 01010001 | parity_out = 1
Time = 11195 | serial_in = 0 | Internal stream_in = 10100010 | parity_out = 1
Time = 11200 | serial_in = 1 | Internal stream_in = 10100010 | parity_out = 1
Time = 11205 | serial_in = 1 | Internal stream_in = 01000101 | parity_out = 1
Time = 11215 | serial_in = 1 | Internal stream_in = 10001011 | parity_out = 0
Time = 11225 | serial_in = 1 | Internal stream_in = 00010111 | parity_out = 0
Time = 11230 | serial_in = 0 | Internal stream_in = 00010111 | parity_out = 0
Time = 11235 | serial_in = 0 | Internal stream_in = 00101110 | parity_out = 0
Time = 11245 | serial_in = 0 | Internal stream_in = 01011100 | parity_out = 0
Time = 11255 | serial_in = 0 | Internal stream_in = 10111000 | parity_out = 0
Time = 11260 | serial_in = 1 | Internal stream_in = 10111000 | parity_out = 0
Time = 11265 | serial_in = 1 | Internal stream_in = 01110001 | parity_out = 0
Time = 11275 | serial_in = 1 | Internal stream_in = 11100011 | parity_out = 1
Time = 11280 | serial_in = 0 | Internal stream_in = 11100011 | parity_out = 1
Time = 11285 | serial_in = 0 | Internal stream_in = 11000110 | parity_out = 0
Time = 11295 | serial_in = 0 | Internal stream_in = 10001100 | parity_out = 1
Time = 11300 | serial_in = 1 | Internal stream_in = 10001100 | parity_out = 1
Time = 11305 | serial_in = 1 | Internal stream_in = 00011001 | parity_out = 1
Time = 11310 | serial_in = 0 | Internal stream_in = 00011001 | parity_out = 1
Time = 11315 | serial_in = 0 | Internal stream_in = 00110010 | parity_out = 1
Time = 11325 | serial_in = 0 | Internal stream_in = 01100100 | parity_out = 1
Time = 11335 | serial_in = 0 | Internal stream_in = 11001000 | parity_out = 1
Time = 11340 | serial_in = 1 | Internal stream_in = 11001000 | parity_out = 1
Time = 11345 | serial_in = 1 | Internal stream_in = 10010001 | parity_out = 1
Time = 11355 | serial_in = 1 | Internal stream_in = 00100011 | parity_out = 1
Time = 11360 | serial_in = 0 | Internal stream_in = 00100011 | parity_out = 1
Time = 11365 | serial_in = 0 | Internal stream_in = 01000110 | parity_out = 1
Time = 11370 | serial_in = 1 | Internal stream_in = 01000110 | parity_out = 1
Time = 11375 | serial_in = 1 | Internal stream_in = 10001101 | parity_out = 0
Time = 11385 | serial_in = 1 | Internal stream_in = 00011011 | parity_out = 0
Time = 11390 | serial_in = 0 | Internal stream_in = 00011011 | parity_out = 0
Time = 11395 | serial_in = 0 | Internal stream_in = 00110110 | parity_out = 0
Time = 11405 | serial_in = 0 | Internal stream_in = 01101100 | parity_out = 0
Time = 11415 | serial_in = 0 | Internal stream_in = 11011000 | parity_out = 0
Time = 11420 | serial_in = 1 | Internal stream_in = 11011000 | parity_out = 0
Time = 11425 | serial_in = 1 | Internal stream_in = 10110001 | parity_out = 0
Time = 11435 | serial_in = 1 | Internal stream_in = 01100011 | parity_out = 0
Time = 11445 | serial_in = 1 | Internal stream_in = 11000111 | parity_out = 1
Time = 11450 | serial_in = 0 | Internal stream_in = 11000111 | parity_out = 1
Time = 11455 | serial_in = 0 | Internal stream_in = 10001110 | parity_out = 0
Time = 11460 | serial_in = 1 | Internal stream_in = 10001110 | parity_out = 0
Time = 11465 | serial_in = 1 | Internal stream_in = 00011101 | parity_out = 0
Time = 11470 | serial_in = 0 | Internal stream_in = 00011101 | parity_out = 0
Time = 11475 | serial_in = 0 | Internal stream_in = 00111010 | parity_out = 0
Time = 11485 | serial_in = 0 | Internal stream_in = 01110100 | parity_out = 0
Time = 11495 | serial_in = 0 | Internal stream_in = 11101000 | parity_out = 0
Time = 11500 | serial_in = 1 | Internal stream_in = 11101000 | parity_out = 0
Time = 11505 | serial_in = 1 | Internal stream_in = 11010001 | parity_out = 0
Time = 11515 | serial_in = 1 | Internal stream_in = 10100011 | parity_out = 0
Time = 11525 | serial_in = 1 | Internal stream_in = 01000111 | parity_out = 0
Time = 11535 | serial_in = 1 | Internal stream_in = 10001111 | parity_out = 1
Time = 11545 | serial_in = 1 | Internal stream_in = 00011111 | parity_out = 1
Time = 11550 | serial_in = 0 | Internal stream_in = 00011111 | parity_out = 1
Time = 11555 | serial_in = 0 | Internal stream_in = 00111110 | parity_out = 1
Time = 11565 | serial_in = 0 | Internal stream_in = 01111100 | parity_out = 1
Time = 11570 | serial_in = 1 | Internal stream_in = 01111100 | parity_out = 1
Time = 11575 | serial_in = 1 | Internal stream_in = 11111001 | parity_out = 0
Time = 11580 | serial_in = 0 | Internal stream_in = 11111001 | parity_out = 0
Time = 11585 | serial_in = 0 | Internal stream_in = 11110010 | parity_out = 1
Time = 11595 | serial_in = 0 | Internal stream_in = 11100100 | parity_out = 0
Time = 11605 | serial_in = 0 | Internal stream_in = 11001000 | parity_out = 1
Time = 11615 | serial_in = 0 | Internal stream_in = 10010000 | parity_out = 0
Time = 11620 | serial_in = 1 | Internal stream_in = 10010000 | parity_out = 0
Time = 11625 | serial_in = 1 | Internal stream_in = 00100001 | parity_out = 0
Time = 11630 | serial_in = 0 | Internal stream_in = 00100001 | parity_out = 0
Time = 11635 | serial_in = 0 | Internal stream_in = 01000010 | parity_out = 0
Time = 11645 | serial_in = 0 | Internal stream_in = 10000100 | parity_out = 0
Time = 11650 | serial_in = 1 | Internal stream_in = 10000100 | parity_out = 0
Time = 11655 | serial_in = 1 | Internal stream_in = 00001001 | parity_out = 0
Time = 11660 | serial_in = 0 | Internal stream_in = 00001001 | parity_out = 0
Time = 11665 | serial_in = 0 | Internal stream_in = 00010010 | parity_out = 0
Time = 11675 | serial_in = 0 | Internal stream_in = 00100100 | parity_out = 0
Time = 11685 | serial_in = 0 | Internal stream_in = 01001000 | parity_out = 0
Time = 11690 | serial_in = 1 | Internal stream_in = 01001000 | parity_out = 0
Time = 11695 | serial_in = 1 | Internal stream_in = 10010001 | parity_out = 1
Time = 11705 | serial_in = 1 | Internal stream_in = 00100011 | parity_out = 1
Time = 11710 | serial_in = 0 | Internal stream_in = 00100011 | parity_out = 1
Time = 11715 | serial_in = 0 | Internal stream_in = 01000110 | parity_out = 1
Time = 11725 | serial_in = 0 | Internal stream_in = 10001100 | parity_out = 1
Time = 11730 | serial_in = 1 | Internal stream_in = 10001100 | parity_out = 1
Time = 11735 | serial_in = 1 | Internal stream_in = 00011001 | parity_out = 1
Time = 11740 | serial_in = 0 | Internal stream_in = 00011001 | parity_out = 1
Time = 11745 | serial_in = 0 | Internal stream_in = 00110010 | parity_out = 1
Time = 11755 | serial_in = 0 | Internal stream_in = 01100100 | parity_out = 1
Time = 11760 | serial_in = 1 | Internal stream_in = 01100100 | parity_out = 1
Time = 11765 | serial_in = 1 | Internal stream_in = 11001001 | parity_out = 0
Time = 11770 | serial_in = 0 | Internal stream_in = 11001001 | parity_out = 0
Time = 11775 | serial_in = 0 | Internal stream_in = 10010010 | parity_out = 1
Time = 11780 | serial_in = 1 | Internal stream_in = 10010010 | parity_out = 1
Time = 11785 | serial_in = 1 | Internal stream_in = 00100101 | parity_out = 1
Time = 11790 | serial_in = 0 | Internal stream_in = 00100101 | parity_out = 1
Time = 11795 | serial_in = 0 | Internal stream_in = 01001010 | parity_out = 1
Time = 11805 | serial_in = 0 | Internal stream_in = 10010100 | parity_out = 1
Time = 11810 | serial_in = 1 | Internal stream_in = 10010100 | parity_out = 1
Time = 11815 | serial_in = 1 | Internal stream_in = 00101001 | parity_out = 1
Time = 11820 | serial_in = 0 | Internal stream_in = 00101001 | parity_out = 1
Time = 11825 | serial_in = 0 | Internal stream_in = 01010010 | parity_out = 1
Time = 11835 | serial_in = 0 | Internal stream_in = 10100100 | parity_out = 1
Time = 11840 | serial_in = 1 | Internal stream_in = 10100100 | parity_out = 1
Time = 11845 | serial_in = 1 | Internal stream_in = 01001001 | parity_out = 1
Time = 11855 | serial_in = 1 | Internal stream_in = 10010011 | parity_out = 0
Time = 11865 | serial_in = 1 | Internal stream_in = 00100111 | parity_out = 0
Time = 11870 | serial_in = 0 | Internal stream_in = 00100111 | parity_out = 0
Time = 11875 | serial_in = 0 | Internal stream_in = 01001110 | parity_out = 0
Time = 11885 | serial_in = 0 | Internal stream_in = 10011100 | parity_out = 0
Time = 11890 | serial_in = 1 | Internal stream_in = 10011100 | parity_out = 0
Time = 11895 | serial_in = 1 | Internal stream_in = 00111001 | parity_out = 0
Time = 11900 | serial_in = 0 | Internal stream_in = 00111001 | parity_out = 0
Time = 11905 | serial_in = 0 | Internal stream_in = 01110010 | parity_out = 0
Time = 11910 | serial_in = 1 | Internal stream_in = 01110010 | parity_out = 0
Time = 11915 | serial_in = 1 | Internal stream_in = 11100101 | parity_out = 1
Time = 11920 | serial_in = 0 | Internal stream_in = 11100101 | parity_out = 1
Time = 11925 | serial_in = 0 | Internal stream_in = 11001010 | parity_out = 0
Time = 11935 | serial_in = 0 | Internal stream_in = 10010100 | parity_out = 1
Time = 11940 | serial_in = 1 | Internal stream_in = 10010100 | parity_out = 1
Time = 11945 | serial_in = 1 | Internal stream_in = 00101001 | parity_out = 1
Time = 11950 | serial_in = 0 | Internal stream_in = 00101001 | parity_out = 1
Time = 11955 | serial_in = 0 | Internal stream_in = 01010010 | parity_out = 1
Time = 11965 | serial_in = 0 | Internal stream_in = 10100100 | parity_out = 1
Time = 11970 | serial_in = 1 | Internal stream_in = 10100100 | parity_out = 1
Time = 11975 | serial_in = 1 | Internal stream_in = 01001001 | parity_out = 1
Time = 11980 | serial_in = 0 | Internal stream_in = 01001001 | parity_out = 1
Time = 11985 | serial_in = 0 | Internal stream_in = 10010010 | parity_out = 1
Time = 11990 | serial_in = 1 | Internal stream_in = 10010010 | parity_out = 1
Time = 11995 | serial_in = 1 | Internal stream_in = 00100101 | parity_out = 1
Time = 12000 | serial_in = 0 | Internal stream_in = 00100101 | parity_out = 1
Time = 12005 | serial_in = 0 | Internal stream_in = 01001010 | parity_out = 1
Time = 12010 | serial_in = 1 | Internal stream_in = 01001010 | parity_out = 1
Time = 12015 | serial_in = 1 | Internal stream_in = 10010101 | parity_out = 0
Time = 12025 | serial_in = 1 | Internal stream_in = 00101011 | parity_out = 0
Time = 12030 | serial_in = 0 | Internal stream_in = 00101011 | parity_out = 0
Time = 12035 | serial_in = 0 | Internal stream_in = 01010110 | parity_out = 0
Time = 12045 | serial_in = 0 | Internal stream_in = 10101100 | parity_out = 0
Time = 12050 | serial_in = 1 | Internal stream_in = 10101100 | parity_out = 0
Time = 12055 | serial_in = 1 | Internal stream_in = 01011001 | parity_out = 0
Time = 12060 | serial_in = 0 | Internal stream_in = 01011001 | parity_out = 0
Time = 12065 | serial_in = 0 | Internal stream_in = 10110010 | parity_out = 0
Time = 12070 | serial_in = 1 | Internal stream_in = 10110010 | parity_out = 0
Time = 12075 | serial_in = 1 | Internal stream_in = 01100101 | parity_out = 0
Time = 12085 | serial_in = 1 | Internal stream_in = 11001011 | parity_out = 1
Time = 12090 | serial_in = 0 | Internal stream_in = 11001011 | parity_out = 1
Time = 12095 | serial_in = 0 | Internal stream_in = 10010110 | parity_out = 0
Time = 12100 | serial_in = 1 | Internal stream_in = 10010110 | parity_out = 0
Time = 12105 | serial_in = 1 | Internal stream_in = 00101101 | parity_out = 0
Time = 12110 | serial_in = 0 | Internal stream_in = 00101101 | parity_out = 0
Time = 12115 | serial_in = 0 | Internal stream_in = 01011010 | parity_out = 0
Time = 12125 | serial_in = 0 | Internal stream_in = 10110100 | parity_out = 0
Time = 12130 | serial_in = 1 | Internal stream_in = 10110100 | parity_out = 0
Time = 12135 | serial_in = 1 | Internal stream_in = 01101001 | parity_out = 0
Time = 12140 | serial_in = 0 | Internal stream_in = 01101001 | parity_out = 0
Time = 12145 | serial_in = 0 | Internal stream_in = 11010010 | parity_out = 0
Time = 12150 | serial_in = 1 | Internal stream_in = 11010010 | parity_out = 0
Time = 12155 | serial_in = 1 | Internal stream_in = 10100101 | parity_out = 0
Time = 12165 | serial_in = 1 | Internal stream_in = 01001011 | parity_out = 0
Time = 12175 | serial_in = 1 | Internal stream_in = 10010111 | parity_out = 1
Time = 12185 | serial_in = 1 | Internal stream_in = 00101111 | parity_out = 1
Time = 12190 | serial_in = 0 | Internal stream_in = 00101111 | parity_out = 1
Time = 12195 | serial_in = 0 | Internal stream_in = 01011110 | parity_out = 1
Time = 12205 | serial_in = 0 | Internal stream_in = 10111100 | parity_out = 1
Time = 12210 | serial_in = 1 | Internal stream_in = 10111100 | parity_out = 1
Time = 12215 | serial_in = 1 | Internal stream_in = 01111001 | parity_out = 1
Time = 12225 | serial_in = 1 | Internal stream_in = 11110011 | parity_out = 0
Time = 12230 | serial_in = 0 | Internal stream_in = 11110011 | parity_out = 0
Time = 12235 | serial_in = 0 | Internal stream_in = 11100110 | parity_out = 1
Time = 12245 | serial_in = 0 | Internal stream_in = 11001100 | parity_out = 0
Time = 12255 | serial_in = 0 | Internal stream_in = 10011000 | parity_out = 1
Time = 12260 | serial_in = 1 | Internal stream_in = 10011000 | parity_out = 1
Time = 12265 | serial_in = 1 | Internal stream_in = 00110001 | parity_out = 1
Time = 12270 | serial_in = 0 | Internal stream_in = 00110001 | parity_out = 1
Time = 12275 | serial_in = 0 | Internal stream_in = 01100010 | parity_out = 1
Time = 12285 | serial_in = 0 | Internal stream_in = 11000100 | parity_out = 1
Time = 12290 | serial_in = 1 | Internal stream_in = 11000100 | parity_out = 1
Time = 12295 | serial_in = 1 | Internal stream_in = 10001001 | parity_out = 1
Time = 12305 | serial_in = 1 | Internal stream_in = 00010011 | parity_out = 1
Time = 12310 | serial_in = 0 | Internal stream_in = 00010011 | parity_out = 1
Time = 12315 | serial_in = 0 | Internal stream_in = 00100110 | parity_out = 1
Time = 12325 | serial_in = 0 | Internal stream_in = 01001100 | parity_out = 1
Time = 12330 | serial_in = 1 | Internal stream_in = 01001100 | parity_out = 1
Time = 12335 | serial_in = 1 | Internal stream_in = 10011001 | parity_out = 0
Time = 12345 | serial_in = 1 | Internal stream_in = 00110011 | parity_out = 0
Time = 12350 | serial_in = 0 | Internal stream_in = 00110011 | parity_out = 0
Time = 12355 | serial_in = 0 | Internal stream_in = 01100110 | parity_out = 0
Time = 12365 | serial_in = 0 | Internal stream_in = 11001100 | parity_out = 0
Time = 12370 | serial_in = 1 | Internal stream_in = 11001100 | parity_out = 0
Time = 12375 | serial_in = 1 | Internal stream_in = 10011001 | parity_out = 0
Time = 12385 | serial_in = 1 | Internal stream_in = 00110011 | parity_out = 0
Time = 12390 | serial_in = 0 | Internal stream_in = 00110011 | parity_out = 0
Time = 12395 | serial_in = 0 | Internal stream_in = 01100110 | parity_out = 0
Time = 12400 | serial_in = 1 | Internal stream_in = 01100110 | parity_out = 0
Time = 12405 | serial_in = 1 | Internal stream_in = 11001101 | parity_out = 1
Time = 12410 | serial_in = 0 | Internal stream_in = 11001101 | parity_out = 1
Time = 12415 | serial_in = 0 | Internal stream_in = 10011010 | parity_out = 0
Time = 12420 | serial_in = 1 | Internal stream_in = 10011010 | parity_out = 0
Time = 12425 | serial_in = 1 | Internal stream_in = 00110101 | parity_out = 0
Time = 12430 | serial_in = 0 | Internal stream_in = 00110101 | parity_out = 0
Time = 12435 | serial_in = 0 | Internal stream_in = 01101010 | parity_out = 0
Time = 12445 | serial_in = 0 | Internal stream_in = 11010100 | parity_out = 0
Time = 12450 | serial_in = 1 | Internal stream_in = 11010100 | parity_out = 0
Time = 12455 | serial_in = 1 | Internal stream_in = 10101001 | parity_out = 0
Time = 12465 | serial_in = 1 | Internal stream_in = 01010011 | parity_out = 0
Time = 12470 | serial_in = 0 | Internal stream_in = 01010011 | parity_out = 0
Time = 12475 | serial_in = 0 | Internal stream_in = 10100110 | parity_out = 0
Time = 12480 | serial_in = 1 | Internal stream_in = 10100110 | parity_out = 0
Time = 12485 | serial_in = 1 | Internal stream_in = 01001101 | parity_out = 0
Time = 12495 | serial_in = 1 | Internal stream_in = 10011011 | parity_out = 1
Time = 12505 | serial_in = 1 | Internal stream_in = 00110111 | parity_out = 1
Time = 12510 | serial_in = 0 | Internal stream_in = 00110111 | parity_out = 1
Time = 12515 | serial_in = 0 | Internal stream_in = 01101110 | parity_out = 1
Time = 12525 | serial_in = 0 | Internal stream_in = 11011100 | parity_out = 1
Time = 12530 | serial_in = 1 | Internal stream_in = 11011100 | parity_out = 1
Time = 12535 | serial_in = 1 | Internal stream_in = 10111001 | parity_out = 1
Time = 12545 | serial_in = 1 | Internal stream_in = 01110011 | parity_out = 1
Time = 12555 | serial_in = 1 | Internal stream_in = 11100111 | parity_out = 0
Time = 12560 | serial_in = 0 | Internal stream_in = 11100111 | parity_out = 0
Time = 12565 | serial_in = 0 | Internal stream_in = 11001110 | parity_out = 1
Time = 12575 | serial_in = 0 | Internal stream_in = 10011100 | parity_out = 0
Time = 12580 | serial_in = 1 | Internal stream_in = 10011100 | parity_out = 0
Time = 12585 | serial_in = 1 | Internal stream_in = 00111001 | parity_out = 0
Time = 12590 | serial_in = 0 | Internal stream_in = 00111001 | parity_out = 0
Time = 12595 | serial_in = 0 | Internal stream_in = 01110010 | parity_out = 0
Time = 12605 | serial_in = 0 | Internal stream_in = 11100100 | parity_out = 0
Time = 12610 | serial_in = 1 | Internal stream_in = 11100100 | parity_out = 0
Time = 12615 | serial_in = 1 | Internal stream_in = 11001001 | parity_out = 0
Time = 12625 | serial_in = 1 | Internal stream_in = 10010011 | parity_out = 0
Time = 12635 | serial_in = 1 | Internal stream_in = 00100111 | parity_out = 0
Time = 12640 | serial_in = 0 | Internal stream_in = 00100111 | parity_out = 0
Time = 12645 | serial_in = 0 | Internal stream_in = 01001110 | parity_out = 0
Time = 12650 | serial_in = 1 | Internal stream_in = 01001110 | parity_out = 0
Time = 12655 | serial_in = 1 | Internal stream_in = 10011101 | parity_out = 1
Time = 12665 | serial_in = 1 | Internal stream_in = 00111011 | parity_out = 1
Time = 12670 | serial_in = 0 | Internal stream_in = 00111011 | parity_out = 1
Time = 12675 | serial_in = 0 | Internal stream_in = 01110110 | parity_out = 1
Time = 12685 | serial_in = 0 | Internal stream_in = 11101100 | parity_out = 1
Time = 12690 | serial_in = 1 | Internal stream_in = 11101100 | parity_out = 1
Time = 12695 | serial_in = 1 | Internal stream_in = 11011001 | parity_out = 1
Time = 12705 | serial_in = 1 | Internal stream_in = 10110011 | parity_out = 1
Time = 12715 | serial_in = 1 | Internal stream_in = 01100111 | parity_out = 1
Time = 12725 | serial_in = 1 | Internal stream_in = 11001111 | parity_out = 0
Time = 12730 | serial_in = 0 | Internal stream_in = 11001111 | parity_out = 0
Time = 12735 | serial_in = 0 | Internal stream_in = 10011110 | parity_out = 1
Time = 12740 | serial_in = 1 | Internal stream_in = 10011110 | parity_out = 1
Time = 12745 | serial_in = 1 | Internal stream_in = 00111101 | parity_out = 1
Time = 12750 | serial_in = 0 | Internal stream_in = 00111101 | parity_out = 1
Time = 12755 | serial_in = 0 | Internal stream_in = 01111010 | parity_out = 1
Time = 12765 | serial_in = 0 | Internal stream_in = 11110100 | parity_out = 1
Time = 12770 | serial_in = 1 | Internal stream_in = 11110100 | parity_out = 1
Time = 12775 | serial_in = 1 | Internal stream_in = 11101001 | parity_out = 1
Time = 12785 | serial_in = 1 | Internal stream_in = 11010011 | parity_out = 1
Time = 12795 | serial_in = 1 | Internal stream_in = 10100111 | parity_out = 1
Time = 12805 | serial_in = 1 | Internal stream_in = 01001111 | parity_out = 1
Time = 12815 | serial_in = 1 | Internal stream_in = 10011111 | parity_out = 0
Time = 12825 | serial_in = 1 | Internal stream_in = 00111111 | parity_out = 0
Time = 12830 | serial_in = 0 | Internal stream_in = 00111111 | parity_out = 0
Time = 12835 | serial_in = 0 | Internal stream_in = 01111110 | parity_out = 0
Time = 12840 | serial_in = 1 | Internal stream_in = 01111110 | parity_out = 0
Time = 12845 | serial_in = 1 | Internal stream_in = 11111101 | parity_out = 1
Time = 12850 | serial_in = 0 | Internal stream_in = 11111101 | parity_out = 1
Time = 12855 | serial_in = 0 | Internal stream_in = 11111010 | parity_out = 0
Time = 12865 | serial_in = 0 | Internal stream_in = 11110100 | parity_out = 1
Time = 12875 | serial_in = 0 | Internal stream_in = 11101000 | parity_out = 0
Time = 12885 | serial_in = 0 | Internal stream_in = 11010000 | parity_out = 1
Time = 12895 | serial_in = 0 | Internal stream_in = 10100000 | parity_out = 0
Time = 12900 | serial_in = 1 | Internal stream_in = 10100000 | parity_out = 0
Time = 12905 | serial_in = 1 | Internal stream_in = 01000001 | parity_out = 0
Time = 12910 | serial_in = 0 | Internal stream_in = 01000001 | parity_out = 0
Time = 12915 | serial_in = 0 | Internal stream_in = 10000010 | parity_out = 0
Time = 12920 | serial_in = 1 | Internal stream_in = 10000010 | parity_out = 0
Time = 12925 | serial_in = 1 | Internal stream_in = 00000101 | parity_out = 0
Time = 12930 | serial_in = 0 | Internal stream_in = 00000101 | parity_out = 0
Time = 12935 | serial_in = 0 | Internal stream_in = 00001010 | parity_out = 0
Time = 12945 | serial_in = 0 | Internal stream_in = 00010100 | parity_out = 0
Time = 12955 | serial_in = 0 | Internal stream_in = 00101000 | parity_out = 0
Time = 12965 | serial_in = 0 | Internal stream_in = 01010000 | parity_out = 0
Time = 12970 | serial_in = 1 | Internal stream_in = 01010000 | parity_out = 0
Time = 12975 | serial_in = 1 | Internal stream_in = 10100001 | parity_out = 1
Time = 12985 | serial_in = 1 | Internal stream_in = 01000011 | parity_out = 1
Time = 12990 | serial_in = 0 | Internal stream_in = 01000011 | parity_out = 1
Time = 12995 | serial_in = 0 | Internal stream_in = 10000110 | parity_out = 1
Time = 13000 | serial_in = 1 | Internal stream_in = 10000110 | parity_out = 1
Time = 13005 | serial_in = 1 | Internal stream_in = 00001101 | parity_out = 1
Time = 13010 | serial_in = 0 | Internal stream_in = 00001101 | parity_out = 1
Time = 13015 | serial_in = 0 | Internal stream_in = 00011010 | parity_out = 1
Time = 13025 | serial_in = 0 | Internal stream_in = 00110100 | parity_out = 1
Time = 13035 | serial_in = 0 | Internal stream_in = 01101000 | parity_out = 1
Time = 13040 | serial_in = 1 | Internal stream_in = 01101000 | parity_out = 1
Time = 13045 | serial_in = 1 | Internal stream_in = 11010001 | parity_out = 0
Time = 13050 | serial_in = 0 | Internal stream_in = 11010001 | parity_out = 0
Time = 13055 | serial_in = 0 | Internal stream_in = 10100010 | parity_out = 1
Time = 13060 | serial_in = 1 | Internal stream_in = 10100010 | parity_out = 1
Time = 13065 | serial_in = 1 | Internal stream_in = 01000101 | parity_out = 1
Time = 13070 | serial_in = 0 | Internal stream_in = 01000101 | parity_out = 1
Time = 13075 | serial_in = 0 | Internal stream_in = 10001010 | parity_out = 1
Time = 13080 | serial_in = 1 | Internal stream_in = 10001010 | parity_out = 1
Time = 13085 | serial_in = 1 | Internal stream_in = 00010101 | parity_out = 1
Time = 13090 | serial_in = 0 | Internal stream_in = 00010101 | parity_out = 1
Time = 13095 | serial_in = 0 | Internal stream_in = 00101010 | parity_out = 1
Time = 13105 | serial_in = 0 | Internal stream_in = 01010100 | parity_out = 1
Time = 13115 | serial_in = 0 | Internal stream_in = 10101000 | parity_out = 1
Time = 13120 | serial_in = 1 | Internal stream_in = 10101000 | parity_out = 1
Time = 13125 | serial_in = 1 | Internal stream_in = 01010001 | parity_out = 1
Time = 13135 | serial_in = 1 | Internal stream_in = 10100011 | parity_out = 0
Time = 13145 | serial_in = 1 | Internal stream_in = 01000111 | parity_out = 0
Time = 13150 | serial_in = 0 | Internal stream_in = 01000111 | parity_out = 0
Time = 13155 | serial_in = 0 | Internal stream_in = 10001110 | parity_out = 0
Time = 13160 | serial_in = 1 | Internal stream_in = 10001110 | parity_out = 0
Time = 13165 | serial_in = 1 | Internal stream_in = 00011101 | parity_out = 0
Time = 13170 | serial_in = 0 | Internal stream_in = 00011101 | parity_out = 0
Time = 13175 | serial_in = 0 | Internal stream_in = 00111010 | parity_out = 0
Time = 13185 | serial_in = 0 | Internal stream_in = 01110100 | parity_out = 0
Time = 13190 | serial_in = 1 | Internal stream_in = 01110100 | parity_out = 0
Time = 13195 | serial_in = 1 | Internal stream_in = 11101001 | parity_out = 1
Time = 13200 | serial_in = 0 | Internal stream_in = 11101001 | parity_out = 1
Time = 13205 | serial_in = 0 | Internal stream_in = 11010010 | parity_out = 0
Time = 13215 | serial_in = 0 | Internal stream_in = 10100100 | parity_out = 1
Time = 13220 | serial_in = 1 | Internal stream_in = 10100100 | parity_out = 1
Time = 13225 | serial_in = 1 | Internal stream_in = 01001001 | parity_out = 1
Time = 13230 | serial_in = 0 | Internal stream_in = 01001001 | parity_out = 1
Time = 13235 | serial_in = 0 | Internal stream_in = 10010010 | parity_out = 1
Time = 13240 | serial_in = 1 | Internal stream_in = 10010010 | parity_out = 1
Time = 13245 | serial_in = 1 | Internal stream_in = 00100101 | parity_out = 1
Time = 13250 | serial_in = 0 | Internal stream_in = 00100101 | parity_out = 1
Time = 13255 | serial_in = 0 | Internal stream_in = 01001010 | parity_out = 1
Time = 13265 | serial_in = 0 | Internal stream_in = 10010100 | parity_out = 1
Time = 13270 | serial_in = 1 | Internal stream_in = 10010100 | parity_out = 1
Time = 13275 | serial_in = 1 | Internal stream_in = 00101001 | parity_out = 1
Time = 13280 | serial_in = 0 | Internal stream_in = 00101001 | parity_out = 1
Time = 13285 | serial_in = 0 | Internal stream_in = 01010010 | parity_out = 1
Time = 13290 | serial_in = 1 | Internal stream_in = 01010010 | parity_out = 1
Time = 13295 | serial_in = 1 | Internal stream_in = 10100101 | parity_out = 0
Time = 13305 | serial_in = 1 | Internal stream_in = 01001011 | parity_out = 0
Time = 13310 | serial_in = 0 | Internal stream_in = 01001011 | parity_out = 0
Time = 13315 | serial_in = 0 | Internal stream_in = 10010110 | parity_out = 0
Time = 13320 | serial_in = 1 | Internal stream_in = 10010110 | parity_out = 0
Time = 13325 | serial_in = 1 | Internal stream_in = 00101101 | parity_out = 0
Time = 13330 | serial_in = 0 | Internal stream_in = 00101101 | parity_out = 0
Time = 13335 | serial_in = 0 | Internal stream_in = 01011010 | parity_out = 0
Time = 13345 | serial_in = 0 | Internal stream_in = 10110100 | parity_out = 0
Time = 13350 | serial_in = 1 | Internal stream_in = 10110100 | parity_out = 0
Time = 13355 | serial_in = 1 | Internal stream_in = 01101001 | parity_out = 0
Time = 13365 | serial_in = 1 | Internal stream_in = 11010011 | parity_out = 1
Time = 13370 | serial_in = 0 | Internal stream_in = 11010011 | parity_out = 1
Time = 13375 | serial_in = 0 | Internal stream_in = 10100110 | parity_out = 0
Time = 13380 | serial_in = 1 | Internal stream_in = 10100110 | parity_out = 0
Time = 13385 | serial_in = 1 | Internal stream_in = 01001101 | parity_out = 0
Time = 13390 | serial_in = 0 | Internal stream_in = 01001101 | parity_out = 0
Time = 13395 | serial_in = 0 | Internal stream_in = 10011010 | parity_out = 0
Time = 13400 | serial_in = 1 | Internal stream_in = 10011010 | parity_out = 0
Time = 13405 | serial_in = 1 | Internal stream_in = 00110101 | parity_out = 0
Time = 13410 | serial_in = 0 | Internal stream_in = 00110101 | parity_out = 0
Time = 13415 | serial_in = 0 | Internal stream_in = 01101010 | parity_out = 0
Time = 13425 | serial_in = 0 | Internal stream_in = 11010100 | parity_out = 0
Time = 13430 | serial_in = 1 | Internal stream_in = 11010100 | parity_out = 0
Time = 13435 | serial_in = 1 | Internal stream_in = 10101001 | parity_out = 0
Time = 13445 | serial_in = 1 | Internal stream_in = 01010011 | parity_out = 0
Time = 13455 | serial_in = 1 | Internal stream_in = 10100111 | parity_out = 1
Time = 13465 | serial_in = 1 | Internal stream_in = 01001111 | parity_out = 1
Time = 13470 | serial_in = 0 | Internal stream_in = 01001111 | parity_out = 1
Time = 13475 | serial_in = 0 | Internal stream_in = 10011110 | parity_out = 1
Time = 13480 | serial_in = 1 | Internal stream_in = 10011110 | parity_out = 1
Time = 13485 | serial_in = 1 | Internal stream_in = 00111101 | parity_out = 1
Time = 13490 | serial_in = 0 | Internal stream_in = 00111101 | parity_out = 1
Time = 13495 | serial_in = 0 | Internal stream_in = 01111010 | parity_out = 1
Time = 13500 | serial_in = 1 | Internal stream_in = 01111010 | parity_out = 1
Time = 13505 | serial_in = 1 | Internal stream_in = 11110101 | parity_out = 0
Time = 13510 | serial_in = 0 | Internal stream_in = 11110101 | parity_out = 0
Time = 13515 | serial_in = 0 | Internal stream_in = 11101010 | parity_out = 1
Time = 13525 | serial_in = 0 | Internal stream_in = 11010100 | parity_out = 0
Time = 13535 | serial_in = 0 | Internal stream_in = 10101000 | parity_out = 1
Time = 13540 | serial_in = 1 | Internal stream_in = 10101000 | parity_out = 1
Time = 13545 | serial_in = 1 | Internal stream_in = 01010001 | parity_out = 1
Time = 13550 | serial_in = 0 | Internal stream_in = 01010001 | parity_out = 1
Time = 13555 | serial_in = 0 | Internal stream_in = 10100010 | parity_out = 1
Time = 13560 | serial_in = 1 | Internal stream_in = 10100010 | parity_out = 1
Time = 13565 | serial_in = 1 | Internal stream_in = 01000101 | parity_out = 1
Time = 13570 | serial_in = 0 | Internal stream_in = 01000101 | parity_out = 1
Time = 13575 | serial_in = 0 | Internal stream_in = 10001010 | parity_out = 1
Time = 13580 | serial_in = 1 | Internal stream_in = 10001010 | parity_out = 1
Time = 13585 | serial_in = 1 | Internal stream_in = 00010101 | parity_out = 1
Time = 13590 | serial_in = 0 | Internal stream_in = 00010101 | parity_out = 1
Time = 13595 | serial_in = 0 | Internal stream_in = 00101010 | parity_out = 1
Time = 13605 | serial_in = 0 | Internal stream_in = 01010100 | parity_out = 1
Time = 13610 | serial_in = 1 | Internal stream_in = 01010100 | parity_out = 1
Time = 13615 | serial_in = 1 | Internal stream_in = 10101001 | parity_out = 0
Time = 13625 | serial_in = 1 | Internal stream_in = 01010011 | parity_out = 0
Time = 13630 | serial_in = 0 | Internal stream_in = 01010011 | parity_out = 0
Time = 13635 | serial_in = 0 | Internal stream_in = 10100110 | parity_out = 0
Time = 13640 | serial_in = 1 | Internal stream_in = 10100110 | parity_out = 0
Time = 13645 | serial_in = 1 | Internal stream_in = 01001101 | parity_out = 0
Time = 13650 | serial_in = 0 | Internal stream_in = 01001101 | parity_out = 0
Time = 13655 | serial_in = 0 | Internal stream_in = 10011010 | parity_out = 0
Time = 13660 | serial_in = 1 | Internal stream_in = 10011010 | parity_out = 0
Time = 13665 | serial_in = 1 | Internal stream_in = 00110101 | parity_out = 0
Time = 13670 | serial_in = 0 | Internal stream_in = 00110101 | parity_out = 0
Time = 13675 | serial_in = 0 | Internal stream_in = 01101010 | parity_out = 0
Time = 13680 | serial_in = 1 | Internal stream_in = 01101010 | parity_out = 0
Time = 13685 | serial_in = 1 | Internal stream_in = 11010101 | parity_out = 1
Time = 13690 | serial_in = 0 | Internal stream_in = 11010101 | parity_out = 1
Time = 13695 | serial_in = 0 | Internal stream_in = 10101010 | parity_out = 0
Time = 13700 | serial_in = 1 | Internal stream_in = 10101010 | parity_out = 0
Time = 13705 | serial_in = 1 | Internal stream_in = 01010101 | parity_out = 0
Time = 13710 | serial_in = 0 | Internal stream_in = 01010101 | parity_out = 0
Time = 13715 | serial_in = 0 | Internal stream_in = 10101010 | parity_out = 0
Time = 13720 | serial_in = 1 | Internal stream_in = 10101010 | parity_out = 0
Time = 13725 | serial_in = 1 | Internal stream_in = 01010101 | parity_out = 0
Time = 13730 | serial_in = 0 | Internal stream_in = 01010101 | parity_out = 0
Time = 13735 | serial_in = 0 | Internal stream_in = 10101010 | parity_out = 0
Time = 13740 | serial_in = 1 | Internal stream_in = 10101010 | parity_out = 0
Time = 13745 | serial_in = 1 | Internal stream_in = 01010101 | parity_out = 0
Time = 13750 | serial_in = 0 | Internal stream_in = 01010101 | parity_out = 0
Time = 13755 | serial_in = 0 | Internal stream_in = 10101010 | parity_out = 0
Time = 13760 | serial_in = 1 | Internal stream_in = 10101010 | parity_out = 0
Time = 13765 | serial_in = 1 | Internal stream_in = 01010101 | parity_out = 0
Time = 13775 | serial_in = 1 | Internal stream_in = 10101011 | parity_out = 1
Time = 13785 | serial_in = 1 | Internal stream_in = 01010111 | parity_out = 1
Time = 13790 | serial_in = 0 | Internal stream_in = 01010111 | parity_out = 1
Time = 13795 | serial_in = 0 | Internal stream_in = 10101110 | parity_out = 1
Time = 13800 | serial_in = 1 | Internal stream_in = 10101110 | parity_out = 1
Time = 13805 | serial_in = 1 | Internal stream_in = 01011101 | parity_out = 1
Time = 13810 | serial_in = 0 | Internal stream_in = 01011101 | parity_out = 1
Time = 13815 | serial_in = 0 | Internal stream_in = 10111010 | parity_out = 1
Time = 13820 | serial_in = 1 | Internal stream_in = 10111010 | parity_out = 1
Time = 13825 | serial_in = 1 | Internal stream_in = 01110101 | parity_out = 1
Time = 13835 | serial_in = 1 | Internal stream_in = 11101011 | parity_out = 0
Time = 13840 | serial_in = 0 | Internal stream_in = 11101011 | parity_out = 0
Time = 13845 | serial_in = 0 | Internal stream_in = 11010110 | parity_out = 1
Time = 13855 | serial_in = 0 | Internal stream_in = 10101100 | parity_out = 0
Time = 13860 | serial_in = 1 | Internal stream_in = 10101100 | parity_out = 0
Time = 13865 | serial_in = 1 | Internal stream_in = 01011001 | parity_out = 0
Time = 13870 | serial_in = 0 | Internal stream_in = 01011001 | parity_out = 0
Time = 13875 | serial_in = 0 | Internal stream_in = 10110010 | parity_out = 0
Time = 13880 | serial_in = 1 | Internal stream_in = 10110010 | parity_out = 0
Time = 13885 | serial_in = 1 | Internal stream_in = 01100101 | parity_out = 0
Time = 13890 | serial_in = 0 | Internal stream_in = 01100101 | parity_out = 0
Time = 13895 | serial_in = 0 | Internal stream_in = 11001010 | parity_out = 0
Time = 13900 | serial_in = 1 | Internal stream_in = 11001010 | parity_out = 0
Time = 13905 | serial_in = 1 | Internal stream_in = 10010101 | parity_out = 0
Time = 13915 | serial_in = 1 | Internal stream_in = 00101011 | parity_out = 0
Time = 13920 | serial_in = 0 | Internal stream_in = 00101011 | parity_out = 0
Time = 13925 | serial_in = 0 | Internal stream_in = 01010110 | parity_out = 0
Time = 13930 | serial_in = 1 | Internal stream_in = 01010110 | parity_out = 0
Time = 13935 | serial_in = 1 | Internal stream_in = 10101101 | parity_out = 1
Time = 13945 | serial_in = 1 | Internal stream_in = 01011011 | parity_out = 1
Time = 13950 | serial_in = 0 | Internal stream_in = 01011011 | parity_out = 1
Time = 13955 | serial_in = 0 | Internal stream_in = 10110110 | parity_out = 1
Time = 13960 | serial_in = 1 | Internal stream_in = 10110110 | parity_out = 1
Time = 13965 | serial_in = 1 | Internal stream_in = 01101101 | parity_out = 1
Time = 13970 | serial_in = 0 | Internal stream_in = 01101101 | parity_out = 1
Time = 13975 | serial_in = 0 | Internal stream_in = 11011010 | parity_out = 1
Time = 13980 | serial_in = 1 | Internal stream_in = 11011010 | parity_out = 1
Time = 13985 | serial_in = 1 | Internal stream_in = 10110101 | parity_out = 1
Time = 13995 | serial_in = 1 | Internal stream_in = 01101011 | parity_out = 1
Time = 14005 | serial_in = 1 | Internal stream_in = 11010111 | parity_out = 0
Time = 14010 | serial_in = 0 | Internal stream_in = 11010111 | parity_out = 0
Time = 14015 | serial_in = 0 | Internal stream_in = 10101110 | parity_out = 1
Time = 14020 | serial_in = 1 | Internal stream_in = 10101110 | parity_out = 1
Time = 14025 | serial_in = 1 | Internal stream_in = 01011101 | parity_out = 1
Time = 14030 | serial_in = 0 | Internal stream_in = 01011101 | parity_out = 1
Time = 14035 | serial_in = 0 | Internal stream_in = 10111010 | parity_out = 1
Time = 14040 | serial_in = 1 | Internal stream_in = 10111010 | parity_out = 1
Time = 14045 | serial_in = 1 | Internal stream_in = 01110101 | parity_out = 1
Time = 14050 | serial_in = 0 | Internal stream_in = 01110101 | parity_out = 1
Time = 14055 | serial_in = 0 | Internal stream_in = 11101010 | parity_out = 1
Time = 14060 | serial_in = 1 | Internal stream_in = 11101010 | parity_out = 1
Time = 14065 | serial_in = 1 | Internal stream_in = 11010101 | parity_out = 1
Time = 14075 | serial_in = 1 | Internal stream_in = 10101011 | parity_out = 1
Time = 14085 | serial_in = 1 | Internal stream_in = 01010111 | parity_out = 1
Time = 14095 | serial_in = 1 | Internal stream_in = 10101111 | parity_out = 0
Time = 14105 | serial_in = 1 | Internal stream_in = 01011111 | parity_out = 0
Time = 14110 | serial_in = 0 | Internal stream_in = 01011111 | parity_out = 0
Time = 14115 | serial_in = 0 | Internal stream_in = 10111110 | parity_out = 0
Time = 14120 | serial_in = 1 | Internal stream_in = 10111110 | parity_out = 0
Time = 14125 | serial_in = 1 | Internal stream_in = 01111101 | parity_out = 0
Time = 14135 | serial_in = 1 | Internal stream_in = 11111011 | parity_out = 1
Time = 14140 | serial_in = 0 | Internal stream_in = 11111011 | parity_out = 1
Time = 14145 | serial_in = 0 | Internal stream_in = 11110110 | parity_out = 0
Time = 14155 | serial_in = 0 | Internal stream_in = 11101100 | parity_out = 1
Time = 14165 | serial_in = 0 | Internal stream_in = 11011000 | parity_out = 0
Time = 14175 | serial_in = 0 | Internal stream_in = 10110000 | parity_out = 1
Time = 14180 | serial_in = 1 | Internal stream_in = 10110000 | parity_out = 1
Time = 14185 | serial_in = 1 | Internal stream_in = 01100001 | parity_out = 1
Time = 14190 | serial_in = 0 | Internal stream_in = 01100001 | parity_out = 1
Time = 14195 | serial_in = 0 | Internal stream_in = 11000010 | parity_out = 1
Time = 14200 | serial_in = 1 | Internal stream_in = 11000010 | parity_out = 1
Time = 14205 | serial_in = 1 | Internal stream_in = 10000101 | parity_out = 1
Time = 14215 | serial_in = 1 | Internal stream_in = 00001011 | parity_out = 1
Time = 14220 | serial_in = 0 | Internal stream_in = 00001011 | parity_out = 1
Time = 14225 | serial_in = 0 | Internal stream_in = 00010110 | parity_out = 1
Time = 14235 | serial_in = 0 | Internal stream_in = 00101100 | parity_out = 1
Time = 14245 | serial_in = 0 | Internal stream_in = 01011000 | parity_out = 1
Time = 14250 | serial_in = 1 | Internal stream_in = 01011000 | parity_out = 1
Time = 14255 | serial_in = 1 | Internal stream_in = 10110001 | parity_out = 0
Time = 14265 | serial_in = 1 | Internal stream_in = 01100011 | parity_out = 0
Time = 14270 | serial_in = 0 | Internal stream_in = 01100011 | parity_out = 0
Time = 14275 | serial_in = 0 | Internal stream_in = 11000110 | parity_out = 0
Time = 14280 | serial_in = 1 | Internal stream_in = 11000110 | parity_out = 0
Time = 14285 | serial_in = 1 | Internal stream_in = 10001101 | parity_out = 0
Time = 14295 | serial_in = 1 | Internal stream_in = 00011011 | parity_out = 0
Time = 14300 | serial_in = 0 | Internal stream_in = 00011011 | parity_out = 0
Time = 14305 | serial_in = 0 | Internal stream_in = 00110110 | parity_out = 0
Time = 14315 | serial_in = 0 | Internal stream_in = 01101100 | parity_out = 0
Time = 14320 | serial_in = 1 | Internal stream_in = 01101100 | parity_out = 0
Time = 14325 | serial_in = 1 | Internal stream_in = 11011001 | parity_out = 1
Time = 14330 | serial_in = 0 | Internal stream_in = 11011001 | parity_out = 1
Time = 14335 | serial_in = 0 | Internal stream_in = 10110010 | parity_out = 0
Time = 14340 | serial_in = 1 | Internal stream_in = 10110010 | parity_out = 0
Time = 14345 | serial_in = 1 | Internal stream_in = 01100101 | parity_out = 0
Time = 14350 | serial_in = 0 | Internal stream_in = 01100101 | parity_out = 0
Time = 14355 | serial_in = 0 | Internal stream_in = 11001010 | parity_out = 0
Time = 14360 | serial_in = 1 | Internal stream_in = 11001010 | parity_out = 0
Time = 14365 | serial_in = 1 | Internal stream_in = 10010101 | parity_out = 0
Time = 14375 | serial_in = 1 | Internal stream_in = 00101011 | parity_out = 0
Time = 14380 | serial_in = 0 | Internal stream_in = 00101011 | parity_out = 0
Time = 14385 | serial_in = 0 | Internal stream_in = 01010110 | parity_out = 0
Time = 14395 | serial_in = 0 | Internal stream_in = 10101100 | parity_out = 0
Time = 14400 | serial_in = 1 | Internal stream_in = 10101100 | parity_out = 0
Time = 14405 | serial_in = 1 | Internal stream_in = 01011001 | parity_out = 0
Time = 14415 | serial_in = 1 | Internal stream_in = 10110011 | parity_out = 1
Time = 14425 | serial_in = 1 | Internal stream_in = 01100111 | parity_out = 1
Time = 14430 | serial_in = 0 | Internal stream_in = 01100111 | parity_out = 1
Time = 14435 | serial_in = 0 | Internal stream_in = 11001110 | parity_out = 1
Time = 14440 | serial_in = 1 | Internal stream_in = 11001110 | parity_out = 1
Time = 14445 | serial_in = 1 | Internal stream_in = 10011101 | parity_out = 1
Time = 14455 | serial_in = 1 | Internal stream_in = 00111011 | parity_out = 1
Time = 14460 | serial_in = 0 | Internal stream_in = 00111011 | parity_out = 1
Time = 14465 | serial_in = 0 | Internal stream_in = 01110110 | parity_out = 1
Time = 14470 | serial_in = 1 | Internal stream_in = 01110110 | parity_out = 1
Time = 14475 | serial_in = 1 | Internal stream_in = 11101101 | parity_out = 0
Time = 14480 | serial_in = 0 | Internal stream_in = 11101101 | parity_out = 0
Time = 14485 | serial_in = 0 | Internal stream_in = 11011010 | parity_out = 1
Time = 14495 | serial_in = 0 | Internal stream_in = 10110100 | parity_out = 0
Time = 14500 | serial_in = 1 | Internal stream_in = 10110100 | parity_out = 0
Time = 14505 | serial_in = 1 | Internal stream_in = 01101001 | parity_out = 0
Time = 14510 | serial_in = 0 | Internal stream_in = 01101001 | parity_out = 0
Time = 14515 | serial_in = 0 | Internal stream_in = 11010010 | parity_out = 0
Time = 14520 | serial_in = 1 | Internal stream_in = 11010010 | parity_out = 0
Time = 14525 | serial_in = 1 | Internal stream_in = 10100101 | parity_out = 0
Time = 14535 | serial_in = 1 | Internal stream_in = 01001011 | parity_out = 0
Time = 14540 | serial_in = 0 | Internal stream_in = 01001011 | parity_out = 0
Time = 14545 | serial_in = 0 | Internal stream_in = 10010110 | parity_out = 0
Time = 14550 | serial_in = 1 | Internal stream_in = 10010110 | parity_out = 0
Time = 14555 | serial_in = 1 | Internal stream_in = 00101101 | parity_out = 0
Time = 14560 | serial_in = 0 | Internal stream_in = 00101101 | parity_out = 0
Time = 14565 | serial_in = 0 | Internal stream_in = 01011010 | parity_out = 0
Time = 14570 | serial_in = 1 | Internal stream_in = 01011010 | parity_out = 0
Time = 14575 | serial_in = 1 | Internal stream_in = 10110101 | parity_out = 1
Time = 14585 | serial_in = 1 | Internal stream_in = 01101011 | parity_out = 1
Time = 14590 | serial_in = 0 | Internal stream_in = 01101011 | parity_out = 1
Time = 14595 | serial_in = 0 | Internal stream_in = 11010110 | parity_out = 1
Time = 14600 | serial_in = 1 | Internal stream_in = 11010110 | parity_out = 1
Time = 14605 | serial_in = 1 | Internal stream_in = 10101101 | parity_out = 1
Time = 14615 | serial_in = 1 | Internal stream_in = 01011011 | parity_out = 1
Time = 14620 | serial_in = 0 | Internal stream_in = 01011011 | parity_out = 1
Time = 14625 | serial_in = 0 | Internal stream_in = 10110110 | parity_out = 1
Time = 14630 | serial_in = 1 | Internal stream_in = 10110110 | parity_out = 1
Time = 14635 | serial_in = 1 | Internal stream_in = 01101101 | parity_out = 1
Time = 14645 | serial_in = 1 | Internal stream_in = 11011011 | parity_out = 0
Time = 14650 | serial_in = 0 | Internal stream_in = 11011011 | parity_out = 0
Time = 14655 | serial_in = 0 | Internal stream_in = 10110110 | parity_out = 1
Time = 14660 | serial_in = 1 | Internal stream_in = 10110110 | parity_out = 1
Time = 14665 | serial_in = 1 | Internal stream_in = 01101101 | parity_out = 1
Time = 14670 | serial_in = 0 | Internal stream_in = 01101101 | parity_out = 1
Time = 14675 | serial_in = 0 | Internal stream_in = 11011010 | parity_out = 1
Time = 14680 | serial_in = 1 | Internal stream_in = 11011010 | parity_out = 1
Time = 14685 | serial_in = 1 | Internal stream_in = 10110101 | parity_out = 1
Time = 14695 | serial_in = 1 | Internal stream_in = 01101011 | parity_out = 1
Time = 14700 | serial_in = 0 | Internal stream_in = 01101011 | parity_out = 1
Time = 14705 | serial_in = 0 | Internal stream_in = 11010110 | parity_out = 1
Time = 14710 | serial_in = 1 | Internal stream_in = 11010110 | parity_out = 1
Time = 14715 | serial_in = 1 | Internal stream_in = 10101101 | parity_out = 1
Time = 14725 | serial_in = 1 | Internal stream_in = 01011011 | parity_out = 1
Time = 14735 | serial_in = 1 | Internal stream_in = 10110111 | parity_out = 0
Time = 14745 | serial_in = 1 | Internal stream_in = 01101111 | parity_out = 0
Time = 14750 | serial_in = 0 | Internal stream_in = 01101111 | parity_out = 0
Time = 14755 | serial_in = 0 | Internal stream_in = 11011110 | parity_out = 0
Time = 14760 | serial_in = 1 | Internal stream_in = 11011110 | parity_out = 0
Time = 14765 | serial_in = 1 | Internal stream_in = 10111101 | parity_out = 0
Time = 14775 | serial_in = 1 | Internal stream_in = 01111011 | parity_out = 0
Time = 14785 | serial_in = 1 | Internal stream_in = 11110111 | parity_out = 1
Time = 14790 | serial_in = 0 | Internal stream_in = 11110111 | parity_out = 1
Time = 14795 | serial_in = 0 | Internal stream_in = 11101110 | parity_out = 0
Time = 14805 | serial_in = 0 | Internal stream_in = 11011100 | parity_out = 1
Time = 14815 | serial_in = 0 | Internal stream_in = 10111000 | parity_out = 0
Time = 14820 | serial_in = 1 | Internal stream_in = 10111000 | parity_out = 0
Time = 14825 | serial_in = 1 | Internal stream_in = 01110001 | parity_out = 0
Time = 14830 | serial_in = 0 | Internal stream_in = 01110001 | parity_out = 0
Time = 14835 | serial_in = 0 | Internal stream_in = 11100010 | parity_out = 0
Time = 14840 | serial_in = 1 | Internal stream_in = 11100010 | parity_out = 0
Time = 14845 | serial_in = 1 | Internal stream_in = 11000101 | parity_out = 0
Time = 14855 | serial_in = 1 | Internal stream_in = 10001011 | parity_out = 0
Time = 14865 | serial_in = 1 | Internal stream_in = 00010111 | parity_out = 0
Time = 14870 | serial_in = 0 | Internal stream_in = 00010111 | parity_out = 0
Time = 14875 | serial_in = 0 | Internal stream_in = 00101110 | parity_out = 0
Time = 14885 | serial_in = 0 | Internal stream_in = 01011100 | parity_out = 0
Time = 14890 | serial_in = 1 | Internal stream_in = 01011100 | parity_out = 0
Time = 14895 | serial_in = 1 | Internal stream_in = 10111001 | parity_out = 1
Time = 14905 | serial_in = 1 | Internal stream_in = 01110011 | parity_out = 1
Time = 14910 | serial_in = 0 | Internal stream_in = 01110011 | parity_out = 1
Time = 14915 | serial_in = 0 | Internal stream_in = 11100110 | parity_out = 1
Time = 14920 | serial_in = 1 | Internal stream_in = 11100110 | parity_out = 1
Time = 14925 | serial_in = 1 | Internal stream_in = 11001101 | parity_out = 1
Time = 14935 | serial_in = 1 | Internal stream_in = 10011011 | parity_out = 1
Time = 14945 | serial_in = 1 | Internal stream_in = 00110111 | parity_out = 1
Time = 14950 | serial_in = 0 | Internal stream_in = 00110111 | parity_out = 1
Time = 14955 | serial_in = 0 | Internal stream_in = 01101110 | parity_out = 1
Time = 14960 | serial_in = 1 | Internal stream_in = 01101110 | parity_out = 1
Time = 14965 | serial_in = 1 | Internal stream_in = 11011101 | parity_out = 0
Time = 14970 | serial_in = 0 | Internal stream_in = 11011101 | parity_out = 0
Time = 14975 | serial_in = 0 | Internal stream_in = 10111010 | parity_out = 1
Time = 14980 | serial_in = 1 | Internal stream_in = 10111010 | parity_out = 1
Time = 14985 | serial_in = 1 | Internal stream_in = 01110101 | parity_out = 1
Time = 14990 | serial_in = 0 | Internal stream_in = 01110101 | parity_out = 1
Time = 14995 | serial_in = 0 | Internal stream_in = 11101010 | parity_out = 1
Time = 15000 | serial_in = 1 | Internal stream_in = 11101010 | parity_out = 1
Time = 15005 | serial_in = 1 | Internal stream_in = 11010101 | parity_out = 1
Time = 15015 | serial_in = 1 | Internal stream_in = 10101011 | parity_out = 1
Time = 15025 | serial_in = 1 | Internal stream_in = 01010111 | parity_out = 1
Time = 15030 | serial_in = 0 | Internal stream_in = 01010111 | parity_out = 1
Time = 15035 | serial_in = 0 | Internal stream_in = 10101110 | parity_out = 1
Time = 15040 | serial_in = 1 | Internal stream_in = 10101110 | parity_out = 1
Time = 15045 | serial_in = 1 | Internal stream_in = 01011101 | parity_out = 1
Time = 15055 | serial_in = 1 | Internal stream_in = 10111011 | parity_out = 0
Time = 15065 | serial_in = 1 | Internal stream_in = 01110111 | parity_out = 0
Time = 15070 | serial_in = 0 | Internal stream_in = 01110111 | parity_out = 0
Time = 15075 | serial_in = 0 | Internal stream_in = 11101110 | parity_out = 0
Time = 15080 | serial_in = 1 | Internal stream_in = 11101110 | parity_out = 0
Time = 15085 | serial_in = 1 | Internal stream_in = 11011101 | parity_out = 0
Time = 15095 | serial_in = 1 | Internal stream_in = 10111011 | parity_out = 0
Time = 15105 | serial_in = 1 | Internal stream_in = 01110111 | parity_out = 0
Time = 15115 | serial_in = 1 | Internal stream_in = 11101111 | parity_out = 1
Time = 15120 | serial_in = 0 | Internal stream_in = 11101111 | parity_out = 1
Time = 15125 | serial_in = 0 | Internal stream_in = 11011110 | parity_out = 0
Time = 15135 | serial_in = 0 | Internal stream_in = 10111100 | parity_out = 1
Time = 15140 | serial_in = 1 | Internal stream_in = 10111100 | parity_out = 1
Time = 15145 | serial_in = 1 | Internal stream_in = 01111001 | parity_out = 1
Time = 15150 | serial_in = 0 | Internal stream_in = 01111001 | parity_out = 1
Time = 15155 | serial_in = 0 | Internal stream_in = 11110010 | parity_out = 1
Time = 15160 | serial_in = 1 | Internal stream_in = 11110010 | parity_out = 1
Time = 15165 | serial_in = 1 | Internal stream_in = 11100101 | parity_out = 1
Time = 15175 | serial_in = 1 | Internal stream_in = 11001011 | parity_out = 1
Time = 15185 | serial_in = 1 | Internal stream_in = 10010111 | parity_out = 1
Time = 15195 | serial_in = 1 | Internal stream_in = 00101111 | parity_out = 1
Time = 15200 | serial_in = 0 | Internal stream_in = 00101111 | parity_out = 1
Time = 15205 | serial_in = 0 | Internal stream_in = 01011110 | parity_out = 1
Time = 15210 | serial_in = 1 | Internal stream_in = 01011110 | parity_out = 1
Time = 15215 | serial_in = 1 | Internal stream_in = 10111101 | parity_out = 0
Time = 15225 | serial_in = 1 | Internal stream_in = 01111011 | parity_out = 0
Time = 15230 | serial_in = 0 | Internal stream_in = 01111011 | parity_out = 0
Time = 15235 | serial_in = 0 | Internal stream_in = 11110110 | parity_out = 0
Time = 15240 | serial_in = 1 | Internal stream_in = 11110110 | parity_out = 0
Time = 15245 | serial_in = 1 | Internal stream_in = 11101101 | parity_out = 0
Time = 15255 | serial_in = 1 | Internal stream_in = 11011011 | parity_out = 0
Time = 15265 | serial_in = 1 | Internal stream_in = 10110111 | parity_out = 0
Time = 15275 | serial_in = 1 | Internal stream_in = 01101111 | parity_out = 0
Time = 15285 | serial_in = 1 | Internal stream_in = 11011111 | parity_out = 1
Time = 15290 | serial_in = 0 | Internal stream_in = 11011111 | parity_out = 1
Time = 15295 | serial_in = 0 | Internal stream_in = 10111110 | parity_out = 0
Time = 15300 | serial_in = 1 | Internal stream_in = 10111110 | parity_out = 0
Time = 15305 | serial_in = 1 | Internal stream_in = 01111101 | parity_out = 0
Time = 15310 | serial_in = 0 | Internal stream_in = 01111101 | parity_out = 0
Time = 15315 | serial_in = 0 | Internal stream_in = 11111010 | parity_out = 0
Time = 15320 | serial_in = 1 | Internal stream_in = 11111010 | parity_out = 0
Time = 15325 | serial_in = 1 | Internal stream_in = 11110101 | parity_out = 0
Time = 15335 | serial_in = 1 | Internal stream_in = 11101011 | parity_out = 0
Time = 15345 | serial_in = 1 | Internal stream_in = 11010111 | parity_out = 0
Time = 15355 | serial_in = 1 | Internal stream_in = 10101111 | parity_out = 0
Time = 15365 | serial_in = 1 | Internal stream_in = 01011111 | parity_out = 0
Time = 15375 | serial_in = 1 | Internal stream_in = 10111111 | parity_out = 1
Time = 15385 | serial_in = 1 | Internal stream_in = 01111111 | parity_out = 1
Time = 15395 | serial_in = 1 | Internal stream_in = 11111111 | parity_out = 0
Time = 15400 | serial_in = 0 | Internal stream_in = 11111111 | parity_out = 0
Time = 15405 | serial_in = 0 | Internal stream_in = 11111110 | parity_out = 1
Time = 15415 | serial_in = 0 | Internal stream_in = 11111100 | parity_out = 0
Time = 15425 | serial_in = 0 | Internal stream_in = 11111000 | parity_out = 1
Time = 15435 | serial_in = 0 | Internal stream_in = 11110000 | parity_out = 0
Time = 15445 | serial_in = 0 | Internal stream_in = 11100000 | parity_out = 1
Time = 15455 | serial_in = 0 | Internal stream_in = 11000000 | parity_out = 0
Time = 15460 | serial_in = 1 | Internal stream_in = 11000000 | parity_out = 0
Time = 15465 | serial_in = 1 | Internal stream_in = 10000001 | parity_out = 0
Time = 15475 | serial_in = 1 | Internal stream_in = 00000011 | parity_out = 0
Time = 15480 | serial_in = 0 | Internal stream_in = 00000011 | parity_out = 0
Time = 15485 | serial_in = 0 | Internal stream_in = 00000110 | parity_out = 0
Time = 15495 | serial_in = 0 | Internal stream_in = 00001100 | parity_out = 0
Time = 15505 | serial_in = 0 | Internal stream_in = 00011000 | parity_out = 0
Time = 15515 | serial_in = 0 | Internal stream_in = 00110000 | parity_out = 0
Time = 15525 | serial_in = 0 | Internal stream_in = 01100000 | parity_out = 0
Time = 15530 | serial_in = 1 | Internal stream_in = 01100000 | parity_out = 0
Time = 15535 | serial_in = 1 | Internal stream_in = 11000001 | parity_out = 1
Time = 15545 | serial_in = 1 | Internal stream_in = 10000011 | parity_out = 1
Time = 15555 | serial_in = 1 | Internal stream_in = 00000111 | parity_out = 1
Time = 15560 | serial_in = 0 | Internal stream_in = 00000111 | parity_out = 1
Time = 15565 | serial_in = 0 | Internal stream_in = 00001110 | parity_out = 1
Time = 15575 | serial_in = 0 | Internal stream_in = 00011100 | parity_out = 1
Time = 15585 | serial_in = 0 | Internal stream_in = 00111000 | parity_out = 1
Time = 15595 | serial_in = 0 | Internal stream_in = 01110000 | parity_out = 1
Time = 15600 | serial_in = 1 | Internal stream_in = 01110000 | parity_out = 1
Time = 15605 | serial_in = 1 | Internal stream_in = 11100001 | parity_out = 0
Time = 15610 | serial_in = 0 | Internal stream_in = 11100001 | parity_out = 0
Time = 15615 | serial_in = 0 | Internal stream_in = 11000010 | parity_out = 1
Time = 15620 | serial_in = 1 | Internal stream_in = 11000010 | parity_out = 1
Time = 15625 | serial_in = 1 | Internal stream_in = 10000101 | parity_out = 1
Time = 15635 | serial_in = 1 | Internal stream_in = 00001011 | parity_out = 1
Time = 15640 | serial_in = 0 | Internal stream_in = 00001011 | parity_out = 1
Time = 15645 | serial_in = 0 | Internal stream_in = 00010110 | parity_out = 1
Time = 15655 | serial_in = 0 | Internal stream_in = 00101100 | parity_out = 1
Time = 15665 | serial_in = 0 | Internal stream_in = 01011000 | parity_out = 1
Time = 15675 | serial_in = 0 | Internal stream_in = 10110000 | parity_out = 1
Time = 15680 | serial_in = 1 | Internal stream_in = 10110000 | parity_out = 1
Time = 15685 | serial_in = 1 | Internal stream_in = 01100001 | parity_out = 1
Time = 15695 | serial_in = 1 | Internal stream_in = 11000011 | parity_out = 0
Time = 15705 | serial_in = 1 | Internal stream_in = 10000111 | parity_out = 0
Time = 15715 | serial_in = 1 | Internal stream_in = 00001111 | parity_out = 0
Time = 15720 | serial_in = 0 | Internal stream_in = 00001111 | parity_out = 0
Time = 15725 | serial_in = 0 | Internal stream_in = 00011110 | parity_out = 0
Time = 15735 | serial_in = 0 | Internal stream_in = 00111100 | parity_out = 0
Time = 15745 | serial_in = 0 | Internal stream_in = 01111000 | parity_out = 0
Time = 15750 | serial_in = 1 | Internal stream_in = 01111000 | parity_out = 0
Time = 15755 | serial_in = 1 | Internal stream_in = 11110001 | parity_out = 1
Time = 15760 | serial_in = 0 | Internal stream_in = 11110001 | parity_out = 1
Time = 15765 | serial_in = 0 | Internal stream_in = 11100010 | parity_out = 0
Time = 15775 | serial_in = 0 | Internal stream_in = 11000100 | parity_out = 1
Time = 15780 | serial_in = 1 | Internal stream_in = 11000100 | parity_out = 1
Time = 15785 | serial_in = 1 | Internal stream_in = 10001001 | parity_out = 1
Time = 15795 | serial_in = 1 | Internal stream_in = 00010011 | parity_out = 1
Time = 15800 | serial_in = 0 | Internal stream_in = 00010011 | parity_out = 1
Time = 15805 | serial_in = 0 | Internal stream_in = 00100110 | parity_out = 1
Time = 15815 | serial_in = 0 | Internal stream_in = 01001100 | parity_out = 1
Time = 15825 | serial_in = 0 | Internal stream_in = 10011000 | parity_out = 1
Time = 15830 | serial_in = 1 | Internal stream_in = 10011000 | parity_out = 1
Time = 15835 | serial_in = 1 | Internal stream_in = 00110001 | parity_out = 1
Time = 15840 | serial_in = 0 | Internal stream_in = 00110001 | parity_out = 1
Time = 15845 | serial_in = 0 | Internal stream_in = 01100010 | parity_out = 1
Time = 15850 | serial_in = 1 | Internal stream_in = 01100010 | parity_out = 1
Time = 15855 | serial_in = 1 | Internal stream_in = 11000101 | parity_out = 0
Time = 15865 | serial_in = 1 | Internal stream_in = 10001011 | parity_out = 0
Time = 15875 | serial_in = 1 | Internal stream_in = 00010111 | parity_out = 0
Time = 15880 | serial_in = 0 | Internal stream_in = 00010111 | parity_out = 0
Time = 15885 | serial_in = 0 | Internal stream_in = 00101110 | parity_out = 0
Time = 15895 | serial_in = 0 | Internal stream_in = 01011100 | parity_out = 0
Time = 15905 | serial_in = 0 | Internal stream_in = 10111000 | parity_out = 0
Time = 15910 | serial_in = 1 | Internal stream_in = 10111000 | parity_out = 0
Time = 15915 | serial_in = 1 | Internal stream_in = 01110001 | parity_out = 0
Time = 15925 | serial_in = 1 | Internal stream_in = 11100011 | parity_out = 1
Time = 15930 | serial_in = 0 | Internal stream_in = 11100011 | parity_out = 1
Time = 15935 | serial_in = 0 | Internal stream_in = 11000110 | parity_out = 0
Time = 15940 | serial_in = 1 | Internal stream_in = 11000110 | parity_out = 0
Time = 15945 | serial_in = 1 | Internal stream_in = 10001101 | parity_out = 0
Time = 15955 | serial_in = 1 | Internal stream_in = 00011011 | parity_out = 0
Time = 15960 | serial_in = 0 | Internal stream_in = 00011011 | parity_out = 0
Time = 15965 | serial_in = 0 | Internal stream_in = 00110110 | parity_out = 0
Time = 15975 | serial_in = 0 | Internal stream_in = 01101100 | parity_out = 0
Time = 15985 | serial_in = 0 | Internal stream_in = 11011000 | parity_out = 0
Time = 15990 | serial_in = 1 | Internal stream_in = 11011000 | parity_out = 0
Time = 15995 | serial_in = 1 | Internal stream_in = 10110001 | parity_out = 0
Time = 16005 | serial_in = 1 | Internal stream_in = 01100011 | parity_out = 0
Time = 16015 | serial_in = 1 | Internal stream_in = 11000111 | parity_out = 1
Time = 16025 | serial_in = 1 | Internal stream_in = 10001111 | parity_out = 1
Time = 16035 | serial_in = 1 | Internal stream_in = 00011111 | parity_out = 1
Time = 16040 | serial_in = 0 | Internal stream_in = 00011111 | parity_out = 1
Time = 16045 | serial_in = 0 | Internal stream_in = 00111110 | parity_out = 1
Time = 16055 | serial_in = 0 | Internal stream_in = 01111100 | parity_out = 1
Time = 16060 | serial_in = 1 | Internal stream_in = 01111100 | parity_out = 1
Time = 16065 | serial_in = 1 | Internal stream_in = 11111001 | parity_out = 0
Time = 16070 | serial_in = 0 | Internal stream_in = 11111001 | parity_out = 0
Time = 16075 | serial_in = 0 | Internal stream_in = 11110010 | parity_out = 1
Time = 16085 | serial_in = 0 | Internal stream_in = 11100100 | parity_out = 0
Time = 16095 | serial_in = 0 | Internal stream_in = 11001000 | parity_out = 1
Time = 16100 | serial_in = 1 | Internal stream_in = 11001000 | parity_out = 1
Time = 16105 | serial_in = 1 | Internal stream_in = 10010001 | parity_out = 1
Time = 16115 | serial_in = 1 | Internal stream_in = 00100011 | parity_out = 1
Time = 16120 | serial_in = 0 | Internal stream_in = 00100011 | parity_out = 1
Time = 16125 | serial_in = 0 | Internal stream_in = 01000110 | parity_out = 1
Time = 16135 | serial_in = 0 | Internal stream_in = 10001100 | parity_out = 1
Time = 16140 | serial_in = 1 | Internal stream_in = 10001100 | parity_out = 1
Time = 16145 | serial_in = 1 | Internal stream_in = 00011001 | parity_out = 1
Time = 16150 | serial_in = 0 | Internal stream_in = 00011001 | parity_out = 1
Time = 16155 | serial_in = 0 | Internal stream_in = 00110010 | parity_out = 1
Time = 16165 | serial_in = 0 | Internal stream_in = 01100100 | parity_out = 1
Time = 16170 | serial_in = 1 | Internal stream_in = 01100100 | parity_out = 1
Time = 16175 | serial_in = 1 | Internal stream_in = 11001001 | parity_out = 0
Time = 16185 | serial_in = 1 | Internal stream_in = 10010011 | parity_out = 0
Time = 16195 | serial_in = 1 | Internal stream_in = 00100111 | parity_out = 0
Time = 16200 | serial_in = 0 | Internal stream_in = 00100111 | parity_out = 0
Time = 16205 | serial_in = 0 | Internal stream_in = 01001110 | parity_out = 0
Time = 16215 | serial_in = 0 | Internal stream_in = 10011100 | parity_out = 0
Time = 16220 | serial_in = 1 | Internal stream_in = 10011100 | parity_out = 0
Time = 16225 | serial_in = 1 | Internal stream_in = 00111001 | parity_out = 0
Time = 16230 | serial_in = 0 | Internal stream_in = 00111001 | parity_out = 0
Time = 16235 | serial_in = 0 | Internal stream_in = 01110010 | parity_out = 0
Time = 16240 | serial_in = 1 | Internal stream_in = 01110010 | parity_out = 0
Time = 16245 | serial_in = 1 | Internal stream_in = 11100101 | parity_out = 1
Time = 16250 | serial_in = 0 | Internal stream_in = 11100101 | parity_out = 1
Time = 16255 | serial_in = 0 | Internal stream_in = 11001010 | parity_out = 0
Time = 16260 | serial_in = 1 | Internal stream_in = 11001010 | parity_out = 0
Time = 16265 | serial_in = 1 | Internal stream_in = 10010101 | parity_out = 0
Time = 16275 | serial_in = 1 | Internal stream_in = 00101011 | parity_out = 0
Time = 16280 | serial_in = 0 | Internal stream_in = 00101011 | parity_out = 0
Time = 16285 | serial_in = 0 | Internal stream_in = 01010110 | parity_out = 0
Time = 16295 | serial_in = 0 | Internal stream_in = 10101100 | parity_out = 0
Time = 16300 | serial_in = 1 | Internal stream_in = 10101100 | parity_out = 0
Time = 16305 | serial_in = 1 | Internal stream_in = 01011001 | parity_out = 0
Time = 16310 | serial_in = 0 | Internal stream_in = 01011001 | parity_out = 0
Time = 16315 | serial_in = 0 | Internal stream_in = 10110010 | parity_out = 0
Time = 16320 | serial_in = 1 | Internal stream_in = 10110010 | parity_out = 0
Time = 16325 | serial_in = 1 | Internal stream_in = 01100101 | parity_out = 0
Time = 16335 | serial_in = 1 | Internal stream_in = 11001011 | parity_out = 1
Time = 16345 | serial_in = 1 | Internal stream_in = 10010111 | parity_out = 1
Time = 16355 | serial_in = 1 | Internal stream_in = 00101111 | parity_out = 1
Time = 16360 | serial_in = 0 | Internal stream_in = 00101111 | parity_out = 1
Time = 16365 | serial_in = 0 | Internal stream_in = 01011110 | parity_out = 1
Time = 16375 | serial_in = 0 | Internal stream_in = 10111100 | parity_out = 1
Time = 16380 | serial_in = 1 | Internal stream_in = 10111100 | parity_out = 1
Time = 16385 | serial_in = 1 | Internal stream_in = 01111001 | parity_out = 1
Time = 16395 | serial_in = 1 | Internal stream_in = 11110011 | parity_out = 0
Time = 16400 | serial_in = 0 | Internal stream_in = 11110011 | parity_out = 0
Time = 16405 | serial_in = 0 | Internal stream_in = 11100110 | parity_out = 1
Time = 16415 | serial_in = 0 | Internal stream_in = 11001100 | parity_out = 0
Time = 16420 | serial_in = 1 | Internal stream_in = 11001100 | parity_out = 0
Time = 16425 | serial_in = 1 | Internal stream_in = 10011001 | parity_out = 0
Time = 16435 | serial_in = 1 | Internal stream_in = 00110011 | parity_out = 0
Time = 16440 | serial_in = 0 | Internal stream_in = 00110011 | parity_out = 0
Time = 16445 | serial_in = 0 | Internal stream_in = 01100110 | parity_out = 0
Time = 16455 | serial_in = 0 | Internal stream_in = 11001100 | parity_out = 0
Time = 16460 | serial_in = 1 | Internal stream_in = 11001100 | parity_out = 0
Time = 16465 | serial_in = 1 | Internal stream_in = 10011001 | parity_out = 0
Time = 16475 | serial_in = 1 | Internal stream_in = 00110011 | parity_out = 0
Time = 16480 | serial_in = 0 | Internal stream_in = 00110011 | parity_out = 0
Time = 16485 | serial_in = 0 | Internal stream_in = 01100110 | parity_out = 0
Time = 16490 | serial_in = 1 | Internal stream_in = 01100110 | parity_out = 0
Time = 16495 | serial_in = 1 | Internal stream_in = 11001101 | parity_out = 1
Time = 16505 | serial_in = 1 | Internal stream_in = 10011011 | parity_out = 1
Time = 16515 | serial_in = 1 | Internal stream_in = 00110111 | parity_out = 1
Time = 16520 | serial_in = 0 | Internal stream_in = 00110111 | parity_out = 1
Time = 16525 | serial_in = 0 | Internal stream_in = 01101110 | parity_out = 1
Time = 16535 | serial_in = 0 | Internal stream_in = 11011100 | parity_out = 1
Time = 16540 | serial_in = 1 | Internal stream_in = 11011100 | parity_out = 1
Time = 16545 | serial_in = 1 | Internal stream_in = 10111001 | parity_out = 1
Time = 16555 | serial_in = 1 | Internal stream_in = 01110011 | parity_out = 1
Time = 16565 | serial_in = 1 | Internal stream_in = 11100111 | parity_out = 0
Time = 16570 | serial_in = 0 | Internal stream_in = 11100111 | parity_out = 0
Time = 16575 | serial_in = 0 | Internal stream_in = 11001110 | parity_out = 1
Time = 16580 | serial_in = 1 | Internal stream_in = 11001110 | parity_out = 1
Time = 16585 | serial_in = 1 | Internal stream_in = 10011101 | parity_out = 1
Time = 16595 | serial_in = 1 | Internal stream_in = 00111011 | parity_out = 1
Time = 16600 | serial_in = 0 | Internal stream_in = 00111011 | parity_out = 1
Time = 16605 | serial_in = 0 | Internal stream_in = 01110110 | parity_out = 1
Time = 16615 | serial_in = 0 | Internal stream_in = 11101100 | parity_out = 1
Time = 16620 | serial_in = 1 | Internal stream_in = 11101100 | parity_out = 1
Time = 16625 | serial_in = 1 | Internal stream_in = 11011001 | parity_out = 1
Time = 16635 | serial_in = 1 | Internal stream_in = 10110011 | parity_out = 1
Time = 16645 | serial_in = 1 | Internal stream_in = 01100111 | parity_out = 1
Time = 16655 | serial_in = 1 | Internal stream_in = 11001111 | parity_out = 0
Time = 16665 | serial_in = 1 | Internal stream_in = 10011111 | parity_out = 0
Time = 16675 | serial_in = 1 | Internal stream_in = 00111111 | parity_out = 0
Time = 16680 | serial_in = 0 | Internal stream_in = 00111111 | parity_out = 0
Time = 16685 | serial_in = 0 | Internal stream_in = 01111110 | parity_out = 0
Time = 16690 | serial_in = 1 | Internal stream_in = 01111110 | parity_out = 0
Time = 16695 | serial_in = 1 | Internal stream_in = 11111101 | parity_out = 1
Time = 16700 | serial_in = 0 | Internal stream_in = 11111101 | parity_out = 1
Time = 16705 | serial_in = 0 | Internal stream_in = 11111010 | parity_out = 0
Time = 16715 | serial_in = 0 | Internal stream_in = 11110100 | parity_out = 1
Time = 16725 | serial_in = 0 | Internal stream_in = 11101000 | parity_out = 0
Time = 16735 | serial_in = 0 | Internal stream_in = 11010000 | parity_out = 1
Time = 16740 | serial_in = 1 | Internal stream_in = 11010000 | parity_out = 1
Time = 16745 | serial_in = 1 | Internal stream_in = 10100001 | parity_out = 1
Time = 16755 | serial_in = 1 | Internal stream_in = 01000011 | parity_out = 1
Time = 16760 | serial_in = 0 | Internal stream_in = 01000011 | parity_out = 1
Time = 16765 | serial_in = 0 | Internal stream_in = 10000110 | parity_out = 1
Time = 16770 | serial_in = 1 | Internal stream_in = 10000110 | parity_out = 1
Time = 16775 | serial_in = 1 | Internal stream_in = 00001101 | parity_out = 1
Time = 16780 | serial_in = 0 | Internal stream_in = 00001101 | parity_out = 1
Time = 16785 | serial_in = 0 | Internal stream_in = 00011010 | parity_out = 1
Time = 16795 | serial_in = 0 | Internal stream_in = 00110100 | parity_out = 1
Time = 16805 | serial_in = 0 | Internal stream_in = 01101000 | parity_out = 1
Time = 16810 | serial_in = 1 | Internal stream_in = 01101000 | parity_out = 1
Time = 16815 | serial_in = 1 | Internal stream_in = 11010001 | parity_out = 0
Time = 16825 | serial_in = 1 | Internal stream_in = 10100011 | parity_out = 0
Time = 16835 | serial_in = 1 | Internal stream_in = 01000111 | parity_out = 0
Time = 16840 | serial_in = 0 | Internal stream_in = 01000111 | parity_out = 0
Time = 16845 | serial_in = 0 | Internal stream_in = 10001110 | parity_out = 0
Time = 16850 | serial_in = 1 | Internal stream_in = 10001110 | parity_out = 0
Time = 16855 | serial_in = 1 | Internal stream_in = 00011101 | parity_out = 0
Time = 16860 | serial_in = 0 | Internal stream_in = 00011101 | parity_out = 0
Time = 16865 | serial_in = 0 | Internal stream_in = 00111010 | parity_out = 0
Time = 16875 | serial_in = 0 | Internal stream_in = 01110100 | parity_out = 0
Time = 16880 | serial_in = 1 | Internal stream_in = 01110100 | parity_out = 0
Time = 16885 | serial_in = 1 | Internal stream_in = 11101001 | parity_out = 1
Time = 16890 | serial_in = 0 | Internal stream_in = 11101001 | parity_out = 1
Time = 16895 | serial_in = 0 | Internal stream_in = 11010010 | parity_out = 0
Time = 16900 | serial_in = 1 | Internal stream_in = 11010010 | parity_out = 0
Time = 16905 | serial_in = 1 | Internal stream_in = 10100101 | parity_out = 0
Time = 16915 | serial_in = 1 | Internal stream_in = 01001011 | parity_out = 0
Time = 16920 | serial_in = 0 | Internal stream_in = 01001011 | parity_out = 0
Time = 16925 | serial_in = 0 | Internal stream_in = 10010110 | parity_out = 0
Time = 16930 | serial_in = 1 | Internal stream_in = 10010110 | parity_out = 0
Time = 16935 | serial_in = 1 | Internal stream_in = 00101101 | parity_out = 0
Time = 16940 | serial_in = 0 | Internal stream_in = 00101101 | parity_out = 0
Time = 16945 | serial_in = 0 | Internal stream_in = 01011010 | parity_out = 0
Time = 16955 | serial_in = 0 | Internal stream_in = 10110100 | parity_out = 0
Time = 16960 | serial_in = 1 | Internal stream_in = 10110100 | parity_out = 0
Time = 16965 | serial_in = 1 | Internal stream_in = 01101001 | parity_out = 0
Time = 16975 | serial_in = 1 | Internal stream_in = 11010011 | parity_out = 1
Time = 16985 | serial_in = 1 | Internal stream_in = 10100111 | parity_out = 1
Time = 16995 | serial_in = 1 | Internal stream_in = 01001111 | parity_out = 1
Time = 17000 | serial_in = 0 | Internal stream_in = 01001111 | parity_out = 1
Time = 17005 | serial_in = 0 | Internal stream_in = 10011110 | parity_out = 1
Time = 17010 | serial_in = 1 | Internal stream_in = 10011110 | parity_out = 1
Time = 17015 | serial_in = 1 | Internal stream_in = 00111101 | parity_out = 1
Time = 17020 | serial_in = 0 | Internal stream_in = 00111101 | parity_out = 1
Time = 17025 | serial_in = 0 | Internal stream_in = 01111010 | parity_out = 1
Time = 17030 | serial_in = 1 | Internal stream_in = 01111010 | parity_out = 1
Time = 17035 | serial_in = 1 | Internal stream_in = 11110101 | parity_out = 0
Time = 17040 | serial_in = 0 | Internal stream_in = 11110101 | parity_out = 0
Time = 17045 | serial_in = 0 | Internal stream_in = 11101010 | parity_out = 1
Time = 17055 | serial_in = 0 | Internal stream_in = 11010100 | parity_out = 0
Time = 17060 | serial_in = 1 | Internal stream_in = 11010100 | parity_out = 0
Time = 17065 | serial_in = 1 | Internal stream_in = 10101001 | parity_out = 0
Time = 17075 | serial_in = 1 | Internal stream_in = 01010011 | parity_out = 0
Time = 17080 | serial_in = 0 | Internal stream_in = 01010011 | parity_out = 0
Time = 17085 | serial_in = 0 | Internal stream_in = 10100110 | parity_out = 0
Time = 17090 | serial_in = 1 | Internal stream_in = 10100110 | parity_out = 0
Time = 17095 | serial_in = 1 | Internal stream_in = 01001101 | parity_out = 0
Time = 17100 | serial_in = 0 | Internal stream_in = 01001101 | parity_out = 0
Time = 17105 | serial_in = 0 | Internal stream_in = 10011010 | parity_out = 0
Time = 17110 | serial_in = 1 | Internal stream_in = 10011010 | parity_out = 0
Time = 17115 | serial_in = 1 | Internal stream_in = 00110101 | parity_out = 0
Time = 17120 | serial_in = 0 | Internal stream_in = 00110101 | parity_out = 0
Time = 17125 | serial_in = 0 | Internal stream_in = 01101010 | parity_out = 0
Time = 17130 | serial_in = 1 | Internal stream_in = 01101010 | parity_out = 0
Time = 17135 | serial_in = 1 | Internal stream_in = 11010101 | parity_out = 1
Time = 17145 | serial_in = 1 | Internal stream_in = 10101011 | parity_out = 1
Time = 17155 | serial_in = 1 | Internal stream_in = 01010111 | parity_out = 1
Time = 17160 | serial_in = 0 | Internal stream_in = 01010111 | parity_out = 1
Time = 17165 | serial_in = 0 | Internal stream_in = 10101110 | parity_out = 1
Time = 17170 | serial_in = 1 | Internal stream_in = 10101110 | parity_out = 1
Time = 17175 | serial_in = 1 | Internal stream_in = 01011101 | parity_out = 1
Time = 17180 | serial_in = 0 | Internal stream_in = 01011101 | parity_out = 1
Time = 17185 | serial_in = 0 | Internal stream_in = 10111010 | parity_out = 1
Time = 17190 | serial_in = 1 | Internal stream_in = 10111010 | parity_out = 1
Time = 17195 | serial_in = 1 | Internal stream_in = 01110101 | parity_out = 1
Time = 17205 | serial_in = 1 | Internal stream_in = 11101011 | parity_out = 0
Time = 17210 | serial_in = 0 | Internal stream_in = 11101011 | parity_out = 0
Time = 17215 | serial_in = 0 | Internal stream_in = 11010110 | parity_out = 1
Time = 17220 | serial_in = 1 | Internal stream_in = 11010110 | parity_out = 1
Time = 17225 | serial_in = 1 | Internal stream_in = 10101101 | parity_out = 1
Time = 17235 | serial_in = 1 | Internal stream_in = 01011011 | parity_out = 1
Time = 17240 | serial_in = 0 | Internal stream_in = 01011011 | parity_out = 1
Time = 17245 | serial_in = 0 | Internal stream_in = 10110110 | parity_out = 1
Time = 17250 | serial_in = 1 | Internal stream_in = 10110110 | parity_out = 1
Time = 17255 | serial_in = 1 | Internal stream_in = 01101101 | parity_out = 1
Time = 17260 | serial_in = 0 | Internal stream_in = 01101101 | parity_out = 1
Time = 17265 | serial_in = 0 | Internal stream_in = 11011010 | parity_out = 1
Time = 17270 | serial_in = 1 | Internal stream_in = 11011010 | parity_out = 1
Time = 17275 | serial_in = 1 | Internal stream_in = 10110101 | parity_out = 1
Time = 17285 | serial_in = 1 | Internal stream_in = 01101011 | parity_out = 1
Time = 17295 | serial_in = 1 | Internal stream_in = 11010111 | parity_out = 0
Time = 17305 | serial_in = 1 | Internal stream_in = 10101111 | parity_out = 0
Time = 17315 | serial_in = 1 | Internal stream_in = 01011111 | parity_out = 0
Time = 17320 | serial_in = 0 | Internal stream_in = 01011111 | parity_out = 0
Time = 17325 | serial_in = 0 | Internal stream_in = 10111110 | parity_out = 0
Time = 17330 | serial_in = 1 | Internal stream_in = 10111110 | parity_out = 0
Time = 17335 | serial_in = 1 | Internal stream_in = 01111101 | parity_out = 0
Time = 17345 | serial_in = 1 | Internal stream_in = 11111011 | parity_out = 1
Time = 17350 | serial_in = 0 | Internal stream_in = 11111011 | parity_out = 1
Time = 17355 | serial_in = 0 | Internal stream_in = 11110110 | parity_out = 0
Time = 17365 | serial_in = 0 | Internal stream_in = 11101100 | parity_out = 1
Time = 17375 | serial_in = 0 | Internal stream_in = 11011000 | parity_out = 0
Time = 17380 | serial_in = 1 | Internal stream_in = 11011000 | parity_out = 0
Time = 17385 | serial_in = 1 | Internal stream_in = 10110001 | parity_out = 0
Time = 17395 | serial_in = 1 | Internal stream_in = 01100011 | parity_out = 0
Time = 17400 | serial_in = 0 | Internal stream_in = 01100011 | parity_out = 0
Time = 17405 | serial_in = 0 | Internal stream_in = 11000110 | parity_out = 0
Time = 17410 | serial_in = 1 | Internal stream_in = 11000110 | parity_out = 0
Time = 17415 | serial_in = 1 | Internal stream_in = 10001101 | parity_out = 0
Time = 17425 | serial_in = 1 | Internal stream_in = 00011011 | parity_out = 0
Time = 17430 | serial_in = 0 | Internal stream_in = 00011011 | parity_out = 0
Time = 17435 | serial_in = 0 | Internal stream_in = 00110110 | parity_out = 0
Time = 17445 | serial_in = 0 | Internal stream_in = 01101100 | parity_out = 0
Time = 17450 | serial_in = 1 | Internal stream_in = 01101100 | parity_out = 0
Time = 17455 | serial_in = 1 | Internal stream_in = 11011001 | parity_out = 1
Time = 17465 | serial_in = 1 | Internal stream_in = 10110011 | parity_out = 1
Time = 17475 | serial_in = 1 | Internal stream_in = 01100111 | parity_out = 1
Time = 17480 | serial_in = 0 | Internal stream_in = 01100111 | parity_out = 1
Time = 17485 | serial_in = 0 | Internal stream_in = 11001110 | parity_out = 1
Time = 17490 | serial_in = 1 | Internal stream_in = 11001110 | parity_out = 1
Time = 17495 | serial_in = 1 | Internal stream_in = 10011101 | parity_out = 1
Time = 17505 | serial_in = 1 | Internal stream_in = 00111011 | parity_out = 1
Time = 17510 | serial_in = 0 | Internal stream_in = 00111011 | parity_out = 1
Time = 17515 | serial_in = 0 | Internal stream_in = 01110110 | parity_out = 1
Time = 17520 | serial_in = 1 | Internal stream_in = 01110110 | parity_out = 1
Time = 17525 | serial_in = 1 | Internal stream_in = 11101101 | parity_out = 0
Time = 17530 | serial_in = 0 | Internal stream_in = 11101101 | parity_out = 0
Time = 17535 | serial_in = 0 | Internal stream_in = 11011010 | parity_out = 1
Time = 17540 | serial_in = 1 | Internal stream_in = 11011010 | parity_out = 1
Time = 17545 | serial_in = 1 | Internal stream_in = 10110101 | parity_out = 1
Time = 17555 | serial_in = 1 | Internal stream_in = 01101011 | parity_out = 1
Time = 17560 | serial_in = 0 | Internal stream_in = 01101011 | parity_out = 1
Time = 17565 | serial_in = 0 | Internal stream_in = 11010110 | parity_out = 1
Time = 17570 | serial_in = 1 | Internal stream_in = 11010110 | parity_out = 1
Time = 17575 | serial_in = 1 | Internal stream_in = 10101101 | parity_out = 1
Time = 17585 | serial_in = 1 | Internal stream_in = 01011011 | parity_out = 1
Time = 17590 | serial_in = 0 | Internal stream_in = 01011011 | parity_out = 1
Time = 17595 | serial_in = 0 | Internal stream_in = 10110110 | parity_out = 1
Time = 17600 | serial_in = 1 | Internal stream_in = 10110110 | parity_out = 1
Time = 17605 | serial_in = 1 | Internal stream_in = 01101101 | parity_out = 1
Time = 17615 | serial_in = 1 | Internal stream_in = 11011011 | parity_out = 0
Time = 17625 | serial_in = 1 | Internal stream_in = 10110111 | parity_out = 0
Time = 17635 | serial_in = 1 | Internal stream_in = 01101111 | parity_out = 0
Time = 17640 | serial_in = 0 | Internal stream_in = 01101111 | parity_out = 0
Time = 17645 | serial_in = 0 | Internal stream_in = 11011110 | parity_out = 0
Time = 17650 | serial_in = 1 | Internal stream_in = 11011110 | parity_out = 0
Time = 17655 | serial_in = 1 | Internal stream_in = 10111101 | parity_out = 0
Time = 17665 | serial_in = 1 | Internal stream_in = 01111011 | parity_out = 0
Time = 17675 | serial_in = 1 | Internal stream_in = 11110111 | parity_out = 1
Time = 17680 | serial_in = 0 | Internal stream_in = 11110111 | parity_out = 1
Time = 17685 | serial_in = 0 | Internal stream_in = 11101110 | parity_out = 0
Time = 17695 | serial_in = 0 | Internal stream_in = 11011100 | parity_out = 1
Time = 17700 | serial_in = 1 | Internal stream_in = 11011100 | parity_out = 1
Time = 17705 | serial_in = 1 | Internal stream_in = 10111001 | parity_out = 1
Time = 17715 | serial_in = 1 | Internal stream_in = 01110011 | parity_out = 1
Time = 17720 | serial_in = 0 | Internal stream_in = 01110011 | parity_out = 1
Time = 17725 | serial_in = 0 | Internal stream_in = 11100110 | parity_out = 1
Time = 17730 | serial_in = 1 | Internal stream_in = 11100110 | parity_out = 1
Time = 17735 | serial_in = 1 | Internal stream_in = 11001101 | parity_out = 1
Time = 17745 | serial_in = 1 | Internal stream_in = 10011011 | parity_out = 1
Time = 17755 | serial_in = 1 | Internal stream_in = 00110111 | parity_out = 1
Time = 17760 | serial_in = 0 | Internal stream_in = 00110111 | parity_out = 1
Time = 17765 | serial_in = 0 | Internal stream_in = 01101110 | parity_out = 1
Time = 17770 | serial_in = 1 | Internal stream_in = 01101110 | parity_out = 1
Time = 17775 | serial_in = 1 | Internal stream_in = 11011101 | parity_out = 0
Time = 17785 | serial_in = 1 | Internal stream_in = 10111011 | parity_out = 0
Time = 17795 | serial_in = 1 | Internal stream_in = 01110111 | parity_out = 0
Time = 17800 | serial_in = 0 | Internal stream_in = 01110111 | parity_out = 0
Time = 17805 | serial_in = 0 | Internal stream_in = 11101110 | parity_out = 0
Time = 17810 | serial_in = 1 | Internal stream_in = 11101110 | parity_out = 0
Time = 17815 | serial_in = 1 | Internal stream_in = 11011101 | parity_out = 0
Time = 17825 | serial_in = 1 | Internal stream_in = 10111011 | parity_out = 0
Time = 17835 | serial_in = 1 | Internal stream_in = 01110111 | parity_out = 0
Time = 17845 | serial_in = 1 | Internal stream_in = 11101111 | parity_out = 1
Time = 17850 | serial_in = 0 | Internal stream_in = 11101111 | parity_out = 1
Time = 17855 | serial_in = 0 | Internal stream_in = 11011110 | parity_out = 0
Time = 17860 | serial_in = 1 | Internal stream_in = 11011110 | parity_out = 0
Time = 17865 | serial_in = 1 | Internal stream_in = 10111101 | parity_out = 0
Time = 17875 | serial_in = 1 | Internal stream_in = 01111011 | parity_out = 0
Time = 17880 | serial_in = 0 | Internal stream_in = 01111011 | parity_out = 0
Time = 17885 | serial_in = 0 | Internal stream_in = 11110110 | parity_out = 0
Time = 17890 | serial_in = 1 | Internal stream_in = 11110110 | parity_out = 0
Time = 17895 | serial_in = 1 | Internal stream_in = 11101101 | parity_out = 0
Time = 17905 | serial_in = 1 | Internal stream_in = 11011011 | parity_out = 0
Time = 17915 | serial_in = 1 | Internal stream_in = 10110111 | parity_out = 0
Time = 17925 | serial_in = 1 | Internal stream_in = 01101111 | parity_out = 0
Time = 17935 | serial_in = 1 | Internal stream_in = 11011111 | parity_out = 1
Time = 17945 | serial_in = 1 | Internal stream_in = 10111111 | parity_out = 1
Time = 17955 | serial_in = 1 | Internal stream_in = 01111111 | parity_out = 1
Time = 17965 | serial_in = 1 | Internal stream_in = 11111111 | parity_out = 0
Time = 17970 | serial_in = 0 | Internal stream_in = 11111111 | parity_out = 0
Time = 17975 | serial_in = 0 | Internal stream_in = 11111110 | parity_out = 1
Time = 17985 | serial_in = 0 | Internal stream_in = 11111100 | parity_out = 0
Time = 17995 | serial_in = 0 | Internal stream_in = 11111000 | parity_out = 1
Time = 18005 | serial_in = 0 | Internal stream_in = 11110000 | parity_out = 0
Time = 18015 | serial_in = 0 | Internal stream_in = 11100000 | parity_out = 1
Time = 18020 | serial_in = 1 | Internal stream_in = 11100000 | parity_out = 1
Time = 18025 | serial_in = 1 | Internal stream_in = 11000001 | parity_out = 1
Time = 18035 | serial_in = 1 | Internal stream_in = 10000011 | parity_out = 1
Time = 18045 | serial_in = 1 | Internal stream_in = 00000111 | parity_out = 1
Time = 18050 | serial_in = 0 | Internal stream_in = 00000111 | parity_out = 1
Time = 18055 | serial_in = 0 | Internal stream_in = 00001110 | parity_out = 1
Time = 18065 | serial_in = 0 | Internal stream_in = 00011100 | parity_out = 1
Time = 18075 | serial_in = 0 | Internal stream_in = 00111000 | parity_out = 1
Time = 18085 | serial_in = 0 | Internal stream_in = 01110000 | parity_out = 1
Time = 18090 | serial_in = 1 | Internal stream_in = 01110000 | parity_out = 1
Time = 18095 | serial_in = 1 | Internal stream_in = 11100001 | parity_out = 0
Time = 18105 | serial_in = 1 | Internal stream_in = 11000011 | parity_out = 0
Time = 18115 | serial_in = 1 | Internal stream_in = 10000111 | parity_out = 0
Time = 18125 | serial_in = 1 | Internal stream_in = 00001111 | parity_out = 0
Time = 18130 | serial_in = 0 | Internal stream_in = 00001111 | parity_out = 0
Time = 18135 | serial_in = 0 | Internal stream_in = 00011110 | parity_out = 0
Time = 18145 | serial_in = 0 | Internal stream_in = 00111100 | parity_out = 0
Time = 18155 | serial_in = 0 | Internal stream_in = 01111000 | parity_out = 0
Time = 18160 | serial_in = 1 | Internal stream_in = 01111000 | parity_out = 0
Time = 18165 | serial_in = 1 | Internal stream_in = 11110001 | parity_out = 1
Time = 18170 | serial_in = 0 | Internal stream_in = 11110001 | parity_out = 1
Time = 18175 | serial_in = 0 | Internal stream_in = 11100010 | parity_out = 0
Time = 18180 | serial_in = 1 | Internal stream_in = 11100010 | parity_out = 0
Time = 18185 | serial_in = 1 | Internal stream_in = 11000101 | parity_out = 0
Time = 18195 | serial_in = 1 | Internal stream_in = 10001011 | parity_out = 0
Time = 18205 | serial_in = 1 | Internal stream_in = 00010111 | parity_out = 0
Time = 18210 | serial_in = 0 | Internal stream_in = 00010111 | parity_out = 0
Time = 18215 | serial_in = 0 | Internal stream_in = 00101110 | parity_out = 0
Time = 18225 | serial_in = 0 | Internal stream_in = 01011100 | parity_out = 0
Time = 18235 | serial_in = 0 | Internal stream_in = 10111000 | parity_out = 0
Time = 18240 | serial_in = 1 | Internal stream_in = 10111000 | parity_out = 0
Time = 18245 | serial_in = 1 | Internal stream_in = 01110001 | parity_out = 0
Time = 18255 | serial_in = 1 | Internal stream_in = 11100011 | parity_out = 1
Time = 18265 | serial_in = 1 | Internal stream_in = 11000111 | parity_out = 1
Time = 18275 | serial_in = 1 | Internal stream_in = 10001111 | parity_out = 1
Time = 18285 | serial_in = 1 | Internal stream_in = 00011111 | parity_out = 1
Time = 18290 | serial_in = 0 | Internal stream_in = 00011111 | parity_out = 1
Time = 18295 | serial_in = 0 | Internal stream_in = 00111110 | parity_out = 1
Time = 18305 | serial_in = 0 | Internal stream_in = 01111100 | parity_out = 1
Time = 18310 | serial_in = 1 | Internal stream_in = 01111100 | parity_out = 1
Time = 18315 | serial_in = 1 | Internal stream_in = 11111001 | parity_out = 0
Time = 18320 | serial_in = 0 | Internal stream_in = 11111001 | parity_out = 0
Time = 18325 | serial_in = 0 | Internal stream_in = 11110010 | parity_out = 1
Time = 18335 | serial_in = 0 | Internal stream_in = 11100100 | parity_out = 0
Time = 18340 | serial_in = 1 | Internal stream_in = 11100100 | parity_out = 0
Time = 18345 | serial_in = 1 | Internal stream_in = 11001001 | parity_out = 0
Time = 18355 | serial_in = 1 | Internal stream_in = 10010011 | parity_out = 0
Time = 18365 | serial_in = 1 | Internal stream_in = 00100111 | parity_out = 0
Time = 18370 | serial_in = 0 | Internal stream_in = 00100111 | parity_out = 0
Time = 18375 | serial_in = 0 | Internal stream_in = 01001110 | parity_out = 0
Time = 18385 | serial_in = 0 | Internal stream_in = 10011100 | parity_out = 0
Time = 18390 | serial_in = 1 | Internal stream_in = 10011100 | parity_out = 0
Time = 18395 | serial_in = 1 | Internal stream_in = 00111001 | parity_out = 0
Time = 18400 | serial_in = 0 | Internal stream_in = 00111001 | parity_out = 0
Time = 18405 | serial_in = 0 | Internal stream_in = 01110010 | parity_out = 0
Time = 18410 | serial_in = 1 | Internal stream_in = 01110010 | parity_out = 0
Time = 18415 | serial_in = 1 | Internal stream_in = 11100101 | parity_out = 1
Time = 18425 | serial_in = 1 | Internal stream_in = 11001011 | parity_out = 1
Time = 18435 | serial_in = 1 | Internal stream_in = 10010111 | parity_out = 1
Time = 18445 | serial_in = 1 | Internal stream_in = 00101111 | parity_out = 1
Time = 18450 | serial_in = 0 | Internal stream_in = 00101111 | parity_out = 1
Time = 18455 | serial_in = 0 | Internal stream_in = 01011110 | parity_out = 1
Time = 18465 | serial_in = 0 | Internal stream_in = 10111100 | parity_out = 1
Time = 18470 | serial_in = 1 | Internal stream_in = 10111100 | parity_out = 1
Time = 18475 | serial_in = 1 | Internal stream_in = 01111001 | parity_out = 1
Time = 18485 | serial_in = 1 | Internal stream_in = 11110011 | parity_out = 0
Time = 18490 | serial_in = 0 | Internal stream_in = 11110011 | parity_out = 0
Time = 18495 | serial_in = 0 | Internal stream_in = 11100110 | parity_out = 1
Time = 18500 | serial_in = 1 | Internal stream_in = 11100110 | parity_out = 1
Time = 18505 | serial_in = 1 | Internal stream_in = 11001101 | parity_out = 1
Time = 18515 | serial_in = 1 | Internal stream_in = 10011011 | parity_out = 1
Time = 18525 | serial_in = 1 | Internal stream_in = 00110111 | parity_out = 1
Time = 18530 | serial_in = 0 | Internal stream_in = 00110111 | parity_out = 1
Time = 18535 | serial_in = 0 | Internal stream_in = 01101110 | parity_out = 1
Time = 18545 | serial_in = 0 | Internal stream_in = 11011100 | parity_out = 1
Time = 18550 | serial_in = 1 | Internal stream_in = 11011100 | parity_out = 1
Time = 18555 | serial_in = 1 | Internal stream_in = 10111001 | parity_out = 1
Time = 18565 | serial_in = 1 | Internal stream_in = 01110011 | parity_out = 1
Time = 18575 | serial_in = 1 | Internal stream_in = 11100111 | parity_out = 0
Time = 18585 | serial_in = 1 | Internal stream_in = 11001111 | parity_out = 0
Time = 18595 | serial_in = 1 | Internal stream_in = 10011111 | parity_out = 0
Time = 18605 | serial_in = 1 | Internal stream_in = 00111111 | parity_out = 0
Time = 18610 | serial_in = 0 | Internal stream_in = 00111111 | parity_out = 0
Time = 18615 | serial_in = 0 | Internal stream_in = 01111110 | parity_out = 0
Time = 18620 | serial_in = 1 | Internal stream_in = 01111110 | parity_out = 0
Time = 18625 | serial_in = 1 | Internal stream_in = 11111101 | parity_out = 1
Time = 18630 | serial_in = 0 | Internal stream_in = 11111101 | parity_out = 1
Time = 18635 | serial_in = 0 | Internal stream_in = 11111010 | parity_out = 0
Time = 18645 | serial_in = 0 | Internal stream_in = 11110100 | parity_out = 1
Time = 18655 | serial_in = 0 | Internal stream_in = 11101000 | parity_out = 0
Time = 18660 | serial_in = 1 | Internal stream_in = 11101000 | parity_out = 0
Time = 18665 | serial_in = 1 | Internal stream_in = 11010001 | parity_out = 0
Time = 18675 | serial_in = 1 | Internal stream_in = 10100011 | parity_out = 0
Time = 18685 | serial_in = 1 | Internal stream_in = 01000111 | parity_out = 0
Time = 18690 | serial_in = 0 | Internal stream_in = 01000111 | parity_out = 0
Time = 18695 | serial_in = 0 | Internal stream_in = 10001110 | parity_out = 0
Time = 18700 | serial_in = 1 | Internal stream_in = 10001110 | parity_out = 0
Time = 18705 | serial_in = 1 | Internal stream_in = 00011101 | parity_out = 0
Time = 18710 | serial_in = 0 | Internal stream_in = 00011101 | parity_out = 0
Time = 18715 | serial_in = 0 | Internal stream_in = 00111010 | parity_out = 0
Time = 18725 | serial_in = 0 | Internal stream_in = 01110100 | parity_out = 0
Time = 18730 | serial_in = 1 | Internal stream_in = 01110100 | parity_out = 0
Time = 18735 | serial_in = 1 | Internal stream_in = 11101001 | parity_out = 1
Time = 18745 | serial_in = 1 | Internal stream_in = 11010011 | parity_out = 1
Time = 18755 | serial_in = 1 | Internal stream_in = 10100111 | parity_out = 1
Time = 18765 | serial_in = 1 | Internal stream_in = 01001111 | parity_out = 1
Time = 18770 | serial_in = 0 | Internal stream_in = 01001111 | parity_out = 1
Time = 18775 | serial_in = 0 | Internal stream_in = 10011110 | parity_out = 1
Time = 18780 | serial_in = 1 | Internal stream_in = 10011110 | parity_out = 1
Time = 18785 | serial_in = 1 | Internal stream_in = 00111101 | parity_out = 1
Time = 18790 | serial_in = 0 | Internal stream_in = 00111101 | parity_out = 1
Time = 18795 | serial_in = 0 | Internal stream_in = 01111010 | parity_out = 1
Time = 18800 | serial_in = 1 | Internal stream_in = 01111010 | parity_out = 1
Time = 18805 | serial_in = 1 | Internal stream_in = 11110101 | parity_out = 0
Time = 18810 | serial_in = 0 | Internal stream_in = 11110101 | parity_out = 0
Time = 18815 | serial_in = 0 | Internal stream_in = 11101010 | parity_out = 1
Time = 18820 | serial_in = 1 | Internal stream_in = 11101010 | parity_out = 1
Time = 18825 | serial_in = 1 | Internal stream_in = 11010101 | parity_out = 1
Time = 18835 | serial_in = 1 | Internal stream_in = 10101011 | parity_out = 1
Time = 18845 | serial_in = 1 | Internal stream_in = 01010111 | parity_out = 1
Time = 18850 | serial_in = 0 | Internal stream_in = 01010111 | parity_out = 1
Time = 18855 | serial_in = 0 | Internal stream_in = 10101110 | parity_out = 1
Time = 18860 | serial_in = 1 | Internal stream_in = 10101110 | parity_out = 1
Time = 18865 | serial_in = 1 | Internal stream_in = 01011101 | parity_out = 1
Time = 18870 | serial_in = 0 | Internal stream_in = 01011101 | parity_out = 1
Time = 18875 | serial_in = 0 | Internal stream_in = 10111010 | parity_out = 1
Time = 18880 | serial_in = 1 | Internal stream_in = 10111010 | parity_out = 1
Time = 18885 | serial_in = 1 | Internal stream_in = 01110101 | parity_out = 1
Time = 18895 | serial_in = 1 | Internal stream_in = 11101011 | parity_out = 0
Time = 18905 | serial_in = 1 | Internal stream_in = 11010111 | parity_out = 0
Time = 18915 | serial_in = 1 | Internal stream_in = 10101111 | parity_out = 0
Time = 18925 | serial_in = 1 | Internal stream_in = 01011111 | parity_out = 0
Time = 18930 | serial_in = 0 | Internal stream_in = 01011111 | parity_out = 0
Time = 18935 | serial_in = 0 | Internal stream_in = 10111110 | parity_out = 0
Time = 18940 | serial_in = 1 | Internal stream_in = 10111110 | parity_out = 0
Time = 18945 | serial_in = 1 | Internal stream_in = 01111101 | parity_out = 0
Time = 18955 | serial_in = 1 | Internal stream_in = 11111011 | parity_out = 1
Time = 18960 | serial_in = 0 | Internal stream_in = 11111011 | parity_out = 1
Time = 18965 | serial_in = 0 | Internal stream_in = 11110110 | parity_out = 0
Time = 18975 | serial_in = 0 | Internal stream_in = 11101100 | parity_out = 1
Time = 18980 | serial_in = 1 | Internal stream_in = 11101100 | parity_out = 1
Time = 18985 | serial_in = 1 | Internal stream_in = 11011001 | parity_out = 1
Time = 18995 | serial_in = 1 | Internal stream_in = 10110011 | parity_out = 1
Time = 19005 | serial_in = 1 | Internal stream_in = 01100111 | parity_out = 1
Time = 19010 | serial_in = 0 | Internal stream_in = 01100111 | parity_out = 1
Time = 19015 | serial_in = 0 | Internal stream_in = 11001110 | parity_out = 1
Time = 19020 | serial_in = 1 | Internal stream_in = 11001110 | parity_out = 1
Time = 19025 | serial_in = 1 | Internal stream_in = 10011101 | parity_out = 1
Time = 19035 | serial_in = 1 | Internal stream_in = 00111011 | parity_out = 1
Time = 19040 | serial_in = 0 | Internal stream_in = 00111011 | parity_out = 1
Time = 19045 | serial_in = 0 | Internal stream_in = 01110110 | parity_out = 1
Time = 19050 | serial_in = 1 | Internal stream_in = 01110110 | parity_out = 1
Time = 19055 | serial_in = 1 | Internal stream_in = 11101101 | parity_out = 0
Time = 19065 | serial_in = 1 | Internal stream_in = 11011011 | parity_out = 0
Time = 19075 | serial_in = 1 | Internal stream_in = 10110111 | parity_out = 0
Time = 19085 | serial_in = 1 | Internal stream_in = 01101111 | parity_out = 0
Time = 19090 | serial_in = 0 | Internal stream_in = 01101111 | parity_out = 0
Time = 19095 | serial_in = 0 | Internal stream_in = 11011110 | parity_out = 0
Time = 19100 | serial_in = 1 | Internal stream_in = 11011110 | parity_out = 0
Time = 19105 | serial_in = 1 | Internal stream_in = 10111101 | parity_out = 0
Time = 19115 | serial_in = 1 | Internal stream_in = 01111011 | parity_out = 0
Time = 19125 | serial_in = 1 | Internal stream_in = 11110111 | parity_out = 1
Time = 19130 | serial_in = 0 | Internal stream_in = 11110111 | parity_out = 1
Time = 19135 | serial_in = 0 | Internal stream_in = 11101110 | parity_out = 0
Time = 19140 | serial_in = 1 | Internal stream_in = 11101110 | parity_out = 0
Time = 19145 | serial_in = 1 | Internal stream_in = 11011101 | parity_out = 0
Time = 19155 | serial_in = 1 | Internal stream_in = 10111011 | parity_out = 0
Time = 19165 | serial_in = 1 | Internal stream_in = 01110111 | parity_out = 0
Time = 19170 | serial_in = 0 | Internal stream_in = 01110111 | parity_out = 0
Time = 19175 | serial_in = 0 | Internal stream_in = 11101110 | parity_out = 0
Time = 19180 | serial_in = 1 | Internal stream_in = 11101110 | parity_out = 0
Time = 19185 | serial_in = 1 | Internal stream_in = 11011101 | parity_out = 0
Time = 19195 | serial_in = 1 | Internal stream_in = 10111011 | parity_out = 0
Time = 19205 | serial_in = 1 | Internal stream_in = 01110111 | parity_out = 0
Time = 19215 | serial_in = 1 | Internal stream_in = 11101111 | parity_out = 1
Time = 19225 | serial_in = 1 | Internal stream_in = 11011111 | parity_out = 1
Time = 19235 | serial_in = 1 | Internal stream_in = 10111111 | parity_out = 1
Time = 19245 | serial_in = 1 | Internal stream_in = 01111111 | parity_out = 1
Time = 19255 | serial_in = 1 | Internal stream_in = 11111111 | parity_out = 0
Time = 19260 | serial_in = 0 | Internal stream_in = 11111111 | parity_out = 0
Time = 19265 | serial_in = 0 | Internal stream_in = 11111110 | parity_out = 1
Time = 19275 | serial_in = 0 | Internal stream_in = 11111100 | parity_out = 0
Time = 19285 | serial_in = 0 | Internal stream_in = 11111000 | parity_out = 1
Time = 19295 | serial_in = 0 | Internal stream_in = 11110000 | parity_out = 0
Time = 19300 | serial_in = 1 | Internal stream_in = 11110000 | parity_out = 0
Time = 19305 | serial_in = 1 | Internal stream_in = 11100001 | parity_out = 0
Time = 19315 | serial_in = 1 | Internal stream_in = 11000011 | parity_out = 0
Time = 19325 | serial_in = 1 | Internal stream_in = 10000111 | parity_out = 0
Time = 19335 | serial_in = 1 | Internal stream_in = 00001111 | parity_out = 0
Time = 19340 | serial_in = 0 | Internal stream_in = 00001111 | parity_out = 0
Time = 19345 | serial_in = 0 | Internal stream_in = 00011110 | parity_out = 0
Time = 19355 | serial_in = 0 | Internal stream_in = 00111100 | parity_out = 0
Time = 19365 | serial_in = 0 | Internal stream_in = 01111000 | parity_out = 0
Time = 19370 | serial_in = 1 | Internal stream_in = 01111000 | parity_out = 0
Time = 19375 | serial_in = 1 | Internal stream_in = 11110001 | parity_out = 1
Time = 19385 | serial_in = 1 | Internal stream_in = 11100011 | parity_out = 1
Time = 19395 | serial_in = 1 | Internal stream_in = 11000111 | parity_out = 1
Time = 19405 | serial_in = 1 | Internal stream_in = 10001111 | parity_out = 1
Time = 19415 | serial_in = 1 | Internal stream_in = 00011111 | parity_out = 1
Time = 19420 | serial_in = 0 | Internal stream_in = 00011111 | parity_out = 1
Time = 19425 | serial_in = 0 | Internal stream_in = 00111110 | parity_out = 1
Time = 19435 | serial_in = 0 | Internal stream_in = 01111100 | parity_out = 1
Time = 19440 | serial_in = 1 | Internal stream_in = 01111100 | parity_out = 1
Time = 19445 | serial_in = 1 | Internal stream_in = 11111001 | parity_out = 0
Time = 19450 | serial_in = 0 | Internal stream_in = 11111001 | parity_out = 0
Time = 19455 | serial_in = 0 | Internal stream_in = 11110010 | parity_out = 1
Time = 19460 | serial_in = 1 | Internal stream_in = 11110010 | parity_out = 1
Time = 19465 | serial_in = 1 | Internal stream_in = 11100101 | parity_out = 1
Time = 19475 | serial_in = 1 | Internal stream_in = 11001011 | parity_out = 1
Time = 19485 | serial_in = 1 | Internal stream_in = 10010111 | parity_out = 1
Time = 19495 | serial_in = 1 | Internal stream_in = 00101111 | parity_out = 1
Time = 19500 | serial_in = 0 | Internal stream_in = 00101111 | parity_out = 1
Time = 19505 | serial_in = 0 | Internal stream_in = 01011110 | parity_out = 1
Time = 19515 | serial_in = 0 | Internal stream_in = 10111100 | parity_out = 1
Time = 19520 | serial_in = 1 | Internal stream_in = 10111100 | parity_out = 1
Time = 19525 | serial_in = 1 | Internal stream_in = 01111001 | parity_out = 1
Time = 19535 | serial_in = 1 | Internal stream_in = 11110011 | parity_out = 0
Time = 19545 | serial_in = 1 | Internal stream_in = 11100111 | parity_out = 0
Time = 19555 | serial_in = 1 | Internal stream_in = 11001111 | parity_out = 0
Time = 19565 | serial_in = 1 | Internal stream_in = 10011111 | parity_out = 0
Time = 19575 | serial_in = 1 | Internal stream_in = 00111111 | parity_out = 0
Time = 19580 | serial_in = 0 | Internal stream_in = 00111111 | parity_out = 0
Time = 19585 | serial_in = 0 | Internal stream_in = 01111110 | parity_out = 0
Time = 19590 | serial_in = 1 | Internal stream_in = 01111110 | parity_out = 0
Time = 19595 | serial_in = 1 | Internal stream_in = 11111101 | parity_out = 1
Time = 19600 | serial_in = 0 | Internal stream_in = 11111101 | parity_out = 1
Time = 19605 | serial_in = 0 | Internal stream_in = 11111010 | parity_out = 0
Time = 19615 | serial_in = 0 | Internal stream_in = 11110100 | parity_out = 1
Time = 19620 | serial_in = 1 | Internal stream_in = 11110100 | parity_out = 1
Time = 19625 | serial_in = 1 | Internal stream_in = 11101001 | parity_out = 1
Time = 19635 | serial_in = 1 | Internal stream_in = 11010011 | parity_out = 1
Time = 19645 | serial_in = 1 | Internal stream_in = 10100111 | parity_out = 1
Time = 19655 | serial_in = 1 | Internal stream_in = 01001111 | parity_out = 1
Time = 19660 | serial_in = 0 | Internal stream_in = 01001111 | parity_out = 1
Time = 19665 | serial_in = 0 | Internal stream_in = 10011110 | parity_out = 1
Time = 19670 | serial_in = 1 | Internal stream_in = 10011110 | parity_out = 1
Time = 19675 | serial_in = 1 | Internal stream_in = 00111101 | parity_out = 1
Time = 19680 | serial_in = 0 | Internal stream_in = 00111101 | parity_out = 1
Time = 19685 | serial_in = 0 | Internal stream_in = 01111010 | parity_out = 1
Time = 19690 | serial_in = 1 | Internal stream_in = 01111010 | parity_out = 1
Time = 19695 | serial_in = 1 | Internal stream_in = 11110101 | parity_out = 0
Time = 19705 | serial_in = 1 | Internal stream_in = 11101011 | parity_out = 0
Time = 19715 | serial_in = 1 | Internal stream_in = 11010111 | parity_out = 0
Time = 19725 | serial_in = 1 | Internal stream_in = 10101111 | parity_out = 0
Time = 19735 | serial_in = 1 | Internal stream_in = 01011111 | parity_out = 0
Time = 19740 | serial_in = 0 | Internal stream_in = 01011111 | parity_out = 0
Time = 19745 | serial_in = 0 | Internal stream_in = 10111110 | parity_out = 0
Time = 19750 | serial_in = 1 | Internal stream_in = 10111110 | parity_out = 0
Time = 19755 | serial_in = 1 | Internal stream_in = 01111101 | parity_out = 0
Time = 19765 | serial_in = 1 | Internal stream_in = 11111011 | parity_out = 1
Time = 19770 | serial_in = 0 | Internal stream_in = 11111011 | parity_out = 1
Time = 19775 | serial_in = 0 | Internal stream_in = 11110110 | parity_out = 0
Time = 19780 | serial_in = 1 | Internal stream_in = 11110110 | parity_out = 0
Time = 19785 | serial_in = 1 | Internal stream_in = 11101101 | parity_out = 0
Time = 19795 | serial_in = 1 | Internal stream_in = 11011011 | parity_out = 0
Time = 19805 | serial_in = 1 | Internal stream_in = 10110111 | parity_out = 0
Time = 19815 | serial_in = 1 | Internal stream_in = 01101111 | parity_out = 0
Time = 19820 | serial_in = 0 | Internal stream_in = 01101111 | parity_out = 0
Time = 19825 | serial_in = 0 | Internal stream_in = 11011110 | parity_out = 0
Time = 19830 | serial_in = 1 | Internal stream_in = 11011110 | parity_out = 0
Time = 19835 | serial_in = 1 | Internal stream_in = 10111101 | parity_out = 0
Time = 19845 | serial_in = 1 | Internal stream_in = 01111011 | parity_out = 0
Time = 19855 | serial_in = 1 | Internal stream_in = 11110111 | parity_out = 1
Time = 19865 | serial_in = 1 | Internal stream_in = 11101111 | parity_out = 1
Time = 19875 | serial_in = 1 | Internal stream_in = 11011111 | parity_out = 1
Time = 19885 | serial_in = 1 | Internal stream_in = 10111111 | parity_out = 1
Time = 19895 | serial_in = 1 | Internal stream_in = 01111111 | parity_out = 1
Time = 19905 | serial_in = 1 | Internal stream_in = 11111111 | parity_out = 0
Time = 19910 | serial_in = 0 | Internal stream_in = 11111111 | parity_out = 0
Time = 19915 | serial_in = 0 | Internal stream_in = 11111110 | parity_out = 1
Time = 19925 | serial_in = 0 | Internal stream_in = 11111100 | parity_out = 0
Time = 19935 | serial_in = 0 | Internal stream_in = 11111000 | parity_out = 1
Time = 19940 | serial_in = 1 | Internal stream_in = 11111000 | parity_out = 1
Time = 19945 | serial_in = 1 | Internal stream_in = 11110001 | parity_out = 1
Time = 19955 | serial_in = 1 | Internal stream_in = 11100011 | parity_out = 1
Time = 19965 | serial_in = 1 | Internal stream_in = 11000111 | parity_out = 1
Time = 19975 | serial_in = 1 | Internal stream_in = 10001111 | parity_out = 1
Time = 19985 | serial_in = 1 | Internal stream_in = 00011111 | parity_out = 1
Time = 19990 | serial_in = 0 | Internal stream_in = 00011111 | parity_out = 1
Time = 19995 | serial_in = 0 | Internal stream_in = 00111110 | parity_out = 1
Time = 20005 | serial_in = 0 | Internal stream_in = 01111100 | parity_out = 1
Time = 20010 | serial_in = 1 | Internal stream_in = 01111100 | parity_out = 1
Time = 20015 | serial_in = 1 | Internal stream_in = 11111001 | parity_out = 0
Time = 20025 | serial_in = 1 | Internal stream_in = 11110011 | parity_out = 0
Time = 20035 | serial_in = 1 | Internal stream_in = 11100111 | parity_out = 0
Time = 20045 | serial_in = 1 | Internal stream_in = 11001111 | parity_out = 0
Time = 20055 | serial_in = 1 | Internal stream_in = 10011111 | parity_out = 0
Time = 20065 | serial_in = 1 | Internal stream_in = 00111111 | parity_out = 0
Time = 20070 | serial_in = 0 | Internal stream_in = 00111111 | parity_out = 0
Time = 20075 | serial_in = 0 | Internal stream_in = 01111110 | parity_out = 0
Time = 20080 | serial_in = 1 | Internal stream_in = 01111110 | parity_out = 0
Time = 20085 | serial_in = 1 | Internal stream_in = 11111101 | parity_out = 1
Time = 20090 | serial_in = 0 | Internal stream_in = 11111101 | parity_out = 1
Time = 20095 | serial_in = 0 | Internal stream_in = 11111010 | parity_out = 0
Time = 20100 | serial_in = 1 | Internal stream_in = 11111010 | parity_out = 0
Time = 20105 | serial_in = 1 | Internal stream_in = 11110101 | parity_out = 0
Time = 20115 | serial_in = 1 | Internal stream_in = 11101011 | parity_out = 0
Time = 20125 | serial_in = 1 | Internal stream_in = 11010111 | parity_out = 0
Time = 20135 | serial_in = 1 | Internal stream_in = 10101111 | parity_out = 0
Time = 20145 | serial_in = 1 | Internal stream_in = 01011111 | parity_out = 0
Time = 20150 | serial_in = 0 | Internal stream_in = 01011111 | parity_out = 0
Time = 20155 | serial_in = 0 | Internal stream_in = 10111110 | parity_out = 0
Time = 20160 | serial_in = 1 | Internal stream_in = 10111110 | parity_out = 0
Time = 20165 | serial_in = 1 | Internal stream_in = 01111101 | parity_out = 0
Time = 20175 | serial_in = 1 | Internal stream_in = 11111011 | parity_out = 1
Time = 20185 | serial_in = 1 | Internal stream_in = 11110111 | parity_out = 1
Time = 20195 | serial_in = 1 | Internal stream_in = 11101111 | parity_out = 1
Time = 20205 | serial_in = 1 | Internal stream_in = 11011111 | parity_out = 1
Time = 20215 | serial_in = 1 | Internal stream_in = 10111111 | parity_out = 1
Time = 20225 | serial_in = 1 | Internal stream_in = 01111111 | parity_out = 1
Time = 20235 | serial_in = 1 | Internal stream_in = 11111111 | parity_out = 0
Time = 20240 | serial_in = 0 | Internal stream_in = 11111111 | parity_out = 0
Time = 20245 | serial_in = 0 | Internal stream_in = 11111110 | parity_out = 1
Time = 20255 | serial_in = 0 | Internal stream_in = 11111100 | parity_out = 0
Time = 20260 | serial_in = 1 | Internal stream_in = 11111100 | parity_out = 0
Time = 20265 | serial_in = 1 | Internal stream_in = 11111001 | parity_out = 0
Time = 20275 | serial_in = 1 | Internal stream_in = 11110011 | parity_out = 0
Time = 20285 | serial_in = 1 | Internal stream_in = 11100111 | parity_out = 0
Time = 20295 | serial_in = 1 | Internal stream_in = 11001111 | parity_out = 0
Time = 20305 | serial_in = 1 | Internal stream_in = 10011111 | parity_out = 0
Time = 20315 | serial_in = 1 | Internal stream_in = 00111111 | parity_out = 0
Time = 20320 | serial_in = 0 | Internal stream_in = 00111111 | parity_out = 0
Time = 20325 | serial_in = 0 | Internal stream_in = 01111110 | parity_out = 0
Time = 20330 | serial_in = 1 | Internal stream_in = 01111110 | parity_out = 0
Time = 20335 | serial_in = 1 | Internal stream_in = 11111101 | parity_out = 1
Time = 20345 | serial_in = 1 | Internal stream_in = 11111011 | parity_out = 1
Time = 20355 | serial_in = 1 | Internal stream_in = 11110111 | parity_out = 1
Time = 20365 | serial_in = 1 | Internal stream_in = 11101111 | parity_out = 1
Time = 20375 | serial_in = 1 | Internal stream_in = 11011111 | parity_out = 1
Time = 20385 | serial_in = 1 | Internal stream_in = 10111111 | parity_out = 1
Time = 20395 | serial_in = 1 | Internal stream_in = 01111111 | parity_out = 1
Time = 20405 | serial_in = 1 | Internal stream_in = 11111111 | parity_out = 0
Time = 20410 | serial_in = 0 | Internal stream_in = 11111111 | parity_out = 0
Time = 20415 | serial_in = 0 | Internal stream_in = 11111110 | parity_out = 1
Time = 20420 | serial_in = 1 | Internal stream_in = 11111110 | parity_out = 1
Time = 20425 | serial_in = 1 | Internal stream_in = 11111101 | parity_out = 1
Time = 20435 | serial_in = 1 | Internal stream_in = 11111011 | parity_out = 1
Time = 20445 | serial_in = 1 | Internal stream_in = 11110111 | parity_out = 1
Time = 20455 | serial_in = 1 | Internal stream_in = 11101111 | parity_out = 1
Time = 20465 | serial_in = 1 | Internal stream_in = 11011111 | parity_out = 1
Time = 20475 | serial_in = 1 | Internal stream_in = 10111111 | parity_out = 1
Time = 20485 | serial_in = 1 | Internal stream_in = 01111111 | parity_out = 1
Time = 20495 | serial_in = 1 | Internal stream_in = 11111111 | parity_out = 0
Time = 20500 | serial_in = 0 | Internal stream_in = 11111111 | parity_out = 0
Time = 20505 | serial_in = 0 | Internal stream_in = 11111110 | parity_out = 1
Time = 20515 | serial_in = 0 | Internal stream_in = 11111100 | parity_out = 0
Time = 20525 | serial_in = 0 | Internal stream_in = 11111000 | parity_out = 1
Time = 20535 | serial_in = 0 | Internal stream_in = 11110000 | parity_out = 0
Time = 20545 | serial_in = 0 | Internal stream_in = 11100000 | parity_out = 1
Time = 20555 | serial_in = 0 | Internal stream_in = 11000000 | parity_out = 0
Time = 20565 | serial_in = 0 | Internal stream_in = 10000000 | parity_out = 1
Time = 20575 | serial_in = 0 | Internal stream_in = 00000000 | parity_out = 0
$finish called at time : 20590 ns : File "D:/ECE/FPGA Training NTI/stream_parity_gen/stream_parity_gen.srcs/sources_1/new/stream_parity_tb.v" Line 60
relaunch_sim
Command: launch_simulation -step compile -simset sim_1 -mode behavioral
INFO: [Vivado 12-12493] Simulation top is 'stream_parity_gen_tb'
INFO: [Vivado 12-5682] Launching behavioral simulation in 'D:/ECE/FPGA Training NTI/stream_parity_gen/stream_parity_gen.sim/sim_1/behav/xsim'
INFO: [SIM-utils-51] Simulation object is 'sim_1'
INFO: [SIM-utils-72] Using boost library from 'C:/Xilinx/2025.1/Vivado/tps/boost_1_72_0'
INFO: [SIM-utils-54] Inspecting design source files for 'stream_parity_gen_tb' in fileset 'sim_1'...
INFO: [USF-XSim-97] Finding global include files...
INFO: [USF-XSim-98] Fetching design files from 'sim_1'...
INFO: [USF-XSim-2] XSim::Compile design
INFO: [USF-XSim-61] Executing 'COMPILE and ANALYZE' step in 'D:/ECE/FPGA Training NTI/stream_parity_gen/stream_parity_gen.sim/sim_1/behav/xsim'
"xvlog --incr --relax -prj stream_parity_gen_tb_vlog.prj"
INFO: [VRFC 10-2263] Analyzing Verilog file "D:/ECE/FPGA Training NTI/stream_parity_gen/stream_parity_gen.srcs/sources_1/new/stream_parity_gen.v" into library xil_defaultlib
INFO: [VRFC 10-311] analyzing module stream_parity_gen
INFO: [VRFC 10-2263] Analyzing Verilog file "D:/ECE/FPGA Training NTI/stream_parity_gen/stream_parity_gen.srcs/sources_1/new/stream_parity_tb.v" into library xil_defaultlib
INFO: [VRFC 10-311] analyzing module stream_parity_gen_tb
INFO: [USF-XSim-69] 'compile' step finished in '2' seconds
Command: launch_simulation -step elaborate -simset sim_1 -mode behavioral
INFO: [Vivado 12-12493] Simulation top is 'stream_parity_gen_tb'
INFO: [Vivado 12-5682] Launching behavioral simulation in 'D:/ECE/FPGA Training NTI/stream_parity_gen/stream_parity_gen.sim/sim_1/behav/xsim'
INFO: [SIM-utils-51] Simulation object is 'sim_1'
INFO: [USF-XSim-3] XSim::Elaborate design
INFO: [USF-XSim-61] Executing 'ELABORATE' step in 'D:/ECE/FPGA Training NTI/stream_parity_gen/stream_parity_gen.sim/sim_1/behav/xsim'
"xelab --incr --debug typical --relax --mt 2 -L xil_defaultlib -L unisims_ver -L unimacro_ver -L secureip --snapshot stream_parity_gen_tb_behav xil_defaultlib.stream_parity_gen_tb xil_defaultlib.glbl -log elaborate.log"
Vivado Simulator v2025.1.0
Copyright 1986-2022 Xilinx, Inc. All Rights Reserved.
Copyright 2022-2025 Advanced Micro Devices, Inc. All Rights Reserved.
Running: C:/Xilinx/2025.1/Vivado/bin/unwrapped/win64.o/xelab.exe --incr --debug typical --relax --mt 2 -L xil_defaultlib -L unisims_ver -L unimacro_ver -L secureip --snapshot stream_parity_gen_tb_behav xil_defaultlib.stream_parity_gen_tb xil_defaultlib.glbl -log elaborate.log 
Using 2 slave threads.
Starting static elaboration
Pass Through NonSizing Optimizer
Completed static elaboration
Starting simulation data flow analysis
Completed simulation data flow analysis
Time Resolution for simulation is 1ps
Compiling module xil_defaultlib.stream_parity_gen
Compiling module xil_defaultlib.stream_parity_gen_tb
Compiling module xil_defaultlib.glbl
Built simulation snapshot stream_parity_gen_tb_behav
INFO: [USF-XSim-69] 'elaborate' step finished in '2' seconds
Time resolution is 1 ps
Time = 0 | serial_in = 0 | Internal stream_in = xxxxxxxx | parity_out = x
Time = 5 | serial_in = 0 | Internal stream_in = 00000000 | parity_out = 0
Time = 170 | serial_in = 1 | Internal stream_in = 00000000 | parity_out = 0
Time = 175 | serial_in = 1 | Internal stream_in = 00000001 | parity_out = 1
Time = 180 | serial_in = 0 | Internal stream_in = 00000001 | parity_out = 1
Time = 185 | serial_in = 0 | Internal stream_in = 00000010 | parity_out = 1
Time = 195 | serial_in = 0 | Internal stream_in = 00000100 | parity_out = 1
Time = 205 | serial_in = 0 | Internal stream_in = 00001000 | parity_out = 1
Time = 215 | serial_in = 0 | Internal stream_in = 00010000 | parity_out = 1
Time = 225 | serial_in = 0 | Internal stream_in = 00100000 | parity_out = 1
Time = 235 | serial_in = 0 | Internal stream_in = 01000000 | parity_out = 1
Time = 240 | serial_in = 1 | Internal stream_in = 01000000 | parity_out = 1
Time = 245 | serial_in = 1 | Internal stream_in = 10000001 | parity_out = 0
Time = 250 | serial_in = 0 | Internal stream_in = 10000001 | parity_out = 0
Time = 255 | serial_in = 0 | Internal stream_in = 00000010 | parity_out = 1
Time = 265 | serial_in = 0 | Internal stream_in = 00000100 | parity_out = 1
Time = 275 | serial_in = 0 | Internal stream_in = 00001000 | parity_out = 1
Time = 285 | serial_in = 0 | Internal stream_in = 00010000 | parity_out = 1
Time = 295 | serial_in = 0 | Internal stream_in = 00100000 | parity_out = 1
Time = 305 | serial_in = 0 | Internal stream_in = 01000000 | parity_out = 1
Time = 315 | serial_in = 0 | Internal stream_in = 10000000 | parity_out = 1
Time = 320 | serial_in = 1 | Internal stream_in = 10000000 | parity_out = 1
Time = 325 | serial_in = 1 | Internal stream_in = 00000001 | parity_out = 1
Time = 335 | serial_in = 1 | Internal stream_in = 00000011 | parity_out = 0
Time = 340 | serial_in = 0 | Internal stream_in = 00000011 | parity_out = 0
Time = 345 | serial_in = 0 | Internal stream_in = 00000110 | parity_out = 0
Time = 355 | serial_in = 0 | Internal stream_in = 00001100 | parity_out = 0
Time = 365 | serial_in = 0 | Internal stream_in = 00011000 | parity_out = 0
Time = 375 | serial_in = 0 | Internal stream_in = 00110000 | parity_out = 0
Time = 385 | serial_in = 0 | Internal stream_in = 01100000 | parity_out = 0
Time = 390 | serial_in = 1 | Internal stream_in = 01100000 | parity_out = 0
Time = 395 | serial_in = 1 | Internal stream_in = 11000001 | parity_out = 1
Time = 400 | serial_in = 0 | Internal stream_in = 11000001 | parity_out = 1
Time = 405 | serial_in = 0 | Internal stream_in = 10000010 | parity_out = 0
Time = 415 | serial_in = 0 | Internal stream_in = 00000100 | parity_out = 1
Time = 425 | serial_in = 0 | Internal stream_in = 00001000 | parity_out = 1
Time = 435 | serial_in = 0 | Internal stream_in = 00010000 | parity_out = 1
Time = 445 | serial_in = 0 | Internal stream_in = 00100000 | parity_out = 1
Time = 455 | serial_in = 0 | Internal stream_in = 01000000 | parity_out = 1
Time = 465 | serial_in = 0 | Internal stream_in = 10000000 | parity_out = 1
Time = 470 | serial_in = 1 | Internal stream_in = 10000000 | parity_out = 1
Time = 475 | serial_in = 1 | Internal stream_in = 00000001 | parity_out = 1
Time = 480 | serial_in = 0 | Internal stream_in = 00000001 | parity_out = 1
Time = 485 | serial_in = 0 | Internal stream_in = 00000010 | parity_out = 1
Time = 490 | serial_in = 1 | Internal stream_in = 00000010 | parity_out = 1
Time = 495 | serial_in = 1 | Internal stream_in = 00000101 | parity_out = 0
Time = 500 | serial_in = 0 | Internal stream_in = 00000101 | parity_out = 0
Time = 505 | serial_in = 0 | Internal stream_in = 00001010 | parity_out = 0
Time = 515 | serial_in = 0 | Internal stream_in = 00010100 | parity_out = 0
Time = 525 | serial_in = 0 | Internal stream_in = 00101000 | parity_out = 0
Time = 535 | serial_in = 0 | Internal stream_in = 01010000 | parity_out = 0
Time = 545 | serial_in = 0 | Internal stream_in = 10100000 | parity_out = 0
Time = 550 | serial_in = 1 | Internal stream_in = 10100000 | parity_out = 0
Time = 555 | serial_in = 1 | Internal stream_in = 01000001 | parity_out = 0
Time = 565 | serial_in = 1 | Internal stream_in = 10000011 | parity_out = 1
Time = 570 | serial_in = 0 | Internal stream_in = 10000011 | parity_out = 1
Time = 575 | serial_in = 0 | Internal stream_in = 00000110 | parity_out = 0
Time = 585 | serial_in = 0 | Internal stream_in = 00001100 | parity_out = 0
Time = 595 | serial_in = 0 | Internal stream_in = 00011000 | parity_out = 0
Time = 605 | serial_in = 0 | Internal stream_in = 00110000 | parity_out = 0
Time = 615 | serial_in = 0 | Internal stream_in = 01100000 | parity_out = 0
Time = 625 | serial_in = 0 | Internal stream_in = 11000000 | parity_out = 0
Time = 630 | serial_in = 1 | Internal stream_in = 11000000 | parity_out = 0
Time = 635 | serial_in = 1 | Internal stream_in = 10000001 | parity_out = 0
Time = 645 | serial_in = 1 | Internal stream_in = 00000011 | parity_out = 0
Time = 655 | serial_in = 1 | Internal stream_in = 00000111 | parity_out = 1
Time = 660 | serial_in = 0 | Internal stream_in = 00000111 | parity_out = 1
Time = 665 | serial_in = 0 | Internal stream_in = 00001110 | parity_out = 1
Time = 675 | serial_in = 0 | Internal stream_in = 00011100 | parity_out = 1
Time = 685 | serial_in = 0 | Internal stream_in = 00111000 | parity_out = 1
Time = 695 | serial_in = 0 | Internal stream_in = 01110000 | parity_out = 1
Time = 700 | serial_in = 1 | Internal stream_in = 01110000 | parity_out = 1
Time = 705 | serial_in = 1 | Internal stream_in = 11100001 | parity_out = 0
Time = 710 | serial_in = 0 | Internal stream_in = 11100001 | parity_out = 0
Time = 715 | serial_in = 0 | Internal stream_in = 11000010 | parity_out = 1
Time = 725 | serial_in = 0 | Internal stream_in = 10000100 | parity_out = 0
Time = 735 | serial_in = 0 | Internal stream_in = 00001000 | parity_out = 1
Time = 745 | serial_in = 0 | Internal stream_in = 00010000 | parity_out = 1
Time = 755 | serial_in = 0 | Internal stream_in = 00100000 | parity_out = 1
Time = 765 | serial_in = 0 | Internal stream_in = 01000000 | parity_out = 1
Time = 775 | serial_in = 0 | Internal stream_in = 10000000 | parity_out = 1
Time = 780 | serial_in = 1 | Internal stream_in = 10000000 | parity_out = 1
Time = 785 | serial_in = 1 | Internal stream_in = 00000001 | parity_out = 1
Time = 790 | serial_in = 0 | Internal stream_in = 00000001 | parity_out = 1
Time = 795 | serial_in = 0 | Internal stream_in = 00000010 | parity_out = 1
Time = 805 | serial_in = 0 | Internal stream_in = 00000100 | parity_out = 1
Time = 810 | serial_in = 1 | Internal stream_in = 00000100 | parity_out = 1
Time = 815 | serial_in = 1 | Internal stream_in = 00001001 | parity_out = 0
Time = 820 | serial_in = 0 | Internal stream_in = 00001001 | parity_out = 0
Time = 825 | serial_in = 0 | Internal stream_in = 00010010 | parity_out = 0
Time = 835 | serial_in = 0 | Internal stream_in = 00100100 | parity_out = 0
Time = 845 | serial_in = 0 | Internal stream_in = 01001000 | parity_out = 0
Time = 855 | serial_in = 0 | Internal stream_in = 10010000 | parity_out = 0
Time = 860 | serial_in = 1 | Internal stream_in = 10010000 | parity_out = 0
Time = 865 | serial_in = 1 | Internal stream_in = 00100001 | parity_out = 0
Time = 870 | serial_in = 0 | Internal stream_in = 00100001 | parity_out = 0
Time = 875 | serial_in = 0 | Internal stream_in = 01000010 | parity_out = 0
Time = 880 | serial_in = 1 | Internal stream_in = 01000010 | parity_out = 0
Time = 885 | serial_in = 1 | Internal stream_in = 10000101 | parity_out = 1
Time = 890 | serial_in = 0 | Internal stream_in = 10000101 | parity_out = 1
Time = 895 | serial_in = 0 | Internal stream_in = 00001010 | parity_out = 0
Time = 905 | serial_in = 0 | Internal stream_in = 00010100 | parity_out = 0
Time = 915 | serial_in = 0 | Internal stream_in = 00101000 | parity_out = 0
Time = 925 | serial_in = 0 | Internal stream_in = 01010000 | parity_out = 0
Time = 935 | serial_in = 0 | Internal stream_in = 10100000 | parity_out = 0
Time = 940 | serial_in = 1 | Internal stream_in = 10100000 | parity_out = 0
Time = 945 | serial_in = 1 | Internal stream_in = 01000001 | parity_out = 0
Time = 950 | serial_in = 0 | Internal stream_in = 01000001 | parity_out = 0
Time = 955 | serial_in = 0 | Internal stream_in = 10000010 | parity_out = 0
Time = 960 | serial_in = 1 | Internal stream_in = 10000010 | parity_out = 0
Time = 965 | serial_in = 1 | Internal stream_in = 00000101 | parity_out = 0
Time = 975 | serial_in = 1 | Internal stream_in = 00001011 | parity_out = 1
Time = 980 | serial_in = 0 | Internal stream_in = 00001011 | parity_out = 1
Time = 985 | serial_in = 0 | Internal stream_in = 00010110 | parity_out = 1
Time = 995 | serial_in = 0 | Internal stream_in = 00101100 | parity_out = 1
relaunch_sim: Time (s): cpu = 00:00:01 ; elapsed = 00:00:06 . Memory (MB): peak = 3338.543 ; gain = 0.000
run 30 us
Time = 1005 | serial_in = 0 | Internal stream_in = 01011000 | parity_out = 1
Time = 1015 | serial_in = 0 | Internal stream_in = 10110000 | parity_out = 1
Time = 1020 | serial_in = 1 | Internal stream_in = 10110000 | parity_out = 1
Time = 1025 | serial_in = 1 | Internal stream_in = 01100001 | parity_out = 1
Time = 1035 | serial_in = 1 | Internal stream_in = 11000011 | parity_out = 0
Time = 1040 | serial_in = 0 | Internal stream_in = 11000011 | parity_out = 0
Time = 1045 | serial_in = 0 | Internal stream_in = 10000110 | parity_out = 1
Time = 1055 | serial_in = 0 | Internal stream_in = 00001100 | parity_out = 0
Time = 1065 | serial_in = 0 | Internal stream_in = 00011000 | parity_out = 0
Time = 1075 | serial_in = 0 | Internal stream_in = 00110000 | parity_out = 0
Time = 1085 | serial_in = 0 | Internal stream_in = 01100000 | parity_out = 0
Time = 1095 | serial_in = 0 | Internal stream_in = 11000000 | parity_out = 0
Time = 1100 | serial_in = 1 | Internal stream_in = 11000000 | parity_out = 0
Time = 1105 | serial_in = 1 | Internal stream_in = 10000001 | parity_out = 0
Time = 1115 | serial_in = 1 | Internal stream_in = 00000011 | parity_out = 0
Time = 1120 | serial_in = 0 | Internal stream_in = 00000011 | parity_out = 0
Time = 1125 | serial_in = 0 | Internal stream_in = 00000110 | parity_out = 0
Time = 1130 | serial_in = 1 | Internal stream_in = 00000110 | parity_out = 0
Time = 1135 | serial_in = 1 | Internal stream_in = 00001101 | parity_out = 1
Time = 1140 | serial_in = 0 | Internal stream_in = 00001101 | parity_out = 1
Time = 1145 | serial_in = 0 | Internal stream_in = 00011010 | parity_out = 1
Time = 1155 | serial_in = 0 | Internal stream_in = 00110100 | parity_out = 1
Time = 1165 | serial_in = 0 | Internal stream_in = 01101000 | parity_out = 1
Time = 1175 | serial_in = 0 | Internal stream_in = 11010000 | parity_out = 1
Time = 1180 | serial_in = 1 | Internal stream_in = 11010000 | parity_out = 1
Time = 1185 | serial_in = 1 | Internal stream_in = 10100001 | parity_out = 1
Time = 1195 | serial_in = 1 | Internal stream_in = 01000011 | parity_out = 1
Time = 1205 | serial_in = 1 | Internal stream_in = 10000111 | parity_out = 0
Time = 1210 | serial_in = 0 | Internal stream_in = 10000111 | parity_out = 0
Time = 1215 | serial_in = 0 | Internal stream_in = 00001110 | parity_out = 1
Time = 1225 | serial_in = 0 | Internal stream_in = 00011100 | parity_out = 1
Time = 1235 | serial_in = 0 | Internal stream_in = 00111000 | parity_out = 1
Time = 1245 | serial_in = 0 | Internal stream_in = 01110000 | parity_out = 1
Time = 1255 | serial_in = 0 | Internal stream_in = 11100000 | parity_out = 1
Time = 1260 | serial_in = 1 | Internal stream_in = 11100000 | parity_out = 1
Time = 1265 | serial_in = 1 | Internal stream_in = 11000001 | parity_out = 1
Time = 1275 | serial_in = 1 | Internal stream_in = 10000011 | parity_out = 1
Time = 1285 | serial_in = 1 | Internal stream_in = 00000111 | parity_out = 1
Time = 1295 | serial_in = 1 | Internal stream_in = 00001111 | parity_out = 0
Time = 1300 | serial_in = 0 | Internal stream_in = 00001111 | parity_out = 0
Time = 1305 | serial_in = 0 | Internal stream_in = 00011110 | parity_out = 0
Time = 1315 | serial_in = 0 | Internal stream_in = 00111100 | parity_out = 0
Time = 1325 | serial_in = 0 | Internal stream_in = 01111000 | parity_out = 0
Time = 1330 | serial_in = 1 | Internal stream_in = 01111000 | parity_out = 0
Time = 1335 | serial_in = 1 | Internal stream_in = 11110001 | parity_out = 1
Time = 1340 | serial_in = 0 | Internal stream_in = 11110001 | parity_out = 1
Time = 1345 | serial_in = 0 | Internal stream_in = 11100010 | parity_out = 0
Time = 1355 | serial_in = 0 | Internal stream_in = 11000100 | parity_out = 1
Time = 1365 | serial_in = 0 | Internal stream_in = 10001000 | parity_out = 0
Time = 1375 | serial_in = 0 | Internal stream_in = 00010000 | parity_out = 1
Time = 1385 | serial_in = 0 | Internal stream_in = 00100000 | parity_out = 1
Time = 1395 | serial_in = 0 | Internal stream_in = 01000000 | parity_out = 1
Time = 1405 | serial_in = 0 | Internal stream_in = 10000000 | parity_out = 1
Time = 1410 | serial_in = 1 | Internal stream_in = 10000000 | parity_out = 1
Time = 1415 | serial_in = 1 | Internal stream_in = 00000001 | parity_out = 1
Time = 1420 | serial_in = 0 | Internal stream_in = 00000001 | parity_out = 1
Time = 1425 | serial_in = 0 | Internal stream_in = 00000010 | parity_out = 1
Time = 1435 | serial_in = 0 | Internal stream_in = 00000100 | parity_out = 1
Time = 1445 | serial_in = 0 | Internal stream_in = 00001000 | parity_out = 1
Time = 1450 | serial_in = 1 | Internal stream_in = 00001000 | parity_out = 1
Time = 1455 | serial_in = 1 | Internal stream_in = 00010001 | parity_out = 0
Time = 1460 | serial_in = 0 | Internal stream_in = 00010001 | parity_out = 0
Time = 1465 | serial_in = 0 | Internal stream_in = 00100010 | parity_out = 0
Time = 1475 | serial_in = 0 | Internal stream_in = 01000100 | parity_out = 0
Time = 1485 | serial_in = 0 | Internal stream_in = 10001000 | parity_out = 0
Time = 1490 | serial_in = 1 | Internal stream_in = 10001000 | parity_out = 0
Time = 1495 | serial_in = 1 | Internal stream_in = 00010001 | parity_out = 0
Time = 1500 | serial_in = 0 | Internal stream_in = 00010001 | parity_out = 0
Time = 1505 | serial_in = 0 | Internal stream_in = 00100010 | parity_out = 0
Time = 1515 | serial_in = 0 | Internal stream_in = 01000100 | parity_out = 0
Time = 1520 | serial_in = 1 | Internal stream_in = 01000100 | parity_out = 0
Time = 1525 | serial_in = 1 | Internal stream_in = 10001001 | parity_out = 1
Time = 1530 | serial_in = 0 | Internal stream_in = 10001001 | parity_out = 1
Time = 1535 | serial_in = 0 | Internal stream_in = 00010010 | parity_out = 0
Time = 1545 | serial_in = 0 | Internal stream_in = 00100100 | parity_out = 0
Time = 1555 | serial_in = 0 | Internal stream_in = 01001000 | parity_out = 0
Time = 1565 | serial_in = 0 | Internal stream_in = 10010000 | parity_out = 0
Time = 1570 | serial_in = 1 | Internal stream_in = 10010000 | parity_out = 0
Time = 1575 | serial_in = 1 | Internal stream_in = 00100001 | parity_out = 0
Time = 1580 | serial_in = 0 | Internal stream_in = 00100001 | parity_out = 0
Time = 1585 | serial_in = 0 | Internal stream_in = 01000010 | parity_out = 0
Time = 1595 | serial_in = 0 | Internal stream_in = 10000100 | parity_out = 0
Time = 1600 | serial_in = 1 | Internal stream_in = 10000100 | parity_out = 0
Time = 1605 | serial_in = 1 | Internal stream_in = 00001001 | parity_out = 0
Time = 1615 | serial_in = 1 | Internal stream_in = 00010011 | parity_out = 1
Time = 1620 | serial_in = 0 | Internal stream_in = 00010011 | parity_out = 1
Time = 1625 | serial_in = 0 | Internal stream_in = 00100110 | parity_out = 1
Time = 1635 | serial_in = 0 | Internal stream_in = 01001100 | parity_out = 1
Time = 1645 | serial_in = 0 | Internal stream_in = 10011000 | parity_out = 1
Time = 1650 | serial_in = 1 | Internal stream_in = 10011000 | parity_out = 1
Time = 1655 | serial_in = 1 | Internal stream_in = 00110001 | parity_out = 1
Time = 1660 | serial_in = 0 | Internal stream_in = 00110001 | parity_out = 1
Time = 1665 | serial_in = 0 | Internal stream_in = 01100010 | parity_out = 1
Time = 1670 | serial_in = 1 | Internal stream_in = 01100010 | parity_out = 1
Time = 1675 | serial_in = 1 | Internal stream_in = 11000101 | parity_out = 0
Time = 1680 | serial_in = 0 | Internal stream_in = 11000101 | parity_out = 0
Time = 1685 | serial_in = 0 | Internal stream_in = 10001010 | parity_out = 1
Time = 1695 | serial_in = 0 | Internal stream_in = 00010100 | parity_out = 0
Time = 1705 | serial_in = 0 | Internal stream_in = 00101000 | parity_out = 0
Time = 1715 | serial_in = 0 | Internal stream_in = 01010000 | parity_out = 0
Time = 1725 | serial_in = 0 | Internal stream_in = 10100000 | parity_out = 0
Time = 1730 | serial_in = 1 | Internal stream_in = 10100000 | parity_out = 0
Time = 1735 | serial_in = 1 | Internal stream_in = 01000001 | parity_out = 0
Time = 1740 | serial_in = 0 | Internal stream_in = 01000001 | parity_out = 0
Time = 1745 | serial_in = 0 | Internal stream_in = 10000010 | parity_out = 0
Time = 1750 | serial_in = 1 | Internal stream_in = 10000010 | parity_out = 0
Time = 1755 | serial_in = 1 | Internal stream_in = 00000101 | parity_out = 0
Time = 1760 | serial_in = 0 | Internal stream_in = 00000101 | parity_out = 0
Time = 1765 | serial_in = 0 | Internal stream_in = 00001010 | parity_out = 0
Time = 1770 | serial_in = 1 | Internal stream_in = 00001010 | parity_out = 0
Time = 1775 | serial_in = 1 | Internal stream_in = 00010101 | parity_out = 1
Time = 1780 | serial_in = 0 | Internal stream_in = 00010101 | parity_out = 1
Time = 1785 | serial_in = 0 | Internal stream_in = 00101010 | parity_out = 1
Time = 1795 | serial_in = 0 | Internal stream_in = 01010100 | parity_out = 1
Time = 1805 | serial_in = 0 | Internal stream_in = 10101000 | parity_out = 1
Time = 1810 | serial_in = 1 | Internal stream_in = 10101000 | parity_out = 1
Time = 1815 | serial_in = 1 | Internal stream_in = 01010001 | parity_out = 1
Time = 1820 | serial_in = 0 | Internal stream_in = 01010001 | parity_out = 1
Time = 1825 | serial_in = 0 | Internal stream_in = 10100010 | parity_out = 1
Time = 1830 | serial_in = 1 | Internal stream_in = 10100010 | parity_out = 1
Time = 1835 | serial_in = 1 | Internal stream_in = 01000101 | parity_out = 1
Time = 1845 | serial_in = 1 | Internal stream_in = 10001011 | parity_out = 0
Time = 1850 | serial_in = 0 | Internal stream_in = 10001011 | parity_out = 0
Time = 1855 | serial_in = 0 | Internal stream_in = 00010110 | parity_out = 1
Time = 1865 | serial_in = 0 | Internal stream_in = 00101100 | parity_out = 1
Time = 1875 | serial_in = 0 | Internal stream_in = 01011000 | parity_out = 1
Time = 1885 | serial_in = 0 | Internal stream_in = 10110000 | parity_out = 1
Time = 1890 | serial_in = 1 | Internal stream_in = 10110000 | parity_out = 1
Time = 1895 | serial_in = 1 | Internal stream_in = 01100001 | parity_out = 1
Time = 1900 | serial_in = 0 | Internal stream_in = 01100001 | parity_out = 1
Time = 1905 | serial_in = 0 | Internal stream_in = 11000010 | parity_out = 1
Time = 1910 | serial_in = 1 | Internal stream_in = 11000010 | parity_out = 1
Time = 1915 | serial_in = 1 | Internal stream_in = 10000101 | parity_out = 1
Time = 1925 | serial_in = 1 | Internal stream_in = 00001011 | parity_out = 1
Time = 1935 | serial_in = 1 | Internal stream_in = 00010111 | parity_out = 0
Time = 1940 | serial_in = 0 | Internal stream_in = 00010111 | parity_out = 0
Time = 1945 | serial_in = 0 | Internal stream_in = 00101110 | parity_out = 0
Time = 1955 | serial_in = 0 | Internal stream_in = 01011100 | parity_out = 0
Time = 1965 | serial_in = 0 | Internal stream_in = 10111000 | parity_out = 0
Time = 1970 | serial_in = 1 | Internal stream_in = 10111000 | parity_out = 0
Time = 1975 | serial_in = 1 | Internal stream_in = 01110001 | parity_out = 0
Time = 1985 | serial_in = 1 | Internal stream_in = 11100011 | parity_out = 1
Time = 1990 | serial_in = 0 | Internal stream_in = 11100011 | parity_out = 1
Time = 1995 | serial_in = 0 | Internal stream_in = 11000110 | parity_out = 0
Time = 2005 | serial_in = 0 | Internal stream_in = 10001100 | parity_out = 1
Time = 2015 | serial_in = 0 | Internal stream_in = 00011000 | parity_out = 0
Time = 2025 | serial_in = 0 | Internal stream_in = 00110000 | parity_out = 0
Time = 2035 | serial_in = 0 | Internal stream_in = 01100000 | parity_out = 0
Time = 2045 | serial_in = 0 | Internal stream_in = 11000000 | parity_out = 0
Time = 2050 | serial_in = 1 | Internal stream_in = 11000000 | parity_out = 0
Time = 2055 | serial_in = 1 | Internal stream_in = 10000001 | parity_out = 0
Time = 2065 | serial_in = 1 | Internal stream_in = 00000011 | parity_out = 0
Time = 2070 | serial_in = 0 | Internal stream_in = 00000011 | parity_out = 0
Time = 2075 | serial_in = 0 | Internal stream_in = 00000110 | parity_out = 0
Time = 2085 | serial_in = 0 | Internal stream_in = 00001100 | parity_out = 0
Time = 2090 | serial_in = 1 | Internal stream_in = 00001100 | parity_out = 0
Time = 2095 | serial_in = 1 | Internal stream_in = 00011001 | parity_out = 1
Time = 2100 | serial_in = 0 | Internal stream_in = 00011001 | parity_out = 1
Time = 2105 | serial_in = 0 | Internal stream_in = 00110010 | parity_out = 1
Time = 2115 | serial_in = 0 | Internal stream_in = 01100100 | parity_out = 1
Time = 2125 | serial_in = 0 | Internal stream_in = 11001000 | parity_out = 1
Time = 2130 | serial_in = 1 | Internal stream_in = 11001000 | parity_out = 1
Time = 2135 | serial_in = 1 | Internal stream_in = 10010001 | parity_out = 1
Time = 2145 | serial_in = 1 | Internal stream_in = 00100011 | parity_out = 1
Time = 2150 | serial_in = 0 | Internal stream_in = 00100011 | parity_out = 1
Time = 2155 | serial_in = 0 | Internal stream_in = 01000110 | parity_out = 1
Time = 2160 | serial_in = 1 | Internal stream_in = 01000110 | parity_out = 1
Time = 2165 | serial_in = 1 | Internal stream_in = 10001101 | parity_out = 0
Time = 2170 | serial_in = 0 | Internal stream_in = 10001101 | parity_out = 0
Time = 2175 | serial_in = 0 | Internal stream_in = 00011010 | parity_out = 1
Time = 2185 | serial_in = 0 | Internal stream_in = 00110100 | parity_out = 1
Time = 2195 | serial_in = 0 | Internal stream_in = 01101000 | parity_out = 1
Time = 2205 | serial_in = 0 | Internal stream_in = 11010000 | parity_out = 1
Time = 2210 | serial_in = 1 | Internal stream_in = 11010000 | parity_out = 1
Time = 2215 | serial_in = 1 | Internal stream_in = 10100001 | parity_out = 1
Time = 2225 | serial_in = 1 | Internal stream_in = 01000011 | parity_out = 1
Time = 2230 | serial_in = 0 | Internal stream_in = 01000011 | parity_out = 1
Time = 2235 | serial_in = 0 | Internal stream_in = 10000110 | parity_out = 1
Time = 2240 | serial_in = 1 | Internal stream_in = 10000110 | parity_out = 1
Time = 2245 | serial_in = 1 | Internal stream_in = 00001101 | parity_out = 1
Time = 2255 | serial_in = 1 | Internal stream_in = 00011011 | parity_out = 0
Time = 2260 | serial_in = 0 | Internal stream_in = 00011011 | parity_out = 0
Time = 2265 | serial_in = 0 | Internal stream_in = 00110110 | parity_out = 0
Time = 2275 | serial_in = 0 | Internal stream_in = 01101100 | parity_out = 0
Time = 2285 | serial_in = 0 | Internal stream_in = 11011000 | parity_out = 0
Time = 2290 | serial_in = 1 | Internal stream_in = 11011000 | parity_out = 0
Time = 2295 | serial_in = 1 | Internal stream_in = 10110001 | parity_out = 0
Time = 2305 | serial_in = 1 | Internal stream_in = 01100011 | parity_out = 0
Time = 2315 | serial_in = 1 | Internal stream_in = 11000111 | parity_out = 1
Time = 2320 | serial_in = 0 | Internal stream_in = 11000111 | parity_out = 1
Time = 2325 | serial_in = 0 | Internal stream_in = 10001110 | parity_out = 0
Time = 2335 | serial_in = 0 | Internal stream_in = 00011100 | parity_out = 1
Time = 2345 | serial_in = 0 | Internal stream_in = 00111000 | parity_out = 1
Time = 2355 | serial_in = 0 | Internal stream_in = 01110000 | parity_out = 1
Time = 2365 | serial_in = 0 | Internal stream_in = 11100000 | parity_out = 1
Time = 2370 | serial_in = 1 | Internal stream_in = 11100000 | parity_out = 1
Time = 2375 | serial_in = 1 | Internal stream_in = 11000001 | parity_out = 1
Time = 2385 | serial_in = 1 | Internal stream_in = 10000011 | parity_out = 1
Time = 2395 | serial_in = 1 | Internal stream_in = 00000111 | parity_out = 1
Time = 2400 | serial_in = 0 | Internal stream_in = 00000111 | parity_out = 1
Time = 2405 | serial_in = 0 | Internal stream_in = 00001110 | parity_out = 1
Time = 2410 | serial_in = 1 | Internal stream_in = 00001110 | parity_out = 1
Time = 2415 | serial_in = 1 | Internal stream_in = 00011101 | parity_out = 0
Time = 2420 | serial_in = 0 | Internal stream_in = 00011101 | parity_out = 0
Time = 2425 | serial_in = 0 | Internal stream_in = 00111010 | parity_out = 0
Time = 2435 | serial_in = 0 | Internal stream_in = 01110100 | parity_out = 0
Time = 2445 | serial_in = 0 | Internal stream_in = 11101000 | parity_out = 0
Time = 2450 | serial_in = 1 | Internal stream_in = 11101000 | parity_out = 0
Time = 2455 | serial_in = 1 | Internal stream_in = 11010001 | parity_out = 0
Time = 2465 | serial_in = 1 | Internal stream_in = 10100011 | parity_out = 0
Time = 2475 | serial_in = 1 | Internal stream_in = 01000111 | parity_out = 0
Time = 2485 | serial_in = 1 | Internal stream_in = 10001111 | parity_out = 1
Time = 2490 | serial_in = 0 | Internal stream_in = 10001111 | parity_out = 1
Time = 2495 | serial_in = 0 | Internal stream_in = 00011110 | parity_out = 0
Time = 2505 | serial_in = 0 | Internal stream_in = 00111100 | parity_out = 0
Time = 2515 | serial_in = 0 | Internal stream_in = 01111000 | parity_out = 0
Time = 2525 | serial_in = 0 | Internal stream_in = 11110000 | parity_out = 0
Time = 2530 | serial_in = 1 | Internal stream_in = 11110000 | parity_out = 0
Time = 2535 | serial_in = 1 | Internal stream_in = 11100001 | parity_out = 0
Time = 2545 | serial_in = 1 | Internal stream_in = 11000011 | parity_out = 0
Time = 2555 | serial_in = 1 | Internal stream_in = 10000111 | parity_out = 0
Time = 2565 | serial_in = 1 | Internal stream_in = 00001111 | parity_out = 0
Time = 2575 | serial_in = 1 | Internal stream_in = 00011111 | parity_out = 1
Time = 2580 | serial_in = 0 | Internal stream_in = 00011111 | parity_out = 1
Time = 2585 | serial_in = 0 | Internal stream_in = 00111110 | parity_out = 1
Time = 2595 | serial_in = 0 | Internal stream_in = 01111100 | parity_out = 1
Time = 2600 | serial_in = 1 | Internal stream_in = 01111100 | parity_out = 1
Time = 2605 | serial_in = 1 | Internal stream_in = 11111001 | parity_out = 0
Time = 2610 | serial_in = 0 | Internal stream_in = 11111001 | parity_out = 0
Time = 2615 | serial_in = 0 | Internal stream_in = 11110010 | parity_out = 1
Time = 2625 | serial_in = 0 | Internal stream_in = 11100100 | parity_out = 0
Time = 2635 | serial_in = 0 | Internal stream_in = 11001000 | parity_out = 1
Time = 2645 | serial_in = 0 | Internal stream_in = 10010000 | parity_out = 0
Time = 2655 | serial_in = 0 | Internal stream_in = 00100000 | parity_out = 1
Time = 2665 | serial_in = 0 | Internal stream_in = 01000000 | parity_out = 1
Time = 2675 | serial_in = 0 | Internal stream_in = 10000000 | parity_out = 1
Time = 2680 | serial_in = 1 | Internal stream_in = 10000000 | parity_out = 1
Time = 2685 | serial_in = 1 | Internal stream_in = 00000001 | parity_out = 1
Time = 2690 | serial_in = 0 | Internal stream_in = 00000001 | parity_out = 1
Time = 2695 | serial_in = 0 | Internal stream_in = 00000010 | parity_out = 1
Time = 2705 | serial_in = 0 | Internal stream_in = 00000100 | parity_out = 1
Time = 2715 | serial_in = 0 | Internal stream_in = 00001000 | parity_out = 1
Time = 2725 | serial_in = 0 | Internal stream_in = 00010000 | parity_out = 1
Time = 2730 | serial_in = 1 | Internal stream_in = 00010000 | parity_out = 1
Time = 2735 | serial_in = 1 | Internal stream_in = 00100001 | parity_out = 0
Time = 2740 | serial_in = 0 | Internal stream_in = 00100001 | parity_out = 0
Time = 2745 | serial_in = 0 | Internal stream_in = 01000010 | parity_out = 0
Time = 2755 | serial_in = 0 | Internal stream_in = 10000100 | parity_out = 0
Time = 2760 | serial_in = 1 | Internal stream_in = 10000100 | parity_out = 0
Time = 2765 | serial_in = 1 | Internal stream_in = 00001001 | parity_out = 0
Time = 2770 | serial_in = 0 | Internal stream_in = 00001001 | parity_out = 0
Time = 2775 | serial_in = 0 | Internal stream_in = 00010010 | parity_out = 0
Time = 2785 | serial_in = 0 | Internal stream_in = 00100100 | parity_out = 0
Time = 2795 | serial_in = 0 | Internal stream_in = 01001000 | parity_out = 0
Time = 2800 | serial_in = 1 | Internal stream_in = 01001000 | parity_out = 0
Time = 2805 | serial_in = 1 | Internal stream_in = 10010001 | parity_out = 1
Time = 2810 | serial_in = 0 | Internal stream_in = 10010001 | parity_out = 1
Time = 2815 | serial_in = 0 | Internal stream_in = 00100010 | parity_out = 0
Time = 2825 | serial_in = 0 | Internal stream_in = 01000100 | parity_out = 0
Time = 2835 | serial_in = 0 | Internal stream_in = 10001000 | parity_out = 0
Time = 2840 | serial_in = 1 | Internal stream_in = 10001000 | parity_out = 0
Time = 2845 | serial_in = 1 | Internal stream_in = 00010001 | parity_out = 0
Time = 2850 | serial_in = 0 | Internal stream_in = 00010001 | parity_out = 0
Time = 2855 | serial_in = 0 | Internal stream_in = 00100010 | parity_out = 0
Time = 2865 | serial_in = 0 | Internal stream_in = 01000100 | parity_out = 0
Time = 2875 | serial_in = 0 | Internal stream_in = 10001000 | parity_out = 0
Time = 2880 | serial_in = 1 | Internal stream_in = 10001000 | parity_out = 0
Time = 2885 | serial_in = 1 | Internal stream_in = 00010001 | parity_out = 0
Time = 2895 | serial_in = 1 | Internal stream_in = 00100011 | parity_out = 1
Time = 2900 | serial_in = 0 | Internal stream_in = 00100011 | parity_out = 1
Time = 2905 | serial_in = 0 | Internal stream_in = 01000110 | parity_out = 1
Time = 2915 | serial_in = 0 | Internal stream_in = 10001100 | parity_out = 1
Time = 2920 | serial_in = 1 | Internal stream_in = 10001100 | parity_out = 1
Time = 2925 | serial_in = 1 | Internal stream_in = 00011001 | parity_out = 1
Time = 2930 | serial_in = 0 | Internal stream_in = 00011001 | parity_out = 1
Time = 2935 | serial_in = 0 | Internal stream_in = 00110010 | parity_out = 1
Time = 2945 | serial_in = 0 | Internal stream_in = 01100100 | parity_out = 1
Time = 2950 | serial_in = 1 | Internal stream_in = 01100100 | parity_out = 1
Time = 2955 | serial_in = 1 | Internal stream_in = 11001001 | parity_out = 0
Time = 2960 | serial_in = 0 | Internal stream_in = 11001001 | parity_out = 0
Time = 2965 | serial_in = 0 | Internal stream_in = 10010010 | parity_out = 1
Time = 2975 | serial_in = 0 | Internal stream_in = 00100100 | parity_out = 0
Time = 2985 | serial_in = 0 | Internal stream_in = 01001000 | parity_out = 0
Time = 2995 | serial_in = 0 | Internal stream_in = 10010000 | parity_out = 0
Time = 3000 | serial_in = 1 | Internal stream_in = 10010000 | parity_out = 0
Time = 3005 | serial_in = 1 | Internal stream_in = 00100001 | parity_out = 0
Time = 3010 | serial_in = 0 | Internal stream_in = 00100001 | parity_out = 0
Time = 3015 | serial_in = 0 | Internal stream_in = 01000010 | parity_out = 0
Time = 3025 | serial_in = 0 | Internal stream_in = 10000100 | parity_out = 0
Time = 3030 | serial_in = 1 | Internal stream_in = 10000100 | parity_out = 0
Time = 3035 | serial_in = 1 | Internal stream_in = 00001001 | parity_out = 0
Time = 3040 | serial_in = 0 | Internal stream_in = 00001001 | parity_out = 0
Time = 3045 | serial_in = 0 | Internal stream_in = 00010010 | parity_out = 0
Time = 3050 | serial_in = 1 | Internal stream_in = 00010010 | parity_out = 0
Time = 3055 | serial_in = 1 | Internal stream_in = 00100101 | parity_out = 1
Time = 3060 | serial_in = 0 | Internal stream_in = 00100101 | parity_out = 1
Time = 3065 | serial_in = 0 | Internal stream_in = 01001010 | parity_out = 1
Time = 3075 | serial_in = 0 | Internal stream_in = 10010100 | parity_out = 1
Time = 3080 | serial_in = 1 | Internal stream_in = 10010100 | parity_out = 1
Time = 3085 | serial_in = 1 | Internal stream_in = 00101001 | parity_out = 1
Time = 3090 | serial_in = 0 | Internal stream_in = 00101001 | parity_out = 1
Time = 3095 | serial_in = 0 | Internal stream_in = 01010010 | parity_out = 1
Time = 3105 | serial_in = 0 | Internal stream_in = 10100100 | parity_out = 1
Time = 3110 | serial_in = 1 | Internal stream_in = 10100100 | parity_out = 1
Time = 3115 | serial_in = 1 | Internal stream_in = 01001001 | parity_out = 1
Time = 3125 | serial_in = 1 | Internal stream_in = 10010011 | parity_out = 0
Time = 3130 | serial_in = 0 | Internal stream_in = 10010011 | parity_out = 0
Time = 3135 | serial_in = 0 | Internal stream_in = 00100110 | parity_out = 1
Time = 3145 | serial_in = 0 | Internal stream_in = 01001100 | parity_out = 1
Time = 3155 | serial_in = 0 | Internal stream_in = 10011000 | parity_out = 1
Time = 3160 | serial_in = 1 | Internal stream_in = 10011000 | parity_out = 1
Time = 3165 | serial_in = 1 | Internal stream_in = 00110001 | parity_out = 1
Time = 3170 | serial_in = 0 | Internal stream_in = 00110001 | parity_out = 1
Time = 3175 | serial_in = 0 | Internal stream_in = 01100010 | parity_out = 1
Time = 3185 | serial_in = 0 | Internal stream_in = 11000100 | parity_out = 1
Time = 3190 | serial_in = 1 | Internal stream_in = 11000100 | parity_out = 1
Time = 3195 | serial_in = 1 | Internal stream_in = 10001001 | parity_out = 1
Time = 3205 | serial_in = 1 | Internal stream_in = 00010011 | parity_out = 1
Time = 3215 | serial_in = 1 | Internal stream_in = 00100111 | parity_out = 0
Time = 3220 | serial_in = 0 | Internal stream_in = 00100111 | parity_out = 0
Time = 3225 | serial_in = 0 | Internal stream_in = 01001110 | parity_out = 0
Time = 3235 | serial_in = 0 | Internal stream_in = 10011100 | parity_out = 0
Time = 3240 | serial_in = 1 | Internal stream_in = 10011100 | parity_out = 0
Time = 3245 | serial_in = 1 | Internal stream_in = 00111001 | parity_out = 0
Time = 3250 | serial_in = 0 | Internal stream_in = 00111001 | parity_out = 0
Time = 3255 | serial_in = 0 | Internal stream_in = 01110010 | parity_out = 0
Time = 3260 | serial_in = 1 | Internal stream_in = 01110010 | parity_out = 0
Time = 3265 | serial_in = 1 | Internal stream_in = 11100101 | parity_out = 1
Time = 3270 | serial_in = 0 | Internal stream_in = 11100101 | parity_out = 1
Time = 3275 | serial_in = 0 | Internal stream_in = 11001010 | parity_out = 0
Time = 3285 | serial_in = 0 | Internal stream_in = 10010100 | parity_out = 1
Time = 3295 | serial_in = 0 | Internal stream_in = 00101000 | parity_out = 0
Time = 3305 | serial_in = 0 | Internal stream_in = 01010000 | parity_out = 0
Time = 3315 | serial_in = 0 | Internal stream_in = 10100000 | parity_out = 0
Time = 3320 | serial_in = 1 | Internal stream_in = 10100000 | parity_out = 0
Time = 3325 | serial_in = 1 | Internal stream_in = 01000001 | parity_out = 0
Time = 3330 | serial_in = 0 | Internal stream_in = 01000001 | parity_out = 0
Time = 3335 | serial_in = 0 | Internal stream_in = 10000010 | parity_out = 0
Time = 3340 | serial_in = 1 | Internal stream_in = 10000010 | parity_out = 0
Time = 3345 | serial_in = 1 | Internal stream_in = 00000101 | parity_out = 0
Time = 3350 | serial_in = 0 | Internal stream_in = 00000101 | parity_out = 0
Time = 3355 | serial_in = 0 | Internal stream_in = 00001010 | parity_out = 0
Time = 3365 | serial_in = 0 | Internal stream_in = 00010100 | parity_out = 0
Time = 3370 | serial_in = 1 | Internal stream_in = 00010100 | parity_out = 0
Time = 3375 | serial_in = 1 | Internal stream_in = 00101001 | parity_out = 1
Time = 3380 | serial_in = 0 | Internal stream_in = 00101001 | parity_out = 1
Time = 3385 | serial_in = 0 | Internal stream_in = 01010010 | parity_out = 1
Time = 3395 | serial_in = 0 | Internal stream_in = 10100100 | parity_out = 1
Time = 3400 | serial_in = 1 | Internal stream_in = 10100100 | parity_out = 1
Time = 3405 | serial_in = 1 | Internal stream_in = 01001001 | parity_out = 1
Time = 3410 | serial_in = 0 | Internal stream_in = 01001001 | parity_out = 1
Time = 3415 | serial_in = 0 | Internal stream_in = 10010010 | parity_out = 1
Time = 3420 | serial_in = 1 | Internal stream_in = 10010010 | parity_out = 1
Time = 3425 | serial_in = 1 | Internal stream_in = 00100101 | parity_out = 1
Time = 3430 | serial_in = 0 | Internal stream_in = 00100101 | parity_out = 1
Time = 3435 | serial_in = 0 | Internal stream_in = 01001010 | parity_out = 1
Time = 3440 | serial_in = 1 | Internal stream_in = 01001010 | parity_out = 1
Time = 3445 | serial_in = 1 | Internal stream_in = 10010101 | parity_out = 0
Time = 3450 | serial_in = 0 | Internal stream_in = 10010101 | parity_out = 0
Time = 3455 | serial_in = 0 | Internal stream_in = 00101010 | parity_out = 1
Time = 3465 | serial_in = 0 | Internal stream_in = 01010100 | parity_out = 1
Time = 3475 | serial_in = 0 | Internal stream_in = 10101000 | parity_out = 1
Time = 3480 | serial_in = 1 | Internal stream_in = 10101000 | parity_out = 1
Time = 3485 | serial_in = 1 | Internal stream_in = 01010001 | parity_out = 1
Time = 3490 | serial_in = 0 | Internal stream_in = 01010001 | parity_out = 1
Time = 3495 | serial_in = 0 | Internal stream_in = 10100010 | parity_out = 1
Time = 3500 | serial_in = 1 | Internal stream_in = 10100010 | parity_out = 1
Time = 3505 | serial_in = 1 | Internal stream_in = 01000101 | parity_out = 1
Time = 3510 | serial_in = 0 | Internal stream_in = 01000101 | parity_out = 1
Time = 3515 | serial_in = 0 | Internal stream_in = 10001010 | parity_out = 1
Time = 3520 | serial_in = 1 | Internal stream_in = 10001010 | parity_out = 1
Time = 3525 | serial_in = 1 | Internal stream_in = 00010101 | parity_out = 1
Time = 3535 | serial_in = 1 | Internal stream_in = 00101011 | parity_out = 0
Time = 3540 | serial_in = 0 | Internal stream_in = 00101011 | parity_out = 0
Time = 3545 | serial_in = 0 | Internal stream_in = 01010110 | parity_out = 0
Time = 3555 | serial_in = 0 | Internal stream_in = 10101100 | parity_out = 0
Time = 3560 | serial_in = 1 | Internal stream_in = 10101100 | parity_out = 0
Time = 3565 | serial_in = 1 | Internal stream_in = 01011001 | parity_out = 0
Time = 3570 | serial_in = 0 | Internal stream_in = 01011001 | parity_out = 0
Time = 3575 | serial_in = 0 | Internal stream_in = 10110010 | parity_out = 0
Time = 3580 | serial_in = 1 | Internal stream_in = 10110010 | parity_out = 0
Time = 3585 | serial_in = 1 | Internal stream_in = 01100101 | parity_out = 0
Time = 3595 | serial_in = 1 | Internal stream_in = 11001011 | parity_out = 1
Time = 3600 | serial_in = 0 | Internal stream_in = 11001011 | parity_out = 1
Time = 3605 | serial_in = 0 | Internal stream_in = 10010110 | parity_out = 0
Time = 3615 | serial_in = 0 | Internal stream_in = 00101100 | parity_out = 1
Time = 3625 | serial_in = 0 | Internal stream_in = 01011000 | parity_out = 1
Time = 3635 | serial_in = 0 | Internal stream_in = 10110000 | parity_out = 1
Time = 3640 | serial_in = 1 | Internal stream_in = 10110000 | parity_out = 1
Time = 3645 | serial_in = 1 | Internal stream_in = 01100001 | parity_out = 1
Time = 3650 | serial_in = 0 | Internal stream_in = 01100001 | parity_out = 1
Time = 3655 | serial_in = 0 | Internal stream_in = 11000010 | parity_out = 1
Time = 3660 | serial_in = 1 | Internal stream_in = 11000010 | parity_out = 1
Time = 3665 | serial_in = 1 | Internal stream_in = 10000101 | parity_out = 1
Time = 3675 | serial_in = 1 | Internal stream_in = 00001011 | parity_out = 1
Time = 3680 | serial_in = 0 | Internal stream_in = 00001011 | parity_out = 1
Time = 3685 | serial_in = 0 | Internal stream_in = 00010110 | parity_out = 1
Time = 3690 | serial_in = 1 | Internal stream_in = 00010110 | parity_out = 1
Time = 3695 | serial_in = 1 | Internal stream_in = 00101101 | parity_out = 0
Time = 3700 | serial_in = 0 | Internal stream_in = 00101101 | parity_out = 0
Time = 3705 | serial_in = 0 | Internal stream_in = 01011010 | parity_out = 0
Time = 3715 | serial_in = 0 | Internal stream_in = 10110100 | parity_out = 0
Time = 3720 | serial_in = 1 | Internal stream_in = 10110100 | parity_out = 0
Time = 3725 | serial_in = 1 | Internal stream_in = 01101001 | parity_out = 0
Time = 3730 | serial_in = 0 | Internal stream_in = 01101001 | parity_out = 0
Time = 3735 | serial_in = 0 | Internal stream_in = 11010010 | parity_out = 0
Time = 3740 | serial_in = 1 | Internal stream_in = 11010010 | parity_out = 0
Time = 3745 | serial_in = 1 | Internal stream_in = 10100101 | parity_out = 0
Time = 3755 | serial_in = 1 | Internal stream_in = 01001011 | parity_out = 0
Time = 3765 | serial_in = 1 | Internal stream_in = 10010111 | parity_out = 1
Time = 3770 | serial_in = 0 | Internal stream_in = 10010111 | parity_out = 1
Time = 3775 | serial_in = 0 | Internal stream_in = 00101110 | parity_out = 0
Time = 3785 | serial_in = 0 | Internal stream_in = 01011100 | parity_out = 0
Time = 3795 | serial_in = 0 | Internal stream_in = 10111000 | parity_out = 0
Time = 3800 | serial_in = 1 | Internal stream_in = 10111000 | parity_out = 0
Time = 3805 | serial_in = 1 | Internal stream_in = 01110001 | parity_out = 0
Time = 3810 | serial_in = 0 | Internal stream_in = 01110001 | parity_out = 0
Time = 3815 | serial_in = 0 | Internal stream_in = 11100010 | parity_out = 0
Time = 3820 | serial_in = 1 | Internal stream_in = 11100010 | parity_out = 0
Time = 3825 | serial_in = 1 | Internal stream_in = 11000101 | parity_out = 0
Time = 3835 | serial_in = 1 | Internal stream_in = 10001011 | parity_out = 0
Time = 3845 | serial_in = 1 | Internal stream_in = 00010111 | parity_out = 0
Time = 3855 | serial_in = 1 | Internal stream_in = 00101111 | parity_out = 1
Time = 3860 | serial_in = 0 | Internal stream_in = 00101111 | parity_out = 1
Time = 3865 | serial_in = 0 | Internal stream_in = 01011110 | parity_out = 1
Time = 3875 | serial_in = 0 | Internal stream_in = 10111100 | parity_out = 1
Time = 3880 | serial_in = 1 | Internal stream_in = 10111100 | parity_out = 1
Time = 3885 | serial_in = 1 | Internal stream_in = 01111001 | parity_out = 1
Time = 3895 | serial_in = 1 | Internal stream_in = 11110011 | parity_out = 0
Time = 3900 | serial_in = 0 | Internal stream_in = 11110011 | parity_out = 0
Time = 3905 | serial_in = 0 | Internal stream_in = 11100110 | parity_out = 1
Time = 3915 | serial_in = 0 | Internal stream_in = 11001100 | parity_out = 0
Time = 3925 | serial_in = 0 | Internal stream_in = 10011000 | parity_out = 1
Time = 3935 | serial_in = 0 | Internal stream_in = 00110000 | parity_out = 0
Time = 3945 | serial_in = 0 | Internal stream_in = 01100000 | parity_out = 0
Time = 3955 | serial_in = 0 | Internal stream_in = 11000000 | parity_out = 0
Time = 3960 | serial_in = 1 | Internal stream_in = 11000000 | parity_out = 0
Time = 3965 | serial_in = 1 | Internal stream_in = 10000001 | parity_out = 0
Time = 3975 | serial_in = 1 | Internal stream_in = 00000011 | parity_out = 0
Time = 3980 | serial_in = 0 | Internal stream_in = 00000011 | parity_out = 0
Time = 3985 | serial_in = 0 | Internal stream_in = 00000110 | parity_out = 0
Time = 3995 | serial_in = 0 | Internal stream_in = 00001100 | parity_out = 0
Time = 4005 | serial_in = 0 | Internal stream_in = 00011000 | parity_out = 0
Time = 4010 | serial_in = 1 | Internal stream_in = 00011000 | parity_out = 0
Time = 4015 | serial_in = 1 | Internal stream_in = 00110001 | parity_out = 1
Time = 4020 | serial_in = 0 | Internal stream_in = 00110001 | parity_out = 1
Time = 4025 | serial_in = 0 | Internal stream_in = 01100010 | parity_out = 1
Time = 4035 | serial_in = 0 | Internal stream_in = 11000100 | parity_out = 1
Time = 4040 | serial_in = 1 | Internal stream_in = 11000100 | parity_out = 1
Time = 4045 | serial_in = 1 | Internal stream_in = 10001001 | parity_out = 1
Time = 4055 | serial_in = 1 | Internal stream_in = 00010011 | parity_out = 1
Time = 4060 | serial_in = 0 | Internal stream_in = 00010011 | parity_out = 1
Time = 4065 | serial_in = 0 | Internal stream_in = 00100110 | parity_out = 1
Time = 4075 | serial_in = 0 | Internal stream_in = 01001100 | parity_out = 1
Time = 4080 | serial_in = 1 | Internal stream_in = 01001100 | parity_out = 1
Time = 4085 | serial_in = 1 | Internal stream_in = 10011001 | parity_out = 0
Time = 4090 | serial_in = 0 | Internal stream_in = 10011001 | parity_out = 0
Time = 4095 | serial_in = 0 | Internal stream_in = 00110010 | parity_out = 1
Time = 4105 | serial_in = 0 | Internal stream_in = 01100100 | parity_out = 1
Time = 4115 | serial_in = 0 | Internal stream_in = 11001000 | parity_out = 1
Time = 4120 | serial_in = 1 | Internal stream_in = 11001000 | parity_out = 1
Time = 4125 | serial_in = 1 | Internal stream_in = 10010001 | parity_out = 1
Time = 4135 | serial_in = 1 | Internal stream_in = 00100011 | parity_out = 1
Time = 4140 | serial_in = 0 | Internal stream_in = 00100011 | parity_out = 1
Time = 4145 | serial_in = 0 | Internal stream_in = 01000110 | parity_out = 1
Time = 4155 | serial_in = 0 | Internal stream_in = 10001100 | parity_out = 1
Time = 4160 | serial_in = 1 | Internal stream_in = 10001100 | parity_out = 1
Time = 4165 | serial_in = 1 | Internal stream_in = 00011001 | parity_out = 1
Time = 4175 | serial_in = 1 | Internal stream_in = 00110011 | parity_out = 0
Time = 4180 | serial_in = 0 | Internal stream_in = 00110011 | parity_out = 0
Time = 4185 | serial_in = 0 | Internal stream_in = 01100110 | parity_out = 0
Time = 4195 | serial_in = 0 | Internal stream_in = 11001100 | parity_out = 0
Time = 4200 | serial_in = 1 | Internal stream_in = 11001100 | parity_out = 0
Time = 4205 | serial_in = 1 | Internal stream_in = 10011001 | parity_out = 0
Time = 4215 | serial_in = 1 | Internal stream_in = 00110011 | parity_out = 0
Time = 4220 | serial_in = 0 | Internal stream_in = 00110011 | parity_out = 0
Time = 4225 | serial_in = 0 | Internal stream_in = 01100110 | parity_out = 0
Time = 4230 | serial_in = 1 | Internal stream_in = 01100110 | parity_out = 0
Time = 4235 | serial_in = 1 | Internal stream_in = 11001101 | parity_out = 1
Time = 4240 | serial_in = 0 | Internal stream_in = 11001101 | parity_out = 1
Time = 4245 | serial_in = 0 | Internal stream_in = 10011010 | parity_out = 0
Time = 4255 | serial_in = 0 | Internal stream_in = 00110100 | parity_out = 1
Time = 4265 | serial_in = 0 | Internal stream_in = 01101000 | parity_out = 1
Time = 4275 | serial_in = 0 | Internal stream_in = 11010000 | parity_out = 1
Time = 4280 | serial_in = 1 | Internal stream_in = 11010000 | parity_out = 1
Time = 4285 | serial_in = 1 | Internal stream_in = 10100001 | parity_out = 1
Time = 4295 | serial_in = 1 | Internal stream_in = 01000011 | parity_out = 1
Time = 4300 | serial_in = 0 | Internal stream_in = 01000011 | parity_out = 1
Time = 4305 | serial_in = 0 | Internal stream_in = 10000110 | parity_out = 1
Time = 4310 | serial_in = 1 | Internal stream_in = 10000110 | parity_out = 1
Time = 4315 | serial_in = 1 | Internal stream_in = 00001101 | parity_out = 1
Time = 4320 | serial_in = 0 | Internal stream_in = 00001101 | parity_out = 1
Time = 4325 | serial_in = 0 | Internal stream_in = 00011010 | parity_out = 1
Time = 4330 | serial_in = 1 | Internal stream_in = 00011010 | parity_out = 1
Time = 4335 | serial_in = 1 | Internal stream_in = 00110101 | parity_out = 0
Time = 4340 | serial_in = 0 | Internal stream_in = 00110101 | parity_out = 0
Time = 4345 | serial_in = 0 | Internal stream_in = 01101010 | parity_out = 0
Time = 4355 | serial_in = 0 | Internal stream_in = 11010100 | parity_out = 0
Time = 4360 | serial_in = 1 | Internal stream_in = 11010100 | parity_out = 0
Time = 4365 | serial_in = 1 | Internal stream_in = 10101001 | parity_out = 0
Time = 4375 | serial_in = 1 | Internal stream_in = 01010011 | parity_out = 0
Time = 4380 | serial_in = 0 | Internal stream_in = 01010011 | parity_out = 0
Time = 4385 | serial_in = 0 | Internal stream_in = 10100110 | parity_out = 0
Time = 4390 | serial_in = 1 | Internal stream_in = 10100110 | parity_out = 0
Time = 4395 | serial_in = 1 | Internal stream_in = 01001101 | parity_out = 0
Time = 4405 | serial_in = 1 | Internal stream_in = 10011011 | parity_out = 1
Time = 4410 | serial_in = 0 | Internal stream_in = 10011011 | parity_out = 1
Time = 4415 | serial_in = 0 | Internal stream_in = 00110110 | parity_out = 0
Time = 4425 | serial_in = 0 | Internal stream_in = 01101100 | parity_out = 0
Time = 4435 | serial_in = 0 | Internal stream_in = 11011000 | parity_out = 0
Time = 4440 | serial_in = 1 | Internal stream_in = 11011000 | parity_out = 0
Time = 4445 | serial_in = 1 | Internal stream_in = 10110001 | parity_out = 0
Time = 4455 | serial_in = 1 | Internal stream_in = 01100011 | parity_out = 0
Time = 4460 | serial_in = 0 | Internal stream_in = 01100011 | parity_out = 0
Time = 4465 | serial_in = 0 | Internal stream_in = 11000110 | parity_out = 0
Time = 4470 | serial_in = 1 | Internal stream_in = 11000110 | parity_out = 0
Time = 4475 | serial_in = 1 | Internal stream_in = 10001101 | parity_out = 0
Time = 4485 | serial_in = 1 | Internal stream_in = 00011011 | parity_out = 0
Time = 4495 | serial_in = 1 | Internal stream_in = 00110111 | parity_out = 1
Time = 4500 | serial_in = 0 | Internal stream_in = 00110111 | parity_out = 1
Time = 4505 | serial_in = 0 | Internal stream_in = 01101110 | parity_out = 1
Time = 4515 | serial_in = 0 | Internal stream_in = 11011100 | parity_out = 1
Time = 4520 | serial_in = 1 | Internal stream_in = 11011100 | parity_out = 1
Time = 4525 | serial_in = 1 | Internal stream_in = 10111001 | parity_out = 1
Time = 4535 | serial_in = 1 | Internal stream_in = 01110011 | parity_out = 1
Time = 4545 | serial_in = 1 | Internal stream_in = 11100111 | parity_out = 0
Time = 4550 | serial_in = 0 | Internal stream_in = 11100111 | parity_out = 0
Time = 4555 | serial_in = 0 | Internal stream_in = 11001110 | parity_out = 1
Time = 4565 | serial_in = 0 | Internal stream_in = 10011100 | parity_out = 0
Time = 4575 | serial_in = 0 | Internal stream_in = 00111000 | parity_out = 1
Time = 4585 | serial_in = 0 | Internal stream_in = 01110000 | parity_out = 1
Time = 4595 | serial_in = 0 | Internal stream_in = 11100000 | parity_out = 1
Time = 4600 | serial_in = 1 | Internal stream_in = 11100000 | parity_out = 1
Time = 4605 | serial_in = 1 | Internal stream_in = 11000001 | parity_out = 1
Time = 4615 | serial_in = 1 | Internal stream_in = 10000011 | parity_out = 1
Time = 4625 | serial_in = 1 | Internal stream_in = 00000111 | parity_out = 1
Time = 4630 | serial_in = 0 | Internal stream_in = 00000111 | parity_out = 1
Time = 4635 | serial_in = 0 | Internal stream_in = 00001110 | parity_out = 1
Time = 4645 | serial_in = 0 | Internal stream_in = 00011100 | parity_out = 1
Time = 4650 | serial_in = 1 | Internal stream_in = 00011100 | parity_out = 1
Time = 4655 | serial_in = 1 | Internal stream_in = 00111001 | parity_out = 0
Time = 4660 | serial_in = 0 | Internal stream_in = 00111001 | parity_out = 0
Time = 4665 | serial_in = 0 | Internal stream_in = 01110010 | parity_out = 0
Time = 4675 | serial_in = 0 | Internal stream_in = 11100100 | parity_out = 0
Time = 4680 | serial_in = 1 | Internal stream_in = 11100100 | parity_out = 0
Time = 4685 | serial_in = 1 | Internal stream_in = 11001001 | parity_out = 0
Time = 4695 | serial_in = 1 | Internal stream_in = 10010011 | parity_out = 0
Time = 4705 | serial_in = 1 | Internal stream_in = 00100111 | parity_out = 0
Time = 4710 | serial_in = 0 | Internal stream_in = 00100111 | parity_out = 0
Time = 4715 | serial_in = 0 | Internal stream_in = 01001110 | parity_out = 0
Time = 4720 | serial_in = 1 | Internal stream_in = 01001110 | parity_out = 0
Time = 4725 | serial_in = 1 | Internal stream_in = 10011101 | parity_out = 1
Time = 4730 | serial_in = 0 | Internal stream_in = 10011101 | parity_out = 1
Time = 4735 | serial_in = 0 | Internal stream_in = 00111010 | parity_out = 0
Time = 4745 | serial_in = 0 | Internal stream_in = 01110100 | parity_out = 0
Time = 4755 | serial_in = 0 | Internal stream_in = 11101000 | parity_out = 0
Time = 4760 | serial_in = 1 | Internal stream_in = 11101000 | parity_out = 0
Time = 4765 | serial_in = 1 | Internal stream_in = 11010001 | parity_out = 0
Time = 4775 | serial_in = 1 | Internal stream_in = 10100011 | parity_out = 0
Time = 4785 | serial_in = 1 | Internal stream_in = 01000111 | parity_out = 0
Time = 4790 | serial_in = 0 | Internal stream_in = 01000111 | parity_out = 0
Time = 4795 | serial_in = 0 | Internal stream_in = 10001110 | parity_out = 0
Time = 4800 | serial_in = 1 | Internal stream_in = 10001110 | parity_out = 0
Time = 4805 | serial_in = 1 | Internal stream_in = 00011101 | parity_out = 0
Time = 4815 | serial_in = 1 | Internal stream_in = 00111011 | parity_out = 1
Time = 4820 | serial_in = 0 | Internal stream_in = 00111011 | parity_out = 1
Time = 4825 | serial_in = 0 | Internal stream_in = 01110110 | parity_out = 1
Time = 4835 | serial_in = 0 | Internal stream_in = 11101100 | parity_out = 1
Time = 4840 | serial_in = 1 | Internal stream_in = 11101100 | parity_out = 1
Time = 4845 | serial_in = 1 | Internal stream_in = 11011001 | parity_out = 1
Time = 4855 | serial_in = 1 | Internal stream_in = 10110011 | parity_out = 1
Time = 4865 | serial_in = 1 | Internal stream_in = 01100111 | parity_out = 1
Time = 4875 | serial_in = 1 | Internal stream_in = 11001111 | parity_out = 0
Time = 4880 | serial_in = 0 | Internal stream_in = 11001111 | parity_out = 0
Time = 4885 | serial_in = 0 | Internal stream_in = 10011110 | parity_out = 1
Time = 4895 | serial_in = 0 | Internal stream_in = 00111100 | parity_out = 0
Time = 4905 | serial_in = 0 | Internal stream_in = 01111000 | parity_out = 0
Time = 4915 | serial_in = 0 | Internal stream_in = 11110000 | parity_out = 0
Time = 4920 | serial_in = 1 | Internal stream_in = 11110000 | parity_out = 0
Time = 4925 | serial_in = 1 | Internal stream_in = 11100001 | parity_out = 0
Time = 4935 | serial_in = 1 | Internal stream_in = 11000011 | parity_out = 0
Time = 4945 | serial_in = 1 | Internal stream_in = 10000111 | parity_out = 0
Time = 4955 | serial_in = 1 | Internal stream_in = 00001111 | parity_out = 0
Time = 4960 | serial_in = 0 | Internal stream_in = 00001111 | parity_out = 0
Time = 4965 | serial_in = 0 | Internal stream_in = 00011110 | parity_out = 0
Time = 4970 | serial_in = 1 | Internal stream_in = 00011110 | parity_out = 0
Time = 4975 | serial_in = 1 | Internal stream_in = 00111101 | parity_out = 1
Time = 4980 | serial_in = 0 | Internal stream_in = 00111101 | parity_out = 1
Time = 4985 | serial_in = 0 | Internal stream_in = 01111010 | parity_out = 1
Time = 4995 | serial_in = 0 | Internal stream_in = 11110100 | parity_out = 1
Time = 5000 | serial_in = 1 | Internal stream_in = 11110100 | parity_out = 1
Time = 5005 | serial_in = 1 | Internal stream_in = 11101001 | parity_out = 1
Time = 5015 | serial_in = 1 | Internal stream_in = 11010011 | parity_out = 1
Time = 5025 | serial_in = 1 | Internal stream_in = 10100111 | parity_out = 1
Time = 5035 | serial_in = 1 | Internal stream_in = 01001111 | parity_out = 1
Time = 5045 | serial_in = 1 | Internal stream_in = 10011111 | parity_out = 0
Time = 5050 | serial_in = 0 | Internal stream_in = 10011111 | parity_out = 0
Time = 5055 | serial_in = 0 | Internal stream_in = 00111110 | parity_out = 1
Time = 5065 | serial_in = 0 | Internal stream_in = 01111100 | parity_out = 1
Time = 5075 | serial_in = 0 | Internal stream_in = 11111000 | parity_out = 1
Time = 5080 | serial_in = 1 | Internal stream_in = 11111000 | parity_out = 1
Time = 5085 | serial_in = 1 | Internal stream_in = 11110001 | parity_out = 1
Time = 5095 | serial_in = 1 | Internal stream_in = 11100011 | parity_out = 1
Time = 5105 | serial_in = 1 | Internal stream_in = 11000111 | parity_out = 1
Time = 5115 | serial_in = 1 | Internal stream_in = 10001111 | parity_out = 1
Time = 5125 | serial_in = 1 | Internal stream_in = 00011111 | parity_out = 1
Time = 5135 | serial_in = 1 | Internal stream_in = 00111111 | parity_out = 0
Time = 5140 | serial_in = 0 | Internal stream_in = 00111111 | parity_out = 0
Time = 5145 | serial_in = 0 | Internal stream_in = 01111110 | parity_out = 0
Time = 5150 | serial_in = 1 | Internal stream_in = 01111110 | parity_out = 0
Time = 5155 | serial_in = 1 | Internal stream_in = 11111101 | parity_out = 1
Time = 5160 | serial_in = 0 | Internal stream_in = 11111101 | parity_out = 1
Time = 5165 | serial_in = 0 | Internal stream_in = 11111010 | parity_out = 0
Time = 5175 | serial_in = 0 | Internal stream_in = 11110100 | parity_out = 1
Time = 5185 | serial_in = 0 | Internal stream_in = 11101000 | parity_out = 0
Time = 5195 | serial_in = 0 | Internal stream_in = 11010000 | parity_out = 1
Time = 5205 | serial_in = 0 | Internal stream_in = 10100000 | parity_out = 0
Time = 5215 | serial_in = 0 | Internal stream_in = 01000000 | parity_out = 1
Time = 5225 | serial_in = 0 | Internal stream_in = 10000000 | parity_out = 1
Time = 5230 | serial_in = 1 | Internal stream_in = 10000000 | parity_out = 1
Time = 5235 | serial_in = 1 | Internal stream_in = 00000001 | parity_out = 1
Time = 5240 | serial_in = 0 | Internal stream_in = 00000001 | parity_out = 1
Time = 5245 | serial_in = 0 | Internal stream_in = 00000010 | parity_out = 1
Time = 5255 | serial_in = 0 | Internal stream_in = 00000100 | parity_out = 1
Time = 5265 | serial_in = 0 | Internal stream_in = 00001000 | parity_out = 1
Time = 5275 | serial_in = 0 | Internal stream_in = 00010000 | parity_out = 1
Time = 5285 | serial_in = 0 | Internal stream_in = 00100000 | parity_out = 1
Time = 5290 | serial_in = 1 | Internal stream_in = 00100000 | parity_out = 1
Time = 5295 | serial_in = 1 | Internal stream_in = 01000001 | parity_out = 0
Time = 5300 | serial_in = 0 | Internal stream_in = 01000001 | parity_out = 0
Time = 5305 | serial_in = 0 | Internal stream_in = 10000010 | parity_out = 0
Time = 5310 | serial_in = 1 | Internal stream_in = 10000010 | parity_out = 0
Time = 5315 | serial_in = 1 | Internal stream_in = 00000101 | parity_out = 0
Time = 5320 | serial_in = 0 | Internal stream_in = 00000101 | parity_out = 0
Time = 5325 | serial_in = 0 | Internal stream_in = 00001010 | parity_out = 0
Time = 5335 | serial_in = 0 | Internal stream_in = 00010100 | parity_out = 0
Time = 5345 | serial_in = 0 | Internal stream_in = 00101000 | parity_out = 0
Time = 5355 | serial_in = 0 | Internal stream_in = 01010000 | parity_out = 0
Time = 5360 | serial_in = 1 | Internal stream_in = 01010000 | parity_out = 0
Time = 5365 | serial_in = 1 | Internal stream_in = 10100001 | parity_out = 1
Time = 5370 | serial_in = 0 | Internal stream_in = 10100001 | parity_out = 1
Time = 5375 | serial_in = 0 | Internal stream_in = 01000010 | parity_out = 0
Time = 5385 | serial_in = 0 | Internal stream_in = 10000100 | parity_out = 0
Time = 5390 | serial_in = 1 | Internal stream_in = 10000100 | parity_out = 0
Time = 5395 | serial_in = 1 | Internal stream_in = 00001001 | parity_out = 0
Time = 5400 | serial_in = 0 | Internal stream_in = 00001001 | parity_out = 0
Time = 5405 | serial_in = 0 | Internal stream_in = 00010010 | parity_out = 0
Time = 5415 | serial_in = 0 | Internal stream_in = 00100100 | parity_out = 0
Time = 5425 | serial_in = 0 | Internal stream_in = 01001000 | parity_out = 0
Time = 5435 | serial_in = 0 | Internal stream_in = 10010000 | parity_out = 0
Time = 5440 | serial_in = 1 | Internal stream_in = 10010000 | parity_out = 0
Time = 5445 | serial_in = 1 | Internal stream_in = 00100001 | parity_out = 0
Time = 5455 | serial_in = 1 | Internal stream_in = 01000011 | parity_out = 1
Time = 5460 | serial_in = 0 | Internal stream_in = 01000011 | parity_out = 1
Time = 5465 | serial_in = 0 | Internal stream_in = 10000110 | parity_out = 1
Time = 5470 | serial_in = 1 | Internal stream_in = 10000110 | parity_out = 1
Time = 5475 | serial_in = 1 | Internal stream_in = 00001101 | parity_out = 1
Time = 5480 | serial_in = 0 | Internal stream_in = 00001101 | parity_out = 1
Time = 5485 | serial_in = 0 | Internal stream_in = 00011010 | parity_out = 1
Time = 5495 | serial_in = 0 | Internal stream_in = 00110100 | parity_out = 1
Time = 5505 | serial_in = 0 | Internal stream_in = 01101000 | parity_out = 1
Time = 5510 | serial_in = 1 | Internal stream_in = 01101000 | parity_out = 1
Time = 5515 | serial_in = 1 | Internal stream_in = 11010001 | parity_out = 0
Time = 5520 | serial_in = 0 | Internal stream_in = 11010001 | parity_out = 0
Time = 5525 | serial_in = 0 | Internal stream_in = 10100010 | parity_out = 1
Time = 5535 | serial_in = 0 | Internal stream_in = 01000100 | parity_out = 0
Time = 5545 | serial_in = 0 | Internal stream_in = 10001000 | parity_out = 0
Time = 5550 | serial_in = 1 | Internal stream_in = 10001000 | parity_out = 0
Time = 5555 | serial_in = 1 | Internal stream_in = 00010001 | parity_out = 0
Time = 5560 | serial_in = 0 | Internal stream_in = 00010001 | parity_out = 0
Time = 5565 | serial_in = 0 | Internal stream_in = 00100010 | parity_out = 0
Time = 5575 | serial_in = 0 | Internal stream_in = 01000100 | parity_out = 0
Time = 5585 | serial_in = 0 | Internal stream_in = 10001000 | parity_out = 0
Time = 5590 | serial_in = 1 | Internal stream_in = 10001000 | parity_out = 0
Time = 5595 | serial_in = 1 | Internal stream_in = 00010001 | parity_out = 0
Time = 5600 | serial_in = 0 | Internal stream_in = 00010001 | parity_out = 0
Time = 5605 | serial_in = 0 | Internal stream_in = 00100010 | parity_out = 0
Time = 5610 | serial_in = 1 | Internal stream_in = 00100010 | parity_out = 0
Time = 5615 | serial_in = 1 | Internal stream_in = 01000101 | parity_out = 1
Time = 5620 | serial_in = 0 | Internal stream_in = 01000101 | parity_out = 1
Time = 5625 | serial_in = 0 | Internal stream_in = 10001010 | parity_out = 1
Time = 5630 | serial_in = 1 | Internal stream_in = 10001010 | parity_out = 1
Time = 5635 | serial_in = 1 | Internal stream_in = 00010101 | parity_out = 1
Time = 5640 | serial_in = 0 | Internal stream_in = 00010101 | parity_out = 1
Time = 5645 | serial_in = 0 | Internal stream_in = 00101010 | parity_out = 1
Time = 5655 | serial_in = 0 | Internal stream_in = 01010100 | parity_out = 1
Time = 5665 | serial_in = 0 | Internal stream_in = 10101000 | parity_out = 1
Time = 5670 | serial_in = 1 | Internal stream_in = 10101000 | parity_out = 1
Time = 5675 | serial_in = 1 | Internal stream_in = 01010001 | parity_out = 1
Time = 5685 | serial_in = 1 | Internal stream_in = 10100011 | parity_out = 0
Time = 5690 | serial_in = 0 | Internal stream_in = 10100011 | parity_out = 0
Time = 5695 | serial_in = 0 | Internal stream_in = 01000110 | parity_out = 1
Time = 5705 | serial_in = 0 | Internal stream_in = 10001100 | parity_out = 1
Time = 5710 | serial_in = 1 | Internal stream_in = 10001100 | parity_out = 1
Time = 5715 | serial_in = 1 | Internal stream_in = 00011001 | parity_out = 1
Time = 5720 | serial_in = 0 | Internal stream_in = 00011001 | parity_out = 1
Time = 5725 | serial_in = 0 | Internal stream_in = 00110010 | parity_out = 1
Time = 5735 | serial_in = 0 | Internal stream_in = 01100100 | parity_out = 1
Time = 5745 | serial_in = 0 | Internal stream_in = 11001000 | parity_out = 1
Time = 5750 | serial_in = 1 | Internal stream_in = 11001000 | parity_out = 1
Time = 5755 | serial_in = 1 | Internal stream_in = 10010001 | parity_out = 1
Time = 5765 | serial_in = 1 | Internal stream_in = 00100011 | parity_out = 1
Time = 5775 | serial_in = 1 | Internal stream_in = 01000111 | parity_out = 0
Time = 5780 | serial_in = 0 | Internal stream_in = 01000111 | parity_out = 0
Time = 5785 | serial_in = 0 | Internal stream_in = 10001110 | parity_out = 0
Time = 5790 | serial_in = 1 | Internal stream_in = 10001110 | parity_out = 0
Time = 5795 | serial_in = 1 | Internal stream_in = 00011101 | parity_out = 0
Time = 5800 | serial_in = 0 | Internal stream_in = 00011101 | parity_out = 0
Time = 5805 | serial_in = 0 | Internal stream_in = 00111010 | parity_out = 0
Time = 5815 | serial_in = 0 | Internal stream_in = 01110100 | parity_out = 0
Time = 5820 | serial_in = 1 | Internal stream_in = 01110100 | parity_out = 0
Time = 5825 | serial_in = 1 | Internal stream_in = 11101001 | parity_out = 1
Time = 5830 | serial_in = 0 | Internal stream_in = 11101001 | parity_out = 1
Time = 5835 | serial_in = 0 | Internal stream_in = 11010010 | parity_out = 0
Time = 5845 | serial_in = 0 | Internal stream_in = 10100100 | parity_out = 1
Time = 5855 | serial_in = 0 | Internal stream_in = 01001000 | parity_out = 0
Time = 5865 | serial_in = 0 | Internal stream_in = 10010000 | parity_out = 0
Time = 5870 | serial_in = 1 | Internal stream_in = 10010000 | parity_out = 0
Time = 5875 | serial_in = 1 | Internal stream_in = 00100001 | parity_out = 0
Time = 5880 | serial_in = 0 | Internal stream_in = 00100001 | parity_out = 0
Time = 5885 | serial_in = 0 | Internal stream_in = 01000010 | parity_out = 0
Time = 5895 | serial_in = 0 | Internal stream_in = 10000100 | parity_out = 0
Time = 5900 | serial_in = 1 | Internal stream_in = 10000100 | parity_out = 0
Time = 5905 | serial_in = 1 | Internal stream_in = 00001001 | parity_out = 0
Time = 5910 | serial_in = 0 | Internal stream_in = 00001001 | parity_out = 0
Time = 5915 | serial_in = 0 | Internal stream_in = 00010010 | parity_out = 0
Time = 5925 | serial_in = 0 | Internal stream_in = 00100100 | parity_out = 0
Time = 5930 | serial_in = 1 | Internal stream_in = 00100100 | parity_out = 0
Time = 5935 | serial_in = 1 | Internal stream_in = 01001001 | parity_out = 1
Time = 5940 | serial_in = 0 | Internal stream_in = 01001001 | parity_out = 1
Time = 5945 | serial_in = 0 | Internal stream_in = 10010010 | parity_out = 1
Time = 5950 | serial_in = 1 | Internal stream_in = 10010010 | parity_out = 1
Time = 5955 | serial_in = 1 | Internal stream_in = 00100101 | parity_out = 1
Time = 5960 | serial_in = 0 | Internal stream_in = 00100101 | parity_out = 1
Time = 5965 | serial_in = 0 | Internal stream_in = 01001010 | parity_out = 1
Time = 5975 | serial_in = 0 | Internal stream_in = 10010100 | parity_out = 1
Time = 5980 | serial_in = 1 | Internal stream_in = 10010100 | parity_out = 1
Time = 5985 | serial_in = 1 | Internal stream_in = 00101001 | parity_out = 1
Time = 5990 | serial_in = 0 | Internal stream_in = 00101001 | parity_out = 1
Time = 5995 | serial_in = 0 | Internal stream_in = 01010010 | parity_out = 1
Time = 6000 | serial_in = 1 | Internal stream_in = 01010010 | parity_out = 1
Time = 6005 | serial_in = 1 | Internal stream_in = 10100101 | parity_out = 0
Time = 6010 | serial_in = 0 | Internal stream_in = 10100101 | parity_out = 0
Time = 6015 | serial_in = 0 | Internal stream_in = 01001010 | parity_out = 1
Time = 6025 | serial_in = 0 | Internal stream_in = 10010100 | parity_out = 1
Time = 6030 | serial_in = 1 | Internal stream_in = 10010100 | parity_out = 1
Time = 6035 | serial_in = 1 | Internal stream_in = 00101001 | parity_out = 1
Time = 6040 | serial_in = 0 | Internal stream_in = 00101001 | parity_out = 1
Time = 6045 | serial_in = 0 | Internal stream_in = 01010010 | parity_out = 1
Time = 6055 | serial_in = 0 | Internal stream_in = 10100100 | parity_out = 1
Time = 6060 | serial_in = 1 | Internal stream_in = 10100100 | parity_out = 1
Time = 6065 | serial_in = 1 | Internal stream_in = 01001001 | parity_out = 1
Time = 6070 | serial_in = 0 | Internal stream_in = 01001001 | parity_out = 1
Time = 6075 | serial_in = 0 | Internal stream_in = 10010010 | parity_out = 1
Time = 6080 | serial_in = 1 | Internal stream_in = 10010010 | parity_out = 1
Time = 6085 | serial_in = 1 | Internal stream_in = 00100101 | parity_out = 1
Time = 6095 | serial_in = 1 | Internal stream_in = 01001011 | parity_out = 0
Time = 6100 | serial_in = 0 | Internal stream_in = 01001011 | parity_out = 0
Time = 6105 | serial_in = 0 | Internal stream_in = 10010110 | parity_out = 0
Time = 6110 | serial_in = 1 | Internal stream_in = 10010110 | parity_out = 0
Time = 6115 | serial_in = 1 | Internal stream_in = 00101101 | parity_out = 0
Time = 6120 | serial_in = 0 | Internal stream_in = 00101101 | parity_out = 0
Time = 6125 | serial_in = 0 | Internal stream_in = 01011010 | parity_out = 0
Time = 6135 | serial_in = 0 | Internal stream_in = 10110100 | parity_out = 0
Time = 6140 | serial_in = 1 | Internal stream_in = 10110100 | parity_out = 0
Time = 6145 | serial_in = 1 | Internal stream_in = 01101001 | parity_out = 0
Time = 6155 | serial_in = 1 | Internal stream_in = 11010011 | parity_out = 1
Time = 6160 | serial_in = 0 | Internal stream_in = 11010011 | parity_out = 1
Time = 6165 | serial_in = 0 | Internal stream_in = 10100110 | parity_out = 0
Time = 6175 | serial_in = 0 | Internal stream_in = 01001100 | parity_out = 1
Time = 6185 | serial_in = 0 | Internal stream_in = 10011000 | parity_out = 1
Time = 6190 | serial_in = 1 | Internal stream_in = 10011000 | parity_out = 1
Time = 6195 | serial_in = 1 | Internal stream_in = 00110001 | parity_out = 1
Time = 6200 | serial_in = 0 | Internal stream_in = 00110001 | parity_out = 1
Time = 6205 | serial_in = 0 | Internal stream_in = 01100010 | parity_out = 1
Time = 6215 | serial_in = 0 | Internal stream_in = 11000100 | parity_out = 1
Time = 6220 | serial_in = 1 | Internal stream_in = 11000100 | parity_out = 1
Time = 6225 | serial_in = 1 | Internal stream_in = 10001001 | parity_out = 1
Time = 6235 | serial_in = 1 | Internal stream_in = 00010011 | parity_out = 1
Time = 6240 | serial_in = 0 | Internal stream_in = 00010011 | parity_out = 1
Time = 6245 | serial_in = 0 | Internal stream_in = 00100110 | parity_out = 1
Time = 6250 | serial_in = 1 | Internal stream_in = 00100110 | parity_out = 1
Time = 6255 | serial_in = 1 | Internal stream_in = 01001101 | parity_out = 0
Time = 6260 | serial_in = 0 | Internal stream_in = 01001101 | parity_out = 0
Time = 6265 | serial_in = 0 | Internal stream_in = 10011010 | parity_out = 0
Time = 6270 | serial_in = 1 | Internal stream_in = 10011010 | parity_out = 0
Time = 6275 | serial_in = 1 | Internal stream_in = 00110101 | parity_out = 0
Time = 6280 | serial_in = 0 | Internal stream_in = 00110101 | parity_out = 0
Time = 6285 | serial_in = 0 | Internal stream_in = 01101010 | parity_out = 0
Time = 6295 | serial_in = 0 | Internal stream_in = 11010100 | parity_out = 0
Time = 6300 | serial_in = 1 | Internal stream_in = 11010100 | parity_out = 0
Time = 6305 | serial_in = 1 | Internal stream_in = 10101001 | parity_out = 0
Time = 6315 | serial_in = 1 | Internal stream_in = 01010011 | parity_out = 0
Time = 6325 | serial_in = 1 | Internal stream_in = 10100111 | parity_out = 1
Time = 6330 | serial_in = 0 | Internal stream_in = 10100111 | parity_out = 1
Time = 6335 | serial_in = 0 | Internal stream_in = 01001110 | parity_out = 0
Time = 6345 | serial_in = 0 | Internal stream_in = 10011100 | parity_out = 0
Time = 6350 | serial_in = 1 | Internal stream_in = 10011100 | parity_out = 0
Time = 6355 | serial_in = 1 | Internal stream_in = 00111001 | parity_out = 0
Time = 6360 | serial_in = 0 | Internal stream_in = 00111001 | parity_out = 0
Time = 6365 | serial_in = 0 | Internal stream_in = 01110010 | parity_out = 0
Time = 6375 | serial_in = 0 | Internal stream_in = 11100100 | parity_out = 0
Time = 6380 | serial_in = 1 | Internal stream_in = 11100100 | parity_out = 0
Time = 6385 | serial_in = 1 | Internal stream_in = 11001001 | parity_out = 0
Time = 6395 | serial_in = 1 | Internal stream_in = 10010011 | parity_out = 0
Time = 6405 | serial_in = 1 | Internal stream_in = 00100111 | parity_out = 0
Time = 6415 | serial_in = 1 | Internal stream_in = 01001111 | parity_out = 1
Time = 6420 | serial_in = 0 | Internal stream_in = 01001111 | parity_out = 1
Time = 6425 | serial_in = 0 | Internal stream_in = 10011110 | parity_out = 1
Time = 6430 | serial_in = 1 | Internal stream_in = 10011110 | parity_out = 1
Time = 6435 | serial_in = 1 | Internal stream_in = 00111101 | parity_out = 1
Time = 6440 | serial_in = 0 | Internal stream_in = 00111101 | parity_out = 1
Time = 6445 | serial_in = 0 | Internal stream_in = 01111010 | parity_out = 1
Time = 6450 | serial_in = 1 | Internal stream_in = 01111010 | parity_out = 1
Time = 6455 | serial_in = 1 | Internal stream_in = 11110101 | parity_out = 0
Time = 6460 | serial_in = 0 | Internal stream_in = 11110101 | parity_out = 0
Time = 6465 | serial_in = 0 | Internal stream_in = 11101010 | parity_out = 1
Time = 6475 | serial_in = 0 | Internal stream_in = 11010100 | parity_out = 0
Time = 6485 | serial_in = 0 | Internal stream_in = 10101000 | parity_out = 1
Time = 6495 | serial_in = 0 | Internal stream_in = 01010000 | parity_out = 0
Time = 6505 | serial_in = 0 | Internal stream_in = 10100000 | parity_out = 0
Time = 6510 | serial_in = 1 | Internal stream_in = 10100000 | parity_out = 0
Time = 6515 | serial_in = 1 | Internal stream_in = 01000001 | parity_out = 0
Time = 6520 | serial_in = 0 | Internal stream_in = 01000001 | parity_out = 0
Time = 6525 | serial_in = 0 | Internal stream_in = 10000010 | parity_out = 0
Time = 6530 | serial_in = 1 | Internal stream_in = 10000010 | parity_out = 0
Time = 6535 | serial_in = 1 | Internal stream_in = 00000101 | parity_out = 0
Time = 6540 | serial_in = 0 | Internal stream_in = 00000101 | parity_out = 0
Time = 6545 | serial_in = 0 | Internal stream_in = 00001010 | parity_out = 0
Time = 6555 | serial_in = 0 | Internal stream_in = 00010100 | parity_out = 0
Time = 6565 | serial_in = 0 | Internal stream_in = 00101000 | parity_out = 0
Time = 6570 | serial_in = 1 | Internal stream_in = 00101000 | parity_out = 0
Time = 6575 | serial_in = 1 | Internal stream_in = 01010001 | parity_out = 1
Time = 6580 | serial_in = 0 | Internal stream_in = 01010001 | parity_out = 1
Time = 6585 | serial_in = 0 | Internal stream_in = 10100010 | parity_out = 1
Time = 6590 | serial_in = 1 | Internal stream_in = 10100010 | parity_out = 1
Time = 6595 | serial_in = 1 | Internal stream_in = 01000101 | parity_out = 1
Time = 6600 | serial_in = 0 | Internal stream_in = 01000101 | parity_out = 1
Time = 6605 | serial_in = 0 | Internal stream_in = 10001010 | parity_out = 1
Time = 6610 | serial_in = 1 | Internal stream_in = 10001010 | parity_out = 1
Time = 6615 | serial_in = 1 | Internal stream_in = 00010101 | parity_out = 1
Time = 6620 | serial_in = 0 | Internal stream_in = 00010101 | parity_out = 1
Time = 6625 | serial_in = 0 | Internal stream_in = 00101010 | parity_out = 1
Time = 6635 | serial_in = 0 | Internal stream_in = 01010100 | parity_out = 1
Time = 6640 | serial_in = 1 | Internal stream_in = 01010100 | parity_out = 1
Time = 6645 | serial_in = 1 | Internal stream_in = 10101001 | parity_out = 0
Time = 6650 | serial_in = 0 | Internal stream_in = 10101001 | parity_out = 0
Time = 6655 | serial_in = 0 | Internal stream_in = 01010010 | parity_out = 1
Time = 6665 | serial_in = 0 | Internal stream_in = 10100100 | parity_out = 1
Time = 6670 | serial_in = 1 | Internal stream_in = 10100100 | parity_out = 1
Time = 6675 | serial_in = 1 | Internal stream_in = 01001001 | parity_out = 1
Time = 6680 | serial_in = 0 | Internal stream_in = 01001001 | parity_out = 1
Time = 6685 | serial_in = 0 | Internal stream_in = 10010010 | parity_out = 1
Time = 6690 | serial_in = 1 | Internal stream_in = 10010010 | parity_out = 1
Time = 6695 | serial_in = 1 | Internal stream_in = 00100101 | parity_out = 1
Time = 6700 | serial_in = 0 | Internal stream_in = 00100101 | parity_out = 1
Time = 6705 | serial_in = 0 | Internal stream_in = 01001010 | parity_out = 1
Time = 6715 | serial_in = 0 | Internal stream_in = 10010100 | parity_out = 1
Time = 6720 | serial_in = 1 | Internal stream_in = 10010100 | parity_out = 1
Time = 6725 | serial_in = 1 | Internal stream_in = 00101001 | parity_out = 1
Time = 6735 | serial_in = 1 | Internal stream_in = 01010011 | parity_out = 0
Time = 6740 | serial_in = 0 | Internal stream_in = 01010011 | parity_out = 0
Time = 6745 | serial_in = 0 | Internal stream_in = 10100110 | parity_out = 0
Time = 6750 | serial_in = 1 | Internal stream_in = 10100110 | parity_out = 0
Time = 6755 | serial_in = 1 | Internal stream_in = 01001101 | parity_out = 0
Time = 6760 | serial_in = 0 | Internal stream_in = 01001101 | parity_out = 0
Time = 6765 | serial_in = 0 | Internal stream_in = 10011010 | parity_out = 0
Time = 6770 | serial_in = 1 | Internal stream_in = 10011010 | parity_out = 0
Time = 6775 | serial_in = 1 | Internal stream_in = 00110101 | parity_out = 0
Time = 6780 | serial_in = 0 | Internal stream_in = 00110101 | parity_out = 0
Time = 6785 | serial_in = 0 | Internal stream_in = 01101010 | parity_out = 0
Time = 6790 | serial_in = 1 | Internal stream_in = 01101010 | parity_out = 0
Time = 6795 | serial_in = 1 | Internal stream_in = 11010101 | parity_out = 1
Time = 6800 | serial_in = 0 | Internal stream_in = 11010101 | parity_out = 1
Time = 6805 | serial_in = 0 | Internal stream_in = 10101010 | parity_out = 0
Time = 6815 | serial_in = 0 | Internal stream_in = 01010100 | parity_out = 1
Time = 6825 | serial_in = 0 | Internal stream_in = 10101000 | parity_out = 1
Time = 6830 | serial_in = 1 | Internal stream_in = 10101000 | parity_out = 1
Time = 6835 | serial_in = 1 | Internal stream_in = 01010001 | parity_out = 1
Time = 6840 | serial_in = 0 | Internal stream_in = 01010001 | parity_out = 1
Time = 6845 | serial_in = 0 | Internal stream_in = 10100010 | parity_out = 1
Time = 6850 | serial_in = 1 | Internal stream_in = 10100010 | parity_out = 1
Time = 6855 | serial_in = 1 | Internal stream_in = 01000101 | parity_out = 1
Time = 6860 | serial_in = 0 | Internal stream_in = 01000101 | parity_out = 1
Time = 6865 | serial_in = 0 | Internal stream_in = 10001010 | parity_out = 1
Time = 6870 | serial_in = 1 | Internal stream_in = 10001010 | parity_out = 1
Time = 6875 | serial_in = 1 | Internal stream_in = 00010101 | parity_out = 1
Time = 6880 | serial_in = 0 | Internal stream_in = 00010101 | parity_out = 1
Time = 6885 | serial_in = 0 | Internal stream_in = 00101010 | parity_out = 1
Time = 6890 | serial_in = 1 | Internal stream_in = 00101010 | parity_out = 1
Time = 6895 | serial_in = 1 | Internal stream_in = 01010101 | parity_out = 0
Time = 6900 | serial_in = 0 | Internal stream_in = 01010101 | parity_out = 0
Time = 6905 | serial_in = 0 | Internal stream_in = 10101010 | parity_out = 0
Time = 6910 | serial_in = 1 | Internal stream_in = 10101010 | parity_out = 0
Time = 6915 | serial_in = 1 | Internal stream_in = 01010101 | parity_out = 0
Time = 6920 | serial_in = 0 | Internal stream_in = 01010101 | parity_out = 0
Time = 6925 | serial_in = 0 | Internal stream_in = 10101010 | parity_out = 0
Time = 6930 | serial_in = 1 | Internal stream_in = 10101010 | parity_out = 0
Time = 6935 | serial_in = 1 | Internal stream_in = 01010101 | parity_out = 0
Time = 6940 | serial_in = 0 | Internal stream_in = 01010101 | parity_out = 0
Time = 6945 | serial_in = 0 | Internal stream_in = 10101010 | parity_out = 0
Time = 6950 | serial_in = 1 | Internal stream_in = 10101010 | parity_out = 0
Time = 6955 | serial_in = 1 | Internal stream_in = 01010101 | parity_out = 0
Time = 6965 | serial_in = 1 | Internal stream_in = 10101011 | parity_out = 1
Time = 6970 | serial_in = 0 | Internal stream_in = 10101011 | parity_out = 1
Time = 6975 | serial_in = 0 | Internal stream_in = 01010110 | parity_out = 0
Time = 6985 | serial_in = 0 | Internal stream_in = 10101100 | parity_out = 0
Time = 6990 | serial_in = 1 | Internal stream_in = 10101100 | parity_out = 0
Time = 6995 | serial_in = 1 | Internal stream_in = 01011001 | parity_out = 0
Time = 7000 | serial_in = 0 | Internal stream_in = 01011001 | parity_out = 0
Time = 7005 | serial_in = 0 | Internal stream_in = 10110010 | parity_out = 0
Time = 7010 | serial_in = 1 | Internal stream_in = 10110010 | parity_out = 0
Time = 7015 | serial_in = 1 | Internal stream_in = 01100101 | parity_out = 0
Time = 7020 | serial_in = 0 | Internal stream_in = 01100101 | parity_out = 0
Time = 7025 | serial_in = 0 | Internal stream_in = 11001010 | parity_out = 0
Time = 7030 | serial_in = 1 | Internal stream_in = 11001010 | parity_out = 0
Time = 7035 | serial_in = 1 | Internal stream_in = 10010101 | parity_out = 0
Time = 7045 | serial_in = 1 | Internal stream_in = 00101011 | parity_out = 0
Time = 7055 | serial_in = 1 | Internal stream_in = 01010111 | parity_out = 1
Time = 7060 | serial_in = 0 | Internal stream_in = 01010111 | parity_out = 1
Time = 7065 | serial_in = 0 | Internal stream_in = 10101110 | parity_out = 1
Time = 7070 | serial_in = 1 | Internal stream_in = 10101110 | parity_out = 1
Time = 7075 | serial_in = 1 | Internal stream_in = 01011101 | parity_out = 1
Time = 7080 | serial_in = 0 | Internal stream_in = 01011101 | parity_out = 1
Time = 7085 | serial_in = 0 | Internal stream_in = 10111010 | parity_out = 1
Time = 7090 | serial_in = 1 | Internal stream_in = 10111010 | parity_out = 1
Time = 7095 | serial_in = 1 | Internal stream_in = 01110101 | parity_out = 1
Time = 7105 | serial_in = 1 | Internal stream_in = 11101011 | parity_out = 0
Time = 7110 | serial_in = 0 | Internal stream_in = 11101011 | parity_out = 0
Time = 7115 | serial_in = 0 | Internal stream_in = 11010110 | parity_out = 1
Time = 7125 | serial_in = 0 | Internal stream_in = 10101100 | parity_out = 0
Time = 7135 | serial_in = 0 | Internal stream_in = 01011000 | parity_out = 1
Time = 7145 | serial_in = 0 | Internal stream_in = 10110000 | parity_out = 1
Time = 7150 | serial_in = 1 | Internal stream_in = 10110000 | parity_out = 1
Time = 7155 | serial_in = 1 | Internal stream_in = 01100001 | parity_out = 1
Time = 7160 | serial_in = 0 | Internal stream_in = 01100001 | parity_out = 1
Time = 7165 | serial_in = 0 | Internal stream_in = 11000010 | parity_out = 1
Time = 7170 | serial_in = 1 | Internal stream_in = 11000010 | parity_out = 1
Time = 7175 | serial_in = 1 | Internal stream_in = 10000101 | parity_out = 1
Time = 7185 | serial_in = 1 | Internal stream_in = 00001011 | parity_out = 1
Time = 7190 | serial_in = 0 | Internal stream_in = 00001011 | parity_out = 1
Time = 7195 | serial_in = 0 | Internal stream_in = 00010110 | parity_out = 1
Time = 7205 | serial_in = 0 | Internal stream_in = 00101100 | parity_out = 1
Time = 7210 | serial_in = 1 | Internal stream_in = 00101100 | parity_out = 1
Time = 7215 | serial_in = 1 | Internal stream_in = 01011001 | parity_out = 0
Time = 7220 | serial_in = 0 | Internal stream_in = 01011001 | parity_out = 0
Time = 7225 | serial_in = 0 | Internal stream_in = 10110010 | parity_out = 0
Time = 7230 | serial_in = 1 | Internal stream_in = 10110010 | parity_out = 0
Time = 7235 | serial_in = 1 | Internal stream_in = 01100101 | parity_out = 0
Time = 7240 | serial_in = 0 | Internal stream_in = 01100101 | parity_out = 0
Time = 7245 | serial_in = 0 | Internal stream_in = 11001010 | parity_out = 0
Time = 7250 | serial_in = 1 | Internal stream_in = 11001010 | parity_out = 0
Time = 7255 | serial_in = 1 | Internal stream_in = 10010101 | parity_out = 0
Time = 7265 | serial_in = 1 | Internal stream_in = 00101011 | parity_out = 0
Time = 7270 | serial_in = 0 | Internal stream_in = 00101011 | parity_out = 0
Time = 7275 | serial_in = 0 | Internal stream_in = 01010110 | parity_out = 0
Time = 7280 | serial_in = 1 | Internal stream_in = 01010110 | parity_out = 0
Time = 7285 | serial_in = 1 | Internal stream_in = 10101101 | parity_out = 1
Time = 7290 | serial_in = 0 | Internal stream_in = 10101101 | parity_out = 1
Time = 7295 | serial_in = 0 | Internal stream_in = 01011010 | parity_out = 0
Time = 7305 | serial_in = 0 | Internal stream_in = 10110100 | parity_out = 0
Time = 7310 | serial_in = 1 | Internal stream_in = 10110100 | parity_out = 0
Time = 7315 | serial_in = 1 | Internal stream_in = 01101001 | parity_out = 0
Time = 7320 | serial_in = 0 | Internal stream_in = 01101001 | parity_out = 0
Time = 7325 | serial_in = 0 | Internal stream_in = 11010010 | parity_out = 0
Time = 7330 | serial_in = 1 | Internal stream_in = 11010010 | parity_out = 0
Time = 7335 | serial_in = 1 | Internal stream_in = 10100101 | parity_out = 0
Time = 7345 | serial_in = 1 | Internal stream_in = 01001011 | parity_out = 0
Time = 7350 | serial_in = 0 | Internal stream_in = 01001011 | parity_out = 0
Time = 7355 | serial_in = 0 | Internal stream_in = 10010110 | parity_out = 0
Time = 7360 | serial_in = 1 | Internal stream_in = 10010110 | parity_out = 0
Time = 7365 | serial_in = 1 | Internal stream_in = 00101101 | parity_out = 0
Time = 7375 | serial_in = 1 | Internal stream_in = 01011011 | parity_out = 1
Time = 7380 | serial_in = 0 | Internal stream_in = 01011011 | parity_out = 1
Time = 7385 | serial_in = 0 | Internal stream_in = 10110110 | parity_out = 1
Time = 7390 | serial_in = 1 | Internal stream_in = 10110110 | parity_out = 1
Time = 7395 | serial_in = 1 | Internal stream_in = 01101101 | parity_out = 1
Time = 7400 | serial_in = 0 | Internal stream_in = 01101101 | parity_out = 1
Time = 7405 | serial_in = 0 | Internal stream_in = 11011010 | parity_out = 1
Time = 7410 | serial_in = 1 | Internal stream_in = 11011010 | parity_out = 1
Time = 7415 | serial_in = 1 | Internal stream_in = 10110101 | parity_out = 1
Time = 7425 | serial_in = 1 | Internal stream_in = 01101011 | parity_out = 1
Time = 7435 | serial_in = 1 | Internal stream_in = 11010111 | parity_out = 0
Time = 7440 | serial_in = 0 | Internal stream_in = 11010111 | parity_out = 0
Time = 7445 | serial_in = 0 | Internal stream_in = 10101110 | parity_out = 1
Time = 7455 | serial_in = 0 | Internal stream_in = 01011100 | parity_out = 0
Time = 7465 | serial_in = 0 | Internal stream_in = 10111000 | parity_out = 0
Time = 7470 | serial_in = 1 | Internal stream_in = 10111000 | parity_out = 0
Time = 7475 | serial_in = 1 | Internal stream_in = 01110001 | parity_out = 0
Time = 7480 | serial_in = 0 | Internal stream_in = 01110001 | parity_out = 0
Time = 7485 | serial_in = 0 | Internal stream_in = 11100010 | parity_out = 0
Time = 7490 | serial_in = 1 | Internal stream_in = 11100010 | parity_out = 0
Time = 7495 | serial_in = 1 | Internal stream_in = 11000101 | parity_out = 0
Time = 7505 | serial_in = 1 | Internal stream_in = 10001011 | parity_out = 0
Time = 7515 | serial_in = 1 | Internal stream_in = 00010111 | parity_out = 0
Time = 7520 | serial_in = 0 | Internal stream_in = 00010111 | parity_out = 0
Time = 7525 | serial_in = 0 | Internal stream_in = 00101110 | parity_out = 0
Time = 7530 | serial_in = 1 | Internal stream_in = 00101110 | parity_out = 0
Time = 7535 | serial_in = 1 | Internal stream_in = 01011101 | parity_out = 1
Time = 7540 | serial_in = 0 | Internal stream_in = 01011101 | parity_out = 1
Time = 7545 | serial_in = 0 | Internal stream_in = 10111010 | parity_out = 1
Time = 7550 | serial_in = 1 | Internal stream_in = 10111010 | parity_out = 1
Time = 7555 | serial_in = 1 | Internal stream_in = 01110101 | parity_out = 1
Time = 7560 | serial_in = 0 | Internal stream_in = 01110101 | parity_out = 1
Time = 7565 | serial_in = 0 | Internal stream_in = 11101010 | parity_out = 1
Time = 7570 | serial_in = 1 | Internal stream_in = 11101010 | parity_out = 1
Time = 7575 | serial_in = 1 | Internal stream_in = 11010101 | parity_out = 1
Time = 7585 | serial_in = 1 | Internal stream_in = 10101011 | parity_out = 1
Time = 7595 | serial_in = 1 | Internal stream_in = 01010111 | parity_out = 1
Time = 7605 | serial_in = 1 | Internal stream_in = 10101111 | parity_out = 0
Time = 7610 | serial_in = 0 | Internal stream_in = 10101111 | parity_out = 0
Time = 7615 | serial_in = 0 | Internal stream_in = 01011110 | parity_out = 1
Time = 7625 | serial_in = 0 | Internal stream_in = 10111100 | parity_out = 1
Time = 7630 | serial_in = 1 | Internal stream_in = 10111100 | parity_out = 1
Time = 7635 | serial_in = 1 | Internal stream_in = 01111001 | parity_out = 1
Time = 7640 | serial_in = 0 | Internal stream_in = 01111001 | parity_out = 1
Time = 7645 | serial_in = 0 | Internal stream_in = 11110010 | parity_out = 1
Time = 7650 | serial_in = 1 | Internal stream_in = 11110010 | parity_out = 1
Time = 7655 | serial_in = 1 | Internal stream_in = 11100101 | parity_out = 1
Time = 7665 | serial_in = 1 | Internal stream_in = 11001011 | parity_out = 1
Time = 7675 | serial_in = 1 | Internal stream_in = 10010111 | parity_out = 1
Time = 7685 | serial_in = 1 | Internal stream_in = 00101111 | parity_out = 1
Time = 7695 | serial_in = 1 | Internal stream_in = 01011111 | parity_out = 0
Time = 7700 | serial_in = 0 | Internal stream_in = 01011111 | parity_out = 0
Time = 7705 | serial_in = 0 | Internal stream_in = 10111110 | parity_out = 0
Time = 7710 | serial_in = 1 | Internal stream_in = 10111110 | parity_out = 0
Time = 7715 | serial_in = 1 | Internal stream_in = 01111101 | parity_out = 0
Time = 7725 | serial_in = 1 | Internal stream_in = 11111011 | parity_out = 1
Time = 7730 | serial_in = 0 | Internal stream_in = 11111011 | parity_out = 1
Time = 7735 | serial_in = 0 | Internal stream_in = 11110110 | parity_out = 0
Time = 7745 | serial_in = 0 | Internal stream_in = 11101100 | parity_out = 1
Time = 7755 | serial_in = 0 | Internal stream_in = 11011000 | parity_out = 0
Time = 7765 | serial_in = 0 | Internal stream_in = 10110000 | parity_out = 1
Time = 7775 | serial_in = 0 | Internal stream_in = 01100000 | parity_out = 0
Time = 7785 | serial_in = 0 | Internal stream_in = 11000000 | parity_out = 0
Time = 7790 | serial_in = 1 | Internal stream_in = 11000000 | parity_out = 0
Time = 7795 | serial_in = 1 | Internal stream_in = 10000001 | parity_out = 0
Time = 7805 | serial_in = 1 | Internal stream_in = 00000011 | parity_out = 0
Time = 7810 | serial_in = 0 | Internal stream_in = 00000011 | parity_out = 0
Time = 7815 | serial_in = 0 | Internal stream_in = 00000110 | parity_out = 0
Time = 7825 | serial_in = 0 | Internal stream_in = 00001100 | parity_out = 0
Time = 7835 | serial_in = 0 | Internal stream_in = 00011000 | parity_out = 0
Time = 7845 | serial_in = 0 | Internal stream_in = 00110000 | parity_out = 0
Time = 7850 | serial_in = 1 | Internal stream_in = 00110000 | parity_out = 0
Time = 7855 | serial_in = 1 | Internal stream_in = 01100001 | parity_out = 1
Time = 7860 | serial_in = 0 | Internal stream_in = 01100001 | parity_out = 1
Time = 7865 | serial_in = 0 | Internal stream_in = 11000010 | parity_out = 1
Time = 7870 | serial_in = 1 | Internal stream_in = 11000010 | parity_out = 1
Time = 7875 | serial_in = 1 | Internal stream_in = 10000101 | parity_out = 1
Time = 7885 | serial_in = 1 | Internal stream_in = 00001011 | parity_out = 1
Time = 7890 | serial_in = 0 | Internal stream_in = 00001011 | parity_out = 1
Time = 7895 | serial_in = 0 | Internal stream_in = 00010110 | parity_out = 1
Time = 7905 | serial_in = 0 | Internal stream_in = 00101100 | parity_out = 1
Time = 7915 | serial_in = 0 | Internal stream_in = 01011000 | parity_out = 1
Time = 7920 | serial_in = 1 | Internal stream_in = 01011000 | parity_out = 1
Time = 7925 | serial_in = 1 | Internal stream_in = 10110001 | parity_out = 0
Time = 7930 | serial_in = 0 | Internal stream_in = 10110001 | parity_out = 0
Time = 7935 | serial_in = 0 | Internal stream_in = 01100010 | parity_out = 1
Time = 7945 | serial_in = 0 | Internal stream_in = 11000100 | parity_out = 1
Time = 7950 | serial_in = 1 | Internal stream_in = 11000100 | parity_out = 1
Time = 7955 | serial_in = 1 | Internal stream_in = 10001001 | parity_out = 1
Time = 7965 | serial_in = 1 | Internal stream_in = 00010011 | parity_out = 1
Time = 7970 | serial_in = 0 | Internal stream_in = 00010011 | parity_out = 1
Time = 7975 | serial_in = 0 | Internal stream_in = 00100110 | parity_out = 1
Time = 7985 | serial_in = 0 | Internal stream_in = 01001100 | parity_out = 1
Time = 7995 | serial_in = 0 | Internal stream_in = 10011000 | parity_out = 1
Time = 8000 | serial_in = 1 | Internal stream_in = 10011000 | parity_out = 1
Time = 8005 | serial_in = 1 | Internal stream_in = 00110001 | parity_out = 1
Time = 8015 | serial_in = 1 | Internal stream_in = 01100011 | parity_out = 0
Time = 8020 | serial_in = 0 | Internal stream_in = 01100011 | parity_out = 0
Time = 8025 | serial_in = 0 | Internal stream_in = 11000110 | parity_out = 0
Time = 8030 | serial_in = 1 | Internal stream_in = 11000110 | parity_out = 0
Time = 8035 | serial_in = 1 | Internal stream_in = 10001101 | parity_out = 0
Time = 8045 | serial_in = 1 | Internal stream_in = 00011011 | parity_out = 0
Time = 8050 | serial_in = 0 | Internal stream_in = 00011011 | parity_out = 0
Time = 8055 | serial_in = 0 | Internal stream_in = 00110110 | parity_out = 0
Time = 8065 | serial_in = 0 | Internal stream_in = 01101100 | parity_out = 0
Time = 8070 | serial_in = 1 | Internal stream_in = 01101100 | parity_out = 0
Time = 8075 | serial_in = 1 | Internal stream_in = 11011001 | parity_out = 1
Time = 8080 | serial_in = 0 | Internal stream_in = 11011001 | parity_out = 1
Time = 8085 | serial_in = 0 | Internal stream_in = 10110010 | parity_out = 0
Time = 8095 | serial_in = 0 | Internal stream_in = 01100100 | parity_out = 1
Time = 8105 | serial_in = 0 | Internal stream_in = 11001000 | parity_out = 1
Time = 8110 | serial_in = 1 | Internal stream_in = 11001000 | parity_out = 1
Time = 8115 | serial_in = 1 | Internal stream_in = 10010001 | parity_out = 1
Time = 8125 | serial_in = 1 | Internal stream_in = 00100011 | parity_out = 1
Time = 8130 | serial_in = 0 | Internal stream_in = 00100011 | parity_out = 1
Time = 8135 | serial_in = 0 | Internal stream_in = 01000110 | parity_out = 1
Time = 8145 | serial_in = 0 | Internal stream_in = 10001100 | parity_out = 1
Time = 8150 | serial_in = 1 | Internal stream_in = 10001100 | parity_out = 1
Time = 8155 | serial_in = 1 | Internal stream_in = 00011001 | parity_out = 1
Time = 8160 | serial_in = 0 | Internal stream_in = 00011001 | parity_out = 1
Time = 8165 | serial_in = 0 | Internal stream_in = 00110010 | parity_out = 1
Time = 8170 | serial_in = 1 | Internal stream_in = 00110010 | parity_out = 1
Time = 8175 | serial_in = 1 | Internal stream_in = 01100101 | parity_out = 0
Time = 8180 | serial_in = 0 | Internal stream_in = 01100101 | parity_out = 0
Time = 8185 | serial_in = 0 | Internal stream_in = 11001010 | parity_out = 0
Time = 8190 | serial_in = 1 | Internal stream_in = 11001010 | parity_out = 0
Time = 8195 | serial_in = 1 | Internal stream_in = 10010101 | parity_out = 0
Time = 8205 | serial_in = 1 | Internal stream_in = 00101011 | parity_out = 0
Time = 8210 | serial_in = 0 | Internal stream_in = 00101011 | parity_out = 0
Time = 8215 | serial_in = 0 | Internal stream_in = 01010110 | parity_out = 0
Time = 8225 | serial_in = 0 | Internal stream_in = 10101100 | parity_out = 0
Time = 8230 | serial_in = 1 | Internal stream_in = 10101100 | parity_out = 0
Time = 8235 | serial_in = 1 | Internal stream_in = 01011001 | parity_out = 0
Time = 8245 | serial_in = 1 | Internal stream_in = 10110011 | parity_out = 1
Time = 8250 | serial_in = 0 | Internal stream_in = 10110011 | parity_out = 1
Time = 8255 | serial_in = 0 | Internal stream_in = 01100110 | parity_out = 0
Time = 8265 | serial_in = 0 | Internal stream_in = 11001100 | parity_out = 0
Time = 8270 | serial_in = 1 | Internal stream_in = 11001100 | parity_out = 0
Time = 8275 | serial_in = 1 | Internal stream_in = 10011001 | parity_out = 0
Time = 8285 | serial_in = 1 | Internal stream_in = 00110011 | parity_out = 0
Time = 8290 | serial_in = 0 | Internal stream_in = 00110011 | parity_out = 0
Time = 8295 | serial_in = 0 | Internal stream_in = 01100110 | parity_out = 0
Time = 8305 | serial_in = 0 | Internal stream_in = 11001100 | parity_out = 0
Time = 8310 | serial_in = 1 | Internal stream_in = 11001100 | parity_out = 0
Time = 8315 | serial_in = 1 | Internal stream_in = 10011001 | parity_out = 0
Time = 8325 | serial_in = 1 | Internal stream_in = 00110011 | parity_out = 0
Time = 8335 | serial_in = 1 | Internal stream_in = 01100111 | parity_out = 1
Time = 8340 | serial_in = 0 | Internal stream_in = 01100111 | parity_out = 1
Time = 8345 | serial_in = 0 | Internal stream_in = 11001110 | parity_out = 1
Time = 8350 | serial_in = 1 | Internal stream_in = 11001110 | parity_out = 1
Time = 8355 | serial_in = 1 | Internal stream_in = 10011101 | parity_out = 1
Time = 8365 | serial_in = 1 | Internal stream_in = 00111011 | parity_out = 1
Time = 8370 | serial_in = 0 | Internal stream_in = 00111011 | parity_out = 1
Time = 8375 | serial_in = 0 | Internal stream_in = 01110110 | parity_out = 1
Time = 8380 | serial_in = 1 | Internal stream_in = 01110110 | parity_out = 1
Time = 8385 | serial_in = 1 | Internal stream_in = 11101101 | parity_out = 0
Time = 8390 | serial_in = 0 | Internal stream_in = 11101101 | parity_out = 0
Time = 8395 | serial_in = 0 | Internal stream_in = 11011010 | parity_out = 1
Time = 8405 | serial_in = 0 | Internal stream_in = 10110100 | parity_out = 0
Time = 8415 | serial_in = 0 | Internal stream_in = 01101000 | parity_out = 1
Time = 8425 | serial_in = 0 | Internal stream_in = 11010000 | parity_out = 1
Time = 8430 | serial_in = 1 | Internal stream_in = 11010000 | parity_out = 1
Time = 8435 | serial_in = 1 | Internal stream_in = 10100001 | parity_out = 1
Time = 8445 | serial_in = 1 | Internal stream_in = 01000011 | parity_out = 1
Time = 8450 | serial_in = 0 | Internal stream_in = 01000011 | parity_out = 1
Time = 8455 | serial_in = 0 | Internal stream_in = 10000110 | parity_out = 1
Time = 8460 | serial_in = 1 | Internal stream_in = 10000110 | parity_out = 1
Time = 8465 | serial_in = 1 | Internal stream_in = 00001101 | parity_out = 1
Time = 8470 | serial_in = 0 | Internal stream_in = 00001101 | parity_out = 1
Time = 8475 | serial_in = 0 | Internal stream_in = 00011010 | parity_out = 1
Time = 8485 | serial_in = 0 | Internal stream_in = 00110100 | parity_out = 1
Time = 8490 | serial_in = 1 | Internal stream_in = 00110100 | parity_out = 1
Time = 8495 | serial_in = 1 | Internal stream_in = 01101001 | parity_out = 0
Time = 8500 | serial_in = 0 | Internal stream_in = 01101001 | parity_out = 0
Time = 8505 | serial_in = 0 | Internal stream_in = 11010010 | parity_out = 0
Time = 8510 | serial_in = 1 | Internal stream_in = 11010010 | parity_out = 0
Time = 8515 | serial_in = 1 | Internal stream_in = 10100101 | parity_out = 0
Time = 8525 | serial_in = 1 | Internal stream_in = 01001011 | parity_out = 0
Time = 8530 | serial_in = 0 | Internal stream_in = 01001011 | parity_out = 0
Time = 8535 | serial_in = 0 | Internal stream_in = 10010110 | parity_out = 0
Time = 8540 | serial_in = 1 | Internal stream_in = 10010110 | parity_out = 0
Time = 8545 | serial_in = 1 | Internal stream_in = 00101101 | parity_out = 0
Time = 8550 | serial_in = 0 | Internal stream_in = 00101101 | parity_out = 0
Time = 8555 | serial_in = 0 | Internal stream_in = 01011010 | parity_out = 0
Time = 8560 | serial_in = 1 | Internal stream_in = 01011010 | parity_out = 0
Time = 8565 | serial_in = 1 | Internal stream_in = 10110101 | parity_out = 1
Time = 8570 | serial_in = 0 | Internal stream_in = 10110101 | parity_out = 1
Time = 8575 | serial_in = 0 | Internal stream_in = 01101010 | parity_out = 0
Time = 8585 | serial_in = 0 | Internal stream_in = 11010100 | parity_out = 0
Time = 8590 | serial_in = 1 | Internal stream_in = 11010100 | parity_out = 0
Time = 8595 | serial_in = 1 | Internal stream_in = 10101001 | parity_out = 0
Time = 8605 | serial_in = 1 | Internal stream_in = 01010011 | parity_out = 0
Time = 8610 | serial_in = 0 | Internal stream_in = 01010011 | parity_out = 0
Time = 8615 | serial_in = 0 | Internal stream_in = 10100110 | parity_out = 0
Time = 8620 | serial_in = 1 | Internal stream_in = 10100110 | parity_out = 0
Time = 8625 | serial_in = 1 | Internal stream_in = 01001101 | parity_out = 0
Time = 8630 | serial_in = 0 | Internal stream_in = 01001101 | parity_out = 0
Time = 8635 | serial_in = 0 | Internal stream_in = 10011010 | parity_out = 0
Time = 8640 | serial_in = 1 | Internal stream_in = 10011010 | parity_out = 0
Time = 8645 | serial_in = 1 | Internal stream_in = 00110101 | parity_out = 0
Time = 8655 | serial_in = 1 | Internal stream_in = 01101011 | parity_out = 1
Time = 8660 | serial_in = 0 | Internal stream_in = 01101011 | parity_out = 1
Time = 8665 | serial_in = 0 | Internal stream_in = 11010110 | parity_out = 1
Time = 8670 | serial_in = 1 | Internal stream_in = 11010110 | parity_out = 1
Time = 8675 | serial_in = 1 | Internal stream_in = 10101101 | parity_out = 1
Time = 8685 | serial_in = 1 | Internal stream_in = 01011011 | parity_out = 1
Time = 8690 | serial_in = 0 | Internal stream_in = 01011011 | parity_out = 1
Time = 8695 | serial_in = 0 | Internal stream_in = 10110110 | parity_out = 1
Time = 8700 | serial_in = 1 | Internal stream_in = 10110110 | parity_out = 1
Time = 8705 | serial_in = 1 | Internal stream_in = 01101101 | parity_out = 1
Time = 8715 | serial_in = 1 | Internal stream_in = 11011011 | parity_out = 0
Time = 8720 | serial_in = 0 | Internal stream_in = 11011011 | parity_out = 0
Time = 8725 | serial_in = 0 | Internal stream_in = 10110110 | parity_out = 1
Time = 8735 | serial_in = 0 | Internal stream_in = 01101100 | parity_out = 0
Time = 8745 | serial_in = 0 | Internal stream_in = 11011000 | parity_out = 0
Time = 8750 | serial_in = 1 | Internal stream_in = 11011000 | parity_out = 0
Time = 8755 | serial_in = 1 | Internal stream_in = 10110001 | parity_out = 0
Time = 8765 | serial_in = 1 | Internal stream_in = 01100011 | parity_out = 0
Time = 8770 | serial_in = 0 | Internal stream_in = 01100011 | parity_out = 0
Time = 8775 | serial_in = 0 | Internal stream_in = 11000110 | parity_out = 0
Time = 8780 | serial_in = 1 | Internal stream_in = 11000110 | parity_out = 0
Time = 8785 | serial_in = 1 | Internal stream_in = 10001101 | parity_out = 0
Time = 8795 | serial_in = 1 | Internal stream_in = 00011011 | parity_out = 0
Time = 8800 | serial_in = 0 | Internal stream_in = 00011011 | parity_out = 0
Time = 8805 | serial_in = 0 | Internal stream_in = 00110110 | parity_out = 0
Time = 8810 | serial_in = 1 | Internal stream_in = 00110110 | parity_out = 0
Time = 8815 | serial_in = 1 | Internal stream_in = 01101101 | parity_out = 1
Time = 8820 | serial_in = 0 | Internal stream_in = 01101101 | parity_out = 1
Time = 8825 | serial_in = 0 | Internal stream_in = 11011010 | parity_out = 1
Time = 8830 | serial_in = 1 | Internal stream_in = 11011010 | parity_out = 1
Time = 8835 | serial_in = 1 | Internal stream_in = 10110101 | parity_out = 1
Time = 8845 | serial_in = 1 | Internal stream_in = 01101011 | parity_out = 1
Time = 8850 | serial_in = 0 | Internal stream_in = 01101011 | parity_out = 1
Time = 8855 | serial_in = 0 | Internal stream_in = 11010110 | parity_out = 1
Time = 8860 | serial_in = 1 | Internal stream_in = 11010110 | parity_out = 1
Time = 8865 | serial_in = 1 | Internal stream_in = 10101101 | parity_out = 1
Time = 8875 | serial_in = 1 | Internal stream_in = 01011011 | parity_out = 1
Time = 8885 | serial_in = 1 | Internal stream_in = 10110111 | parity_out = 0
Time = 8890 | serial_in = 0 | Internal stream_in = 10110111 | parity_out = 0
Time = 8895 | serial_in = 0 | Internal stream_in = 01101110 | parity_out = 1
Time = 8905 | serial_in = 0 | Internal stream_in = 11011100 | parity_out = 1
Time = 8910 | serial_in = 1 | Internal stream_in = 11011100 | parity_out = 1
Time = 8915 | serial_in = 1 | Internal stream_in = 10111001 | parity_out = 1
Time = 8925 | serial_in = 1 | Internal stream_in = 01110011 | parity_out = 1
Time = 8930 | serial_in = 0 | Internal stream_in = 01110011 | parity_out = 1
Time = 8935 | serial_in = 0 | Internal stream_in = 11100110 | parity_out = 1
Time = 8940 | serial_in = 1 | Internal stream_in = 11100110 | parity_out = 1
Time = 8945 | serial_in = 1 | Internal stream_in = 11001101 | parity_out = 1
Time = 8955 | serial_in = 1 | Internal stream_in = 10011011 | parity_out = 1
Time = 8965 | serial_in = 1 | Internal stream_in = 00110111 | parity_out = 1
Time = 8975 | serial_in = 1 | Internal stream_in = 01101111 | parity_out = 0
Time = 8980 | serial_in = 0 | Internal stream_in = 01101111 | parity_out = 0
Time = 8985 | serial_in = 0 | Internal stream_in = 11011110 | parity_out = 0
Time = 8990 | serial_in = 1 | Internal stream_in = 11011110 | parity_out = 0
Time = 8995 | serial_in = 1 | Internal stream_in = 10111101 | parity_out = 0
Time = 9005 | serial_in = 1 | Internal stream_in = 01111011 | parity_out = 0
Time = 9015 | serial_in = 1 | Internal stream_in = 11110111 | parity_out = 1
Time = 9020 | serial_in = 0 | Internal stream_in = 11110111 | parity_out = 1
Time = 9025 | serial_in = 0 | Internal stream_in = 11101110 | parity_out = 0
Time = 9035 | serial_in = 0 | Internal stream_in = 11011100 | parity_out = 1
Time = 9045 | serial_in = 0 | Internal stream_in = 10111000 | parity_out = 0
Time = 9055 | serial_in = 0 | Internal stream_in = 01110000 | parity_out = 1
Time = 9065 | serial_in = 0 | Internal stream_in = 11100000 | parity_out = 1
Time = 9070 | serial_in = 1 | Internal stream_in = 11100000 | parity_out = 1
Time = 9075 | serial_in = 1 | Internal stream_in = 11000001 | parity_out = 1
Time = 9085 | serial_in = 1 | Internal stream_in = 10000011 | parity_out = 1
Time = 9095 | serial_in = 1 | Internal stream_in = 00000111 | parity_out = 1
Time = 9100 | serial_in = 0 | Internal stream_in = 00000111 | parity_out = 1
Time = 9105 | serial_in = 0 | Internal stream_in = 00001110 | parity_out = 1
Time = 9115 | serial_in = 0 | Internal stream_in = 00011100 | parity_out = 1
Time = 9125 | serial_in = 0 | Internal stream_in = 00111000 | parity_out = 1
Time = 9130 | serial_in = 1 | Internal stream_in = 00111000 | parity_out = 1
Time = 9135 | serial_in = 1 | Internal stream_in = 01110001 | parity_out = 0
Time = 9140 | serial_in = 0 | Internal stream_in = 01110001 | parity_out = 0
Time = 9145 | serial_in = 0 | Internal stream_in = 11100010 | parity_out = 0
Time = 9150 | serial_in = 1 | Internal stream_in = 11100010 | parity_out = 0
Time = 9155 | serial_in = 1 | Internal stream_in = 11000101 | parity_out = 0
Time = 9165 | serial_in = 1 | Internal stream_in = 10001011 | parity_out = 0
Time = 9175 | serial_in = 1 | Internal stream_in = 00010111 | parity_out = 0
Time = 9180 | serial_in = 0 | Internal stream_in = 00010111 | parity_out = 0
Time = 9185 | serial_in = 0 | Internal stream_in = 00101110 | parity_out = 0
Time = 9195 | serial_in = 0 | Internal stream_in = 01011100 | parity_out = 0
Time = 9200 | serial_in = 1 | Internal stream_in = 01011100 | parity_out = 0
Time = 9205 | serial_in = 1 | Internal stream_in = 10111001 | parity_out = 1
Time = 9210 | serial_in = 0 | Internal stream_in = 10111001 | parity_out = 1
Time = 9215 | serial_in = 0 | Internal stream_in = 01110010 | parity_out = 0
Time = 9225 | serial_in = 0 | Internal stream_in = 11100100 | parity_out = 0
Time = 9230 | serial_in = 1 | Internal stream_in = 11100100 | parity_out = 0
Time = 9235 | serial_in = 1 | Internal stream_in = 11001001 | parity_out = 0
Time = 9245 | serial_in = 1 | Internal stream_in = 10010011 | parity_out = 0
Time = 9255 | serial_in = 1 | Internal stream_in = 00100111 | parity_out = 0
Time = 9260 | serial_in = 0 | Internal stream_in = 00100111 | parity_out = 0
Time = 9265 | serial_in = 0 | Internal stream_in = 01001110 | parity_out = 0
Time = 9275 | serial_in = 0 | Internal stream_in = 10011100 | parity_out = 0
Time = 9280 | serial_in = 1 | Internal stream_in = 10011100 | parity_out = 0
Time = 9285 | serial_in = 1 | Internal stream_in = 00111001 | parity_out = 0
Time = 9295 | serial_in = 1 | Internal stream_in = 01110011 | parity_out = 1
Time = 9300 | serial_in = 0 | Internal stream_in = 01110011 | parity_out = 1
Time = 9305 | serial_in = 0 | Internal stream_in = 11100110 | parity_out = 1
Time = 9310 | serial_in = 1 | Internal stream_in = 11100110 | parity_out = 1
Time = 9315 | serial_in = 1 | Internal stream_in = 11001101 | parity_out = 1
Time = 9325 | serial_in = 1 | Internal stream_in = 10011011 | parity_out = 1
Time = 9335 | serial_in = 1 | Internal stream_in = 00110111 | parity_out = 1
Time = 9340 | serial_in = 0 | Internal stream_in = 00110111 | parity_out = 1
Time = 9345 | serial_in = 0 | Internal stream_in = 01101110 | parity_out = 1
Time = 9350 | serial_in = 1 | Internal stream_in = 01101110 | parity_out = 1
Time = 9355 | serial_in = 1 | Internal stream_in = 11011101 | parity_out = 0
Time = 9360 | serial_in = 0 | Internal stream_in = 11011101 | parity_out = 0
Time = 9365 | serial_in = 0 | Internal stream_in = 10111010 | parity_out = 1
Time = 9375 | serial_in = 0 | Internal stream_in = 01110100 | parity_out = 0
Time = 9385 | serial_in = 0 | Internal stream_in = 11101000 | parity_out = 0
Time = 9390 | serial_in = 1 | Internal stream_in = 11101000 | parity_out = 0
Time = 9395 | serial_in = 1 | Internal stream_in = 11010001 | parity_out = 0
Time = 9405 | serial_in = 1 | Internal stream_in = 10100011 | parity_out = 0
Time = 9415 | serial_in = 1 | Internal stream_in = 01000111 | parity_out = 0
Time = 9420 | serial_in = 0 | Internal stream_in = 01000111 | parity_out = 0
Time = 9425 | serial_in = 0 | Internal stream_in = 10001110 | parity_out = 0
Time = 9430 | serial_in = 1 | Internal stream_in = 10001110 | parity_out = 0
Time = 9435 | serial_in = 1 | Internal stream_in = 00011101 | parity_out = 0
Time = 9440 | serial_in = 0 | Internal stream_in = 00011101 | parity_out = 0
Time = 9445 | serial_in = 0 | Internal stream_in = 00111010 | parity_out = 0
Time = 9450 | serial_in = 1 | Internal stream_in = 00111010 | parity_out = 0
Time = 9455 | serial_in = 1 | Internal stream_in = 01110101 | parity_out = 1
Time = 9460 | serial_in = 0 | Internal stream_in = 01110101 | parity_out = 1
Time = 9465 | serial_in = 0 | Internal stream_in = 11101010 | parity_out = 1
Time = 9470 | serial_in = 1 | Internal stream_in = 11101010 | parity_out = 1
Time = 9475 | serial_in = 1 | Internal stream_in = 11010101 | parity_out = 1
Time = 9485 | serial_in = 1 | Internal stream_in = 10101011 | parity_out = 1
Time = 9495 | serial_in = 1 | Internal stream_in = 01010111 | parity_out = 1
Time = 9500 | serial_in = 0 | Internal stream_in = 01010111 | parity_out = 1
Time = 9505 | serial_in = 0 | Internal stream_in = 10101110 | parity_out = 1
Time = 9510 | serial_in = 1 | Internal stream_in = 10101110 | parity_out = 1
Time = 9515 | serial_in = 1 | Internal stream_in = 01011101 | parity_out = 1
Time = 9525 | serial_in = 1 | Internal stream_in = 10111011 | parity_out = 0
Time = 9530 | serial_in = 0 | Internal stream_in = 10111011 | parity_out = 0
Time = 9535 | serial_in = 0 | Internal stream_in = 01110110 | parity_out = 1
Time = 9545 | serial_in = 0 | Internal stream_in = 11101100 | parity_out = 1
Time = 9550 | serial_in = 1 | Internal stream_in = 11101100 | parity_out = 1
Time = 9555 | serial_in = 1 | Internal stream_in = 11011001 | parity_out = 1
Time = 9565 | serial_in = 1 | Internal stream_in = 10110011 | parity_out = 1
Time = 9575 | serial_in = 1 | Internal stream_in = 01100111 | parity_out = 1
Time = 9580 | serial_in = 0 | Internal stream_in = 01100111 | parity_out = 1
Time = 9585 | serial_in = 0 | Internal stream_in = 11001110 | parity_out = 1
Time = 9590 | serial_in = 1 | Internal stream_in = 11001110 | parity_out = 1
Time = 9595 | serial_in = 1 | Internal stream_in = 10011101 | parity_out = 1
Time = 9605 | serial_in = 1 | Internal stream_in = 00111011 | parity_out = 1
Time = 9615 | serial_in = 1 | Internal stream_in = 01110111 | parity_out = 0
Time = 9620 | serial_in = 0 | Internal stream_in = 01110111 | parity_out = 0
Time = 9625 | serial_in = 0 | Internal stream_in = 11101110 | parity_out = 0
Time = 9630 | serial_in = 1 | Internal stream_in = 11101110 | parity_out = 0
Time = 9635 | serial_in = 1 | Internal stream_in = 11011101 | parity_out = 0
Time = 9645 | serial_in = 1 | Internal stream_in = 10111011 | parity_out = 0
Time = 9655 | serial_in = 1 | Internal stream_in = 01110111 | parity_out = 0
Time = 9665 | serial_in = 1 | Internal stream_in = 11101111 | parity_out = 1
Time = 9670 | serial_in = 0 | Internal stream_in = 11101111 | parity_out = 1
Time = 9675 | serial_in = 0 | Internal stream_in = 11011110 | parity_out = 0
Time = 9685 | serial_in = 0 | Internal stream_in = 10111100 | parity_out = 1
Time = 9695 | serial_in = 0 | Internal stream_in = 01111000 | parity_out = 0
Time = 9705 | serial_in = 0 | Internal stream_in = 11110000 | parity_out = 0
Time = 9710 | serial_in = 1 | Internal stream_in = 11110000 | parity_out = 0
Time = 9715 | serial_in = 1 | Internal stream_in = 11100001 | parity_out = 0
Time = 9725 | serial_in = 1 | Internal stream_in = 11000011 | parity_out = 0
Time = 9735 | serial_in = 1 | Internal stream_in = 10000111 | parity_out = 0
Time = 9745 | serial_in = 1 | Internal stream_in = 00001111 | parity_out = 0
Time = 9750 | serial_in = 0 | Internal stream_in = 00001111 | parity_out = 0
Time = 9755 | serial_in = 0 | Internal stream_in = 00011110 | parity_out = 0
Time = 9765 | serial_in = 0 | Internal stream_in = 00111100 | parity_out = 0
Time = 9770 | serial_in = 1 | Internal stream_in = 00111100 | parity_out = 0
Time = 9775 | serial_in = 1 | Internal stream_in = 01111001 | parity_out = 1
Time = 9780 | serial_in = 0 | Internal stream_in = 01111001 | parity_out = 1
Time = 9785 | serial_in = 0 | Internal stream_in = 11110010 | parity_out = 1
Time = 9790 | serial_in = 1 | Internal stream_in = 11110010 | parity_out = 1
Time = 9795 | serial_in = 1 | Internal stream_in = 11100101 | parity_out = 1
Time = 9805 | serial_in = 1 | Internal stream_in = 11001011 | parity_out = 1
Time = 9815 | serial_in = 1 | Internal stream_in = 10010111 | parity_out = 1
Time = 9825 | serial_in = 1 | Internal stream_in = 00101111 | parity_out = 1
Time = 9830 | serial_in = 0 | Internal stream_in = 00101111 | parity_out = 1
Time = 9835 | serial_in = 0 | Internal stream_in = 01011110 | parity_out = 1
Time = 9840 | serial_in = 1 | Internal stream_in = 01011110 | parity_out = 1
Time = 9845 | serial_in = 1 | Internal stream_in = 10111101 | parity_out = 0
Time = 9850 | serial_in = 0 | Internal stream_in = 10111101 | parity_out = 0
Time = 9855 | serial_in = 0 | Internal stream_in = 01111010 | parity_out = 1
Time = 9865 | serial_in = 0 | Internal stream_in = 11110100 | parity_out = 1
Time = 9870 | serial_in = 1 | Internal stream_in = 11110100 | parity_out = 1
Time = 9875 | serial_in = 1 | Internal stream_in = 11101001 | parity_out = 1
Time = 9885 | serial_in = 1 | Internal stream_in = 11010011 | parity_out = 1
Time = 9895 | serial_in = 1 | Internal stream_in = 10100111 | parity_out = 1
Time = 9905 | serial_in = 1 | Internal stream_in = 01001111 | parity_out = 1
Time = 9910 | serial_in = 0 | Internal stream_in = 01001111 | parity_out = 1
Time = 9915 | serial_in = 0 | Internal stream_in = 10011110 | parity_out = 1
Time = 9920 | serial_in = 1 | Internal stream_in = 10011110 | parity_out = 1
Time = 9925 | serial_in = 1 | Internal stream_in = 00111101 | parity_out = 1
Time = 9935 | serial_in = 1 | Internal stream_in = 01111011 | parity_out = 0
Time = 9940 | serial_in = 0 | Internal stream_in = 01111011 | parity_out = 0
Time = 9945 | serial_in = 0 | Internal stream_in = 11110110 | parity_out = 0
Time = 9950 | serial_in = 1 | Internal stream_in = 11110110 | parity_out = 0
Time = 9955 | serial_in = 1 | Internal stream_in = 11101101 | parity_out = 0
Time = 9965 | serial_in = 1 | Internal stream_in = 11011011 | parity_out = 0
Time = 9975 | serial_in = 1 | Internal stream_in = 10110111 | parity_out = 0
Time = 9985 | serial_in = 1 | Internal stream_in = 01101111 | parity_out = 0
Time = 9995 | serial_in = 1 | Internal stream_in = 11011111 | parity_out = 1
Time = 10000 | serial_in = 0 | Internal stream_in = 11011111 | parity_out = 1
Time = 10005 | serial_in = 0 | Internal stream_in = 10111110 | parity_out = 0
Time = 10015 | serial_in = 0 | Internal stream_in = 01111100 | parity_out = 1
Time = 10025 | serial_in = 0 | Internal stream_in = 11111000 | parity_out = 1
Time = 10030 | serial_in = 1 | Internal stream_in = 11111000 | parity_out = 1
Time = 10035 | serial_in = 1 | Internal stream_in = 11110001 | parity_out = 1
Time = 10045 | serial_in = 1 | Internal stream_in = 11100011 | parity_out = 1
Time = 10055 | serial_in = 1 | Internal stream_in = 11000111 | parity_out = 1
Time = 10065 | serial_in = 1 | Internal stream_in = 10001111 | parity_out = 1
Time = 10075 | serial_in = 1 | Internal stream_in = 00011111 | parity_out = 1
Time = 10080 | serial_in = 0 | Internal stream_in = 00011111 | parity_out = 1
Time = 10085 | serial_in = 0 | Internal stream_in = 00111110 | parity_out = 1
Time = 10090 | serial_in = 1 | Internal stream_in = 00111110 | parity_out = 1
Time = 10095 | serial_in = 1 | Internal stream_in = 01111101 | parity_out = 0
Time = 10100 | serial_in = 0 | Internal stream_in = 01111101 | parity_out = 0
Time = 10105 | serial_in = 0 | Internal stream_in = 11111010 | parity_out = 0
Time = 10110 | serial_in = 1 | Internal stream_in = 11111010 | parity_out = 0
Time = 10115 | serial_in = 1 | Internal stream_in = 11110101 | parity_out = 0
Time = 10125 | serial_in = 1 | Internal stream_in = 11101011 | parity_out = 0
Time = 10135 | serial_in = 1 | Internal stream_in = 11010111 | parity_out = 0
Time = 10145 | serial_in = 1 | Internal stream_in = 10101111 | parity_out = 0
Time = 10155 | serial_in = 1 | Internal stream_in = 01011111 | parity_out = 0
Time = 10165 | serial_in = 1 | Internal stream_in = 10111111 | parity_out = 1
Time = 10170 | serial_in = 0 | Internal stream_in = 10111111 | parity_out = 1
Time = 10175 | serial_in = 0 | Internal stream_in = 01111110 | parity_out = 0
Time = 10185 | serial_in = 0 | Internal stream_in = 11111100 | parity_out = 0
Time = 10190 | serial_in = 1 | Internal stream_in = 11111100 | parity_out = 0
Time = 10195 | serial_in = 1 | Internal stream_in = 11111001 | parity_out = 0
Time = 10205 | serial_in = 1 | Internal stream_in = 11110011 | parity_out = 0
Time = 10215 | serial_in = 1 | Internal stream_in = 11100111 | parity_out = 0
Time = 10225 | serial_in = 1 | Internal stream_in = 11001111 | parity_out = 0
Time = 10235 | serial_in = 1 | Internal stream_in = 10011111 | parity_out = 0
Time = 10245 | serial_in = 1 | Internal stream_in = 00111111 | parity_out = 0
Time = 10255 | serial_in = 1 | Internal stream_in = 01111111 | parity_out = 1
Time = 10265 | serial_in = 1 | Internal stream_in = 11111111 | parity_out = 0
Time = 10270 | serial_in = 0 | Internal stream_in = 11111111 | parity_out = 0
Time = 10275 | serial_in = 0 | Internal stream_in = 11111110 | parity_out = 1
Time = 10285 | serial_in = 0 | Internal stream_in = 11111100 | parity_out = 0
Time = 10295 | serial_in = 0 | Internal stream_in = 11111000 | parity_out = 1
Time = 10305 | serial_in = 0 | Internal stream_in = 11110000 | parity_out = 0
Time = 10315 | serial_in = 0 | Internal stream_in = 11100000 | parity_out = 1
Time = 10325 | serial_in = 0 | Internal stream_in = 11000000 | parity_out = 0
Time = 10335 | serial_in = 0 | Internal stream_in = 10000000 | parity_out = 1
Time = 10340 | serial_in = 1 | Internal stream_in = 10000000 | parity_out = 1
Time = 10345 | serial_in = 1 | Internal stream_in = 00000001 | parity_out = 1
Time = 10350 | serial_in = 0 | Internal stream_in = 00000001 | parity_out = 1
Time = 10355 | serial_in = 0 | Internal stream_in = 00000010 | parity_out = 1
Time = 10365 | serial_in = 0 | Internal stream_in = 00000100 | parity_out = 1
Time = 10375 | serial_in = 0 | Internal stream_in = 00001000 | parity_out = 1
Time = 10385 | serial_in = 0 | Internal stream_in = 00010000 | parity_out = 1
Time = 10395 | serial_in = 0 | Internal stream_in = 00100000 | parity_out = 1
Time = 10405 | serial_in = 0 | Internal stream_in = 01000000 | parity_out = 1
Time = 10410 | serial_in = 1 | Internal stream_in = 01000000 | parity_out = 1
Time = 10415 | serial_in = 1 | Internal stream_in = 10000001 | parity_out = 0
Time = 10425 | serial_in = 1 | Internal stream_in = 00000011 | parity_out = 0
Time = 10430 | serial_in = 0 | Internal stream_in = 00000011 | parity_out = 0
Time = 10435 | serial_in = 0 | Internal stream_in = 00000110 | parity_out = 0
Time = 10445 | serial_in = 0 | Internal stream_in = 00001100 | parity_out = 0
Time = 10455 | serial_in = 0 | Internal stream_in = 00011000 | parity_out = 0
Time = 10465 | serial_in = 0 | Internal stream_in = 00110000 | parity_out = 0
Time = 10475 | serial_in = 0 | Internal stream_in = 01100000 | parity_out = 0
Time = 10480 | serial_in = 1 | Internal stream_in = 01100000 | parity_out = 0
Time = 10485 | serial_in = 1 | Internal stream_in = 11000001 | parity_out = 1
Time = 10490 | serial_in = 0 | Internal stream_in = 11000001 | parity_out = 1
Time = 10495 | serial_in = 0 | Internal stream_in = 10000010 | parity_out = 0
Time = 10500 | serial_in = 1 | Internal stream_in = 10000010 | parity_out = 0
Time = 10505 | serial_in = 1 | Internal stream_in = 00000101 | parity_out = 0
Time = 10510 | serial_in = 0 | Internal stream_in = 00000101 | parity_out = 0
Time = 10515 | serial_in = 0 | Internal stream_in = 00001010 | parity_out = 0
Time = 10525 | serial_in = 0 | Internal stream_in = 00010100 | parity_out = 0
Time = 10535 | serial_in = 0 | Internal stream_in = 00101000 | parity_out = 0
Time = 10545 | serial_in = 0 | Internal stream_in = 01010000 | parity_out = 0
Time = 10555 | serial_in = 0 | Internal stream_in = 10100000 | parity_out = 0
Time = 10560 | serial_in = 1 | Internal stream_in = 10100000 | parity_out = 0
Time = 10565 | serial_in = 1 | Internal stream_in = 01000001 | parity_out = 0
Time = 10575 | serial_in = 1 | Internal stream_in = 10000011 | parity_out = 1
Time = 10585 | serial_in = 1 | Internal stream_in = 00000111 | parity_out = 1
Time = 10590 | serial_in = 0 | Internal stream_in = 00000111 | parity_out = 1
Time = 10595 | serial_in = 0 | Internal stream_in = 00001110 | parity_out = 1
Time = 10605 | serial_in = 0 | Internal stream_in = 00011100 | parity_out = 1
Time = 10615 | serial_in = 0 | Internal stream_in = 00111000 | parity_out = 1
Time = 10625 | serial_in = 0 | Internal stream_in = 01110000 | parity_out = 1
Time = 10630 | serial_in = 1 | Internal stream_in = 01110000 | parity_out = 1
Time = 10635 | serial_in = 1 | Internal stream_in = 11100001 | parity_out = 0
Time = 10640 | serial_in = 0 | Internal stream_in = 11100001 | parity_out = 0
Time = 10645 | serial_in = 0 | Internal stream_in = 11000010 | parity_out = 1
Time = 10655 | serial_in = 0 | Internal stream_in = 10000100 | parity_out = 0
Time = 10660 | serial_in = 1 | Internal stream_in = 10000100 | parity_out = 0
Time = 10665 | serial_in = 1 | Internal stream_in = 00001001 | parity_out = 0
Time = 10670 | serial_in = 0 | Internal stream_in = 00001001 | parity_out = 0
Time = 10675 | serial_in = 0 | Internal stream_in = 00010010 | parity_out = 0
Time = 10685 | serial_in = 0 | Internal stream_in = 00100100 | parity_out = 0
Time = 10695 | serial_in = 0 | Internal stream_in = 01001000 | parity_out = 0
Time = 10705 | serial_in = 0 | Internal stream_in = 10010000 | parity_out = 0
Time = 10710 | serial_in = 1 | Internal stream_in = 10010000 | parity_out = 0
Time = 10715 | serial_in = 1 | Internal stream_in = 00100001 | parity_out = 0
Time = 10720 | serial_in = 0 | Internal stream_in = 00100001 | parity_out = 0
Time = 10725 | serial_in = 0 | Internal stream_in = 01000010 | parity_out = 0
Time = 10730 | serial_in = 1 | Internal stream_in = 01000010 | parity_out = 0
Time = 10735 | serial_in = 1 | Internal stream_in = 10000101 | parity_out = 1
Time = 10745 | serial_in = 1 | Internal stream_in = 00001011 | parity_out = 1
Time = 10750 | serial_in = 0 | Internal stream_in = 00001011 | parity_out = 1
Time = 10755 | serial_in = 0 | Internal stream_in = 00010110 | parity_out = 1
Time = 10765 | serial_in = 0 | Internal stream_in = 00101100 | parity_out = 1
Time = 10775 | serial_in = 0 | Internal stream_in = 01011000 | parity_out = 1
Time = 10785 | serial_in = 0 | Internal stream_in = 10110000 | parity_out = 1
Time = 10790 | serial_in = 1 | Internal stream_in = 10110000 | parity_out = 1
Time = 10795 | serial_in = 1 | Internal stream_in = 01100001 | parity_out = 1
Time = 10805 | serial_in = 1 | Internal stream_in = 11000011 | parity_out = 0
Time = 10810 | serial_in = 0 | Internal stream_in = 11000011 | parity_out = 0
Time = 10815 | serial_in = 0 | Internal stream_in = 10000110 | parity_out = 1
Time = 10820 | serial_in = 1 | Internal stream_in = 10000110 | parity_out = 1
Time = 10825 | serial_in = 1 | Internal stream_in = 00001101 | parity_out = 1
Time = 10830 | serial_in = 0 | Internal stream_in = 00001101 | parity_out = 1
Time = 10835 | serial_in = 0 | Internal stream_in = 00011010 | parity_out = 1
Time = 10845 | serial_in = 0 | Internal stream_in = 00110100 | parity_out = 1
Time = 10855 | serial_in = 0 | Internal stream_in = 01101000 | parity_out = 1
Time = 10865 | serial_in = 0 | Internal stream_in = 11010000 | parity_out = 1
Time = 10870 | serial_in = 1 | Internal stream_in = 11010000 | parity_out = 1
Time = 10875 | serial_in = 1 | Internal stream_in = 10100001 | parity_out = 1
Time = 10885 | serial_in = 1 | Internal stream_in = 01000011 | parity_out = 1
Time = 10895 | serial_in = 1 | Internal stream_in = 10000111 | parity_out = 0
Time = 10905 | serial_in = 1 | Internal stream_in = 00001111 | parity_out = 0
Time = 10910 | serial_in = 0 | Internal stream_in = 00001111 | parity_out = 0
Time = 10915 | serial_in = 0 | Internal stream_in = 00011110 | parity_out = 0
Time = 10925 | serial_in = 0 | Internal stream_in = 00111100 | parity_out = 0
Time = 10935 | serial_in = 0 | Internal stream_in = 01111000 | parity_out = 0
Time = 10940 | serial_in = 1 | Internal stream_in = 01111000 | parity_out = 0
Time = 10945 | serial_in = 1 | Internal stream_in = 11110001 | parity_out = 1
Time = 10950 | serial_in = 0 | Internal stream_in = 11110001 | parity_out = 1
Time = 10955 | serial_in = 0 | Internal stream_in = 11100010 | parity_out = 0
Time = 10965 | serial_in = 0 | Internal stream_in = 11000100 | parity_out = 1
Time = 10975 | serial_in = 0 | Internal stream_in = 10001000 | parity_out = 0
Time = 10980 | serial_in = 1 | Internal stream_in = 10001000 | parity_out = 0
Time = 10985 | serial_in = 1 | Internal stream_in = 00010001 | parity_out = 0
Time = 10990 | serial_in = 0 | Internal stream_in = 00010001 | parity_out = 0
Time = 10995 | serial_in = 0 | Internal stream_in = 00100010 | parity_out = 0
Time = 11005 | serial_in = 0 | Internal stream_in = 01000100 | parity_out = 0
Time = 11015 | serial_in = 0 | Internal stream_in = 10001000 | parity_out = 0
Time = 11020 | serial_in = 1 | Internal stream_in = 10001000 | parity_out = 0
Time = 11025 | serial_in = 1 | Internal stream_in = 00010001 | parity_out = 0
Time = 11030 | serial_in = 0 | Internal stream_in = 00010001 | parity_out = 0
Time = 11035 | serial_in = 0 | Internal stream_in = 00100010 | parity_out = 0
Time = 11045 | serial_in = 0 | Internal stream_in = 01000100 | parity_out = 0
Time = 11050 | serial_in = 1 | Internal stream_in = 01000100 | parity_out = 0
Time = 11055 | serial_in = 1 | Internal stream_in = 10001001 | parity_out = 1
Time = 11065 | serial_in = 1 | Internal stream_in = 00010011 | parity_out = 1
Time = 11070 | serial_in = 0 | Internal stream_in = 00010011 | parity_out = 1
Time = 11075 | serial_in = 0 | Internal stream_in = 00100110 | parity_out = 1
Time = 11085 | serial_in = 0 | Internal stream_in = 01001100 | parity_out = 1
Time = 11095 | serial_in = 0 | Internal stream_in = 10011000 | parity_out = 1
Time = 11100 | serial_in = 1 | Internal stream_in = 10011000 | parity_out = 1
Time = 11105 | serial_in = 1 | Internal stream_in = 00110001 | parity_out = 1
Time = 11110 | serial_in = 0 | Internal stream_in = 00110001 | parity_out = 1
Time = 11115 | serial_in = 0 | Internal stream_in = 01100010 | parity_out = 1
Time = 11120 | serial_in = 1 | Internal stream_in = 01100010 | parity_out = 1
Time = 11125 | serial_in = 1 | Internal stream_in = 11000101 | parity_out = 0
Time = 11130 | serial_in = 0 | Internal stream_in = 11000101 | parity_out = 0
Time = 11135 | serial_in = 0 | Internal stream_in = 10001010 | parity_out = 1
Time = 11140 | serial_in = 1 | Internal stream_in = 10001010 | parity_out = 1
Time = 11145 | serial_in = 1 | Internal stream_in = 00010101 | parity_out = 1
Time = 11150 | serial_in = 0 | Internal stream_in = 00010101 | parity_out = 1
Time = 11155 | serial_in = 0 | Internal stream_in = 00101010 | parity_out = 1
Time = 11165 | serial_in = 0 | Internal stream_in = 01010100 | parity_out = 1
Time = 11175 | serial_in = 0 | Internal stream_in = 10101000 | parity_out = 1
Time = 11180 | serial_in = 1 | Internal stream_in = 10101000 | parity_out = 1
Time = 11185 | serial_in = 1 | Internal stream_in = 01010001 | parity_out = 1
Time = 11190 | serial_in = 0 | Internal stream_in = 01010001 | parity_out = 1
Time = 11195 | serial_in = 0 | Internal stream_in = 10100010 | parity_out = 1
Time = 11200 | serial_in = 1 | Internal stream_in = 10100010 | parity_out = 1
Time = 11205 | serial_in = 1 | Internal stream_in = 01000101 | parity_out = 1
Time = 11215 | serial_in = 1 | Internal stream_in = 10001011 | parity_out = 0
Time = 11225 | serial_in = 1 | Internal stream_in = 00010111 | parity_out = 0
Time = 11230 | serial_in = 0 | Internal stream_in = 00010111 | parity_out = 0
Time = 11235 | serial_in = 0 | Internal stream_in = 00101110 | parity_out = 0
Time = 11245 | serial_in = 0 | Internal stream_in = 01011100 | parity_out = 0
Time = 11255 | serial_in = 0 | Internal stream_in = 10111000 | parity_out = 0
Time = 11260 | serial_in = 1 | Internal stream_in = 10111000 | parity_out = 0
Time = 11265 | serial_in = 1 | Internal stream_in = 01110001 | parity_out = 0
Time = 11275 | serial_in = 1 | Internal stream_in = 11100011 | parity_out = 1
Time = 11280 | serial_in = 0 | Internal stream_in = 11100011 | parity_out = 1
Time = 11285 | serial_in = 0 | Internal stream_in = 11000110 | parity_out = 0
Time = 11295 | serial_in = 0 | Internal stream_in = 10001100 | parity_out = 1
Time = 11300 | serial_in = 1 | Internal stream_in = 10001100 | parity_out = 1
Time = 11305 | serial_in = 1 | Internal stream_in = 00011001 | parity_out = 1
Time = 11310 | serial_in = 0 | Internal stream_in = 00011001 | parity_out = 1
Time = 11315 | serial_in = 0 | Internal stream_in = 00110010 | parity_out = 1
Time = 11325 | serial_in = 0 | Internal stream_in = 01100100 | parity_out = 1
Time = 11335 | serial_in = 0 | Internal stream_in = 11001000 | parity_out = 1
Time = 11340 | serial_in = 1 | Internal stream_in = 11001000 | parity_out = 1
Time = 11345 | serial_in = 1 | Internal stream_in = 10010001 | parity_out = 1
Time = 11355 | serial_in = 1 | Internal stream_in = 00100011 | parity_out = 1
Time = 11360 | serial_in = 0 | Internal stream_in = 00100011 | parity_out = 1
Time = 11365 | serial_in = 0 | Internal stream_in = 01000110 | parity_out = 1
Time = 11370 | serial_in = 1 | Internal stream_in = 01000110 | parity_out = 1
Time = 11375 | serial_in = 1 | Internal stream_in = 10001101 | parity_out = 0
Time = 11385 | serial_in = 1 | Internal stream_in = 00011011 | parity_out = 0
Time = 11390 | serial_in = 0 | Internal stream_in = 00011011 | parity_out = 0
Time = 11395 | serial_in = 0 | Internal stream_in = 00110110 | parity_out = 0
Time = 11405 | serial_in = 0 | Internal stream_in = 01101100 | parity_out = 0
Time = 11415 | serial_in = 0 | Internal stream_in = 11011000 | parity_out = 0
Time = 11420 | serial_in = 1 | Internal stream_in = 11011000 | parity_out = 0
Time = 11425 | serial_in = 1 | Internal stream_in = 10110001 | parity_out = 0
Time = 11435 | serial_in = 1 | Internal stream_in = 01100011 | parity_out = 0
Time = 11445 | serial_in = 1 | Internal stream_in = 11000111 | parity_out = 1
Time = 11450 | serial_in = 0 | Internal stream_in = 11000111 | parity_out = 1
Time = 11455 | serial_in = 0 | Internal stream_in = 10001110 | parity_out = 0
Time = 11460 | serial_in = 1 | Internal stream_in = 10001110 | parity_out = 0
Time = 11465 | serial_in = 1 | Internal stream_in = 00011101 | parity_out = 0
Time = 11470 | serial_in = 0 | Internal stream_in = 00011101 | parity_out = 0
Time = 11475 | serial_in = 0 | Internal stream_in = 00111010 | parity_out = 0
Time = 11485 | serial_in = 0 | Internal stream_in = 01110100 | parity_out = 0
Time = 11495 | serial_in = 0 | Internal stream_in = 11101000 | parity_out = 0
Time = 11500 | serial_in = 1 | Internal stream_in = 11101000 | parity_out = 0
Time = 11505 | serial_in = 1 | Internal stream_in = 11010001 | parity_out = 0
Time = 11515 | serial_in = 1 | Internal stream_in = 10100011 | parity_out = 0
Time = 11525 | serial_in = 1 | Internal stream_in = 01000111 | parity_out = 0
Time = 11535 | serial_in = 1 | Internal stream_in = 10001111 | parity_out = 1
Time = 11545 | serial_in = 1 | Internal stream_in = 00011111 | parity_out = 1
Time = 11550 | serial_in = 0 | Internal stream_in = 00011111 | parity_out = 1
Time = 11555 | serial_in = 0 | Internal stream_in = 00111110 | parity_out = 1
Time = 11565 | serial_in = 0 | Internal stream_in = 01111100 | parity_out = 1
Time = 11570 | serial_in = 1 | Internal stream_in = 01111100 | parity_out = 1
Time = 11575 | serial_in = 1 | Internal stream_in = 11111001 | parity_out = 0
Time = 11580 | serial_in = 0 | Internal stream_in = 11111001 | parity_out = 0
Time = 11585 | serial_in = 0 | Internal stream_in = 11110010 | parity_out = 1
Time = 11595 | serial_in = 0 | Internal stream_in = 11100100 | parity_out = 0
Time = 11605 | serial_in = 0 | Internal stream_in = 11001000 | parity_out = 1
Time = 11615 | serial_in = 0 | Internal stream_in = 10010000 | parity_out = 0
Time = 11620 | serial_in = 1 | Internal stream_in = 10010000 | parity_out = 0
Time = 11625 | serial_in = 1 | Internal stream_in = 00100001 | parity_out = 0
Time = 11630 | serial_in = 0 | Internal stream_in = 00100001 | parity_out = 0
Time = 11635 | serial_in = 0 | Internal stream_in = 01000010 | parity_out = 0
Time = 11645 | serial_in = 0 | Internal stream_in = 10000100 | parity_out = 0
Time = 11650 | serial_in = 1 | Internal stream_in = 10000100 | parity_out = 0
Time = 11655 | serial_in = 1 | Internal stream_in = 00001001 | parity_out = 0
Time = 11660 | serial_in = 0 | Internal stream_in = 00001001 | parity_out = 0
Time = 11665 | serial_in = 0 | Internal stream_in = 00010010 | parity_out = 0
Time = 11675 | serial_in = 0 | Internal stream_in = 00100100 | parity_out = 0
Time = 11685 | serial_in = 0 | Internal stream_in = 01001000 | parity_out = 0
Time = 11690 | serial_in = 1 | Internal stream_in = 01001000 | parity_out = 0
Time = 11695 | serial_in = 1 | Internal stream_in = 10010001 | parity_out = 1
Time = 11705 | serial_in = 1 | Internal stream_in = 00100011 | parity_out = 1
Time = 11710 | serial_in = 0 | Internal stream_in = 00100011 | parity_out = 1
Time = 11715 | serial_in = 0 | Internal stream_in = 01000110 | parity_out = 1
Time = 11725 | serial_in = 0 | Internal stream_in = 10001100 | parity_out = 1
Time = 11730 | serial_in = 1 | Internal stream_in = 10001100 | parity_out = 1
Time = 11735 | serial_in = 1 | Internal stream_in = 00011001 | parity_out = 1
Time = 11740 | serial_in = 0 | Internal stream_in = 00011001 | parity_out = 1
Time = 11745 | serial_in = 0 | Internal stream_in = 00110010 | parity_out = 1
Time = 11755 | serial_in = 0 | Internal stream_in = 01100100 | parity_out = 1
Time = 11760 | serial_in = 1 | Internal stream_in = 01100100 | parity_out = 1
Time = 11765 | serial_in = 1 | Internal stream_in = 11001001 | parity_out = 0
Time = 11770 | serial_in = 0 | Internal stream_in = 11001001 | parity_out = 0
Time = 11775 | serial_in = 0 | Internal stream_in = 10010010 | parity_out = 1
Time = 11780 | serial_in = 1 | Internal stream_in = 10010010 | parity_out = 1
Time = 11785 | serial_in = 1 | Internal stream_in = 00100101 | parity_out = 1
Time = 11790 | serial_in = 0 | Internal stream_in = 00100101 | parity_out = 1
Time = 11795 | serial_in = 0 | Internal stream_in = 01001010 | parity_out = 1
Time = 11805 | serial_in = 0 | Internal stream_in = 10010100 | parity_out = 1
Time = 11810 | serial_in = 1 | Internal stream_in = 10010100 | parity_out = 1
Time = 11815 | serial_in = 1 | Internal stream_in = 00101001 | parity_out = 1
Time = 11820 | serial_in = 0 | Internal stream_in = 00101001 | parity_out = 1
Time = 11825 | serial_in = 0 | Internal stream_in = 01010010 | parity_out = 1
Time = 11835 | serial_in = 0 | Internal stream_in = 10100100 | parity_out = 1
Time = 11840 | serial_in = 1 | Internal stream_in = 10100100 | parity_out = 1
Time = 11845 | serial_in = 1 | Internal stream_in = 01001001 | parity_out = 1
Time = 11855 | serial_in = 1 | Internal stream_in = 10010011 | parity_out = 0
Time = 11865 | serial_in = 1 | Internal stream_in = 00100111 | parity_out = 0
Time = 11870 | serial_in = 0 | Internal stream_in = 00100111 | parity_out = 0
Time = 11875 | serial_in = 0 | Internal stream_in = 01001110 | parity_out = 0
Time = 11885 | serial_in = 0 | Internal stream_in = 10011100 | parity_out = 0
Time = 11890 | serial_in = 1 | Internal stream_in = 10011100 | parity_out = 0
Time = 11895 | serial_in = 1 | Internal stream_in = 00111001 | parity_out = 0
Time = 11900 | serial_in = 0 | Internal stream_in = 00111001 | parity_out = 0
Time = 11905 | serial_in = 0 | Internal stream_in = 01110010 | parity_out = 0
Time = 11910 | serial_in = 1 | Internal stream_in = 01110010 | parity_out = 0
Time = 11915 | serial_in = 1 | Internal stream_in = 11100101 | parity_out = 1
Time = 11920 | serial_in = 0 | Internal stream_in = 11100101 | parity_out = 1
Time = 11925 | serial_in = 0 | Internal stream_in = 11001010 | parity_out = 0
Time = 11935 | serial_in = 0 | Internal stream_in = 10010100 | parity_out = 1
Time = 11940 | serial_in = 1 | Internal stream_in = 10010100 | parity_out = 1
Time = 11945 | serial_in = 1 | Internal stream_in = 00101001 | parity_out = 1
Time = 11950 | serial_in = 0 | Internal stream_in = 00101001 | parity_out = 1
Time = 11955 | serial_in = 0 | Internal stream_in = 01010010 | parity_out = 1
Time = 11965 | serial_in = 0 | Internal stream_in = 10100100 | parity_out = 1
Time = 11970 | serial_in = 1 | Internal stream_in = 10100100 | parity_out = 1
Time = 11975 | serial_in = 1 | Internal stream_in = 01001001 | parity_out = 1
Time = 11980 | serial_in = 0 | Internal stream_in = 01001001 | parity_out = 1
Time = 11985 | serial_in = 0 | Internal stream_in = 10010010 | parity_out = 1
Time = 11990 | serial_in = 1 | Internal stream_in = 10010010 | parity_out = 1
Time = 11995 | serial_in = 1 | Internal stream_in = 00100101 | parity_out = 1
Time = 12000 | serial_in = 0 | Internal stream_in = 00100101 | parity_out = 1
Time = 12005 | serial_in = 0 | Internal stream_in = 01001010 | parity_out = 1
Time = 12010 | serial_in = 1 | Internal stream_in = 01001010 | parity_out = 1
Time = 12015 | serial_in = 1 | Internal stream_in = 10010101 | parity_out = 0
Time = 12025 | serial_in = 1 | Internal stream_in = 00101011 | parity_out = 0
Time = 12030 | serial_in = 0 | Internal stream_in = 00101011 | parity_out = 0
Time = 12035 | serial_in = 0 | Internal stream_in = 01010110 | parity_out = 0
Time = 12045 | serial_in = 0 | Internal stream_in = 10101100 | parity_out = 0
Time = 12050 | serial_in = 1 | Internal stream_in = 10101100 | parity_out = 0
Time = 12055 | serial_in = 1 | Internal stream_in = 01011001 | parity_out = 0
Time = 12060 | serial_in = 0 | Internal stream_in = 01011001 | parity_out = 0
Time = 12065 | serial_in = 0 | Internal stream_in = 10110010 | parity_out = 0
Time = 12070 | serial_in = 1 | Internal stream_in = 10110010 | parity_out = 0
Time = 12075 | serial_in = 1 | Internal stream_in = 01100101 | parity_out = 0
Time = 12085 | serial_in = 1 | Internal stream_in = 11001011 | parity_out = 1
Time = 12090 | serial_in = 0 | Internal stream_in = 11001011 | parity_out = 1
Time = 12095 | serial_in = 0 | Internal stream_in = 10010110 | parity_out = 0
Time = 12100 | serial_in = 1 | Internal stream_in = 10010110 | parity_out = 0
Time = 12105 | serial_in = 1 | Internal stream_in = 00101101 | parity_out = 0
Time = 12110 | serial_in = 0 | Internal stream_in = 00101101 | parity_out = 0
Time = 12115 | serial_in = 0 | Internal stream_in = 01011010 | parity_out = 0
Time = 12125 | serial_in = 0 | Internal stream_in = 10110100 | parity_out = 0
Time = 12130 | serial_in = 1 | Internal stream_in = 10110100 | parity_out = 0
Time = 12135 | serial_in = 1 | Internal stream_in = 01101001 | parity_out = 0
Time = 12140 | serial_in = 0 | Internal stream_in = 01101001 | parity_out = 0
Time = 12145 | serial_in = 0 | Internal stream_in = 11010010 | parity_out = 0
Time = 12150 | serial_in = 1 | Internal stream_in = 11010010 | parity_out = 0
Time = 12155 | serial_in = 1 | Internal stream_in = 10100101 | parity_out = 0
Time = 12165 | serial_in = 1 | Internal stream_in = 01001011 | parity_out = 0
Time = 12175 | serial_in = 1 | Internal stream_in = 10010111 | parity_out = 1
Time = 12185 | serial_in = 1 | Internal stream_in = 00101111 | parity_out = 1
Time = 12190 | serial_in = 0 | Internal stream_in = 00101111 | parity_out = 1
Time = 12195 | serial_in = 0 | Internal stream_in = 01011110 | parity_out = 1
Time = 12205 | serial_in = 0 | Internal stream_in = 10111100 | parity_out = 1
Time = 12210 | serial_in = 1 | Internal stream_in = 10111100 | parity_out = 1
Time = 12215 | serial_in = 1 | Internal stream_in = 01111001 | parity_out = 1
Time = 12225 | serial_in = 1 | Internal stream_in = 11110011 | parity_out = 0
Time = 12230 | serial_in = 0 | Internal stream_in = 11110011 | parity_out = 0
Time = 12235 | serial_in = 0 | Internal stream_in = 11100110 | parity_out = 1
Time = 12245 | serial_in = 0 | Internal stream_in = 11001100 | parity_out = 0
Time = 12255 | serial_in = 0 | Internal stream_in = 10011000 | parity_out = 1
Time = 12260 | serial_in = 1 | Internal stream_in = 10011000 | parity_out = 1
Time = 12265 | serial_in = 1 | Internal stream_in = 00110001 | parity_out = 1
Time = 12270 | serial_in = 0 | Internal stream_in = 00110001 | parity_out = 1
Time = 12275 | serial_in = 0 | Internal stream_in = 01100010 | parity_out = 1
Time = 12285 | serial_in = 0 | Internal stream_in = 11000100 | parity_out = 1
Time = 12290 | serial_in = 1 | Internal stream_in = 11000100 | parity_out = 1
Time = 12295 | serial_in = 1 | Internal stream_in = 10001001 | parity_out = 1
Time = 12305 | serial_in = 1 | Internal stream_in = 00010011 | parity_out = 1
Time = 12310 | serial_in = 0 | Internal stream_in = 00010011 | parity_out = 1
Time = 12315 | serial_in = 0 | Internal stream_in = 00100110 | parity_out = 1
Time = 12325 | serial_in = 0 | Internal stream_in = 01001100 | parity_out = 1
Time = 12330 | serial_in = 1 | Internal stream_in = 01001100 | parity_out = 1
Time = 12335 | serial_in = 1 | Internal stream_in = 10011001 | parity_out = 0
Time = 12345 | serial_in = 1 | Internal stream_in = 00110011 | parity_out = 0
Time = 12350 | serial_in = 0 | Internal stream_in = 00110011 | parity_out = 0
Time = 12355 | serial_in = 0 | Internal stream_in = 01100110 | parity_out = 0
Time = 12365 | serial_in = 0 | Internal stream_in = 11001100 | parity_out = 0
Time = 12370 | serial_in = 1 | Internal stream_in = 11001100 | parity_out = 0
Time = 12375 | serial_in = 1 | Internal stream_in = 10011001 | parity_out = 0
Time = 12385 | serial_in = 1 | Internal stream_in = 00110011 | parity_out = 0
Time = 12390 | serial_in = 0 | Internal stream_in = 00110011 | parity_out = 0
Time = 12395 | serial_in = 0 | Internal stream_in = 01100110 | parity_out = 0
Time = 12400 | serial_in = 1 | Internal stream_in = 01100110 | parity_out = 0
Time = 12405 | serial_in = 1 | Internal stream_in = 11001101 | parity_out = 1
Time = 12410 | serial_in = 0 | Internal stream_in = 11001101 | parity_out = 1
Time = 12415 | serial_in = 0 | Internal stream_in = 10011010 | parity_out = 0
Time = 12420 | serial_in = 1 | Internal stream_in = 10011010 | parity_out = 0
Time = 12425 | serial_in = 1 | Internal stream_in = 00110101 | parity_out = 0
Time = 12430 | serial_in = 0 | Internal stream_in = 00110101 | parity_out = 0
Time = 12435 | serial_in = 0 | Internal stream_in = 01101010 | parity_out = 0
Time = 12445 | serial_in = 0 | Internal stream_in = 11010100 | parity_out = 0
Time = 12450 | serial_in = 1 | Internal stream_in = 11010100 | parity_out = 0
Time = 12455 | serial_in = 1 | Internal stream_in = 10101001 | parity_out = 0
Time = 12465 | serial_in = 1 | Internal stream_in = 01010011 | parity_out = 0
Time = 12470 | serial_in = 0 | Internal stream_in = 01010011 | parity_out = 0
Time = 12475 | serial_in = 0 | Internal stream_in = 10100110 | parity_out = 0
Time = 12480 | serial_in = 1 | Internal stream_in = 10100110 | parity_out = 0
Time = 12485 | serial_in = 1 | Internal stream_in = 01001101 | parity_out = 0
Time = 12495 | serial_in = 1 | Internal stream_in = 10011011 | parity_out = 1
Time = 12505 | serial_in = 1 | Internal stream_in = 00110111 | parity_out = 1
Time = 12510 | serial_in = 0 | Internal stream_in = 00110111 | parity_out = 1
Time = 12515 | serial_in = 0 | Internal stream_in = 01101110 | parity_out = 1
Time = 12525 | serial_in = 0 | Internal stream_in = 11011100 | parity_out = 1
Time = 12530 | serial_in = 1 | Internal stream_in = 11011100 | parity_out = 1
Time = 12535 | serial_in = 1 | Internal stream_in = 10111001 | parity_out = 1
Time = 12545 | serial_in = 1 | Internal stream_in = 01110011 | parity_out = 1
Time = 12555 | serial_in = 1 | Internal stream_in = 11100111 | parity_out = 0
Time = 12560 | serial_in = 0 | Internal stream_in = 11100111 | parity_out = 0
Time = 12565 | serial_in = 0 | Internal stream_in = 11001110 | parity_out = 1
Time = 12575 | serial_in = 0 | Internal stream_in = 10011100 | parity_out = 0
Time = 12580 | serial_in = 1 | Internal stream_in = 10011100 | parity_out = 0
Time = 12585 | serial_in = 1 | Internal stream_in = 00111001 | parity_out = 0
Time = 12590 | serial_in = 0 | Internal stream_in = 00111001 | parity_out = 0
Time = 12595 | serial_in = 0 | Internal stream_in = 01110010 | parity_out = 0
Time = 12605 | serial_in = 0 | Internal stream_in = 11100100 | parity_out = 0
Time = 12610 | serial_in = 1 | Internal stream_in = 11100100 | parity_out = 0
Time = 12615 | serial_in = 1 | Internal stream_in = 11001001 | parity_out = 0
Time = 12625 | serial_in = 1 | Internal stream_in = 10010011 | parity_out = 0
Time = 12635 | serial_in = 1 | Internal stream_in = 00100111 | parity_out = 0
Time = 12640 | serial_in = 0 | Internal stream_in = 00100111 | parity_out = 0
Time = 12645 | serial_in = 0 | Internal stream_in = 01001110 | parity_out = 0
Time = 12650 | serial_in = 1 | Internal stream_in = 01001110 | parity_out = 0
Time = 12655 | serial_in = 1 | Internal stream_in = 10011101 | parity_out = 1
Time = 12665 | serial_in = 1 | Internal stream_in = 00111011 | parity_out = 1
Time = 12670 | serial_in = 0 | Internal stream_in = 00111011 | parity_out = 1
Time = 12675 | serial_in = 0 | Internal stream_in = 01110110 | parity_out = 1
Time = 12685 | serial_in = 0 | Internal stream_in = 11101100 | parity_out = 1
Time = 12690 | serial_in = 1 | Internal stream_in = 11101100 | parity_out = 1
Time = 12695 | serial_in = 1 | Internal stream_in = 11011001 | parity_out = 1
Time = 12705 | serial_in = 1 | Internal stream_in = 10110011 | parity_out = 1
Time = 12715 | serial_in = 1 | Internal stream_in = 01100111 | parity_out = 1
Time = 12725 | serial_in = 1 | Internal stream_in = 11001111 | parity_out = 0
Time = 12730 | serial_in = 0 | Internal stream_in = 11001111 | parity_out = 0
Time = 12735 | serial_in = 0 | Internal stream_in = 10011110 | parity_out = 1
Time = 12740 | serial_in = 1 | Internal stream_in = 10011110 | parity_out = 1
Time = 12745 | serial_in = 1 | Internal stream_in = 00111101 | parity_out = 1
Time = 12750 | serial_in = 0 | Internal stream_in = 00111101 | parity_out = 1
Time = 12755 | serial_in = 0 | Internal stream_in = 01111010 | parity_out = 1
Time = 12765 | serial_in = 0 | Internal stream_in = 11110100 | parity_out = 1
Time = 12770 | serial_in = 1 | Internal stream_in = 11110100 | parity_out = 1
Time = 12775 | serial_in = 1 | Internal stream_in = 11101001 | parity_out = 1
Time = 12785 | serial_in = 1 | Internal stream_in = 11010011 | parity_out = 1
Time = 12795 | serial_in = 1 | Internal stream_in = 10100111 | parity_out = 1
Time = 12805 | serial_in = 1 | Internal stream_in = 01001111 | parity_out = 1
Time = 12815 | serial_in = 1 | Internal stream_in = 10011111 | parity_out = 0
Time = 12825 | serial_in = 1 | Internal stream_in = 00111111 | parity_out = 0
Time = 12830 | serial_in = 0 | Internal stream_in = 00111111 | parity_out = 0
Time = 12835 | serial_in = 0 | Internal stream_in = 01111110 | parity_out = 0
Time = 12840 | serial_in = 1 | Internal stream_in = 01111110 | parity_out = 0
Time = 12845 | serial_in = 1 | Internal stream_in = 11111101 | parity_out = 1
Time = 12850 | serial_in = 0 | Internal stream_in = 11111101 | parity_out = 1
Time = 12855 | serial_in = 0 | Internal stream_in = 11111010 | parity_out = 0
Time = 12865 | serial_in = 0 | Internal stream_in = 11110100 | parity_out = 1
Time = 12875 | serial_in = 0 | Internal stream_in = 11101000 | parity_out = 0
Time = 12885 | serial_in = 0 | Internal stream_in = 11010000 | parity_out = 1
Time = 12895 | serial_in = 0 | Internal stream_in = 10100000 | parity_out = 0
Time = 12900 | serial_in = 1 | Internal stream_in = 10100000 | parity_out = 0
Time = 12905 | serial_in = 1 | Internal stream_in = 01000001 | parity_out = 0
Time = 12910 | serial_in = 0 | Internal stream_in = 01000001 | parity_out = 0
Time = 12915 | serial_in = 0 | Internal stream_in = 10000010 | parity_out = 0
Time = 12920 | serial_in = 1 | Internal stream_in = 10000010 | parity_out = 0
Time = 12925 | serial_in = 1 | Internal stream_in = 00000101 | parity_out = 0
Time = 12930 | serial_in = 0 | Internal stream_in = 00000101 | parity_out = 0
Time = 12935 | serial_in = 0 | Internal stream_in = 00001010 | parity_out = 0
Time = 12945 | serial_in = 0 | Internal stream_in = 00010100 | parity_out = 0
Time = 12955 | serial_in = 0 | Internal stream_in = 00101000 | parity_out = 0
Time = 12965 | serial_in = 0 | Internal stream_in = 01010000 | parity_out = 0
Time = 12970 | serial_in = 1 | Internal stream_in = 01010000 | parity_out = 0
Time = 12975 | serial_in = 1 | Internal stream_in = 10100001 | parity_out = 1
Time = 12985 | serial_in = 1 | Internal stream_in = 01000011 | parity_out = 1
Time = 12990 | serial_in = 0 | Internal stream_in = 01000011 | parity_out = 1
Time = 12995 | serial_in = 0 | Internal stream_in = 10000110 | parity_out = 1
Time = 13000 | serial_in = 1 | Internal stream_in = 10000110 | parity_out = 1
Time = 13005 | serial_in = 1 | Internal stream_in = 00001101 | parity_out = 1
Time = 13010 | serial_in = 0 | Internal stream_in = 00001101 | parity_out = 1
Time = 13015 | serial_in = 0 | Internal stream_in = 00011010 | parity_out = 1
Time = 13025 | serial_in = 0 | Internal stream_in = 00110100 | parity_out = 1
Time = 13035 | serial_in = 0 | Internal stream_in = 01101000 | parity_out = 1
Time = 13040 | serial_in = 1 | Internal stream_in = 01101000 | parity_out = 1
Time = 13045 | serial_in = 1 | Internal stream_in = 11010001 | parity_out = 0
Time = 13050 | serial_in = 0 | Internal stream_in = 11010001 | parity_out = 0
Time = 13055 | serial_in = 0 | Internal stream_in = 10100010 | parity_out = 1
Time = 13060 | serial_in = 1 | Internal stream_in = 10100010 | parity_out = 1
Time = 13065 | serial_in = 1 | Internal stream_in = 01000101 | parity_out = 1
Time = 13070 | serial_in = 0 | Internal stream_in = 01000101 | parity_out = 1
Time = 13075 | serial_in = 0 | Internal stream_in = 10001010 | parity_out = 1
Time = 13080 | serial_in = 1 | Internal stream_in = 10001010 | parity_out = 1
Time = 13085 | serial_in = 1 | Internal stream_in = 00010101 | parity_out = 1
Time = 13090 | serial_in = 0 | Internal stream_in = 00010101 | parity_out = 1
Time = 13095 | serial_in = 0 | Internal stream_in = 00101010 | parity_out = 1
Time = 13105 | serial_in = 0 | Internal stream_in = 01010100 | parity_out = 1
Time = 13115 | serial_in = 0 | Internal stream_in = 10101000 | parity_out = 1
Time = 13120 | serial_in = 1 | Internal stream_in = 10101000 | parity_out = 1
Time = 13125 | serial_in = 1 | Internal stream_in = 01010001 | parity_out = 1
Time = 13135 | serial_in = 1 | Internal stream_in = 10100011 | parity_out = 0
Time = 13145 | serial_in = 1 | Internal stream_in = 01000111 | parity_out = 0
Time = 13150 | serial_in = 0 | Internal stream_in = 01000111 | parity_out = 0
Time = 13155 | serial_in = 0 | Internal stream_in = 10001110 | parity_out = 0
Time = 13160 | serial_in = 1 | Internal stream_in = 10001110 | parity_out = 0
Time = 13165 | serial_in = 1 | Internal stream_in = 00011101 | parity_out = 0
Time = 13170 | serial_in = 0 | Internal stream_in = 00011101 | parity_out = 0
Time = 13175 | serial_in = 0 | Internal stream_in = 00111010 | parity_out = 0
Time = 13185 | serial_in = 0 | Internal stream_in = 01110100 | parity_out = 0
Time = 13190 | serial_in = 1 | Internal stream_in = 01110100 | parity_out = 0
Time = 13195 | serial_in = 1 | Internal stream_in = 11101001 | parity_out = 1
Time = 13200 | serial_in = 0 | Internal stream_in = 11101001 | parity_out = 1
Time = 13205 | serial_in = 0 | Internal stream_in = 11010010 | parity_out = 0
Time = 13215 | serial_in = 0 | Internal stream_in = 10100100 | parity_out = 1
Time = 13220 | serial_in = 1 | Internal stream_in = 10100100 | parity_out = 1
Time = 13225 | serial_in = 1 | Internal stream_in = 01001001 | parity_out = 1
Time = 13230 | serial_in = 0 | Internal stream_in = 01001001 | parity_out = 1
Time = 13235 | serial_in = 0 | Internal stream_in = 10010010 | parity_out = 1
Time = 13240 | serial_in = 1 | Internal stream_in = 10010010 | parity_out = 1
Time = 13245 | serial_in = 1 | Internal stream_in = 00100101 | parity_out = 1
Time = 13250 | serial_in = 0 | Internal stream_in = 00100101 | parity_out = 1
Time = 13255 | serial_in = 0 | Internal stream_in = 01001010 | parity_out = 1
Time = 13265 | serial_in = 0 | Internal stream_in = 10010100 | parity_out = 1
Time = 13270 | serial_in = 1 | Internal stream_in = 10010100 | parity_out = 1
Time = 13275 | serial_in = 1 | Internal stream_in = 00101001 | parity_out = 1
Time = 13280 | serial_in = 0 | Internal stream_in = 00101001 | parity_out = 1
Time = 13285 | serial_in = 0 | Internal stream_in = 01010010 | parity_out = 1
Time = 13290 | serial_in = 1 | Internal stream_in = 01010010 | parity_out = 1
Time = 13295 | serial_in = 1 | Internal stream_in = 10100101 | parity_out = 0
Time = 13305 | serial_in = 1 | Internal stream_in = 01001011 | parity_out = 0
Time = 13310 | serial_in = 0 | Internal stream_in = 01001011 | parity_out = 0
Time = 13315 | serial_in = 0 | Internal stream_in = 10010110 | parity_out = 0
Time = 13320 | serial_in = 1 | Internal stream_in = 10010110 | parity_out = 0
Time = 13325 | serial_in = 1 | Internal stream_in = 00101101 | parity_out = 0
Time = 13330 | serial_in = 0 | Internal stream_in = 00101101 | parity_out = 0
Time = 13335 | serial_in = 0 | Internal stream_in = 01011010 | parity_out = 0
Time = 13345 | serial_in = 0 | Internal stream_in = 10110100 | parity_out = 0
Time = 13350 | serial_in = 1 | Internal stream_in = 10110100 | parity_out = 0
Time = 13355 | serial_in = 1 | Internal stream_in = 01101001 | parity_out = 0
Time = 13365 | serial_in = 1 | Internal stream_in = 11010011 | parity_out = 1
Time = 13370 | serial_in = 0 | Internal stream_in = 11010011 | parity_out = 1
Time = 13375 | serial_in = 0 | Internal stream_in = 10100110 | parity_out = 0
Time = 13380 | serial_in = 1 | Internal stream_in = 10100110 | parity_out = 0
Time = 13385 | serial_in = 1 | Internal stream_in = 01001101 | parity_out = 0
Time = 13390 | serial_in = 0 | Internal stream_in = 01001101 | parity_out = 0
Time = 13395 | serial_in = 0 | Internal stream_in = 10011010 | parity_out = 0
Time = 13400 | serial_in = 1 | Internal stream_in = 10011010 | parity_out = 0
Time = 13405 | serial_in = 1 | Internal stream_in = 00110101 | parity_out = 0
Time = 13410 | serial_in = 0 | Internal stream_in = 00110101 | parity_out = 0
Time = 13415 | serial_in = 0 | Internal stream_in = 01101010 | parity_out = 0
Time = 13425 | serial_in = 0 | Internal stream_in = 11010100 | parity_out = 0
Time = 13430 | serial_in = 1 | Internal stream_in = 11010100 | parity_out = 0
Time = 13435 | serial_in = 1 | Internal stream_in = 10101001 | parity_out = 0
Time = 13445 | serial_in = 1 | Internal stream_in = 01010011 | parity_out = 0
Time = 13455 | serial_in = 1 | Internal stream_in = 10100111 | parity_out = 1
Time = 13465 | serial_in = 1 | Internal stream_in = 01001111 | parity_out = 1
Time = 13470 | serial_in = 0 | Internal stream_in = 01001111 | parity_out = 1
Time = 13475 | serial_in = 0 | Internal stream_in = 10011110 | parity_out = 1
Time = 13480 | serial_in = 1 | Internal stream_in = 10011110 | parity_out = 1
Time = 13485 | serial_in = 1 | Internal stream_in = 00111101 | parity_out = 1
Time = 13490 | serial_in = 0 | Internal stream_in = 00111101 | parity_out = 1
Time = 13495 | serial_in = 0 | Internal stream_in = 01111010 | parity_out = 1
Time = 13500 | serial_in = 1 | Internal stream_in = 01111010 | parity_out = 1
Time = 13505 | serial_in = 1 | Internal stream_in = 11110101 | parity_out = 0
Time = 13510 | serial_in = 0 | Internal stream_in = 11110101 | parity_out = 0
Time = 13515 | serial_in = 0 | Internal stream_in = 11101010 | parity_out = 1
Time = 13525 | serial_in = 0 | Internal stream_in = 11010100 | parity_out = 0
Time = 13535 | serial_in = 0 | Internal stream_in = 10101000 | parity_out = 1
Time = 13540 | serial_in = 1 | Internal stream_in = 10101000 | parity_out = 1
Time = 13545 | serial_in = 1 | Internal stream_in = 01010001 | parity_out = 1
Time = 13550 | serial_in = 0 | Internal stream_in = 01010001 | parity_out = 1
Time = 13555 | serial_in = 0 | Internal stream_in = 10100010 | parity_out = 1
Time = 13560 | serial_in = 1 | Internal stream_in = 10100010 | parity_out = 1
Time = 13565 | serial_in = 1 | Internal stream_in = 01000101 | parity_out = 1
Time = 13570 | serial_in = 0 | Internal stream_in = 01000101 | parity_out = 1
Time = 13575 | serial_in = 0 | Internal stream_in = 10001010 | parity_out = 1
Time = 13580 | serial_in = 1 | Internal stream_in = 10001010 | parity_out = 1
Time = 13585 | serial_in = 1 | Internal stream_in = 00010101 | parity_out = 1
Time = 13590 | serial_in = 0 | Internal stream_in = 00010101 | parity_out = 1
Time = 13595 | serial_in = 0 | Internal stream_in = 00101010 | parity_out = 1
Time = 13605 | serial_in = 0 | Internal stream_in = 01010100 | parity_out = 1
Time = 13610 | serial_in = 1 | Internal stream_in = 01010100 | parity_out = 1
Time = 13615 | serial_in = 1 | Internal stream_in = 10101001 | parity_out = 0
Time = 13625 | serial_in = 1 | Internal stream_in = 01010011 | parity_out = 0
Time = 13630 | serial_in = 0 | Internal stream_in = 01010011 | parity_out = 0
Time = 13635 | serial_in = 0 | Internal stream_in = 10100110 | parity_out = 0
Time = 13640 | serial_in = 1 | Internal stream_in = 10100110 | parity_out = 0
Time = 13645 | serial_in = 1 | Internal stream_in = 01001101 | parity_out = 0
Time = 13650 | serial_in = 0 | Internal stream_in = 01001101 | parity_out = 0
Time = 13655 | serial_in = 0 | Internal stream_in = 10011010 | parity_out = 0
Time = 13660 | serial_in = 1 | Internal stream_in = 10011010 | parity_out = 0
Time = 13665 | serial_in = 1 | Internal stream_in = 00110101 | parity_out = 0
Time = 13670 | serial_in = 0 | Internal stream_in = 00110101 | parity_out = 0
Time = 13675 | serial_in = 0 | Internal stream_in = 01101010 | parity_out = 0
Time = 13680 | serial_in = 1 | Internal stream_in = 01101010 | parity_out = 0
Time = 13685 | serial_in = 1 | Internal stream_in = 11010101 | parity_out = 1
Time = 13690 | serial_in = 0 | Internal stream_in = 11010101 | parity_out = 1
Time = 13695 | serial_in = 0 | Internal stream_in = 10101010 | parity_out = 0
Time = 13700 | serial_in = 1 | Internal stream_in = 10101010 | parity_out = 0
Time = 13705 | serial_in = 1 | Internal stream_in = 01010101 | parity_out = 0
Time = 13710 | serial_in = 0 | Internal stream_in = 01010101 | parity_out = 0
Time = 13715 | serial_in = 0 | Internal stream_in = 10101010 | parity_out = 0
Time = 13720 | serial_in = 1 | Internal stream_in = 10101010 | parity_out = 0
Time = 13725 | serial_in = 1 | Internal stream_in = 01010101 | parity_out = 0
Time = 13730 | serial_in = 0 | Internal stream_in = 01010101 | parity_out = 0
Time = 13735 | serial_in = 0 | Internal stream_in = 10101010 | parity_out = 0
Time = 13740 | serial_in = 1 | Internal stream_in = 10101010 | parity_out = 0
Time = 13745 | serial_in = 1 | Internal stream_in = 01010101 | parity_out = 0
Time = 13750 | serial_in = 0 | Internal stream_in = 01010101 | parity_out = 0
Time = 13755 | serial_in = 0 | Internal stream_in = 10101010 | parity_out = 0
Time = 13760 | serial_in = 1 | Internal stream_in = 10101010 | parity_out = 0
Time = 13765 | serial_in = 1 | Internal stream_in = 01010101 | parity_out = 0
Time = 13775 | serial_in = 1 | Internal stream_in = 10101011 | parity_out = 1
Time = 13785 | serial_in = 1 | Internal stream_in = 01010111 | parity_out = 1
Time = 13790 | serial_in = 0 | Internal stream_in = 01010111 | parity_out = 1
Time = 13795 | serial_in = 0 | Internal stream_in = 10101110 | parity_out = 1
Time = 13800 | serial_in = 1 | Internal stream_in = 10101110 | parity_out = 1
Time = 13805 | serial_in = 1 | Internal stream_in = 01011101 | parity_out = 1
Time = 13810 | serial_in = 0 | Internal stream_in = 01011101 | parity_out = 1
Time = 13815 | serial_in = 0 | Internal stream_in = 10111010 | parity_out = 1
Time = 13820 | serial_in = 1 | Internal stream_in = 10111010 | parity_out = 1
Time = 13825 | serial_in = 1 | Internal stream_in = 01110101 | parity_out = 1
Time = 13835 | serial_in = 1 | Internal stream_in = 11101011 | parity_out = 0
Time = 13840 | serial_in = 0 | Internal stream_in = 11101011 | parity_out = 0
Time = 13845 | serial_in = 0 | Internal stream_in = 11010110 | parity_out = 1
Time = 13855 | serial_in = 0 | Internal stream_in = 10101100 | parity_out = 0
Time = 13860 | serial_in = 1 | Internal stream_in = 10101100 | parity_out = 0
Time = 13865 | serial_in = 1 | Internal stream_in = 01011001 | parity_out = 0
Time = 13870 | serial_in = 0 | Internal stream_in = 01011001 | parity_out = 0
Time = 13875 | serial_in = 0 | Internal stream_in = 10110010 | parity_out = 0
Time = 13880 | serial_in = 1 | Internal stream_in = 10110010 | parity_out = 0
Time = 13885 | serial_in = 1 | Internal stream_in = 01100101 | parity_out = 0
Time = 13890 | serial_in = 0 | Internal stream_in = 01100101 | parity_out = 0
Time = 13895 | serial_in = 0 | Internal stream_in = 11001010 | parity_out = 0
Time = 13900 | serial_in = 1 | Internal stream_in = 11001010 | parity_out = 0
Time = 13905 | serial_in = 1 | Internal stream_in = 10010101 | parity_out = 0
Time = 13915 | serial_in = 1 | Internal stream_in = 00101011 | parity_out = 0
Time = 13920 | serial_in = 0 | Internal stream_in = 00101011 | parity_out = 0
Time = 13925 | serial_in = 0 | Internal stream_in = 01010110 | parity_out = 0
Time = 13930 | serial_in = 1 | Internal stream_in = 01010110 | parity_out = 0
Time = 13935 | serial_in = 1 | Internal stream_in = 10101101 | parity_out = 1
Time = 13945 | serial_in = 1 | Internal stream_in = 01011011 | parity_out = 1
Time = 13950 | serial_in = 0 | Internal stream_in = 01011011 | parity_out = 1
Time = 13955 | serial_in = 0 | Internal stream_in = 10110110 | parity_out = 1
Time = 13960 | serial_in = 1 | Internal stream_in = 10110110 | parity_out = 1
Time = 13965 | serial_in = 1 | Internal stream_in = 01101101 | parity_out = 1
Time = 13970 | serial_in = 0 | Internal stream_in = 01101101 | parity_out = 1
Time = 13975 | serial_in = 0 | Internal stream_in = 11011010 | parity_out = 1
Time = 13980 | serial_in = 1 | Internal stream_in = 11011010 | parity_out = 1
Time = 13985 | serial_in = 1 | Internal stream_in = 10110101 | parity_out = 1
Time = 13995 | serial_in = 1 | Internal stream_in = 01101011 | parity_out = 1
Time = 14005 | serial_in = 1 | Internal stream_in = 11010111 | parity_out = 0
Time = 14010 | serial_in = 0 | Internal stream_in = 11010111 | parity_out = 0
Time = 14015 | serial_in = 0 | Internal stream_in = 10101110 | parity_out = 1
Time = 14020 | serial_in = 1 | Internal stream_in = 10101110 | parity_out = 1
Time = 14025 | serial_in = 1 | Internal stream_in = 01011101 | parity_out = 1
Time = 14030 | serial_in = 0 | Internal stream_in = 01011101 | parity_out = 1
Time = 14035 | serial_in = 0 | Internal stream_in = 10111010 | parity_out = 1
Time = 14040 | serial_in = 1 | Internal stream_in = 10111010 | parity_out = 1
Time = 14045 | serial_in = 1 | Internal stream_in = 01110101 | parity_out = 1
Time = 14050 | serial_in = 0 | Internal stream_in = 01110101 | parity_out = 1
Time = 14055 | serial_in = 0 | Internal stream_in = 11101010 | parity_out = 1
Time = 14060 | serial_in = 1 | Internal stream_in = 11101010 | parity_out = 1
Time = 14065 | serial_in = 1 | Internal stream_in = 11010101 | parity_out = 1
Time = 14075 | serial_in = 1 | Internal stream_in = 10101011 | parity_out = 1
Time = 14085 | serial_in = 1 | Internal stream_in = 01010111 | parity_out = 1
Time = 14095 | serial_in = 1 | Internal stream_in = 10101111 | parity_out = 0
Time = 14105 | serial_in = 1 | Internal stream_in = 01011111 | parity_out = 0
Time = 14110 | serial_in = 0 | Internal stream_in = 01011111 | parity_out = 0
Time = 14115 | serial_in = 0 | Internal stream_in = 10111110 | parity_out = 0
Time = 14120 | serial_in = 1 | Internal stream_in = 10111110 | parity_out = 0
Time = 14125 | serial_in = 1 | Internal stream_in = 01111101 | parity_out = 0
Time = 14135 | serial_in = 1 | Internal stream_in = 11111011 | parity_out = 1
Time = 14140 | serial_in = 0 | Internal stream_in = 11111011 | parity_out = 1
Time = 14145 | serial_in = 0 | Internal stream_in = 11110110 | parity_out = 0
Time = 14155 | serial_in = 0 | Internal stream_in = 11101100 | parity_out = 1
Time = 14165 | serial_in = 0 | Internal stream_in = 11011000 | parity_out = 0
Time = 14175 | serial_in = 0 | Internal stream_in = 10110000 | parity_out = 1
Time = 14180 | serial_in = 1 | Internal stream_in = 10110000 | parity_out = 1
Time = 14185 | serial_in = 1 | Internal stream_in = 01100001 | parity_out = 1
Time = 14190 | serial_in = 0 | Internal stream_in = 01100001 | parity_out = 1
Time = 14195 | serial_in = 0 | Internal stream_in = 11000010 | parity_out = 1
Time = 14200 | serial_in = 1 | Internal stream_in = 11000010 | parity_out = 1
Time = 14205 | serial_in = 1 | Internal stream_in = 10000101 | parity_out = 1
Time = 14215 | serial_in = 1 | Internal stream_in = 00001011 | parity_out = 1
Time = 14220 | serial_in = 0 | Internal stream_in = 00001011 | parity_out = 1
Time = 14225 | serial_in = 0 | Internal stream_in = 00010110 | parity_out = 1
Time = 14235 | serial_in = 0 | Internal stream_in = 00101100 | parity_out = 1
Time = 14245 | serial_in = 0 | Internal stream_in = 01011000 | parity_out = 1
Time = 14250 | serial_in = 1 | Internal stream_in = 01011000 | parity_out = 1
Time = 14255 | serial_in = 1 | Internal stream_in = 10110001 | parity_out = 0
Time = 14265 | serial_in = 1 | Internal stream_in = 01100011 | parity_out = 0
Time = 14270 | serial_in = 0 | Internal stream_in = 01100011 | parity_out = 0
Time = 14275 | serial_in = 0 | Internal stream_in = 11000110 | parity_out = 0
Time = 14280 | serial_in = 1 | Internal stream_in = 11000110 | parity_out = 0
Time = 14285 | serial_in = 1 | Internal stream_in = 10001101 | parity_out = 0
Time = 14295 | serial_in = 1 | Internal stream_in = 00011011 | parity_out = 0
Time = 14300 | serial_in = 0 | Internal stream_in = 00011011 | parity_out = 0
Time = 14305 | serial_in = 0 | Internal stream_in = 00110110 | parity_out = 0
Time = 14315 | serial_in = 0 | Internal stream_in = 01101100 | parity_out = 0
Time = 14320 | serial_in = 1 | Internal stream_in = 01101100 | parity_out = 0
Time = 14325 | serial_in = 1 | Internal stream_in = 11011001 | parity_out = 1
Time = 14330 | serial_in = 0 | Internal stream_in = 11011001 | parity_out = 1
Time = 14335 | serial_in = 0 | Internal stream_in = 10110010 | parity_out = 0
Time = 14340 | serial_in = 1 | Internal stream_in = 10110010 | parity_out = 0
Time = 14345 | serial_in = 1 | Internal stream_in = 01100101 | parity_out = 0
Time = 14350 | serial_in = 0 | Internal stream_in = 01100101 | parity_out = 0
Time = 14355 | serial_in = 0 | Internal stream_in = 11001010 | parity_out = 0
Time = 14360 | serial_in = 1 | Internal stream_in = 11001010 | parity_out = 0
Time = 14365 | serial_in = 1 | Internal stream_in = 10010101 | parity_out = 0
Time = 14375 | serial_in = 1 | Internal stream_in = 00101011 | parity_out = 0
Time = 14380 | serial_in = 0 | Internal stream_in = 00101011 | parity_out = 0
Time = 14385 | serial_in = 0 | Internal stream_in = 01010110 | parity_out = 0
Time = 14395 | serial_in = 0 | Internal stream_in = 10101100 | parity_out = 0
Time = 14400 | serial_in = 1 | Internal stream_in = 10101100 | parity_out = 0
Time = 14405 | serial_in = 1 | Internal stream_in = 01011001 | parity_out = 0
Time = 14415 | serial_in = 1 | Internal stream_in = 10110011 | parity_out = 1
Time = 14425 | serial_in = 1 | Internal stream_in = 01100111 | parity_out = 1
Time = 14430 | serial_in = 0 | Internal stream_in = 01100111 | parity_out = 1
Time = 14435 | serial_in = 0 | Internal stream_in = 11001110 | parity_out = 1
Time = 14440 | serial_in = 1 | Internal stream_in = 11001110 | parity_out = 1
Time = 14445 | serial_in = 1 | Internal stream_in = 10011101 | parity_out = 1
Time = 14455 | serial_in = 1 | Internal stream_in = 00111011 | parity_out = 1
Time = 14460 | serial_in = 0 | Internal stream_in = 00111011 | parity_out = 1
Time = 14465 | serial_in = 0 | Internal stream_in = 01110110 | parity_out = 1
Time = 14470 | serial_in = 1 | Internal stream_in = 01110110 | parity_out = 1
Time = 14475 | serial_in = 1 | Internal stream_in = 11101101 | parity_out = 0
Time = 14480 | serial_in = 0 | Internal stream_in = 11101101 | parity_out = 0
Time = 14485 | serial_in = 0 | Internal stream_in = 11011010 | parity_out = 1
Time = 14495 | serial_in = 0 | Internal stream_in = 10110100 | parity_out = 0
Time = 14500 | serial_in = 1 | Internal stream_in = 10110100 | parity_out = 0
Time = 14505 | serial_in = 1 | Internal stream_in = 01101001 | parity_out = 0
Time = 14510 | serial_in = 0 | Internal stream_in = 01101001 | parity_out = 0
Time = 14515 | serial_in = 0 | Internal stream_in = 11010010 | parity_out = 0
Time = 14520 | serial_in = 1 | Internal stream_in = 11010010 | parity_out = 0
Time = 14525 | serial_in = 1 | Internal stream_in = 10100101 | parity_out = 0
Time = 14535 | serial_in = 1 | Internal stream_in = 01001011 | parity_out = 0
Time = 14540 | serial_in = 0 | Internal stream_in = 01001011 | parity_out = 0
Time = 14545 | serial_in = 0 | Internal stream_in = 10010110 | parity_out = 0
Time = 14550 | serial_in = 1 | Internal stream_in = 10010110 | parity_out = 0
Time = 14555 | serial_in = 1 | Internal stream_in = 00101101 | parity_out = 0
Time = 14560 | serial_in = 0 | Internal stream_in = 00101101 | parity_out = 0
Time = 14565 | serial_in = 0 | Internal stream_in = 01011010 | parity_out = 0
Time = 14570 | serial_in = 1 | Internal stream_in = 01011010 | parity_out = 0
Time = 14575 | serial_in = 1 | Internal stream_in = 10110101 | parity_out = 1
Time = 14585 | serial_in = 1 | Internal stream_in = 01101011 | parity_out = 1
Time = 14590 | serial_in = 0 | Internal stream_in = 01101011 | parity_out = 1
Time = 14595 | serial_in = 0 | Internal stream_in = 11010110 | parity_out = 1
Time = 14600 | serial_in = 1 | Internal stream_in = 11010110 | parity_out = 1
Time = 14605 | serial_in = 1 | Internal stream_in = 10101101 | parity_out = 1
Time = 14615 | serial_in = 1 | Internal stream_in = 01011011 | parity_out = 1
Time = 14620 | serial_in = 0 | Internal stream_in = 01011011 | parity_out = 1
Time = 14625 | serial_in = 0 | Internal stream_in = 10110110 | parity_out = 1
Time = 14630 | serial_in = 1 | Internal stream_in = 10110110 | parity_out = 1
Time = 14635 | serial_in = 1 | Internal stream_in = 01101101 | parity_out = 1
Time = 14645 | serial_in = 1 | Internal stream_in = 11011011 | parity_out = 0
Time = 14650 | serial_in = 0 | Internal stream_in = 11011011 | parity_out = 0
Time = 14655 | serial_in = 0 | Internal stream_in = 10110110 | parity_out = 1
Time = 14660 | serial_in = 1 | Internal stream_in = 10110110 | parity_out = 1
Time = 14665 | serial_in = 1 | Internal stream_in = 01101101 | parity_out = 1
Time = 14670 | serial_in = 0 | Internal stream_in = 01101101 | parity_out = 1
Time = 14675 | serial_in = 0 | Internal stream_in = 11011010 | parity_out = 1
Time = 14680 | serial_in = 1 | Internal stream_in = 11011010 | parity_out = 1
Time = 14685 | serial_in = 1 | Internal stream_in = 10110101 | parity_out = 1
Time = 14695 | serial_in = 1 | Internal stream_in = 01101011 | parity_out = 1
Time = 14700 | serial_in = 0 | Internal stream_in = 01101011 | parity_out = 1
Time = 14705 | serial_in = 0 | Internal stream_in = 11010110 | parity_out = 1
Time = 14710 | serial_in = 1 | Internal stream_in = 11010110 | parity_out = 1
Time = 14715 | serial_in = 1 | Internal stream_in = 10101101 | parity_out = 1
Time = 14725 | serial_in = 1 | Internal stream_in = 01011011 | parity_out = 1
Time = 14735 | serial_in = 1 | Internal stream_in = 10110111 | parity_out = 0
Time = 14745 | serial_in = 1 | Internal stream_in = 01101111 | parity_out = 0
Time = 14750 | serial_in = 0 | Internal stream_in = 01101111 | parity_out = 0
Time = 14755 | serial_in = 0 | Internal stream_in = 11011110 | parity_out = 0
Time = 14760 | serial_in = 1 | Internal stream_in = 11011110 | parity_out = 0
Time = 14765 | serial_in = 1 | Internal stream_in = 10111101 | parity_out = 0
Time = 14775 | serial_in = 1 | Internal stream_in = 01111011 | parity_out = 0
Time = 14785 | serial_in = 1 | Internal stream_in = 11110111 | parity_out = 1
Time = 14790 | serial_in = 0 | Internal stream_in = 11110111 | parity_out = 1
Time = 14795 | serial_in = 0 | Internal stream_in = 11101110 | parity_out = 0
Time = 14805 | serial_in = 0 | Internal stream_in = 11011100 | parity_out = 1
Time = 14815 | serial_in = 0 | Internal stream_in = 10111000 | parity_out = 0
Time = 14820 | serial_in = 1 | Internal stream_in = 10111000 | parity_out = 0
Time = 14825 | serial_in = 1 | Internal stream_in = 01110001 | parity_out = 0
Time = 14830 | serial_in = 0 | Internal stream_in = 01110001 | parity_out = 0
Time = 14835 | serial_in = 0 | Internal stream_in = 11100010 | parity_out = 0
Time = 14840 | serial_in = 1 | Internal stream_in = 11100010 | parity_out = 0
Time = 14845 | serial_in = 1 | Internal stream_in = 11000101 | parity_out = 0
Time = 14855 | serial_in = 1 | Internal stream_in = 10001011 | parity_out = 0
Time = 14865 | serial_in = 1 | Internal stream_in = 00010111 | parity_out = 0
Time = 14870 | serial_in = 0 | Internal stream_in = 00010111 | parity_out = 0
Time = 14875 | serial_in = 0 | Internal stream_in = 00101110 | parity_out = 0
Time = 14885 | serial_in = 0 | Internal stream_in = 01011100 | parity_out = 0
Time = 14890 | serial_in = 1 | Internal stream_in = 01011100 | parity_out = 0
Time = 14895 | serial_in = 1 | Internal stream_in = 10111001 | parity_out = 1
Time = 14905 | serial_in = 1 | Internal stream_in = 01110011 | parity_out = 1
Time = 14910 | serial_in = 0 | Internal stream_in = 01110011 | parity_out = 1
Time = 14915 | serial_in = 0 | Internal stream_in = 11100110 | parity_out = 1
Time = 14920 | serial_in = 1 | Internal stream_in = 11100110 | parity_out = 1
Time = 14925 | serial_in = 1 | Internal stream_in = 11001101 | parity_out = 1
Time = 14935 | serial_in = 1 | Internal stream_in = 10011011 | parity_out = 1
Time = 14945 | serial_in = 1 | Internal stream_in = 00110111 | parity_out = 1
Time = 14950 | serial_in = 0 | Internal stream_in = 00110111 | parity_out = 1
Time = 14955 | serial_in = 0 | Internal stream_in = 01101110 | parity_out = 1
Time = 14960 | serial_in = 1 | Internal stream_in = 01101110 | parity_out = 1
Time = 14965 | serial_in = 1 | Internal stream_in = 11011101 | parity_out = 0
Time = 14970 | serial_in = 0 | Internal stream_in = 11011101 | parity_out = 0
Time = 14975 | serial_in = 0 | Internal stream_in = 10111010 | parity_out = 1
Time = 14980 | serial_in = 1 | Internal stream_in = 10111010 | parity_out = 1
Time = 14985 | serial_in = 1 | Internal stream_in = 01110101 | parity_out = 1
Time = 14990 | serial_in = 0 | Internal stream_in = 01110101 | parity_out = 1
Time = 14995 | serial_in = 0 | Internal stream_in = 11101010 | parity_out = 1
Time = 15000 | serial_in = 1 | Internal stream_in = 11101010 | parity_out = 1
Time = 15005 | serial_in = 1 | Internal stream_in = 11010101 | parity_out = 1
Time = 15015 | serial_in = 1 | Internal stream_in = 10101011 | parity_out = 1
Time = 15025 | serial_in = 1 | Internal stream_in = 01010111 | parity_out = 1
Time = 15030 | serial_in = 0 | Internal stream_in = 01010111 | parity_out = 1
Time = 15035 | serial_in = 0 | Internal stream_in = 10101110 | parity_out = 1
Time = 15040 | serial_in = 1 | Internal stream_in = 10101110 | parity_out = 1
Time = 15045 | serial_in = 1 | Internal stream_in = 01011101 | parity_out = 1
Time = 15055 | serial_in = 1 | Internal stream_in = 10111011 | parity_out = 0
Time = 15065 | serial_in = 1 | Internal stream_in = 01110111 | parity_out = 0
Time = 15070 | serial_in = 0 | Internal stream_in = 01110111 | parity_out = 0
Time = 15075 | serial_in = 0 | Internal stream_in = 11101110 | parity_out = 0
Time = 15080 | serial_in = 1 | Internal stream_in = 11101110 | parity_out = 0
Time = 15085 | serial_in = 1 | Internal stream_in = 11011101 | parity_out = 0
Time = 15095 | serial_in = 1 | Internal stream_in = 10111011 | parity_out = 0
Time = 15105 | serial_in = 1 | Internal stream_in = 01110111 | parity_out = 0
Time = 15115 | serial_in = 1 | Internal stream_in = 11101111 | parity_out = 1
Time = 15120 | serial_in = 0 | Internal stream_in = 11101111 | parity_out = 1
Time = 15125 | serial_in = 0 | Internal stream_in = 11011110 | parity_out = 0
Time = 15135 | serial_in = 0 | Internal stream_in = 10111100 | parity_out = 1
Time = 15140 | serial_in = 1 | Internal stream_in = 10111100 | parity_out = 1
Time = 15145 | serial_in = 1 | Internal stream_in = 01111001 | parity_out = 1
Time = 15150 | serial_in = 0 | Internal stream_in = 01111001 | parity_out = 1
Time = 15155 | serial_in = 0 | Internal stream_in = 11110010 | parity_out = 1
Time = 15160 | serial_in = 1 | Internal stream_in = 11110010 | parity_out = 1
Time = 15165 | serial_in = 1 | Internal stream_in = 11100101 | parity_out = 1
Time = 15175 | serial_in = 1 | Internal stream_in = 11001011 | parity_out = 1
Time = 15185 | serial_in = 1 | Internal stream_in = 10010111 | parity_out = 1
Time = 15195 | serial_in = 1 | Internal stream_in = 00101111 | parity_out = 1
Time = 15200 | serial_in = 0 | Internal stream_in = 00101111 | parity_out = 1
Time = 15205 | serial_in = 0 | Internal stream_in = 01011110 | parity_out = 1
Time = 15210 | serial_in = 1 | Internal stream_in = 01011110 | parity_out = 1
Time = 15215 | serial_in = 1 | Internal stream_in = 10111101 | parity_out = 0
Time = 15225 | serial_in = 1 | Internal stream_in = 01111011 | parity_out = 0
Time = 15230 | serial_in = 0 | Internal stream_in = 01111011 | parity_out = 0
Time = 15235 | serial_in = 0 | Internal stream_in = 11110110 | parity_out = 0
Time = 15240 | serial_in = 1 | Internal stream_in = 11110110 | parity_out = 0
Time = 15245 | serial_in = 1 | Internal stream_in = 11101101 | parity_out = 0
Time = 15255 | serial_in = 1 | Internal stream_in = 11011011 | parity_out = 0
Time = 15265 | serial_in = 1 | Internal stream_in = 10110111 | parity_out = 0
Time = 15275 | serial_in = 1 | Internal stream_in = 01101111 | parity_out = 0
Time = 15285 | serial_in = 1 | Internal stream_in = 11011111 | parity_out = 1
Time = 15290 | serial_in = 0 | Internal stream_in = 11011111 | parity_out = 1
Time = 15295 | serial_in = 0 | Internal stream_in = 10111110 | parity_out = 0
Time = 15300 | serial_in = 1 | Internal stream_in = 10111110 | parity_out = 0
Time = 15305 | serial_in = 1 | Internal stream_in = 01111101 | parity_out = 0
Time = 15310 | serial_in = 0 | Internal stream_in = 01111101 | parity_out = 0
Time = 15315 | serial_in = 0 | Internal stream_in = 11111010 | parity_out = 0
Time = 15320 | serial_in = 1 | Internal stream_in = 11111010 | parity_out = 0
Time = 15325 | serial_in = 1 | Internal stream_in = 11110101 | parity_out = 0
Time = 15335 | serial_in = 1 | Internal stream_in = 11101011 | parity_out = 0
Time = 15345 | serial_in = 1 | Internal stream_in = 11010111 | parity_out = 0
Time = 15355 | serial_in = 1 | Internal stream_in = 10101111 | parity_out = 0
Time = 15365 | serial_in = 1 | Internal stream_in = 01011111 | parity_out = 0
Time = 15375 | serial_in = 1 | Internal stream_in = 10111111 | parity_out = 1
Time = 15385 | serial_in = 1 | Internal stream_in = 01111111 | parity_out = 1
Time = 15395 | serial_in = 1 | Internal stream_in = 11111111 | parity_out = 0
Time = 15400 | serial_in = 0 | Internal stream_in = 11111111 | parity_out = 0
Time = 15405 | serial_in = 0 | Internal stream_in = 11111110 | parity_out = 1
Time = 15415 | serial_in = 0 | Internal stream_in = 11111100 | parity_out = 0
Time = 15425 | serial_in = 0 | Internal stream_in = 11111000 | parity_out = 1
Time = 15435 | serial_in = 0 | Internal stream_in = 11110000 | parity_out = 0
Time = 15445 | serial_in = 0 | Internal stream_in = 11100000 | parity_out = 1
Time = 15455 | serial_in = 0 | Internal stream_in = 11000000 | parity_out = 0
Time = 15460 | serial_in = 1 | Internal stream_in = 11000000 | parity_out = 0
Time = 15465 | serial_in = 1 | Internal stream_in = 10000001 | parity_out = 0
Time = 15475 | serial_in = 1 | Internal stream_in = 00000011 | parity_out = 0
Time = 15480 | serial_in = 0 | Internal stream_in = 00000011 | parity_out = 0
Time = 15485 | serial_in = 0 | Internal stream_in = 00000110 | parity_out = 0
Time = 15495 | serial_in = 0 | Internal stream_in = 00001100 | parity_out = 0
Time = 15505 | serial_in = 0 | Internal stream_in = 00011000 | parity_out = 0
Time = 15515 | serial_in = 0 | Internal stream_in = 00110000 | parity_out = 0
Time = 15525 | serial_in = 0 | Internal stream_in = 01100000 | parity_out = 0
Time = 15530 | serial_in = 1 | Internal stream_in = 01100000 | parity_out = 0
Time = 15535 | serial_in = 1 | Internal stream_in = 11000001 | parity_out = 1
Time = 15545 | serial_in = 1 | Internal stream_in = 10000011 | parity_out = 1
Time = 15555 | serial_in = 1 | Internal stream_in = 00000111 | parity_out = 1
Time = 15560 | serial_in = 0 | Internal stream_in = 00000111 | parity_out = 1
Time = 15565 | serial_in = 0 | Internal stream_in = 00001110 | parity_out = 1
Time = 15575 | serial_in = 0 | Internal stream_in = 00011100 | parity_out = 1
Time = 15585 | serial_in = 0 | Internal stream_in = 00111000 | parity_out = 1
Time = 15595 | serial_in = 0 | Internal stream_in = 01110000 | parity_out = 1
Time = 15600 | serial_in = 1 | Internal stream_in = 01110000 | parity_out = 1
Time = 15605 | serial_in = 1 | Internal stream_in = 11100001 | parity_out = 0
Time = 15610 | serial_in = 0 | Internal stream_in = 11100001 | parity_out = 0
Time = 15615 | serial_in = 0 | Internal stream_in = 11000010 | parity_out = 1
Time = 15620 | serial_in = 1 | Internal stream_in = 11000010 | parity_out = 1
Time = 15625 | serial_in = 1 | Internal stream_in = 10000101 | parity_out = 1
Time = 15635 | serial_in = 1 | Internal stream_in = 00001011 | parity_out = 1
Time = 15640 | serial_in = 0 | Internal stream_in = 00001011 | parity_out = 1
Time = 15645 | serial_in = 0 | Internal stream_in = 00010110 | parity_out = 1
Time = 15655 | serial_in = 0 | Internal stream_in = 00101100 | parity_out = 1
Time = 15665 | serial_in = 0 | Internal stream_in = 01011000 | parity_out = 1
Time = 15675 | serial_in = 0 | Internal stream_in = 10110000 | parity_out = 1
Time = 15680 | serial_in = 1 | Internal stream_in = 10110000 | parity_out = 1
Time = 15685 | serial_in = 1 | Internal stream_in = 01100001 | parity_out = 1
Time = 15695 | serial_in = 1 | Internal stream_in = 11000011 | parity_out = 0
Time = 15705 | serial_in = 1 | Internal stream_in = 10000111 | parity_out = 0
Time = 15715 | serial_in = 1 | Internal stream_in = 00001111 | parity_out = 0
Time = 15720 | serial_in = 0 | Internal stream_in = 00001111 | parity_out = 0
Time = 15725 | serial_in = 0 | Internal stream_in = 00011110 | parity_out = 0
Time = 15735 | serial_in = 0 | Internal stream_in = 00111100 | parity_out = 0
Time = 15745 | serial_in = 0 | Internal stream_in = 01111000 | parity_out = 0
Time = 15750 | serial_in = 1 | Internal stream_in = 01111000 | parity_out = 0
Time = 15755 | serial_in = 1 | Internal stream_in = 11110001 | parity_out = 1
Time = 15760 | serial_in = 0 | Internal stream_in = 11110001 | parity_out = 1
Time = 15765 | serial_in = 0 | Internal stream_in = 11100010 | parity_out = 0
Time = 15775 | serial_in = 0 | Internal stream_in = 11000100 | parity_out = 1
Time = 15780 | serial_in = 1 | Internal stream_in = 11000100 | parity_out = 1
Time = 15785 | serial_in = 1 | Internal stream_in = 10001001 | parity_out = 1
Time = 15795 | serial_in = 1 | Internal stream_in = 00010011 | parity_out = 1
Time = 15800 | serial_in = 0 | Internal stream_in = 00010011 | parity_out = 1
Time = 15805 | serial_in = 0 | Internal stream_in = 00100110 | parity_out = 1
Time = 15815 | serial_in = 0 | Internal stream_in = 01001100 | parity_out = 1
Time = 15825 | serial_in = 0 | Internal stream_in = 10011000 | parity_out = 1
Time = 15830 | serial_in = 1 | Internal stream_in = 10011000 | parity_out = 1
Time = 15835 | serial_in = 1 | Internal stream_in = 00110001 | parity_out = 1
Time = 15840 | serial_in = 0 | Internal stream_in = 00110001 | parity_out = 1
Time = 15845 | serial_in = 0 | Internal stream_in = 01100010 | parity_out = 1
Time = 15850 | serial_in = 1 | Internal stream_in = 01100010 | parity_out = 1
Time = 15855 | serial_in = 1 | Internal stream_in = 11000101 | parity_out = 0
Time = 15865 | serial_in = 1 | Internal stream_in = 10001011 | parity_out = 0
Time = 15875 | serial_in = 1 | Internal stream_in = 00010111 | parity_out = 0
Time = 15880 | serial_in = 0 | Internal stream_in = 00010111 | parity_out = 0
Time = 15885 | serial_in = 0 | Internal stream_in = 00101110 | parity_out = 0
Time = 15895 | serial_in = 0 | Internal stream_in = 01011100 | parity_out = 0
Time = 15905 | serial_in = 0 | Internal stream_in = 10111000 | parity_out = 0
Time = 15910 | serial_in = 1 | Internal stream_in = 10111000 | parity_out = 0
Time = 15915 | serial_in = 1 | Internal stream_in = 01110001 | parity_out = 0
Time = 15925 | serial_in = 1 | Internal stream_in = 11100011 | parity_out = 1
Time = 15930 | serial_in = 0 | Internal stream_in = 11100011 | parity_out = 1
Time = 15935 | serial_in = 0 | Internal stream_in = 11000110 | parity_out = 0
Time = 15940 | serial_in = 1 | Internal stream_in = 11000110 | parity_out = 0
Time = 15945 | serial_in = 1 | Internal stream_in = 10001101 | parity_out = 0
Time = 15955 | serial_in = 1 | Internal stream_in = 00011011 | parity_out = 0
Time = 15960 | serial_in = 0 | Internal stream_in = 00011011 | parity_out = 0
Time = 15965 | serial_in = 0 | Internal stream_in = 00110110 | parity_out = 0
Time = 15975 | serial_in = 0 | Internal stream_in = 01101100 | parity_out = 0
Time = 15985 | serial_in = 0 | Internal stream_in = 11011000 | parity_out = 0
Time = 15990 | serial_in = 1 | Internal stream_in = 11011000 | parity_out = 0
Time = 15995 | serial_in = 1 | Internal stream_in = 10110001 | parity_out = 0
Time = 16005 | serial_in = 1 | Internal stream_in = 01100011 | parity_out = 0
Time = 16015 | serial_in = 1 | Internal stream_in = 11000111 | parity_out = 1
Time = 16025 | serial_in = 1 | Internal stream_in = 10001111 | parity_out = 1
Time = 16035 | serial_in = 1 | Internal stream_in = 00011111 | parity_out = 1
Time = 16040 | serial_in = 0 | Internal stream_in = 00011111 | parity_out = 1
Time = 16045 | serial_in = 0 | Internal stream_in = 00111110 | parity_out = 1
Time = 16055 | serial_in = 0 | Internal stream_in = 01111100 | parity_out = 1
Time = 16060 | serial_in = 1 | Internal stream_in = 01111100 | parity_out = 1
Time = 16065 | serial_in = 1 | Internal stream_in = 11111001 | parity_out = 0
Time = 16070 | serial_in = 0 | Internal stream_in = 11111001 | parity_out = 0
Time = 16075 | serial_in = 0 | Internal stream_in = 11110010 | parity_out = 1
Time = 16085 | serial_in = 0 | Internal stream_in = 11100100 | parity_out = 0
Time = 16095 | serial_in = 0 | Internal stream_in = 11001000 | parity_out = 1
Time = 16100 | serial_in = 1 | Internal stream_in = 11001000 | parity_out = 1
Time = 16105 | serial_in = 1 | Internal stream_in = 10010001 | parity_out = 1
Time = 16115 | serial_in = 1 | Internal stream_in = 00100011 | parity_out = 1
Time = 16120 | serial_in = 0 | Internal stream_in = 00100011 | parity_out = 1
Time = 16125 | serial_in = 0 | Internal stream_in = 01000110 | parity_out = 1
Time = 16135 | serial_in = 0 | Internal stream_in = 10001100 | parity_out = 1
Time = 16140 | serial_in = 1 | Internal stream_in = 10001100 | parity_out = 1
Time = 16145 | serial_in = 1 | Internal stream_in = 00011001 | parity_out = 1
Time = 16150 | serial_in = 0 | Internal stream_in = 00011001 | parity_out = 1
Time = 16155 | serial_in = 0 | Internal stream_in = 00110010 | parity_out = 1
Time = 16165 | serial_in = 0 | Internal stream_in = 01100100 | parity_out = 1
Time = 16170 | serial_in = 1 | Internal stream_in = 01100100 | parity_out = 1
Time = 16175 | serial_in = 1 | Internal stream_in = 11001001 | parity_out = 0
Time = 16185 | serial_in = 1 | Internal stream_in = 10010011 | parity_out = 0
Time = 16195 | serial_in = 1 | Internal stream_in = 00100111 | parity_out = 0
Time = 16200 | serial_in = 0 | Internal stream_in = 00100111 | parity_out = 0
Time = 16205 | serial_in = 0 | Internal stream_in = 01001110 | parity_out = 0
Time = 16215 | serial_in = 0 | Internal stream_in = 10011100 | parity_out = 0
Time = 16220 | serial_in = 1 | Internal stream_in = 10011100 | parity_out = 0
Time = 16225 | serial_in = 1 | Internal stream_in = 00111001 | parity_out = 0
Time = 16230 | serial_in = 0 | Internal stream_in = 00111001 | parity_out = 0
Time = 16235 | serial_in = 0 | Internal stream_in = 01110010 | parity_out = 0
Time = 16240 | serial_in = 1 | Internal stream_in = 01110010 | parity_out = 0
Time = 16245 | serial_in = 1 | Internal stream_in = 11100101 | parity_out = 1
Time = 16250 | serial_in = 0 | Internal stream_in = 11100101 | parity_out = 1
Time = 16255 | serial_in = 0 | Internal stream_in = 11001010 | parity_out = 0
Time = 16260 | serial_in = 1 | Internal stream_in = 11001010 | parity_out = 0
Time = 16265 | serial_in = 1 | Internal stream_in = 10010101 | parity_out = 0
Time = 16275 | serial_in = 1 | Internal stream_in = 00101011 | parity_out = 0
Time = 16280 | serial_in = 0 | Internal stream_in = 00101011 | parity_out = 0
Time = 16285 | serial_in = 0 | Internal stream_in = 01010110 | parity_out = 0
Time = 16295 | serial_in = 0 | Internal stream_in = 10101100 | parity_out = 0
Time = 16300 | serial_in = 1 | Internal stream_in = 10101100 | parity_out = 0
Time = 16305 | serial_in = 1 | Internal stream_in = 01011001 | parity_out = 0
Time = 16310 | serial_in = 0 | Internal stream_in = 01011001 | parity_out = 0
Time = 16315 | serial_in = 0 | Internal stream_in = 10110010 | parity_out = 0
Time = 16320 | serial_in = 1 | Internal stream_in = 10110010 | parity_out = 0
Time = 16325 | serial_in = 1 | Internal stream_in = 01100101 | parity_out = 0
Time = 16335 | serial_in = 1 | Internal stream_in = 11001011 | parity_out = 1
Time = 16345 | serial_in = 1 | Internal stream_in = 10010111 | parity_out = 1
Time = 16355 | serial_in = 1 | Internal stream_in = 00101111 | parity_out = 1
Time = 16360 | serial_in = 0 | Internal stream_in = 00101111 | parity_out = 1
Time = 16365 | serial_in = 0 | Internal stream_in = 01011110 | parity_out = 1
Time = 16375 | serial_in = 0 | Internal stream_in = 10111100 | parity_out = 1
Time = 16380 | serial_in = 1 | Internal stream_in = 10111100 | parity_out = 1
Time = 16385 | serial_in = 1 | Internal stream_in = 01111001 | parity_out = 1
Time = 16395 | serial_in = 1 | Internal stream_in = 11110011 | parity_out = 0
Time = 16400 | serial_in = 0 | Internal stream_in = 11110011 | parity_out = 0
Time = 16405 | serial_in = 0 | Internal stream_in = 11100110 | parity_out = 1
Time = 16415 | serial_in = 0 | Internal stream_in = 11001100 | parity_out = 0
Time = 16420 | serial_in = 1 | Internal stream_in = 11001100 | parity_out = 0
Time = 16425 | serial_in = 1 | Internal stream_in = 10011001 | parity_out = 0
Time = 16435 | serial_in = 1 | Internal stream_in = 00110011 | parity_out = 0
Time = 16440 | serial_in = 0 | Internal stream_in = 00110011 | parity_out = 0
Time = 16445 | serial_in = 0 | Internal stream_in = 01100110 | parity_out = 0
Time = 16455 | serial_in = 0 | Internal stream_in = 11001100 | parity_out = 0
Time = 16460 | serial_in = 1 | Internal stream_in = 11001100 | parity_out = 0
Time = 16465 | serial_in = 1 | Internal stream_in = 10011001 | parity_out = 0
Time = 16475 | serial_in = 1 | Internal stream_in = 00110011 | parity_out = 0
Time = 16480 | serial_in = 0 | Internal stream_in = 00110011 | parity_out = 0
Time = 16485 | serial_in = 0 | Internal stream_in = 01100110 | parity_out = 0
Time = 16490 | serial_in = 1 | Internal stream_in = 01100110 | parity_out = 0
Time = 16495 | serial_in = 1 | Internal stream_in = 11001101 | parity_out = 1
Time = 16505 | serial_in = 1 | Internal stream_in = 10011011 | parity_out = 1
Time = 16515 | serial_in = 1 | Internal stream_in = 00110111 | parity_out = 1
Time = 16520 | serial_in = 0 | Internal stream_in = 00110111 | parity_out = 1
Time = 16525 | serial_in = 0 | Internal stream_in = 01101110 | parity_out = 1
Time = 16535 | serial_in = 0 | Internal stream_in = 11011100 | parity_out = 1
Time = 16540 | serial_in = 1 | Internal stream_in = 11011100 | parity_out = 1
Time = 16545 | serial_in = 1 | Internal stream_in = 10111001 | parity_out = 1
Time = 16555 | serial_in = 1 | Internal stream_in = 01110011 | parity_out = 1
Time = 16565 | serial_in = 1 | Internal stream_in = 11100111 | parity_out = 0
Time = 16570 | serial_in = 0 | Internal stream_in = 11100111 | parity_out = 0
Time = 16575 | serial_in = 0 | Internal stream_in = 11001110 | parity_out = 1
Time = 16580 | serial_in = 1 | Internal stream_in = 11001110 | parity_out = 1
Time = 16585 | serial_in = 1 | Internal stream_in = 10011101 | parity_out = 1
Time = 16595 | serial_in = 1 | Internal stream_in = 00111011 | parity_out = 1
Time = 16600 | serial_in = 0 | Internal stream_in = 00111011 | parity_out = 1
Time = 16605 | serial_in = 0 | Internal stream_in = 01110110 | parity_out = 1
Time = 16615 | serial_in = 0 | Internal stream_in = 11101100 | parity_out = 1
Time = 16620 | serial_in = 1 | Internal stream_in = 11101100 | parity_out = 1
Time = 16625 | serial_in = 1 | Internal stream_in = 11011001 | parity_out = 1
Time = 16635 | serial_in = 1 | Internal stream_in = 10110011 | parity_out = 1
Time = 16645 | serial_in = 1 | Internal stream_in = 01100111 | parity_out = 1
Time = 16655 | serial_in = 1 | Internal stream_in = 11001111 | parity_out = 0
Time = 16665 | serial_in = 1 | Internal stream_in = 10011111 | parity_out = 0
Time = 16675 | serial_in = 1 | Internal stream_in = 00111111 | parity_out = 0
Time = 16680 | serial_in = 0 | Internal stream_in = 00111111 | parity_out = 0
Time = 16685 | serial_in = 0 | Internal stream_in = 01111110 | parity_out = 0
Time = 16690 | serial_in = 1 | Internal stream_in = 01111110 | parity_out = 0
Time = 16695 | serial_in = 1 | Internal stream_in = 11111101 | parity_out = 1
Time = 16700 | serial_in = 0 | Internal stream_in = 11111101 | parity_out = 1
Time = 16705 | serial_in = 0 | Internal stream_in = 11111010 | parity_out = 0
Time = 16715 | serial_in = 0 | Internal stream_in = 11110100 | parity_out = 1
Time = 16725 | serial_in = 0 | Internal stream_in = 11101000 | parity_out = 0
Time = 16735 | serial_in = 0 | Internal stream_in = 11010000 | parity_out = 1
Time = 16740 | serial_in = 1 | Internal stream_in = 11010000 | parity_out = 1
Time = 16745 | serial_in = 1 | Internal stream_in = 10100001 | parity_out = 1
Time = 16755 | serial_in = 1 | Internal stream_in = 01000011 | parity_out = 1
Time = 16760 | serial_in = 0 | Internal stream_in = 01000011 | parity_out = 1
Time = 16765 | serial_in = 0 | Internal stream_in = 10000110 | parity_out = 1
Time = 16770 | serial_in = 1 | Internal stream_in = 10000110 | parity_out = 1
Time = 16775 | serial_in = 1 | Internal stream_in = 00001101 | parity_out = 1
Time = 16780 | serial_in = 0 | Internal stream_in = 00001101 | parity_out = 1
Time = 16785 | serial_in = 0 | Internal stream_in = 00011010 | parity_out = 1
Time = 16795 | serial_in = 0 | Internal stream_in = 00110100 | parity_out = 1
Time = 16805 | serial_in = 0 | Internal stream_in = 01101000 | parity_out = 1
Time = 16810 | serial_in = 1 | Internal stream_in = 01101000 | parity_out = 1
Time = 16815 | serial_in = 1 | Internal stream_in = 11010001 | parity_out = 0
Time = 16825 | serial_in = 1 | Internal stream_in = 10100011 | parity_out = 0
Time = 16835 | serial_in = 1 | Internal stream_in = 01000111 | parity_out = 0
Time = 16840 | serial_in = 0 | Internal stream_in = 01000111 | parity_out = 0
Time = 16845 | serial_in = 0 | Internal stream_in = 10001110 | parity_out = 0
Time = 16850 | serial_in = 1 | Internal stream_in = 10001110 | parity_out = 0
Time = 16855 | serial_in = 1 | Internal stream_in = 00011101 | parity_out = 0
Time = 16860 | serial_in = 0 | Internal stream_in = 00011101 | parity_out = 0
Time = 16865 | serial_in = 0 | Internal stream_in = 00111010 | parity_out = 0
Time = 16875 | serial_in = 0 | Internal stream_in = 01110100 | parity_out = 0
Time = 16880 | serial_in = 1 | Internal stream_in = 01110100 | parity_out = 0
Time = 16885 | serial_in = 1 | Internal stream_in = 11101001 | parity_out = 1
Time = 16890 | serial_in = 0 | Internal stream_in = 11101001 | parity_out = 1
Time = 16895 | serial_in = 0 | Internal stream_in = 11010010 | parity_out = 0
Time = 16900 | serial_in = 1 | Internal stream_in = 11010010 | parity_out = 0
Time = 16905 | serial_in = 1 | Internal stream_in = 10100101 | parity_out = 0
Time = 16915 | serial_in = 1 | Internal stream_in = 01001011 | parity_out = 0
Time = 16920 | serial_in = 0 | Internal stream_in = 01001011 | parity_out = 0
Time = 16925 | serial_in = 0 | Internal stream_in = 10010110 | parity_out = 0
Time = 16930 | serial_in = 1 | Internal stream_in = 10010110 | parity_out = 0
Time = 16935 | serial_in = 1 | Internal stream_in = 00101101 | parity_out = 0
Time = 16940 | serial_in = 0 | Internal stream_in = 00101101 | parity_out = 0
Time = 16945 | serial_in = 0 | Internal stream_in = 01011010 | parity_out = 0
Time = 16955 | serial_in = 0 | Internal stream_in = 10110100 | parity_out = 0
Time = 16960 | serial_in = 1 | Internal stream_in = 10110100 | parity_out = 0
Time = 16965 | serial_in = 1 | Internal stream_in = 01101001 | parity_out = 0
Time = 16975 | serial_in = 1 | Internal stream_in = 11010011 | parity_out = 1
Time = 16985 | serial_in = 1 | Internal stream_in = 10100111 | parity_out = 1
Time = 16995 | serial_in = 1 | Internal stream_in = 01001111 | parity_out = 1
Time = 17000 | serial_in = 0 | Internal stream_in = 01001111 | parity_out = 1
Time = 17005 | serial_in = 0 | Internal stream_in = 10011110 | parity_out = 1
Time = 17010 | serial_in = 1 | Internal stream_in = 10011110 | parity_out = 1
Time = 17015 | serial_in = 1 | Internal stream_in = 00111101 | parity_out = 1
Time = 17020 | serial_in = 0 | Internal stream_in = 00111101 | parity_out = 1
Time = 17025 | serial_in = 0 | Internal stream_in = 01111010 | parity_out = 1
Time = 17030 | serial_in = 1 | Internal stream_in = 01111010 | parity_out = 1
Time = 17035 | serial_in = 1 | Internal stream_in = 11110101 | parity_out = 0
Time = 17040 | serial_in = 0 | Internal stream_in = 11110101 | parity_out = 0
Time = 17045 | serial_in = 0 | Internal stream_in = 11101010 | parity_out = 1
Time = 17055 | serial_in = 0 | Internal stream_in = 11010100 | parity_out = 0
Time = 17060 | serial_in = 1 | Internal stream_in = 11010100 | parity_out = 0
Time = 17065 | serial_in = 1 | Internal stream_in = 10101001 | parity_out = 0
Time = 17075 | serial_in = 1 | Internal stream_in = 01010011 | parity_out = 0
Time = 17080 | serial_in = 0 | Internal stream_in = 01010011 | parity_out = 0
Time = 17085 | serial_in = 0 | Internal stream_in = 10100110 | parity_out = 0
Time = 17090 | serial_in = 1 | Internal stream_in = 10100110 | parity_out = 0
Time = 17095 | serial_in = 1 | Internal stream_in = 01001101 | parity_out = 0
Time = 17100 | serial_in = 0 | Internal stream_in = 01001101 | parity_out = 0
Time = 17105 | serial_in = 0 | Internal stream_in = 10011010 | parity_out = 0
Time = 17110 | serial_in = 1 | Internal stream_in = 10011010 | parity_out = 0
Time = 17115 | serial_in = 1 | Internal stream_in = 00110101 | parity_out = 0
Time = 17120 | serial_in = 0 | Internal stream_in = 00110101 | parity_out = 0
Time = 17125 | serial_in = 0 | Internal stream_in = 01101010 | parity_out = 0
Time = 17130 | serial_in = 1 | Internal stream_in = 01101010 | parity_out = 0
Time = 17135 | serial_in = 1 | Internal stream_in = 11010101 | parity_out = 1
Time = 17145 | serial_in = 1 | Internal stream_in = 10101011 | parity_out = 1
Time = 17155 | serial_in = 1 | Internal stream_in = 01010111 | parity_out = 1
Time = 17160 | serial_in = 0 | Internal stream_in = 01010111 | parity_out = 1
Time = 17165 | serial_in = 0 | Internal stream_in = 10101110 | parity_out = 1
Time = 17170 | serial_in = 1 | Internal stream_in = 10101110 | parity_out = 1
Time = 17175 | serial_in = 1 | Internal stream_in = 01011101 | parity_out = 1
Time = 17180 | serial_in = 0 | Internal stream_in = 01011101 | parity_out = 1
Time = 17185 | serial_in = 0 | Internal stream_in = 10111010 | parity_out = 1
Time = 17190 | serial_in = 1 | Internal stream_in = 10111010 | parity_out = 1
Time = 17195 | serial_in = 1 | Internal stream_in = 01110101 | parity_out = 1
Time = 17205 | serial_in = 1 | Internal stream_in = 11101011 | parity_out = 0
Time = 17210 | serial_in = 0 | Internal stream_in = 11101011 | parity_out = 0
Time = 17215 | serial_in = 0 | Internal stream_in = 11010110 | parity_out = 1
Time = 17220 | serial_in = 1 | Internal stream_in = 11010110 | parity_out = 1
Time = 17225 | serial_in = 1 | Internal stream_in = 10101101 | parity_out = 1
Time = 17235 | serial_in = 1 | Internal stream_in = 01011011 | parity_out = 1
Time = 17240 | serial_in = 0 | Internal stream_in = 01011011 | parity_out = 1
Time = 17245 | serial_in = 0 | Internal stream_in = 10110110 | parity_out = 1
Time = 17250 | serial_in = 1 | Internal stream_in = 10110110 | parity_out = 1
Time = 17255 | serial_in = 1 | Internal stream_in = 01101101 | parity_out = 1
Time = 17260 | serial_in = 0 | Internal stream_in = 01101101 | parity_out = 1
Time = 17265 | serial_in = 0 | Internal stream_in = 11011010 | parity_out = 1
Time = 17270 | serial_in = 1 | Internal stream_in = 11011010 | parity_out = 1
Time = 17275 | serial_in = 1 | Internal stream_in = 10110101 | parity_out = 1
Time = 17285 | serial_in = 1 | Internal stream_in = 01101011 | parity_out = 1
Time = 17295 | serial_in = 1 | Internal stream_in = 11010111 | parity_out = 0
Time = 17305 | serial_in = 1 | Internal stream_in = 10101111 | parity_out = 0
Time = 17315 | serial_in = 1 | Internal stream_in = 01011111 | parity_out = 0
Time = 17320 | serial_in = 0 | Internal stream_in = 01011111 | parity_out = 0
Time = 17325 | serial_in = 0 | Internal stream_in = 10111110 | parity_out = 0
Time = 17330 | serial_in = 1 | Internal stream_in = 10111110 | parity_out = 0
Time = 17335 | serial_in = 1 | Internal stream_in = 01111101 | parity_out = 0
Time = 17345 | serial_in = 1 | Internal stream_in = 11111011 | parity_out = 1
Time = 17350 | serial_in = 0 | Internal stream_in = 11111011 | parity_out = 1
Time = 17355 | serial_in = 0 | Internal stream_in = 11110110 | parity_out = 0
Time = 17365 | serial_in = 0 | Internal stream_in = 11101100 | parity_out = 1
Time = 17375 | serial_in = 0 | Internal stream_in = 11011000 | parity_out = 0
Time = 17380 | serial_in = 1 | Internal stream_in = 11011000 | parity_out = 0
Time = 17385 | serial_in = 1 | Internal stream_in = 10110001 | parity_out = 0
Time = 17395 | serial_in = 1 | Internal stream_in = 01100011 | parity_out = 0
Time = 17400 | serial_in = 0 | Internal stream_in = 01100011 | parity_out = 0
Time = 17405 | serial_in = 0 | Internal stream_in = 11000110 | parity_out = 0
Time = 17410 | serial_in = 1 | Internal stream_in = 11000110 | parity_out = 0
Time = 17415 | serial_in = 1 | Internal stream_in = 10001101 | parity_out = 0
Time = 17425 | serial_in = 1 | Internal stream_in = 00011011 | parity_out = 0
Time = 17430 | serial_in = 0 | Internal stream_in = 00011011 | parity_out = 0
Time = 17435 | serial_in = 0 | Internal stream_in = 00110110 | parity_out = 0
Time = 17445 | serial_in = 0 | Internal stream_in = 01101100 | parity_out = 0
Time = 17450 | serial_in = 1 | Internal stream_in = 01101100 | parity_out = 0
Time = 17455 | serial_in = 1 | Internal stream_in = 11011001 | parity_out = 1
Time = 17465 | serial_in = 1 | Internal stream_in = 10110011 | parity_out = 1
Time = 17475 | serial_in = 1 | Internal stream_in = 01100111 | parity_out = 1
Time = 17480 | serial_in = 0 | Internal stream_in = 01100111 | parity_out = 1
Time = 17485 | serial_in = 0 | Internal stream_in = 11001110 | parity_out = 1
Time = 17490 | serial_in = 1 | Internal stream_in = 11001110 | parity_out = 1
Time = 17495 | serial_in = 1 | Internal stream_in = 10011101 | parity_out = 1
Time = 17505 | serial_in = 1 | Internal stream_in = 00111011 | parity_out = 1
Time = 17510 | serial_in = 0 | Internal stream_in = 00111011 | parity_out = 1
Time = 17515 | serial_in = 0 | Internal stream_in = 01110110 | parity_out = 1
Time = 17520 | serial_in = 1 | Internal stream_in = 01110110 | parity_out = 1
Time = 17525 | serial_in = 1 | Internal stream_in = 11101101 | parity_out = 0
Time = 17530 | serial_in = 0 | Internal stream_in = 11101101 | parity_out = 0
Time = 17535 | serial_in = 0 | Internal stream_in = 11011010 | parity_out = 1
Time = 17540 | serial_in = 1 | Internal stream_in = 11011010 | parity_out = 1
Time = 17545 | serial_in = 1 | Internal stream_in = 10110101 | parity_out = 1
Time = 17555 | serial_in = 1 | Internal stream_in = 01101011 | parity_out = 1
Time = 17560 | serial_in = 0 | Internal stream_in = 01101011 | parity_out = 1
Time = 17565 | serial_in = 0 | Internal stream_in = 11010110 | parity_out = 1
Time = 17570 | serial_in = 1 | Internal stream_in = 11010110 | parity_out = 1
Time = 17575 | serial_in = 1 | Internal stream_in = 10101101 | parity_out = 1
Time = 17585 | serial_in = 1 | Internal stream_in = 01011011 | parity_out = 1
Time = 17590 | serial_in = 0 | Internal stream_in = 01011011 | parity_out = 1
Time = 17595 | serial_in = 0 | Internal stream_in = 10110110 | parity_out = 1
Time = 17600 | serial_in = 1 | Internal stream_in = 10110110 | parity_out = 1
Time = 17605 | serial_in = 1 | Internal stream_in = 01101101 | parity_out = 1
Time = 17615 | serial_in = 1 | Internal stream_in = 11011011 | parity_out = 0
Time = 17625 | serial_in = 1 | Internal stream_in = 10110111 | parity_out = 0
Time = 17635 | serial_in = 1 | Internal stream_in = 01101111 | parity_out = 0
Time = 17640 | serial_in = 0 | Internal stream_in = 01101111 | parity_out = 0
Time = 17645 | serial_in = 0 | Internal stream_in = 11011110 | parity_out = 0
Time = 17650 | serial_in = 1 | Internal stream_in = 11011110 | parity_out = 0
Time = 17655 | serial_in = 1 | Internal stream_in = 10111101 | parity_out = 0
Time = 17665 | serial_in = 1 | Internal stream_in = 01111011 | parity_out = 0
Time = 17675 | serial_in = 1 | Internal stream_in = 11110111 | parity_out = 1
Time = 17680 | serial_in = 0 | Internal stream_in = 11110111 | parity_out = 1
Time = 17685 | serial_in = 0 | Internal stream_in = 11101110 | parity_out = 0
Time = 17695 | serial_in = 0 | Internal stream_in = 11011100 | parity_out = 1
Time = 17700 | serial_in = 1 | Internal stream_in = 11011100 | parity_out = 1
Time = 17705 | serial_in = 1 | Internal stream_in = 10111001 | parity_out = 1
Time = 17715 | serial_in = 1 | Internal stream_in = 01110011 | parity_out = 1
Time = 17720 | serial_in = 0 | Internal stream_in = 01110011 | parity_out = 1
Time = 17725 | serial_in = 0 | Internal stream_in = 11100110 | parity_out = 1
Time = 17730 | serial_in = 1 | Internal stream_in = 11100110 | parity_out = 1
Time = 17735 | serial_in = 1 | Internal stream_in = 11001101 | parity_out = 1
Time = 17745 | serial_in = 1 | Internal stream_in = 10011011 | parity_out = 1
Time = 17755 | serial_in = 1 | Internal stream_in = 00110111 | parity_out = 1
Time = 17760 | serial_in = 0 | Internal stream_in = 00110111 | parity_out = 1
Time = 17765 | serial_in = 0 | Internal stream_in = 01101110 | parity_out = 1
Time = 17770 | serial_in = 1 | Internal stream_in = 01101110 | parity_out = 1
Time = 17775 | serial_in = 1 | Internal stream_in = 11011101 | parity_out = 0
Time = 17785 | serial_in = 1 | Internal stream_in = 10111011 | parity_out = 0
Time = 17795 | serial_in = 1 | Internal stream_in = 01110111 | parity_out = 0
Time = 17800 | serial_in = 0 | Internal stream_in = 01110111 | parity_out = 0
Time = 17805 | serial_in = 0 | Internal stream_in = 11101110 | parity_out = 0
Time = 17810 | serial_in = 1 | Internal stream_in = 11101110 | parity_out = 0
Time = 17815 | serial_in = 1 | Internal stream_in = 11011101 | parity_out = 0
Time = 17825 | serial_in = 1 | Internal stream_in = 10111011 | parity_out = 0
Time = 17835 | serial_in = 1 | Internal stream_in = 01110111 | parity_out = 0
Time = 17845 | serial_in = 1 | Internal stream_in = 11101111 | parity_out = 1
Time = 17850 | serial_in = 0 | Internal stream_in = 11101111 | parity_out = 1
Time = 17855 | serial_in = 0 | Internal stream_in = 11011110 | parity_out = 0
Time = 17860 | serial_in = 1 | Internal stream_in = 11011110 | parity_out = 0
Time = 17865 | serial_in = 1 | Internal stream_in = 10111101 | parity_out = 0
Time = 17875 | serial_in = 1 | Internal stream_in = 01111011 | parity_out = 0
Time = 17880 | serial_in = 0 | Internal stream_in = 01111011 | parity_out = 0
Time = 17885 | serial_in = 0 | Internal stream_in = 11110110 | parity_out = 0
Time = 17890 | serial_in = 1 | Internal stream_in = 11110110 | parity_out = 0
Time = 17895 | serial_in = 1 | Internal stream_in = 11101101 | parity_out = 0
Time = 17905 | serial_in = 1 | Internal stream_in = 11011011 | parity_out = 0
Time = 17915 | serial_in = 1 | Internal stream_in = 10110111 | parity_out = 0
Time = 17925 | serial_in = 1 | Internal stream_in = 01101111 | parity_out = 0
Time = 17935 | serial_in = 1 | Internal stream_in = 11011111 | parity_out = 1
Time = 17945 | serial_in = 1 | Internal stream_in = 10111111 | parity_out = 1
Time = 17955 | serial_in = 1 | Internal stream_in = 01111111 | parity_out = 1
Time = 17965 | serial_in = 1 | Internal stream_in = 11111111 | parity_out = 0
Time = 17970 | serial_in = 0 | Internal stream_in = 11111111 | parity_out = 0
Time = 17975 | serial_in = 0 | Internal stream_in = 11111110 | parity_out = 1
Time = 17985 | serial_in = 0 | Internal stream_in = 11111100 | parity_out = 0
Time = 17995 | serial_in = 0 | Internal stream_in = 11111000 | parity_out = 1
Time = 18005 | serial_in = 0 | Internal stream_in = 11110000 | parity_out = 0
Time = 18015 | serial_in = 0 | Internal stream_in = 11100000 | parity_out = 1
Time = 18020 | serial_in = 1 | Internal stream_in = 11100000 | parity_out = 1
Time = 18025 | serial_in = 1 | Internal stream_in = 11000001 | parity_out = 1
Time = 18035 | serial_in = 1 | Internal stream_in = 10000011 | parity_out = 1
Time = 18045 | serial_in = 1 | Internal stream_in = 00000111 | parity_out = 1
Time = 18050 | serial_in = 0 | Internal stream_in = 00000111 | parity_out = 1
Time = 18055 | serial_in = 0 | Internal stream_in = 00001110 | parity_out = 1
Time = 18065 | serial_in = 0 | Internal stream_in = 00011100 | parity_out = 1
Time = 18075 | serial_in = 0 | Internal stream_in = 00111000 | parity_out = 1
Time = 18085 | serial_in = 0 | Internal stream_in = 01110000 | parity_out = 1
Time = 18090 | serial_in = 1 | Internal stream_in = 01110000 | parity_out = 1
Time = 18095 | serial_in = 1 | Internal stream_in = 11100001 | parity_out = 0
Time = 18105 | serial_in = 1 | Internal stream_in = 11000011 | parity_out = 0
Time = 18115 | serial_in = 1 | Internal stream_in = 10000111 | parity_out = 0
Time = 18125 | serial_in = 1 | Internal stream_in = 00001111 | parity_out = 0
Time = 18130 | serial_in = 0 | Internal stream_in = 00001111 | parity_out = 0
Time = 18135 | serial_in = 0 | Internal stream_in = 00011110 | parity_out = 0
Time = 18145 | serial_in = 0 | Internal stream_in = 00111100 | parity_out = 0
Time = 18155 | serial_in = 0 | Internal stream_in = 01111000 | parity_out = 0
Time = 18160 | serial_in = 1 | Internal stream_in = 01111000 | parity_out = 0
Time = 18165 | serial_in = 1 | Internal stream_in = 11110001 | parity_out = 1
Time = 18170 | serial_in = 0 | Internal stream_in = 11110001 | parity_out = 1
Time = 18175 | serial_in = 0 | Internal stream_in = 11100010 | parity_out = 0
Time = 18180 | serial_in = 1 | Internal stream_in = 11100010 | parity_out = 0
Time = 18185 | serial_in = 1 | Internal stream_in = 11000101 | parity_out = 0
Time = 18195 | serial_in = 1 | Internal stream_in = 10001011 | parity_out = 0
Time = 18205 | serial_in = 1 | Internal stream_in = 00010111 | parity_out = 0
Time = 18210 | serial_in = 0 | Internal stream_in = 00010111 | parity_out = 0
Time = 18215 | serial_in = 0 | Internal stream_in = 00101110 | parity_out = 0
Time = 18225 | serial_in = 0 | Internal stream_in = 01011100 | parity_out = 0
Time = 18235 | serial_in = 0 | Internal stream_in = 10111000 | parity_out = 0
Time = 18240 | serial_in = 1 | Internal stream_in = 10111000 | parity_out = 0
Time = 18245 | serial_in = 1 | Internal stream_in = 01110001 | parity_out = 0
Time = 18255 | serial_in = 1 | Internal stream_in = 11100011 | parity_out = 1
Time = 18265 | serial_in = 1 | Internal stream_in = 11000111 | parity_out = 1
Time = 18275 | serial_in = 1 | Internal stream_in = 10001111 | parity_out = 1
Time = 18285 | serial_in = 1 | Internal stream_in = 00011111 | parity_out = 1
Time = 18290 | serial_in = 0 | Internal stream_in = 00011111 | parity_out = 1
Time = 18295 | serial_in = 0 | Internal stream_in = 00111110 | parity_out = 1
Time = 18305 | serial_in = 0 | Internal stream_in = 01111100 | parity_out = 1
Time = 18310 | serial_in = 1 | Internal stream_in = 01111100 | parity_out = 1
Time = 18315 | serial_in = 1 | Internal stream_in = 11111001 | parity_out = 0
Time = 18320 | serial_in = 0 | Internal stream_in = 11111001 | parity_out = 0
Time = 18325 | serial_in = 0 | Internal stream_in = 11110010 | parity_out = 1
Time = 18335 | serial_in = 0 | Internal stream_in = 11100100 | parity_out = 0
Time = 18340 | serial_in = 1 | Internal stream_in = 11100100 | parity_out = 0
Time = 18345 | serial_in = 1 | Internal stream_in = 11001001 | parity_out = 0
Time = 18355 | serial_in = 1 | Internal stream_in = 10010011 | parity_out = 0
Time = 18365 | serial_in = 1 | Internal stream_in = 00100111 | parity_out = 0
Time = 18370 | serial_in = 0 | Internal stream_in = 00100111 | parity_out = 0
Time = 18375 | serial_in = 0 | Internal stream_in = 01001110 | parity_out = 0
Time = 18385 | serial_in = 0 | Internal stream_in = 10011100 | parity_out = 0
Time = 18390 | serial_in = 1 | Internal stream_in = 10011100 | parity_out = 0
Time = 18395 | serial_in = 1 | Internal stream_in = 00111001 | parity_out = 0
Time = 18400 | serial_in = 0 | Internal stream_in = 00111001 | parity_out = 0
Time = 18405 | serial_in = 0 | Internal stream_in = 01110010 | parity_out = 0
Time = 18410 | serial_in = 1 | Internal stream_in = 01110010 | parity_out = 0
Time = 18415 | serial_in = 1 | Internal stream_in = 11100101 | parity_out = 1
Time = 18425 | serial_in = 1 | Internal stream_in = 11001011 | parity_out = 1
Time = 18435 | serial_in = 1 | Internal stream_in = 10010111 | parity_out = 1
Time = 18445 | serial_in = 1 | Internal stream_in = 00101111 | parity_out = 1
Time = 18450 | serial_in = 0 | Internal stream_in = 00101111 | parity_out = 1
Time = 18455 | serial_in = 0 | Internal stream_in = 01011110 | parity_out = 1
Time = 18465 | serial_in = 0 | Internal stream_in = 10111100 | parity_out = 1
Time = 18470 | serial_in = 1 | Internal stream_in = 10111100 | parity_out = 1
Time = 18475 | serial_in = 1 | Internal stream_in = 01111001 | parity_out = 1
Time = 18485 | serial_in = 1 | Internal stream_in = 11110011 | parity_out = 0
Time = 18490 | serial_in = 0 | Internal stream_in = 11110011 | parity_out = 0
Time = 18495 | serial_in = 0 | Internal stream_in = 11100110 | parity_out = 1
Time = 18500 | serial_in = 1 | Internal stream_in = 11100110 | parity_out = 1
Time = 18505 | serial_in = 1 | Internal stream_in = 11001101 | parity_out = 1
Time = 18515 | serial_in = 1 | Internal stream_in = 10011011 | parity_out = 1
Time = 18525 | serial_in = 1 | Internal stream_in = 00110111 | parity_out = 1
Time = 18530 | serial_in = 0 | Internal stream_in = 00110111 | parity_out = 1
Time = 18535 | serial_in = 0 | Internal stream_in = 01101110 | parity_out = 1
Time = 18545 | serial_in = 0 | Internal stream_in = 11011100 | parity_out = 1
Time = 18550 | serial_in = 1 | Internal stream_in = 11011100 | parity_out = 1
Time = 18555 | serial_in = 1 | Internal stream_in = 10111001 | parity_out = 1
Time = 18565 | serial_in = 1 | Internal stream_in = 01110011 | parity_out = 1
Time = 18575 | serial_in = 1 | Internal stream_in = 11100111 | parity_out = 0
Time = 18585 | serial_in = 1 | Internal stream_in = 11001111 | parity_out = 0
Time = 18595 | serial_in = 1 | Internal stream_in = 10011111 | parity_out = 0
Time = 18605 | serial_in = 1 | Internal stream_in = 00111111 | parity_out = 0
Time = 18610 | serial_in = 0 | Internal stream_in = 00111111 | parity_out = 0
Time = 18615 | serial_in = 0 | Internal stream_in = 01111110 | parity_out = 0
Time = 18620 | serial_in = 1 | Internal stream_in = 01111110 | parity_out = 0
Time = 18625 | serial_in = 1 | Internal stream_in = 11111101 | parity_out = 1
Time = 18630 | serial_in = 0 | Internal stream_in = 11111101 | parity_out = 1
Time = 18635 | serial_in = 0 | Internal stream_in = 11111010 | parity_out = 0
Time = 18645 | serial_in = 0 | Internal stream_in = 11110100 | parity_out = 1
Time = 18655 | serial_in = 0 | Internal stream_in = 11101000 | parity_out = 0
Time = 18660 | serial_in = 1 | Internal stream_in = 11101000 | parity_out = 0
Time = 18665 | serial_in = 1 | Internal stream_in = 11010001 | parity_out = 0
Time = 18675 | serial_in = 1 | Internal stream_in = 10100011 | parity_out = 0
Time = 18685 | serial_in = 1 | Internal stream_in = 01000111 | parity_out = 0
Time = 18690 | serial_in = 0 | Internal stream_in = 01000111 | parity_out = 0
Time = 18695 | serial_in = 0 | Internal stream_in = 10001110 | parity_out = 0
Time = 18700 | serial_in = 1 | Internal stream_in = 10001110 | parity_out = 0
Time = 18705 | serial_in = 1 | Internal stream_in = 00011101 | parity_out = 0
Time = 18710 | serial_in = 0 | Internal stream_in = 00011101 | parity_out = 0
Time = 18715 | serial_in = 0 | Internal stream_in = 00111010 | parity_out = 0
Time = 18725 | serial_in = 0 | Internal stream_in = 01110100 | parity_out = 0
Time = 18730 | serial_in = 1 | Internal stream_in = 01110100 | parity_out = 0
Time = 18735 | serial_in = 1 | Internal stream_in = 11101001 | parity_out = 1
Time = 18745 | serial_in = 1 | Internal stream_in = 11010011 | parity_out = 1
Time = 18755 | serial_in = 1 | Internal stream_in = 10100111 | parity_out = 1
Time = 18765 | serial_in = 1 | Internal stream_in = 01001111 | parity_out = 1
Time = 18770 | serial_in = 0 | Internal stream_in = 01001111 | parity_out = 1
Time = 18775 | serial_in = 0 | Internal stream_in = 10011110 | parity_out = 1
Time = 18780 | serial_in = 1 | Internal stream_in = 10011110 | parity_out = 1
Time = 18785 | serial_in = 1 | Internal stream_in = 00111101 | parity_out = 1
Time = 18790 | serial_in = 0 | Internal stream_in = 00111101 | parity_out = 1
Time = 18795 | serial_in = 0 | Internal stream_in = 01111010 | parity_out = 1
Time = 18800 | serial_in = 1 | Internal stream_in = 01111010 | parity_out = 1
Time = 18805 | serial_in = 1 | Internal stream_in = 11110101 | parity_out = 0
Time = 18810 | serial_in = 0 | Internal stream_in = 11110101 | parity_out = 0
Time = 18815 | serial_in = 0 | Internal stream_in = 11101010 | parity_out = 1
Time = 18820 | serial_in = 1 | Internal stream_in = 11101010 | parity_out = 1
Time = 18825 | serial_in = 1 | Internal stream_in = 11010101 | parity_out = 1
Time = 18835 | serial_in = 1 | Internal stream_in = 10101011 | parity_out = 1
Time = 18845 | serial_in = 1 | Internal stream_in = 01010111 | parity_out = 1
Time = 18850 | serial_in = 0 | Internal stream_in = 01010111 | parity_out = 1
Time = 18855 | serial_in = 0 | Internal stream_in = 10101110 | parity_out = 1
Time = 18860 | serial_in = 1 | Internal stream_in = 10101110 | parity_out = 1
Time = 18865 | serial_in = 1 | Internal stream_in = 01011101 | parity_out = 1
Time = 18870 | serial_in = 0 | Internal stream_in = 01011101 | parity_out = 1
Time = 18875 | serial_in = 0 | Internal stream_in = 10111010 | parity_out = 1
Time = 18880 | serial_in = 1 | Internal stream_in = 10111010 | parity_out = 1
Time = 18885 | serial_in = 1 | Internal stream_in = 01110101 | parity_out = 1
Time = 18895 | serial_in = 1 | Internal stream_in = 11101011 | parity_out = 0
Time = 18905 | serial_in = 1 | Internal stream_in = 11010111 | parity_out = 0
Time = 18915 | serial_in = 1 | Internal stream_in = 10101111 | parity_out = 0
Time = 18925 | serial_in = 1 | Internal stream_in = 01011111 | parity_out = 0
Time = 18930 | serial_in = 0 | Internal stream_in = 01011111 | parity_out = 0
Time = 18935 | serial_in = 0 | Internal stream_in = 10111110 | parity_out = 0
Time = 18940 | serial_in = 1 | Internal stream_in = 10111110 | parity_out = 0
Time = 18945 | serial_in = 1 | Internal stream_in = 01111101 | parity_out = 0
Time = 18955 | serial_in = 1 | Internal stream_in = 11111011 | parity_out = 1
Time = 18960 | serial_in = 0 | Internal stream_in = 11111011 | parity_out = 1
Time = 18965 | serial_in = 0 | Internal stream_in = 11110110 | parity_out = 0
Time = 18975 | serial_in = 0 | Internal stream_in = 11101100 | parity_out = 1
Time = 18980 | serial_in = 1 | Internal stream_in = 11101100 | parity_out = 1
Time = 18985 | serial_in = 1 | Internal stream_in = 11011001 | parity_out = 1
Time = 18995 | serial_in = 1 | Internal stream_in = 10110011 | parity_out = 1
Time = 19005 | serial_in = 1 | Internal stream_in = 01100111 | parity_out = 1
Time = 19010 | serial_in = 0 | Internal stream_in = 01100111 | parity_out = 1
Time = 19015 | serial_in = 0 | Internal stream_in = 11001110 | parity_out = 1
Time = 19020 | serial_in = 1 | Internal stream_in = 11001110 | parity_out = 1
Time = 19025 | serial_in = 1 | Internal stream_in = 10011101 | parity_out = 1
Time = 19035 | serial_in = 1 | Internal stream_in = 00111011 | parity_out = 1
Time = 19040 | serial_in = 0 | Internal stream_in = 00111011 | parity_out = 1
Time = 19045 | serial_in = 0 | Internal stream_in = 01110110 | parity_out = 1
Time = 19050 | serial_in = 1 | Internal stream_in = 01110110 | parity_out = 1
Time = 19055 | serial_in = 1 | Internal stream_in = 11101101 | parity_out = 0
Time = 19065 | serial_in = 1 | Internal stream_in = 11011011 | parity_out = 0
Time = 19075 | serial_in = 1 | Internal stream_in = 10110111 | parity_out = 0
Time = 19085 | serial_in = 1 | Internal stream_in = 01101111 | parity_out = 0
Time = 19090 | serial_in = 0 | Internal stream_in = 01101111 | parity_out = 0
Time = 19095 | serial_in = 0 | Internal stream_in = 11011110 | parity_out = 0
Time = 19100 | serial_in = 1 | Internal stream_in = 11011110 | parity_out = 0
Time = 19105 | serial_in = 1 | Internal stream_in = 10111101 | parity_out = 0
Time = 19115 | serial_in = 1 | Internal stream_in = 01111011 | parity_out = 0
Time = 19125 | serial_in = 1 | Internal stream_in = 11110111 | parity_out = 1
Time = 19130 | serial_in = 0 | Internal stream_in = 11110111 | parity_out = 1
Time = 19135 | serial_in = 0 | Internal stream_in = 11101110 | parity_out = 0
Time = 19140 | serial_in = 1 | Internal stream_in = 11101110 | parity_out = 0
Time = 19145 | serial_in = 1 | Internal stream_in = 11011101 | parity_out = 0
Time = 19155 | serial_in = 1 | Internal stream_in = 10111011 | parity_out = 0
Time = 19165 | serial_in = 1 | Internal stream_in = 01110111 | parity_out = 0
Time = 19170 | serial_in = 0 | Internal stream_in = 01110111 | parity_out = 0
Time = 19175 | serial_in = 0 | Internal stream_in = 11101110 | parity_out = 0
Time = 19180 | serial_in = 1 | Internal stream_in = 11101110 | parity_out = 0
Time = 19185 | serial_in = 1 | Internal stream_in = 11011101 | parity_out = 0
Time = 19195 | serial_in = 1 | Internal stream_in = 10111011 | parity_out = 0
Time = 19205 | serial_in = 1 | Internal stream_in = 01110111 | parity_out = 0
Time = 19215 | serial_in = 1 | Internal stream_in = 11101111 | parity_out = 1
Time = 19225 | serial_in = 1 | Internal stream_in = 11011111 | parity_out = 1
Time = 19235 | serial_in = 1 | Internal stream_in = 10111111 | parity_out = 1
Time = 19245 | serial_in = 1 | Internal stream_in = 01111111 | parity_out = 1
Time = 19255 | serial_in = 1 | Internal stream_in = 11111111 | parity_out = 0
Time = 19260 | serial_in = 0 | Internal stream_in = 11111111 | parity_out = 0
Time = 19265 | serial_in = 0 | Internal stream_in = 11111110 | parity_out = 1
Time = 19275 | serial_in = 0 | Internal stream_in = 11111100 | parity_out = 0
Time = 19285 | serial_in = 0 | Internal stream_in = 11111000 | parity_out = 1
Time = 19295 | serial_in = 0 | Internal stream_in = 11110000 | parity_out = 0
Time = 19300 | serial_in = 1 | Internal stream_in = 11110000 | parity_out = 0
Time = 19305 | serial_in = 1 | Internal stream_in = 11100001 | parity_out = 0
Time = 19315 | serial_in = 1 | Internal stream_in = 11000011 | parity_out = 0
Time = 19325 | serial_in = 1 | Internal stream_in = 10000111 | parity_out = 0
Time = 19335 | serial_in = 1 | Internal stream_in = 00001111 | parity_out = 0
Time = 19340 | serial_in = 0 | Internal stream_in = 00001111 | parity_out = 0
Time = 19345 | serial_in = 0 | Internal stream_in = 00011110 | parity_out = 0
Time = 19355 | serial_in = 0 | Internal stream_in = 00111100 | parity_out = 0
Time = 19365 | serial_in = 0 | Internal stream_in = 01111000 | parity_out = 0
Time = 19370 | serial_in = 1 | Internal stream_in = 01111000 | parity_out = 0
Time = 19375 | serial_in = 1 | Internal stream_in = 11110001 | parity_out = 1
Time = 19385 | serial_in = 1 | Internal stream_in = 11100011 | parity_out = 1
Time = 19395 | serial_in = 1 | Internal stream_in = 11000111 | parity_out = 1
Time = 19405 | serial_in = 1 | Internal stream_in = 10001111 | parity_out = 1
Time = 19415 | serial_in = 1 | Internal stream_in = 00011111 | parity_out = 1
Time = 19420 | serial_in = 0 | Internal stream_in = 00011111 | parity_out = 1
Time = 19425 | serial_in = 0 | Internal stream_in = 00111110 | parity_out = 1
Time = 19435 | serial_in = 0 | Internal stream_in = 01111100 | parity_out = 1
Time = 19440 | serial_in = 1 | Internal stream_in = 01111100 | parity_out = 1
Time = 19445 | serial_in = 1 | Internal stream_in = 11111001 | parity_out = 0
Time = 19450 | serial_in = 0 | Internal stream_in = 11111001 | parity_out = 0
Time = 19455 | serial_in = 0 | Internal stream_in = 11110010 | parity_out = 1
Time = 19460 | serial_in = 1 | Internal stream_in = 11110010 | parity_out = 1
Time = 19465 | serial_in = 1 | Internal stream_in = 11100101 | parity_out = 1
Time = 19475 | serial_in = 1 | Internal stream_in = 11001011 | parity_out = 1
Time = 19485 | serial_in = 1 | Internal stream_in = 10010111 | parity_out = 1
Time = 19495 | serial_in = 1 | Internal stream_in = 00101111 | parity_out = 1
Time = 19500 | serial_in = 0 | Internal stream_in = 00101111 | parity_out = 1
Time = 19505 | serial_in = 0 | Internal stream_in = 01011110 | parity_out = 1
Time = 19515 | serial_in = 0 | Internal stream_in = 10111100 | parity_out = 1
Time = 19520 | serial_in = 1 | Internal stream_in = 10111100 | parity_out = 1
Time = 19525 | serial_in = 1 | Internal stream_in = 01111001 | parity_out = 1
Time = 19535 | serial_in = 1 | Internal stream_in = 11110011 | parity_out = 0
Time = 19545 | serial_in = 1 | Internal stream_in = 11100111 | parity_out = 0
Time = 19555 | serial_in = 1 | Internal stream_in = 11001111 | parity_out = 0
Time = 19565 | serial_in = 1 | Internal stream_in = 10011111 | parity_out = 0
Time = 19575 | serial_in = 1 | Internal stream_in = 00111111 | parity_out = 0
Time = 19580 | serial_in = 0 | Internal stream_in = 00111111 | parity_out = 0
Time = 19585 | serial_in = 0 | Internal stream_in = 01111110 | parity_out = 0
Time = 19590 | serial_in = 1 | Internal stream_in = 01111110 | parity_out = 0
Time = 19595 | serial_in = 1 | Internal stream_in = 11111101 | parity_out = 1
Time = 19600 | serial_in = 0 | Internal stream_in = 11111101 | parity_out = 1
Time = 19605 | serial_in = 0 | Internal stream_in = 11111010 | parity_out = 0
Time = 19615 | serial_in = 0 | Internal stream_in = 11110100 | parity_out = 1
Time = 19620 | serial_in = 1 | Internal stream_in = 11110100 | parity_out = 1
Time = 19625 | serial_in = 1 | Internal stream_in = 11101001 | parity_out = 1
Time = 19635 | serial_in = 1 | Internal stream_in = 11010011 | parity_out = 1
Time = 19645 | serial_in = 1 | Internal stream_in = 10100111 | parity_out = 1
Time = 19655 | serial_in = 1 | Internal stream_in = 01001111 | parity_out = 1
Time = 19660 | serial_in = 0 | Internal stream_in = 01001111 | parity_out = 1
Time = 19665 | serial_in = 0 | Internal stream_in = 10011110 | parity_out = 1
Time = 19670 | serial_in = 1 | Internal stream_in = 10011110 | parity_out = 1
Time = 19675 | serial_in = 1 | Internal stream_in = 00111101 | parity_out = 1
Time = 19680 | serial_in = 0 | Internal stream_in = 00111101 | parity_out = 1
Time = 19685 | serial_in = 0 | Internal stream_in = 01111010 | parity_out = 1
Time = 19690 | serial_in = 1 | Internal stream_in = 01111010 | parity_out = 1
Time = 19695 | serial_in = 1 | Internal stream_in = 11110101 | parity_out = 0
Time = 19705 | serial_in = 1 | Internal stream_in = 11101011 | parity_out = 0
Time = 19715 | serial_in = 1 | Internal stream_in = 11010111 | parity_out = 0
Time = 19725 | serial_in = 1 | Internal stream_in = 10101111 | parity_out = 0
Time = 19735 | serial_in = 1 | Internal stream_in = 01011111 | parity_out = 0
Time = 19740 | serial_in = 0 | Internal stream_in = 01011111 | parity_out = 0
Time = 19745 | serial_in = 0 | Internal stream_in = 10111110 | parity_out = 0
Time = 19750 | serial_in = 1 | Internal stream_in = 10111110 | parity_out = 0
Time = 19755 | serial_in = 1 | Internal stream_in = 01111101 | parity_out = 0
Time = 19765 | serial_in = 1 | Internal stream_in = 11111011 | parity_out = 1
Time = 19770 | serial_in = 0 | Internal stream_in = 11111011 | parity_out = 1
Time = 19775 | serial_in = 0 | Internal stream_in = 11110110 | parity_out = 0
Time = 19780 | serial_in = 1 | Internal stream_in = 11110110 | parity_out = 0
Time = 19785 | serial_in = 1 | Internal stream_in = 11101101 | parity_out = 0
Time = 19795 | serial_in = 1 | Internal stream_in = 11011011 | parity_out = 0
Time = 19805 | serial_in = 1 | Internal stream_in = 10110111 | parity_out = 0
Time = 19815 | serial_in = 1 | Internal stream_in = 01101111 | parity_out = 0
Time = 19820 | serial_in = 0 | Internal stream_in = 01101111 | parity_out = 0
Time = 19825 | serial_in = 0 | Internal stream_in = 11011110 | parity_out = 0
Time = 19830 | serial_in = 1 | Internal stream_in = 11011110 | parity_out = 0
Time = 19835 | serial_in = 1 | Internal stream_in = 10111101 | parity_out = 0
Time = 19845 | serial_in = 1 | Internal stream_in = 01111011 | parity_out = 0
Time = 19855 | serial_in = 1 | Internal stream_in = 11110111 | parity_out = 1
Time = 19865 | serial_in = 1 | Internal stream_in = 11101111 | parity_out = 1
Time = 19875 | serial_in = 1 | Internal stream_in = 11011111 | parity_out = 1
Time = 19885 | serial_in = 1 | Internal stream_in = 10111111 | parity_out = 1
Time = 19895 | serial_in = 1 | Internal stream_in = 01111111 | parity_out = 1
Time = 19905 | serial_in = 1 | Internal stream_in = 11111111 | parity_out = 0
Time = 19910 | serial_in = 0 | Internal stream_in = 11111111 | parity_out = 0
Time = 19915 | serial_in = 0 | Internal stream_in = 11111110 | parity_out = 1
Time = 19925 | serial_in = 0 | Internal stream_in = 11111100 | parity_out = 0
Time = 19935 | serial_in = 0 | Internal stream_in = 11111000 | parity_out = 1
Time = 19940 | serial_in = 1 | Internal stream_in = 11111000 | parity_out = 1
Time = 19945 | serial_in = 1 | Internal stream_in = 11110001 | parity_out = 1
Time = 19955 | serial_in = 1 | Internal stream_in = 11100011 | parity_out = 1
Time = 19965 | serial_in = 1 | Internal stream_in = 11000111 | parity_out = 1
Time = 19975 | serial_in = 1 | Internal stream_in = 10001111 | parity_out = 1
Time = 19985 | serial_in = 1 | Internal stream_in = 00011111 | parity_out = 1
Time = 19990 | serial_in = 0 | Internal stream_in = 00011111 | parity_out = 1
Time = 19995 | serial_in = 0 | Internal stream_in = 00111110 | parity_out = 1
Time = 20005 | serial_in = 0 | Internal stream_in = 01111100 | parity_out = 1
Time = 20010 | serial_in = 1 | Internal stream_in = 01111100 | parity_out = 1
Time = 20015 | serial_in = 1 | Internal stream_in = 11111001 | parity_out = 0
Time = 20025 | serial_in = 1 | Internal stream_in = 11110011 | parity_out = 0
Time = 20035 | serial_in = 1 | Internal stream_in = 11100111 | parity_out = 0
Time = 20045 | serial_in = 1 | Internal stream_in = 11001111 | parity_out = 0
Time = 20055 | serial_in = 1 | Internal stream_in = 10011111 | parity_out = 0
Time = 20065 | serial_in = 1 | Internal stream_in = 00111111 | parity_out = 0
Time = 20070 | serial_in = 0 | Internal stream_in = 00111111 | parity_out = 0
Time = 20075 | serial_in = 0 | Internal stream_in = 01111110 | parity_out = 0
Time = 20080 | serial_in = 1 | Internal stream_in = 01111110 | parity_out = 0
Time = 20085 | serial_in = 1 | Internal stream_in = 11111101 | parity_out = 1
Time = 20090 | serial_in = 0 | Internal stream_in = 11111101 | parity_out = 1
Time = 20095 | serial_in = 0 | Internal stream_in = 11111010 | parity_out = 0
Time = 20100 | serial_in = 1 | Internal stream_in = 11111010 | parity_out = 0
Time = 20105 | serial_in = 1 | Internal stream_in = 11110101 | parity_out = 0
Time = 20115 | serial_in = 1 | Internal stream_in = 11101011 | parity_out = 0
Time = 20125 | serial_in = 1 | Internal stream_in = 11010111 | parity_out = 0
Time = 20135 | serial_in = 1 | Internal stream_in = 10101111 | parity_out = 0
Time = 20145 | serial_in = 1 | Internal stream_in = 01011111 | parity_out = 0
Time = 20150 | serial_in = 0 | Internal stream_in = 01011111 | parity_out = 0
Time = 20155 | serial_in = 0 | Internal stream_in = 10111110 | parity_out = 0
Time = 20160 | serial_in = 1 | Internal stream_in = 10111110 | parity_out = 0
Time = 20165 | serial_in = 1 | Internal stream_in = 01111101 | parity_out = 0
Time = 20175 | serial_in = 1 | Internal stream_in = 11111011 | parity_out = 1
Time = 20185 | serial_in = 1 | Internal stream_in = 11110111 | parity_out = 1
Time = 20195 | serial_in = 1 | Internal stream_in = 11101111 | parity_out = 1
Time = 20205 | serial_in = 1 | Internal stream_in = 11011111 | parity_out = 1
Time = 20215 | serial_in = 1 | Internal stream_in = 10111111 | parity_out = 1
Time = 20225 | serial_in = 1 | Internal stream_in = 01111111 | parity_out = 1
Time = 20235 | serial_in = 1 | Internal stream_in = 11111111 | parity_out = 0
Time = 20240 | serial_in = 0 | Internal stream_in = 11111111 | parity_out = 0
Time = 20245 | serial_in = 0 | Internal stream_in = 11111110 | parity_out = 1
Time = 20255 | serial_in = 0 | Internal stream_in = 11111100 | parity_out = 0
Time = 20260 | serial_in = 1 | Internal stream_in = 11111100 | parity_out = 0
Time = 20265 | serial_in = 1 | Internal stream_in = 11111001 | parity_out = 0
Time = 20275 | serial_in = 1 | Internal stream_in = 11110011 | parity_out = 0
Time = 20285 | serial_in = 1 | Internal stream_in = 11100111 | parity_out = 0
Time = 20295 | serial_in = 1 | Internal stream_in = 11001111 | parity_out = 0
Time = 20305 | serial_in = 1 | Internal stream_in = 10011111 | parity_out = 0
Time = 20315 | serial_in = 1 | Internal stream_in = 00111111 | parity_out = 0
Time = 20320 | serial_in = 0 | Internal stream_in = 00111111 | parity_out = 0
Time = 20325 | serial_in = 0 | Internal stream_in = 01111110 | parity_out = 0
Time = 20330 | serial_in = 1 | Internal stream_in = 01111110 | parity_out = 0
Time = 20335 | serial_in = 1 | Internal stream_in = 11111101 | parity_out = 1
Time = 20345 | serial_in = 1 | Internal stream_in = 11111011 | parity_out = 1
Time = 20355 | serial_in = 1 | Internal stream_in = 11110111 | parity_out = 1
Time = 20365 | serial_in = 1 | Internal stream_in = 11101111 | parity_out = 1
Time = 20375 | serial_in = 1 | Internal stream_in = 11011111 | parity_out = 1
Time = 20385 | serial_in = 1 | Internal stream_in = 10111111 | parity_out = 1
Time = 20395 | serial_in = 1 | Internal stream_in = 01111111 | parity_out = 1
Time = 20405 | serial_in = 1 | Internal stream_in = 11111111 | parity_out = 0
Time = 20410 | serial_in = 0 | Internal stream_in = 11111111 | parity_out = 0
Time = 20415 | serial_in = 0 | Internal stream_in = 11111110 | parity_out = 1
Time = 20420 | serial_in = 1 | Internal stream_in = 11111110 | parity_out = 1
Time = 20425 | serial_in = 1 | Internal stream_in = 11111101 | parity_out = 1
Time = 20435 | serial_in = 1 | Internal stream_in = 11111011 | parity_out = 1
Time = 20445 | serial_in = 1 | Internal stream_in = 11110111 | parity_out = 1
Time = 20455 | serial_in = 1 | Internal stream_in = 11101111 | parity_out = 1
Time = 20465 | serial_in = 1 | Internal stream_in = 11011111 | parity_out = 1
Time = 20475 | serial_in = 1 | Internal stream_in = 10111111 | parity_out = 1
Time = 20485 | serial_in = 1 | Internal stream_in = 01111111 | parity_out = 1
Time = 20495 | serial_in = 1 | Internal stream_in = 11111111 | parity_out = 0
Time = 20500 | serial_in = 0 | Internal stream_in = 11111111 | parity_out = 0
Time = 20505 | serial_in = 0 | Internal stream_in = 11111110 | parity_out = 1
Time = 20515 | serial_in = 0 | Internal stream_in = 11111100 | parity_out = 0
Time = 20525 | serial_in = 0 | Internal stream_in = 11111000 | parity_out = 1
Time = 20535 | serial_in = 0 | Internal stream_in = 11110000 | parity_out = 0
Time = 20545 | serial_in = 0 | Internal stream_in = 11100000 | parity_out = 1
Time = 20555 | serial_in = 0 | Internal stream_in = 11000000 | parity_out = 0
Time = 20565 | serial_in = 0 | Internal stream_in = 10000000 | parity_out = 1
Time = 20575 | serial_in = 0 | Internal stream_in = 00000000 | parity_out = 0
$finish called at time : 20590 ns : File "D:/ECE/FPGA Training NTI/stream_parity_gen/stream_parity_gen.srcs/sources_1/new/stream_parity_tb.v" Line 60
WARNING: [Board 49-26] cannot add Board Part xilinx.com:emb-plus-vpr-4616:part0:1.0 available at C:/Xilinx/2025.1/data/xhub/boards\XilinxBoardStore\boards\Xilinx\emb-plus-vpr-4616\1.0\board.xml as part xcve2302-sfva784-2mp-e-s specified in board_part file is either invalid or not available
WARNING: [Board 49-26] cannot add Board Part xilinx.com:emb-plus-vpr-4616:part0:1.1 available at C:/Xilinx/2025.1/data/xhub/boards\XilinxBoardStore\boards\Xilinx\emb-plus-vpr-4616\1.1\board.xml as part xcve2302-sfva784-2mp-e-s specified in board_part file is either invalid or not available
WARNING: [Board 49-26] cannot add Board Part xilinx.com:k24c:part0:1.0 available at C:/Xilinx/2025.1/data/xhub/boards\XilinxBoardStore\boards\Xilinx\k24c\1.0\board.xml as part xck24-ubva530-2lv-c specified in board_part file is either invalid or not available
WARNING: [Board 49-26] cannot add Board Part xilinx.com:k24c:part0:1.1 available at C:/Xilinx/2025.1/data/xhub/boards\XilinxBoardStore\boards\Xilinx\k24c\1.1\board.xml as part xck24-ubva530-2lv-c specified in board_part file is either invalid or not available
WARNING: [Board 49-26] cannot add Board Part xilinx.com:k24i:part0:1.0 available at C:/Xilinx/2025.1/data/xhub/boards\XilinxBoardStore\boards\Xilinx\k24i\1.0\board.xml as part xck24-ubva530-2lvi-i specified in board_part file is either invalid or not available
WARNING: [Board 49-26] cannot add Board Part xilinx.com:k26c:part0:1.2 available at C:/Xilinx/2025.1/data/xhub/boards\XilinxBoardStore\boards\Xilinx\k26c\1.2\board.xml as part xck26-sfvc784-2lv-c specified in board_part file is either invalid or not available
WARNING: [Board 49-26] cannot add Board Part xilinx.com:k26c:part0:1.3 available at C:/Xilinx/2025.1/data/xhub/boards\XilinxBoardStore\boards\Xilinx\k26c\1.3\board.xml as part xck26-sfvc784-2lv-c specified in board_part file is either invalid or not available
WARNING: [Board 49-26] cannot add Board Part xilinx.com:k26c:part0:1.4 available at C:/Xilinx/2025.1/data/xhub/boards\XilinxBoardStore\boards\Xilinx\k26c\1.4\board.xml as part xck26-sfvc784-2lv-c specified in board_part file is either invalid or not available
WARNING: [Board 49-26] cannot add Board Part xilinx.com:k26i:part0:1.2 available at C:/Xilinx/2025.1/data/xhub/boards\XilinxBoardStore\boards\Xilinx\k26i\1.2\board.xml as part xck26-sfvc784-2lvi-i specified in board_part file is either invalid or not available
WARNING: [Board 49-26] cannot add Board Part xilinx.com:k26i:part0:1.3 available at C:/Xilinx/2025.1/data/xhub/boards\XilinxBoardStore\boards\Xilinx\k26i\1.3\board.xml as part xck26-sfvc784-2lvi-i specified in board_part file is either invalid or not available
WARNING: [Board 49-26] cannot add Board Part xilinx.com:k26i:part0:1.4 available at C:/Xilinx/2025.1/data/xhub/boards\XilinxBoardStore\boards\Xilinx\k26i\1.4\board.xml as part xck26-sfvc784-2lvi-i specified in board_part file is either invalid or not available
WARNING: [Board 49-26] cannot add Board Part xilinx.com:kcu105:part0:1.6 available at C:/Xilinx/2025.1/data/xhub/boards\XilinxBoardStore\boards\Xilinx\kcu105\1.6\board.xml as part xcku040-ffva1156-2-e specified in board_part file is either invalid or not available
WARNING: [Board 49-26] cannot add Board Part xilinx.com:kcu105:part0:1.7 available at C:/Xilinx/2025.1/data/xhub/boards\XilinxBoardStore\boards\Xilinx\kcu105\1.7\board.xml as part xcku040-ffva1156-2-e specified in board_part file is either invalid or not available
WARNING: [Board 49-26] cannot add Board Part xilinx.com:kcu116:part0:1.4 available at C:/Xilinx/2025.1/data/xhub/boards\XilinxBoardStore\boards\Xilinx\kcu116\1.4\board.xml as part xcku5p-ffvb676-2-e specified in board_part file is either invalid or not available
WARNING: [Board 49-26] cannot add Board Part xilinx.com:kcu116:part0:1.5 available at C:/Xilinx/2025.1/data/xhub/boards\XilinxBoardStore\boards\Xilinx\kcu116\1.5\board.xml as part xcku5p-ffvb676-2-e specified in board_part file is either invalid or not available
WARNING: [Board 49-26] cannot add Board Part xilinx.com:kcu1500:part0:1.2 available at C:/Xilinx/2025.1/data/xhub/boards\XilinxBoardStore\boards\Xilinx\kcu1500\1.2\board.xml as part xcku115-flvb2104-2-e specified in board_part file is either invalid or not available
WARNING: [Board 49-26] cannot add Board Part xilinx.com:kd240_som:part0:1.0 available at C:/Xilinx/2025.1/data/xhub/boards\XilinxBoardStore\boards\Xilinx\kd240_som\1.0\board.xml as part xck24-ubva530-2lv-c specified in board_part file is either invalid or not available
WARNING: [Board 49-26] cannot add Board Part xilinx.com:kd240_som:part0:1.1 available at C:/Xilinx/2025.1/data/xhub/boards\XilinxBoardStore\boards\Xilinx\kd240_som\1.1\board.xml as part xck24-ubva530-2lv-c specified in board_part file is either invalid or not available
WARNING: [Board 49-26] cannot add Board Part xilinx.com:kr260_som:part0:1.0 available at C:/Xilinx/2025.1/data/xhub/boards\XilinxBoardStore\boards\Xilinx\kr260_som\1.0\board.xml as part xck26-sfvc784-2lv-c specified in board_part file is either invalid or not available
WARNING: [Board 49-26] cannot add Board Part xilinx.com:kr260_som:part0:1.1 available at C:/Xilinx/2025.1/data/xhub/boards\XilinxBoardStore\boards\Xilinx\kr260_som\1.1\board.xml as part xck26-sfvc784-2lv-c specified in board_part file is either invalid or not available
WARNING: [Board 49-26] cannot add Board Part xilinx.com:kv260_som:part0:1.2 available at C:/Xilinx/2025.1/data/xhub/boards\XilinxBoardStore\boards\Xilinx\kv260_som\1.2\board.xml as part xck26-sfvc784-2lv-c specified in board_part file is either invalid or not available
WARNING: [Board 49-26] cannot add Board Part xilinx.com:kv260_som:part0:1.3 available at C:/Xilinx/2025.1/data/xhub/boards\XilinxBoardStore\boards\Xilinx\kv260_som\1.3\board.xml as part xck26-sfvc784-2lv-c specified in board_part file is either invalid or not available
WARNING: [Board 49-26] cannot add Board Part xilinx.com:kv260_som:part0:1.4 available at C:/Xilinx/2025.1/data/xhub/boards\XilinxBoardStore\boards\Xilinx\kv260_som\1.4\board.xml as part xck26-sfvc784-2lv-c specified in board_part file is either invalid or not available
WARNING: [Board 49-26] cannot add Board Part xilinx.com:scu35:part0:1.0 available at C:/Xilinx/2025.1/data/xhub/boards\XilinxBoardStore\boards\Xilinx\scu35\1.0\board.xml as part xcsu35p-sbvb625-2-e specified in board_part file is either invalid or not available
WARNING: [Board 49-26] cannot add Board Part xilinx.com:v80:part0:1.0 available at C:/Xilinx/2025.1/data/xhub/boards\XilinxBoardStore\boards\Xilinx\v80\1.0\board.xml as part xcv80-lsva4737-2mhp-e-s specified in board_part file is either invalid or not available
WARNING: [Board 49-26] cannot add Board Part xilinx.com:vck190:part0:2.2 available at C:/Xilinx/2025.1/data/xhub/boards\XilinxBoardStore\boards\Xilinx\vck190\production\2.2\board.xml as part xcvc1902-vsva2197-2mp-e-s specified in board_part file is either invalid or not available
WARNING: [Board 49-26] cannot add Board Part xilinx.com:vck190:part0:3.0 available at C:/Xilinx/2025.1/data/xhub/boards\XilinxBoardStore\boards\Xilinx\vck190\production\3.0\board.xml as part xcvc1902-vsva2197-2mp-e-s specified in board_part file is either invalid or not available
WARNING: [Board 49-26] cannot add Board Part xilinx.com:vck190:part0:3.1 available at C:/Xilinx/2025.1/data/xhub/boards\XilinxBoardStore\boards\Xilinx\vck190\production\3.1\board.xml as part xcvc1902-vsva2197-2mp-e-s specified in board_part file is either invalid or not available
WARNING: [Board 49-26] cannot add Board Part xilinx.com:vck190:part0:3.2 available at C:/Xilinx/2025.1/data/xhub/boards\XilinxBoardStore\boards\Xilinx\vck190\production\3.2\board.xml as part xcvc1902-vsva2197-2mp-e-s specified in board_part file is either invalid or not available
WARNING: [Board 49-26] cannot add Board Part xilinx.com:vck190:part0:3.3 available at C:/Xilinx/2025.1/data/xhub/boards\XilinxBoardStore\boards\Xilinx\vck190\production\3.3\board.xml as part xcvc1902-vsva2197-2mp-e-s specified in board_part file is either invalid or not available
WARNING: [Board 49-26] cannot add Board Part xilinx.com:vck190:part0:3.4 available at C:/Xilinx/2025.1/data/xhub/boards\XilinxBoardStore\boards\Xilinx\vck190\production\3.4\board.xml as part xcvc1902-vsva2197-2mp-e-s specified in board_part file is either invalid or not available
WARNING: [Board 49-26] cannot add Board Part xilinx.com:vck190_newl:part0:1.0 available at C:/Xilinx/2025.1/data/xhub/boards\XilinxBoardStore\boards\Xilinx\vck190_newl\production\1.0\board.xml as part xcvc1902-vsva2197-2mp-e-s specified in board_part file is either invalid or not available
WARNING: [Board 49-26] cannot add Board Part xilinx.com:vck190_newl:part0:1.1 available at C:/Xilinx/2025.1/data/xhub/boards\XilinxBoardStore\boards\Xilinx\vck190_newl\production\1.1\board.xml as part xcvc1902-vsva2197-2mp-e-s specified in board_part file is either invalid or not available
WARNING: [Board 49-26] cannot add Board Part xilinx.com:vck190_newl:part0:1.2 available at C:/Xilinx/2025.1/data/xhub/boards\XilinxBoardStore\boards\Xilinx\vck190_newl\production\1.2\board.xml as part xcvc1902-vsva2197-2mp-e-s specified in board_part file is either invalid or not available
WARNING: [Board 49-26] cannot add Board Part xilinx.com:vck190_newl:part0:1.3 available at C:/Xilinx/2025.1/data/xhub/boards\XilinxBoardStore\boards\Xilinx\vck190_newl\production\1.3\board.xml as part xcvc1902-vsva2197-2mp-e-s specified in board_part file is either invalid or not available
WARNING: [Board 49-26] cannot add Board Part xilinx.com:vcu108:part0:1.6 available at C:/Xilinx/2025.1/data/xhub/boards\XilinxBoardStore\boards\Xilinx\vcu108\1.6\board.xml as part xcvu095-ffva2104-2-e specified in board_part file is either invalid or not available
WARNING: [Board 49-26] cannot add Board Part xilinx.com:vcu108:part0:1.7 available at C:/Xilinx/2025.1/data/xhub/boards\XilinxBoardStore\boards\Xilinx\vcu108\1.7\board.xml as part xcvu095-ffva2104-2-e specified in board_part file is either invalid or not available
WARNING: [Board 49-26] cannot add Board Part xilinx.com:vcu110:part0:1.4 available at C:/Xilinx/2025.1/data/xhub/boards\XilinxBoardStore\boards\Xilinx\vcu110\1.4\board.xml as part xcvu190-flgc2104-2-e specified in board_part file is either invalid or not available
WARNING: [Board 49-26] cannot add Board Part xilinx.com:vcu118:part0:2.0 available at C:/Xilinx/2025.1/data/xhub/boards\XilinxBoardStore\boards\Xilinx\vcu118\2.0\board.xml as part xcvu9p-flga2104-2l-e specified in board_part file is either invalid or not available
WARNING: [Board 49-26] cannot add Board Part xilinx.com:vcu118:part0:2.3 available at C:/Xilinx/2025.1/data/xhub/boards\XilinxBoardStore\boards\Xilinx\vcu118\2.3\board.xml as part xcvu9p-flga2104-2l-e specified in board_part file is either invalid or not available
WARNING: [Board 49-26] cannot add Board Part xilinx.com:vcu118:part0:2.4 available at C:/Xilinx/2025.1/data/xhub/boards\XilinxBoardStore\boards\Xilinx\vcu118\2.4\board.xml as part xcvu9p-flga2104-2l-e specified in board_part file is either invalid or not available
WARNING: [Board 49-26] cannot add Board Part xilinx.com:vcu128:part0:1.0 available at C:/Xilinx/2025.1/data/xhub/boards\XilinxBoardStore\boards\Xilinx\vcu128\production\1.0\board.xml as part xcvu37p-fsvh2892-2l-e specified in board_part file is either invalid or not available
WARNING: [Board 49-26] cannot add Board Part xilinx.com:vcu129:part0:1.0 available at C:/Xilinx/2025.1/data/xhub/boards\XilinxBoardStore\boards\Xilinx\vcu129\production\1.0\board.xml as part xcvu29p-fsga2577-2l-e specified in board_part file is either invalid or not available
WARNING: [Board 49-26] cannot add Board Part xilinx.com:vcu1525:part0:1.3 available at C:/Xilinx/2025.1/data/xhub/boards\XilinxBoardStore\boards\Xilinx\vcu1525\1.3\board.xml as part xcvu9p-fsgd2104-2l-e specified in board_part file is either invalid or not available
WARNING: [Board 49-26] cannot add Board Part xilinx.com:vek280:part0:1.0 available at C:/Xilinx/2025.1/data/xhub/boards\XilinxBoardStore\boards\Xilinx\vek280\production\1.0\board.xml as part xcve2802-vsvh1760-2mp-e-s specified in board_part file is either invalid or not available
WARNING: [Board 49-26] cannot add Board Part xilinx.com:vek280:part0:1.1 available at C:/Xilinx/2025.1/data/xhub/boards\XilinxBoardStore\boards\Xilinx\vek280\production\1.1\board.xml as part xcve2802-vsvh1760-2mp-e-s specified in board_part file is either invalid or not available
WARNING: [Board 49-26] cannot add Board Part xilinx.com:vek280:part0:1.2 available at C:/Xilinx/2025.1/data/xhub/boards\XilinxBoardStore\boards\Xilinx\vek280\production\1.2\board.xml as part xcve2802-vsvh1760-2mp-e-s specified in board_part file is either invalid or not available
WARNING: [Board 49-26] cannot add Board Part xilinx.com:vek385:part0:1.0 available at C:/Xilinx/2025.1/data/xhub/boards\XilinxBoardStore\boards\Xilinx\vek385\1.0\board.xml as part xc2ve3858-ssva2112-2mp-e-s specified in board_part file is either invalid or not available
WARNING: [Board 49-26] cannot add Board Part xilinx.com:vermeo_t1_mpsoc:part0:1.0 available at C:/Xilinx/2025.1/data/xhub/boards\XilinxBoardStore\boards\Xilinx\vermeo_t1_mpsoc\1.0\board.xml as part xczu19eg-ffvd1760-2l-e specified in board_part file is either invalid or not available
WARNING: [Board 49-26] cannot add Board Part xilinx.com:vermeo_t1_rfsoc:part0:1.0 available at C:/Xilinx/2025.1/data/xhub/boards\XilinxBoardStore\boards\Xilinx\vermeo_t1_rfsoc\1.0\board.xml as part xczu21dr-ffvd1156-2l-e specified in board_part file is either invalid or not available
WARNING: [Board 49-26] cannot add Board Part xilinx.com:vhk158:part0:1.0 available at C:/Xilinx/2025.1/data/xhub/boards\XilinxBoardStore\boards\Xilinx\vhk158\production\1.0\board.xml as part xcvh1582-vsva3697-2mp-e-s specified in board_part file is either invalid or not available
WARNING: [Board 49-26] cannot add Board Part xilinx.com:vhk158:part0:1.1 available at C:/Xilinx/2025.1/data/xhub/boards\XilinxBoardStore\boards\Xilinx\vhk158\production\1.1\board.xml as part xcvh1582-vsva3697-2mp-e-s specified in board_part file is either invalid or not available
WARNING: [Board 49-26] cannot add Board Part xilinx.com:vhk158:part0:1.2 available at C:/Xilinx/2025.1/data/xhub/boards\XilinxBoardStore\boards\Xilinx\vhk158\production\1.2\board.xml as part xcvh1582-vsva3697-2mp-e-s specified in board_part file is either invalid or not available
WARNING: [Board 49-26] cannot add Board Part xilinx.com:vmk180:part0:2.2 available at C:/Xilinx/2025.1/data/xhub/boards\XilinxBoardStore\boards\Xilinx\vmk180\production\2.2\board.xml as part xcvm1802-vsva2197-2mp-e-s specified in board_part file is either invalid or not available
WARNING: [Board 49-26] cannot add Board Part xilinx.com:vmk180:part0:3.0 available at C:/Xilinx/2025.1/data/xhub/boards\XilinxBoardStore\boards\Xilinx\vmk180\production\3.0\board.xml as part xcvm1802-vsva2197-2mp-e-s specified in board_part file is either invalid or not available
WARNING: [Board 49-26] cannot add Board Part xilinx.com:vmk180:part0:3.1 available at C:/Xilinx/2025.1/data/xhub/boards\XilinxBoardStore\boards\Xilinx\vmk180\production\3.1\board.xml as part xcvm1802-vsva2197-2mp-e-s specified in board_part file is either invalid or not available
WARNING: [Board 49-26] cannot add Board Part xilinx.com:vmk180:part0:3.2 available at C:/Xilinx/2025.1/data/xhub/boards\XilinxBoardStore\boards\Xilinx\vmk180\production\3.2\board.xml as part xcvm1802-vsva2197-2mp-e-s specified in board_part file is either invalid or not available
WARNING: [Board 49-26] cannot add Board Part xilinx.com:vmk180:part0:3.3 available at C:/Xilinx/2025.1/data/xhub/boards\XilinxBoardStore\boards\Xilinx\vmk180\production\3.3\board.xml as part xcvm1802-vsva2197-2mp-e-s specified in board_part file is either invalid or not available
WARNING: [Board 49-26] cannot add Board Part xilinx.com:vmk180_newl:part0:1.0 available at C:/Xilinx/2025.1/data/xhub/boards\XilinxBoardStore\boards\Xilinx\vmk180_newl\production\1.0\board.xml as part xcvm1802-vsva2197-2mp-e-s specified in board_part file is either invalid or not available
WARNING: [Board 49-26] cannot add Board Part xilinx.com:vmk180_newl:part0:1.1 available at C:/Xilinx/2025.1/data/xhub/boards\XilinxBoardStore\boards\Xilinx\vmk180_newl\production\1.1\board.xml as part xcvm1802-vsva2197-2mp-e-s specified in board_part file is either invalid or not available
WARNING: [Board 49-26] cannot add Board Part xilinx.com:vpk120:part0:1.0 available at C:/Xilinx/2025.1/data/xhub/boards\XilinxBoardStore\boards\Xilinx\vpk120\production\1.0\board.xml as part xcvp1202-vsva2785-2mp-e-s specified in board_part file is either invalid or not available
WARNING: [Board 49-26] cannot add Board Part xilinx.com:vpk120:part0:1.1 available at C:/Xilinx/2025.1/data/xhub/boards\XilinxBoardStore\boards\Xilinx\vpk120\production\1.1\board.xml as part xcvp1202-vsva2785-2mp-e-s specified in board_part file is either invalid or not available
WARNING: [Board 49-26] cannot add Board Part xilinx.com:vpk120:part0:1.2 available at C:/Xilinx/2025.1/data/xhub/boards\XilinxBoardStore\boards\Xilinx\vpk120\production\1.2\board.xml as part xcvp1202-vsva2785-2mp-e-s specified in board_part file is either invalid or not available
WARNING: [Board 49-26] cannot add Board Part xilinx.com:vpk180:part0:1.0 available at C:/Xilinx/2025.1/data/xhub/boards\XilinxBoardStore\boards\Xilinx\vpk180\production\1.0\board.xml as part xcvp1802-lsvc4072-2mp-e-s specified in board_part file is either invalid or not available
WARNING: [Board 49-26] cannot add Board Part xilinx.com:vpk180:part0:1.1 available at C:/Xilinx/2025.1/data/xhub/boards\XilinxBoardStore\boards\Xilinx\vpk180\production\1.1\board.xml as part xcvp1802-lsvc4072-2mp-e-s specified in board_part file is either invalid or not available
WARNING: [Board 49-26] cannot add Board Part xilinx.com:vpk180:part0:1.2 available at C:/Xilinx/2025.1/data/xhub/boards\XilinxBoardStore\boards\Xilinx\vpk180\production\1.2\board.xml as part xcvp1802-lsvc4072-2mp-e-s specified in board_part file is either invalid or not available
WARNING: [Board 49-26] cannot add Board Part xilinx.com:zcu102:part0:3.3 available at C:/Xilinx/2025.1/data/xhub/boards\XilinxBoardStore\boards\Xilinx\zcu102\3.3\board.xml as part xczu9eg-ffvb1156-2-e specified in board_part file is either invalid or not available
WARNING: [Board 49-26] cannot add Board Part xilinx.com:zcu102:part0:3.4 available at C:/Xilinx/2025.1/data/xhub/boards\XilinxBoardStore\boards\Xilinx\zcu102\3.4\board.xml as part xczu9eg-ffvb1156-2-e specified in board_part file is either invalid or not available
WARNING: [Board 49-26] cannot add Board Part xilinx.com:zcu104:part0:1.1 available at C:/Xilinx/2025.1/data/xhub/boards\XilinxBoardStore\boards\Xilinx\zcu104\1.1\board.xml as part xczu7ev-ffvc1156-2-e specified in board_part file is either invalid or not available
WARNING: [Board 49-26] cannot add Board Part xilinx.com:zcu106:part0:2.4 available at C:/Xilinx/2025.1/data/xhub/boards\XilinxBoardStore\boards\Xilinx\zcu106\2.4\board.xml as part xczu7ev-ffvc1156-2-e specified in board_part file is either invalid or not available
WARNING: [Board 49-26] cannot add Board Part xilinx.com:zcu106:part0:2.5 available at C:/Xilinx/2025.1/data/xhub/boards\XilinxBoardStore\boards\Xilinx\zcu106\2.5\board.xml as part xczu7ev-ffvc1156-2-e specified in board_part file is either invalid or not available
WARNING: [Board 49-26] cannot add Board Part xilinx.com:zcu106:part0:2.6 available at C:/Xilinx/2025.1/data/xhub/boards\XilinxBoardStore\boards\Xilinx\zcu106\2.6\board.xml as part xczu7ev-ffvc1156-2-e specified in board_part file is either invalid or not available
WARNING: [Board 49-26] cannot add Board Part xilinx.com:zcu111:part0:1.2 available at C:/Xilinx/2025.1/data/xhub/boards\XilinxBoardStore\boards\Xilinx\zcu111\1.2\board.xml as part xczu28dr-ffvg1517-2-e specified in board_part file is either invalid or not available
WARNING: [Board 49-26] cannot add Board Part xilinx.com:zcu111:part0:1.3 available at C:/Xilinx/2025.1/data/xhub/boards\XilinxBoardStore\boards\Xilinx\zcu111\1.3\board.xml as part xczu28dr-ffvg1517-2-e specified in board_part file is either invalid or not available
WARNING: [Board 49-26] cannot add Board Part xilinx.com:zcu111:part0:1.4 available at C:/Xilinx/2025.1/data/xhub/boards\XilinxBoardStore\boards\Xilinx\zcu111\1.4\board.xml as part xczu28dr-ffvg1517-2-e specified in board_part file is either invalid or not available
WARNING: [Board 49-26] cannot add Board Part xilinx.com:zcu1275:part0:1.0 available at C:/Xilinx/2025.1/data/xhub/boards\XilinxBoardStore\boards\Xilinx\zcu1275\1.0\board.xml as part xczu29dr-ffvf1760-2-e specified in board_part file is either invalid or not available
WARNING: [Board 49-26] cannot add Board Part xilinx.com:zcu1285:part0:1.0 available at C:/Xilinx/2025.1/data/xhub/boards\XilinxBoardStore\boards\Xilinx\zcu1285\1.0\board.xml as part xczu39dr-ffvf1760-2-i specified in board_part file is either invalid or not available
WARNING: [Board 49-26] cannot add Board Part xilinx.com:zcu208:part0:2.0 available at C:/Xilinx/2025.1/data/xhub/boards\XilinxBoardStore\boards\Xilinx\zcu208\production\2.0\board.xml as part xczu48dr-fsvg1517-2-e specified in board_part file is either invalid or not available
WARNING: [Board 49-26] cannot add Board Part xilinx.com:zcu208ld:part0:2.0 available at C:/Xilinx/2025.1/data/xhub/boards\XilinxBoardStore\boards\Xilinx\zcu208ld\production\2.0\board.xml as part xczu58dr-fsvg1517-2-i specified in board_part file is either invalid or not available
WARNING: [Board 49-26] cannot add Board Part xilinx.com:zcu216:part0:2.0 available at C:/Xilinx/2025.1/data/xhub/boards\XilinxBoardStore\boards\Xilinx\zcu216\production\2.0\board.xml as part xczu49dr-ffvf1760-2-e specified in board_part file is either invalid or not available
WARNING: [Board 49-26] cannot add Board Part xilinx.com:zcu216ld:part0:2.0 available at C:/Xilinx/2025.1/data/xhub/boards\XilinxBoardStore\boards\Xilinx\zcu216ld\production\2.0\board.xml as part xczu59dr-ffvf1760-2-i specified in board_part file is either invalid or not available
WARNING: [Board 49-26] cannot add Board Part xilinx.com:zcu670:part0:2.0 available at C:/Xilinx/2025.1/data/xhub/boards\XilinxBoardStore\boards\Xilinx\zcu670\2.0\board.xml as part xczu67dr-fsve1156-2-i specified in board_part file is either invalid or not available
WARNING: [Board 49-26] cannot add Board Part xilinx.com:zcu670ld:part0:1.0 available at C:/Xilinx/2025.1/data/xhub/boards\XilinxBoardStore\boards\Xilinx\zcu670ld\1.0\board.xml as part xczu57dr-fsve1156-2-i specified in board_part file is either invalid or not available
WARNING: [Board 49-26] cannot add Board Part xilinx.com:emb-plus-vpr-4616:part0:1.0 available at C:/Xilinx/2025.1/data/xhub/boards\XilinxBoardStore\boards\Xilinx\emb-plus-vpr-4616\1.0\board.xml as part xcve2302-sfva784-2mp-e-s specified in board_part file is either invalid or not available
WARNING: [Board 49-26] cannot add Board Part xilinx.com:emb-plus-vpr-4616:part0:1.1 available at C:/Xilinx/2025.1/data/xhub/boards\XilinxBoardStore\boards\Xilinx\emb-plus-vpr-4616\1.1\board.xml as part xcve2302-sfva784-2mp-e-s specified in board_part file is either invalid or not available
WARNING: [Board 49-26] cannot add Board Part xilinx.com:k24c:part0:1.0 available at C:/Xilinx/2025.1/data/xhub/boards\XilinxBoardStore\boards\Xilinx\k24c\1.0\board.xml as part xck24-ubva530-2lv-c specified in board_part file is either invalid or not available
WARNING: [Board 49-26] cannot add Board Part xilinx.com:k24c:part0:1.1 available at C:/Xilinx/2025.1/data/xhub/boards\XilinxBoardStore\boards\Xilinx\k24c\1.1\board.xml as part xck24-ubva530-2lv-c specified in board_part file is either invalid or not available
WARNING: [Board 49-26] cannot add Board Part xilinx.com:k24i:part0:1.0 available at C:/Xilinx/2025.1/data/xhub/boards\XilinxBoardStore\boards\Xilinx\k24i\1.0\board.xml as part xck24-ubva530-2lvi-i specified in board_part file is either invalid or not available
WARNING: [Board 49-26] cannot add Board Part xilinx.com:k26c:part0:1.2 available at C:/Xilinx/2025.1/data/xhub/boards\XilinxBoardStore\boards\Xilinx\k26c\1.2\board.xml as part xck26-sfvc784-2lv-c specified in board_part file is either invalid or not available
WARNING: [Board 49-26] cannot add Board Part xilinx.com:k26c:part0:1.3 available at C:/Xilinx/2025.1/data/xhub/boards\XilinxBoardStore\boards\Xilinx\k26c\1.3\board.xml as part xck26-sfvc784-2lv-c specified in board_part file is either invalid or not available
WARNING: [Board 49-26] cannot add Board Part xilinx.com:k26c:part0:1.4 available at C:/Xilinx/2025.1/data/xhub/boards\XilinxBoardStore\boards\Xilinx\k26c\1.4\board.xml as part xck26-sfvc784-2lv-c specified in board_part file is either invalid or not available
WARNING: [Board 49-26] cannot add Board Part xilinx.com:k26i:part0:1.2 available at C:/Xilinx/2025.1/data/xhub/boards\XilinxBoardStore\boards\Xilinx\k26i\1.2\board.xml as part xck26-sfvc784-2lvi-i specified in board_part file is either invalid or not available
WARNING: [Board 49-26] cannot add Board Part xilinx.com:k26i:part0:1.3 available at C:/Xilinx/2025.1/data/xhub/boards\XilinxBoardStore\boards\Xilinx\k26i\1.3\board.xml as part xck26-sfvc784-2lvi-i specified in board_part file is either invalid or not available
WARNING: [Board 49-26] cannot add Board Part xilinx.com:k26i:part0:1.4 available at C:/Xilinx/2025.1/data/xhub/boards\XilinxBoardStore\boards\Xilinx\k26i\1.4\board.xml as part xck26-sfvc784-2lvi-i specified in board_part file is either invalid or not available
WARNING: [Board 49-26] cannot add Board Part xilinx.com:kcu105:part0:1.6 available at C:/Xilinx/2025.1/data/xhub/boards\XilinxBoardStore\boards\Xilinx\kcu105\1.6\board.xml as part xcku040-ffva1156-2-e specified in board_part file is either invalid or not available
WARNING: [Board 49-26] cannot add Board Part xilinx.com:kcu105:part0:1.7 available at C:/Xilinx/2025.1/data/xhub/boards\XilinxBoardStore\boards\Xilinx\kcu105\1.7\board.xml as part xcku040-ffva1156-2-e specified in board_part file is either invalid or not available
WARNING: [Board 49-26] cannot add Board Part xilinx.com:kcu116:part0:1.4 available at C:/Xilinx/2025.1/data/xhub/boards\XilinxBoardStore\boards\Xilinx\kcu116\1.4\board.xml as part xcku5p-ffvb676-2-e specified in board_part file is either invalid or not available
WARNING: [Board 49-26] cannot add Board Part xilinx.com:kcu116:part0:1.5 available at C:/Xilinx/2025.1/data/xhub/boards\XilinxBoardStore\boards\Xilinx\kcu116\1.5\board.xml as part xcku5p-ffvb676-2-e specified in board_part file is either invalid or not available
WARNING: [Board 49-26] cannot add Board Part xilinx.com:kcu1500:part0:1.2 available at C:/Xilinx/2025.1/data/xhub/boards\XilinxBoardStore\boards\Xilinx\kcu1500\1.2\board.xml as part xcku115-flvb2104-2-e specified in board_part file is either invalid or not available
WARNING: [Board 49-26] cannot add Board Part xilinx.com:kd240_som:part0:1.0 available at C:/Xilinx/2025.1/data/xhub/boards\XilinxBoardStore\boards\Xilinx\kd240_som\1.0\board.xml as part xck24-ubva530-2lv-c specified in board_part file is either invalid or not available
INFO: [Common 17-14] Message 'Board 49-26' appears 100 times and further instances of the messages will be disabled. Use the Tcl command set_msg_config to change the current settings.
create_project memory_tb {D:/ECE/FPGA Training NTI/memory_tb} -part xc7vx485tffg1157-1
INFO: [IP_Flow 19-234] Refreshing IP repositories
INFO: [IP_Flow 19-1704] No user IP repositories specified
INFO: [IP_Flow 19-2313] Loaded Vivado IP repository 'C:/Xilinx/2025.1/Vivado/data/ip'.
WARNING: [Board 49-26] cannot add Board Part xilinx.com:emb-plus-vpr-4616:part0:1.0 available at C:/Xilinx/2025.1/data/xhub/boards\XilinxBoardStore\boards\Xilinx\emb-plus-vpr-4616\1.0\board.xml as part xcve2302-sfva784-2mp-e-s specified in board_part file is either invalid or not available
WARNING: [Board 49-26] cannot add Board Part xilinx.com:emb-plus-vpr-4616:part0:1.1 available at C:/Xilinx/2025.1/data/xhub/boards\XilinxBoardStore\boards\Xilinx\emb-plus-vpr-4616\1.1\board.xml as part xcve2302-sfva784-2mp-e-s specified in board_part file is either invalid or not available
WARNING: [Board 49-26] cannot add Board Part xilinx.com:k24c:part0:1.0 available at C:/Xilinx/2025.1/data/xhub/boards\XilinxBoardStore\boards\Xilinx\k24c\1.0\board.xml as part xck24-ubva530-2lv-c specified in board_part file is either invalid or not available
WARNING: [Board 49-26] cannot add Board Part xilinx.com:k24c:part0:1.1 available at C:/Xilinx/2025.1/data/xhub/boards\XilinxBoardStore\boards\Xilinx\k24c\1.1\board.xml as part xck24-ubva530-2lv-c specified in board_part file is either invalid or not available
WARNING: [Board 49-26] cannot add Board Part xilinx.com:k24i:part0:1.0 available at C:/Xilinx/2025.1/data/xhub/boards\XilinxBoardStore\boards\Xilinx\k24i\1.0\board.xml as part xck24-ubva530-2lvi-i specified in board_part file is either invalid or not available
WARNING: [Board 49-26] cannot add Board Part xilinx.com:k26c:part0:1.2 available at C:/Xilinx/2025.1/data/xhub/boards\XilinxBoardStore\boards\Xilinx\k26c\1.2\board.xml as part xck26-sfvc784-2lv-c specified in board_part file is either invalid or not available
WARNING: [Board 49-26] cannot add Board Part xilinx.com:k26c:part0:1.3 available at C:/Xilinx/2025.1/data/xhub/boards\XilinxBoardStore\boards\Xilinx\k26c\1.3\board.xml as part xck26-sfvc784-2lv-c specified in board_part file is either invalid or not available
WARNING: [Board 49-26] cannot add Board Part xilinx.com:k26c:part0:1.4 available at C:/Xilinx/2025.1/data/xhub/boards\XilinxBoardStore\boards\Xilinx\k26c\1.4\board.xml as part xck26-sfvc784-2lv-c specified in board_part file is either invalid or not available
WARNING: [Board 49-26] cannot add Board Part xilinx.com:k26i:part0:1.2 available at C:/Xilinx/2025.1/data/xhub/boards\XilinxBoardStore\boards\Xilinx\k26i\1.2\board.xml as part xck26-sfvc784-2lvi-i specified in board_part file is either invalid or not available
WARNING: [Board 49-26] cannot add Board Part xilinx.com:k26i:part0:1.3 available at C:/Xilinx/2025.1/data/xhub/boards\XilinxBoardStore\boards\Xilinx\k26i\1.3\board.xml as part xck26-sfvc784-2lvi-i specified in board_part file is either invalid or not available
WARNING: [Board 49-26] cannot add Board Part xilinx.com:k26i:part0:1.4 available at C:/Xilinx/2025.1/data/xhub/boards\XilinxBoardStore\boards\Xilinx\k26i\1.4\board.xml as part xck26-sfvc784-2lvi-i specified in board_part file is either invalid or not available
WARNING: [Board 49-26] cannot add Board Part xilinx.com:kcu105:part0:1.6 available at C:/Xilinx/2025.1/data/xhub/boards\XilinxBoardStore\boards\Xilinx\kcu105\1.6\board.xml as part xcku040-ffva1156-2-e specified in board_part file is either invalid or not available
WARNING: [Board 49-26] cannot add Board Part xilinx.com:kcu105:part0:1.7 available at C:/Xilinx/2025.1/data/xhub/boards\XilinxBoardStore\boards\Xilinx\kcu105\1.7\board.xml as part xcku040-ffva1156-2-e specified in board_part file is either invalid or not available
WARNING: [Board 49-26] cannot add Board Part xilinx.com:kcu116:part0:1.4 available at C:/Xilinx/2025.1/data/xhub/boards\XilinxBoardStore\boards\Xilinx\kcu116\1.4\board.xml as part xcku5p-ffvb676-2-e specified in board_part file is either invalid or not available
WARNING: [Board 49-26] cannot add Board Part xilinx.com:kcu116:part0:1.5 available at C:/Xilinx/2025.1/data/xhub/boards\XilinxBoardStore\boards\Xilinx\kcu116\1.5\board.xml as part xcku5p-ffvb676-2-e specified in board_part file is either invalid or not available
WARNING: [Board 49-26] cannot add Board Part xilinx.com:kcu1500:part0:1.2 available at C:/Xilinx/2025.1/data/xhub/boards\XilinxBoardStore\boards\Xilinx\kcu1500\1.2\board.xml as part xcku115-flvb2104-2-e specified in board_part file is either invalid or not available
WARNING: [Board 49-26] cannot add Board Part xilinx.com:kd240_som:part0:1.0 available at C:/Xilinx/2025.1/data/xhub/boards\XilinxBoardStore\boards\Xilinx\kd240_som\1.0\board.xml as part xck24-ubva530-2lv-c specified in board_part file is either invalid or not available
WARNING: [Board 49-26] cannot add Board Part xilinx.com:kd240_som:part0:1.1 available at C:/Xilinx/2025.1/data/xhub/boards\XilinxBoardStore\boards\Xilinx\kd240_som\1.1\board.xml as part xck24-ubva530-2lv-c specified in board_part file is either invalid or not available
WARNING: [Board 49-26] cannot add Board Part xilinx.com:kr260_som:part0:1.0 available at C:/Xilinx/2025.1/data/xhub/boards\XilinxBoardStore\boards\Xilinx\kr260_som\1.0\board.xml as part xck26-sfvc784-2lv-c specified in board_part file is either invalid or not available
WARNING: [Board 49-26] cannot add Board Part xilinx.com:kr260_som:part0:1.1 available at C:/Xilinx/2025.1/data/xhub/boards\XilinxBoardStore\boards\Xilinx\kr260_som\1.1\board.xml as part xck26-sfvc784-2lv-c specified in board_part file is either invalid or not available
WARNING: [Board 49-26] cannot add Board Part xilinx.com:kv260_som:part0:1.2 available at C:/Xilinx/2025.1/data/xhub/boards\XilinxBoardStore\boards\Xilinx\kv260_som\1.2\board.xml as part xck26-sfvc784-2lv-c specified in board_part file is either invalid or not available
WARNING: [Board 49-26] cannot add Board Part xilinx.com:kv260_som:part0:1.3 available at C:/Xilinx/2025.1/data/xhub/boards\XilinxBoardStore\boards\Xilinx\kv260_som\1.3\board.xml as part xck26-sfvc784-2lv-c specified in board_part file is either invalid or not available
WARNING: [Board 49-26] cannot add Board Part xilinx.com:kv260_som:part0:1.4 available at C:/Xilinx/2025.1/data/xhub/boards\XilinxBoardStore\boards\Xilinx\kv260_som\1.4\board.xml as part xck26-sfvc784-2lv-c specified in board_part file is either invalid or not available
WARNING: [Board 49-26] cannot add Board Part xilinx.com:scu35:part0:1.0 available at C:/Xilinx/2025.1/data/xhub/boards\XilinxBoardStore\boards\Xilinx\scu35\1.0\board.xml as part xcsu35p-sbvb625-2-e specified in board_part file is either invalid or not available
WARNING: [Board 49-26] cannot add Board Part xilinx.com:v80:part0:1.0 available at C:/Xilinx/2025.1/data/xhub/boards\XilinxBoardStore\boards\Xilinx\v80\1.0\board.xml as part xcv80-lsva4737-2mhp-e-s specified in board_part file is either invalid or not available
WARNING: [Board 49-26] cannot add Board Part xilinx.com:vck190:part0:2.2 available at C:/Xilinx/2025.1/data/xhub/boards\XilinxBoardStore\boards\Xilinx\vck190\production\2.2\board.xml as part xcvc1902-vsva2197-2mp-e-s specified in board_part file is either invalid or not available
WARNING: [Board 49-26] cannot add Board Part xilinx.com:vck190:part0:3.0 available at C:/Xilinx/2025.1/data/xhub/boards\XilinxBoardStore\boards\Xilinx\vck190\production\3.0\board.xml as part xcvc1902-vsva2197-2mp-e-s specified in board_part file is either invalid or not available
WARNING: [Board 49-26] cannot add Board Part xilinx.com:vck190:part0:3.1 available at C:/Xilinx/2025.1/data/xhub/boards\XilinxBoardStore\boards\Xilinx\vck190\production\3.1\board.xml as part xcvc1902-vsva2197-2mp-e-s specified in board_part file is either invalid or not available
WARNING: [Board 49-26] cannot add Board Part xilinx.com:vck190:part0:3.2 available at C:/Xilinx/2025.1/data/xhub/boards\XilinxBoardStore\boards\Xilinx\vck190\production\3.2\board.xml as part xcvc1902-vsva2197-2mp-e-s specified in board_part file is either invalid or not available
WARNING: [Board 49-26] cannot add Board Part xilinx.com:vck190:part0:3.3 available at C:/Xilinx/2025.1/data/xhub/boards\XilinxBoardStore\boards\Xilinx\vck190\production\3.3\board.xml as part xcvc1902-vsva2197-2mp-e-s specified in board_part file is either invalid or not available
WARNING: [Board 49-26] cannot add Board Part xilinx.com:vck190:part0:3.4 available at C:/Xilinx/2025.1/data/xhub/boards\XilinxBoardStore\boards\Xilinx\vck190\production\3.4\board.xml as part xcvc1902-vsva2197-2mp-e-s specified in board_part file is either invalid or not available
WARNING: [Board 49-26] cannot add Board Part xilinx.com:vck190_newl:part0:1.0 available at C:/Xilinx/2025.1/data/xhub/boards\XilinxBoardStore\boards\Xilinx\vck190_newl\production\1.0\board.xml as part xcvc1902-vsva2197-2mp-e-s specified in board_part file is either invalid or not available
WARNING: [Board 49-26] cannot add Board Part xilinx.com:vck190_newl:part0:1.1 available at C:/Xilinx/2025.1/data/xhub/boards\XilinxBoardStore\boards\Xilinx\vck190_newl\production\1.1\board.xml as part xcvc1902-vsva2197-2mp-e-s specified in board_part file is either invalid or not available
WARNING: [Board 49-26] cannot add Board Part xilinx.com:vck190_newl:part0:1.2 available at C:/Xilinx/2025.1/data/xhub/boards\XilinxBoardStore\boards\Xilinx\vck190_newl\production\1.2\board.xml as part xcvc1902-vsva2197-2mp-e-s specified in board_part file is either invalid or not available
WARNING: [Board 49-26] cannot add Board Part xilinx.com:vck190_newl:part0:1.3 available at C:/Xilinx/2025.1/data/xhub/boards\XilinxBoardStore\boards\Xilinx\vck190_newl\production\1.3\board.xml as part xcvc1902-vsva2197-2mp-e-s specified in board_part file is either invalid or not available
WARNING: [Board 49-26] cannot add Board Part xilinx.com:vcu108:part0:1.6 available at C:/Xilinx/2025.1/data/xhub/boards\XilinxBoardStore\boards\Xilinx\vcu108\1.6\board.xml as part xcvu095-ffva2104-2-e specified in board_part file is either invalid or not available
WARNING: [Board 49-26] cannot add Board Part xilinx.com:vcu108:part0:1.7 available at C:/Xilinx/2025.1/data/xhub/boards\XilinxBoardStore\boards\Xilinx\vcu108\1.7\board.xml as part xcvu095-ffva2104-2-e specified in board_part file is either invalid or not available
WARNING: [Board 49-26] cannot add Board Part xilinx.com:vcu110:part0:1.4 available at C:/Xilinx/2025.1/data/xhub/boards\XilinxBoardStore\boards\Xilinx\vcu110\1.4\board.xml as part xcvu190-flgc2104-2-e specified in board_part file is either invalid or not available
WARNING: [Board 49-26] cannot add Board Part xilinx.com:vcu118:part0:2.0 available at C:/Xilinx/2025.1/data/xhub/boards\XilinxBoardStore\boards\Xilinx\vcu118\2.0\board.xml as part xcvu9p-flga2104-2l-e specified in board_part file is either invalid or not available
WARNING: [Board 49-26] cannot add Board Part xilinx.com:vcu118:part0:2.3 available at C:/Xilinx/2025.1/data/xhub/boards\XilinxBoardStore\boards\Xilinx\vcu118\2.3\board.xml as part xcvu9p-flga2104-2l-e specified in board_part file is either invalid or not available
WARNING: [Board 49-26] cannot add Board Part xilinx.com:vcu118:part0:2.4 available at C:/Xilinx/2025.1/data/xhub/boards\XilinxBoardStore\boards\Xilinx\vcu118\2.4\board.xml as part xcvu9p-flga2104-2l-e specified in board_part file is either invalid or not available
WARNING: [Board 49-26] cannot add Board Part xilinx.com:vcu128:part0:1.0 available at C:/Xilinx/2025.1/data/xhub/boards\XilinxBoardStore\boards\Xilinx\vcu128\production\1.0\board.xml as part xcvu37p-fsvh2892-2l-e specified in board_part file is either invalid or not available
WARNING: [Board 49-26] cannot add Board Part xilinx.com:vcu129:part0:1.0 available at C:/Xilinx/2025.1/data/xhub/boards\XilinxBoardStore\boards\Xilinx\vcu129\production\1.0\board.xml as part xcvu29p-fsga2577-2l-e specified in board_part file is either invalid or not available
WARNING: [Board 49-26] cannot add Board Part xilinx.com:vcu1525:part0:1.3 available at C:/Xilinx/2025.1/data/xhub/boards\XilinxBoardStore\boards\Xilinx\vcu1525\1.3\board.xml as part xcvu9p-fsgd2104-2l-e specified in board_part file is either invalid or not available
WARNING: [Board 49-26] cannot add Board Part xilinx.com:vek280:part0:1.0 available at C:/Xilinx/2025.1/data/xhub/boards\XilinxBoardStore\boards\Xilinx\vek280\production\1.0\board.xml as part xcve2802-vsvh1760-2mp-e-s specified in board_part file is either invalid or not available
WARNING: [Board 49-26] cannot add Board Part xilinx.com:vek280:part0:1.1 available at C:/Xilinx/2025.1/data/xhub/boards\XilinxBoardStore\boards\Xilinx\vek280\production\1.1\board.xml as part xcve2802-vsvh1760-2mp-e-s specified in board_part file is either invalid or not available
WARNING: [Board 49-26] cannot add Board Part xilinx.com:vek280:part0:1.2 available at C:/Xilinx/2025.1/data/xhub/boards\XilinxBoardStore\boards\Xilinx\vek280\production\1.2\board.xml as part xcve2802-vsvh1760-2mp-e-s specified in board_part file is either invalid or not available
WARNING: [Board 49-26] cannot add Board Part xilinx.com:vek385:part0:1.0 available at C:/Xilinx/2025.1/data/xhub/boards\XilinxBoardStore\boards\Xilinx\vek385\1.0\board.xml as part xc2ve3858-ssva2112-2mp-e-s specified in board_part file is either invalid or not available
WARNING: [Board 49-26] cannot add Board Part xilinx.com:vermeo_t1_mpsoc:part0:1.0 available at C:/Xilinx/2025.1/data/xhub/boards\XilinxBoardStore\boards\Xilinx\vermeo_t1_mpsoc\1.0\board.xml as part xczu19eg-ffvd1760-2l-e specified in board_part file is either invalid or not available
WARNING: [Board 49-26] cannot add Board Part xilinx.com:vermeo_t1_rfsoc:part0:1.0 available at C:/Xilinx/2025.1/data/xhub/boards\XilinxBoardStore\boards\Xilinx\vermeo_t1_rfsoc\1.0\board.xml as part xczu21dr-ffvd1156-2l-e specified in board_part file is either invalid or not available
WARNING: [Board 49-26] cannot add Board Part xilinx.com:vhk158:part0:1.0 available at C:/Xilinx/2025.1/data/xhub/boards\XilinxBoardStore\boards\Xilinx\vhk158\production\1.0\board.xml as part xcvh1582-vsva3697-2mp-e-s specified in board_part file is either invalid or not available
WARNING: [Board 49-26] cannot add Board Part xilinx.com:vhk158:part0:1.1 available at C:/Xilinx/2025.1/data/xhub/boards\XilinxBoardStore\boards\Xilinx\vhk158\production\1.1\board.xml as part xcvh1582-vsva3697-2mp-e-s specified in board_part file is either invalid or not available
WARNING: [Board 49-26] cannot add Board Part xilinx.com:vhk158:part0:1.2 available at C:/Xilinx/2025.1/data/xhub/boards\XilinxBoardStore\boards\Xilinx\vhk158\production\1.2\board.xml as part xcvh1582-vsva3697-2mp-e-s specified in board_part file is either invalid or not available
WARNING: [Board 49-26] cannot add Board Part xilinx.com:vmk180:part0:2.2 available at C:/Xilinx/2025.1/data/xhub/boards\XilinxBoardStore\boards\Xilinx\vmk180\production\2.2\board.xml as part xcvm1802-vsva2197-2mp-e-s specified in board_part file is either invalid or not available
WARNING: [Board 49-26] cannot add Board Part xilinx.com:vmk180:part0:3.0 available at C:/Xilinx/2025.1/data/xhub/boards\XilinxBoardStore\boards\Xilinx\vmk180\production\3.0\board.xml as part xcvm1802-vsva2197-2mp-e-s specified in board_part file is either invalid or not available
WARNING: [Board 49-26] cannot add Board Part xilinx.com:vmk180:part0:3.1 available at C:/Xilinx/2025.1/data/xhub/boards\XilinxBoardStore\boards\Xilinx\vmk180\production\3.1\board.xml as part xcvm1802-vsva2197-2mp-e-s specified in board_part file is either invalid or not available
WARNING: [Board 49-26] cannot add Board Part xilinx.com:vmk180:part0:3.2 available at C:/Xilinx/2025.1/data/xhub/boards\XilinxBoardStore\boards\Xilinx\vmk180\production\3.2\board.xml as part xcvm1802-vsva2197-2mp-e-s specified in board_part file is either invalid or not available
WARNING: [Board 49-26] cannot add Board Part xilinx.com:vmk180:part0:3.3 available at C:/Xilinx/2025.1/data/xhub/boards\XilinxBoardStore\boards\Xilinx\vmk180\production\3.3\board.xml as part xcvm1802-vsva2197-2mp-e-s specified in board_part file is either invalid or not available
WARNING: [Board 49-26] cannot add Board Part xilinx.com:vmk180_newl:part0:1.0 available at C:/Xilinx/2025.1/data/xhub/boards\XilinxBoardStore\boards\Xilinx\vmk180_newl\production\1.0\board.xml as part xcvm1802-vsva2197-2mp-e-s specified in board_part file is either invalid or not available
WARNING: [Board 49-26] cannot add Board Part xilinx.com:vmk180_newl:part0:1.1 available at C:/Xilinx/2025.1/data/xhub/boards\XilinxBoardStore\boards\Xilinx\vmk180_newl\production\1.1\board.xml as part xcvm1802-vsva2197-2mp-e-s specified in board_part file is either invalid or not available
WARNING: [Board 49-26] cannot add Board Part xilinx.com:vpk120:part0:1.0 available at C:/Xilinx/2025.1/data/xhub/boards\XilinxBoardStore\boards\Xilinx\vpk120\production\1.0\board.xml as part xcvp1202-vsva2785-2mp-e-s specified in board_part file is either invalid or not available
WARNING: [Board 49-26] cannot add Board Part xilinx.com:vpk120:part0:1.1 available at C:/Xilinx/2025.1/data/xhub/boards\XilinxBoardStore\boards\Xilinx\vpk120\production\1.1\board.xml as part xcvp1202-vsva2785-2mp-e-s specified in board_part file is either invalid or not available
WARNING: [Board 49-26] cannot add Board Part xilinx.com:vpk120:part0:1.2 available at C:/Xilinx/2025.1/data/xhub/boards\XilinxBoardStore\boards\Xilinx\vpk120\production\1.2\board.xml as part xcvp1202-vsva2785-2mp-e-s specified in board_part file is either invalid or not available
WARNING: [Board 49-26] cannot add Board Part xilinx.com:vpk180:part0:1.0 available at C:/Xilinx/2025.1/data/xhub/boards\XilinxBoardStore\boards\Xilinx\vpk180\production\1.0\board.xml as part xcvp1802-lsvc4072-2mp-e-s specified in board_part file is either invalid or not available
WARNING: [Board 49-26] cannot add Board Part xilinx.com:vpk180:part0:1.1 available at C:/Xilinx/2025.1/data/xhub/boards\XilinxBoardStore\boards\Xilinx\vpk180\production\1.1\board.xml as part xcvp1802-lsvc4072-2mp-e-s specified in board_part file is either invalid or not available
WARNING: [Board 49-26] cannot add Board Part xilinx.com:vpk180:part0:1.2 available at C:/Xilinx/2025.1/data/xhub/boards\XilinxBoardStore\boards\Xilinx\vpk180\production\1.2\board.xml as part xcvp1802-lsvc4072-2mp-e-s specified in board_part file is either invalid or not available
WARNING: [Board 49-26] cannot add Board Part xilinx.com:zcu102:part0:3.3 available at C:/Xilinx/2025.1/data/xhub/boards\XilinxBoardStore\boards\Xilinx\zcu102\3.3\board.xml as part xczu9eg-ffvb1156-2-e specified in board_part file is either invalid or not available
WARNING: [Board 49-26] cannot add Board Part xilinx.com:zcu102:part0:3.4 available at C:/Xilinx/2025.1/data/xhub/boards\XilinxBoardStore\boards\Xilinx\zcu102\3.4\board.xml as part xczu9eg-ffvb1156-2-e specified in board_part file is either invalid or not available
WARNING: [Board 49-26] cannot add Board Part xilinx.com:zcu104:part0:1.1 available at C:/Xilinx/2025.1/data/xhub/boards\XilinxBoardStore\boards\Xilinx\zcu104\1.1\board.xml as part xczu7ev-ffvc1156-2-e specified in board_part file is either invalid or not available
WARNING: [Board 49-26] cannot add Board Part xilinx.com:zcu106:part0:2.4 available at C:/Xilinx/2025.1/data/xhub/boards\XilinxBoardStore\boards\Xilinx\zcu106\2.4\board.xml as part xczu7ev-ffvc1156-2-e specified in board_part file is either invalid or not available
WARNING: [Board 49-26] cannot add Board Part xilinx.com:zcu106:part0:2.5 available at C:/Xilinx/2025.1/data/xhub/boards\XilinxBoardStore\boards\Xilinx\zcu106\2.5\board.xml as part xczu7ev-ffvc1156-2-e specified in board_part file is either invalid or not available
WARNING: [Board 49-26] cannot add Board Part xilinx.com:zcu106:part0:2.6 available at C:/Xilinx/2025.1/data/xhub/boards\XilinxBoardStore\boards\Xilinx\zcu106\2.6\board.xml as part xczu7ev-ffvc1156-2-e specified in board_part file is either invalid or not available
WARNING: [Board 49-26] cannot add Board Part xilinx.com:zcu111:part0:1.2 available at C:/Xilinx/2025.1/data/xhub/boards\XilinxBoardStore\boards\Xilinx\zcu111\1.2\board.xml as part xczu28dr-ffvg1517-2-e specified in board_part file is either invalid or not available
WARNING: [Board 49-26] cannot add Board Part xilinx.com:zcu111:part0:1.3 available at C:/Xilinx/2025.1/data/xhub/boards\XilinxBoardStore\boards\Xilinx\zcu111\1.3\board.xml as part xczu28dr-ffvg1517-2-e specified in board_part file is either invalid or not available
WARNING: [Board 49-26] cannot add Board Part xilinx.com:zcu111:part0:1.4 available at C:/Xilinx/2025.1/data/xhub/boards\XilinxBoardStore\boards\Xilinx\zcu111\1.4\board.xml as part xczu28dr-ffvg1517-2-e specified in board_part file is either invalid or not available
WARNING: [Board 49-26] cannot add Board Part xilinx.com:zcu1275:part0:1.0 available at C:/Xilinx/2025.1/data/xhub/boards\XilinxBoardStore\boards\Xilinx\zcu1275\1.0\board.xml as part xczu29dr-ffvf1760-2-e specified in board_part file is either invalid or not available
WARNING: [Board 49-26] cannot add Board Part xilinx.com:zcu1285:part0:1.0 available at C:/Xilinx/2025.1/data/xhub/boards\XilinxBoardStore\boards\Xilinx\zcu1285\1.0\board.xml as part xczu39dr-ffvf1760-2-i specified in board_part file is either invalid or not available
WARNING: [Board 49-26] cannot add Board Part xilinx.com:zcu208:part0:2.0 available at C:/Xilinx/2025.1/data/xhub/boards\XilinxBoardStore\boards\Xilinx\zcu208\production\2.0\board.xml as part xczu48dr-fsvg1517-2-e specified in board_part file is either invalid or not available
WARNING: [Board 49-26] cannot add Board Part xilinx.com:zcu208ld:part0:2.0 available at C:/Xilinx/2025.1/data/xhub/boards\XilinxBoardStore\boards\Xilinx\zcu208ld\production\2.0\board.xml as part xczu58dr-fsvg1517-2-i specified in board_part file is either invalid or not available
WARNING: [Board 49-26] cannot add Board Part xilinx.com:zcu216:part0:2.0 available at C:/Xilinx/2025.1/data/xhub/boards\XilinxBoardStore\boards\Xilinx\zcu216\production\2.0\board.xml as part xczu49dr-ffvf1760-2-e specified in board_part file is either invalid or not available
WARNING: [Board 49-26] cannot add Board Part xilinx.com:zcu216ld:part0:2.0 available at C:/Xilinx/2025.1/data/xhub/boards\XilinxBoardStore\boards\Xilinx\zcu216ld\production\2.0\board.xml as part xczu59dr-ffvf1760-2-i specified in board_part file is either invalid or not available
WARNING: [Board 49-26] cannot add Board Part xilinx.com:zcu670:part0:2.0 available at C:/Xilinx/2025.1/data/xhub/boards\XilinxBoardStore\boards\Xilinx\zcu670\2.0\board.xml as part xczu67dr-fsve1156-2-i specified in board_part file is either invalid or not available
WARNING: [Board 49-26] cannot add Board Part xilinx.com:zcu670ld:part0:1.0 available at C:/Xilinx/2025.1/data/xhub/boards\XilinxBoardStore\boards\Xilinx\zcu670ld\1.0\board.xml as part xczu57dr-fsve1156-2-i specified in board_part file is either invalid or not available
add_files -norecurse {{D:/ECE/FPGA Training NTI/memory_test.v} {D:/ECE/FPGA Training NTI/memory_LAB8/project_1.srcs/sources_1/new/memory.v}}
update_compile_order -fileset sources_1
WARNING: [Board 49-26] cannot add Board Part xilinx.com:emb-plus-vpr-4616:part0:1.0 available at C:/Xilinx/2025.1/data/xhub/boards\XilinxBoardStore\boards\Xilinx\emb-plus-vpr-4616\1.0\board.xml as part xcve2302-sfva784-2mp-e-s specified in board_part file is either invalid or not available
WARNING: [Board 49-26] cannot add Board Part xilinx.com:emb-plus-vpr-4616:part0:1.1 available at C:/Xilinx/2025.1/data/xhub/boards\XilinxBoardStore\boards\Xilinx\emb-plus-vpr-4616\1.1\board.xml as part xcve2302-sfva784-2mp-e-s specified in board_part file is either invalid or not available
WARNING: [Board 49-26] cannot add Board Part xilinx.com:k24c:part0:1.0 available at C:/Xilinx/2025.1/data/xhub/boards\XilinxBoardStore\boards\Xilinx\k24c\1.0\board.xml as part xck24-ubva530-2lv-c specified in board_part file is either invalid or not available
WARNING: [Board 49-26] cannot add Board Part xilinx.com:k24c:part0:1.1 available at C:/Xilinx/2025.1/data/xhub/boards\XilinxBoardStore\boards\Xilinx\k24c\1.1\board.xml as part xck24-ubva530-2lv-c specified in board_part file is either invalid or not available
WARNING: [Board 49-26] cannot add Board Part xilinx.com:k24i:part0:1.0 available at C:/Xilinx/2025.1/data/xhub/boards\XilinxBoardStore\boards\Xilinx\k24i\1.0\board.xml as part xck24-ubva530-2lvi-i specified in board_part file is either invalid or not available
WARNING: [Board 49-26] cannot add Board Part xilinx.com:k26c:part0:1.2 available at C:/Xilinx/2025.1/data/xhub/boards\XilinxBoardStore\boards\Xilinx\k26c\1.2\board.xml as part xck26-sfvc784-2lv-c specified in board_part file is either invalid or not available
WARNING: [Board 49-26] cannot add Board Part xilinx.com:k26c:part0:1.3 available at C:/Xilinx/2025.1/data/xhub/boards\XilinxBoardStore\boards\Xilinx\k26c\1.3\board.xml as part xck26-sfvc784-2lv-c specified in board_part file is either invalid or not available
WARNING: [Board 49-26] cannot add Board Part xilinx.com:k26c:part0:1.4 available at C:/Xilinx/2025.1/data/xhub/boards\XilinxBoardStore\boards\Xilinx\k26c\1.4\board.xml as part xck26-sfvc784-2lv-c specified in board_part file is either invalid or not available
WARNING: [Board 49-26] cannot add Board Part xilinx.com:k26i:part0:1.2 available at C:/Xilinx/2025.1/data/xhub/boards\XilinxBoardStore\boards\Xilinx\k26i\1.2\board.xml as part xck26-sfvc784-2lvi-i specified in board_part file is either invalid or not available
WARNING: [Board 49-26] cannot add Board Part xilinx.com:k26i:part0:1.3 available at C:/Xilinx/2025.1/data/xhub/boards\XilinxBoardStore\boards\Xilinx\k26i\1.3\board.xml as part xck26-sfvc784-2lvi-i specified in board_part file is either invalid or not available
WARNING: [Board 49-26] cannot add Board Part xilinx.com:k26i:part0:1.4 available at C:/Xilinx/2025.1/data/xhub/boards\XilinxBoardStore\boards\Xilinx\k26i\1.4\board.xml as part xck26-sfvc784-2lvi-i specified in board_part file is either invalid or not available
WARNING: [Board 49-26] cannot add Board Part xilinx.com:kcu105:part0:1.6 available at C:/Xilinx/2025.1/data/xhub/boards\XilinxBoardStore\boards\Xilinx\kcu105\1.6\board.xml as part xcku040-ffva1156-2-e specified in board_part file is either invalid or not available
WARNING: [Board 49-26] cannot add Board Part xilinx.com:kcu105:part0:1.7 available at C:/Xilinx/2025.1/data/xhub/boards\XilinxBoardStore\boards\Xilinx\kcu105\1.7\board.xml as part xcku040-ffva1156-2-e specified in board_part file is either invalid or not available
WARNING: [Board 49-26] cannot add Board Part xilinx.com:kcu116:part0:1.4 available at C:/Xilinx/2025.1/data/xhub/boards\XilinxBoardStore\boards\Xilinx\kcu116\1.4\board.xml as part xcku5p-ffvb676-2-e specified in board_part file is either invalid or not available
WARNING: [Board 49-26] cannot add Board Part xilinx.com:kcu116:part0:1.5 available at C:/Xilinx/2025.1/data/xhub/boards\XilinxBoardStore\boards\Xilinx\kcu116\1.5\board.xml as part xcku5p-ffvb676-2-e specified in board_part file is either invalid or not available
WARNING: [Board 49-26] cannot add Board Part xilinx.com:kcu1500:part0:1.2 available at C:/Xilinx/2025.1/data/xhub/boards\XilinxBoardStore\boards\Xilinx\kcu1500\1.2\board.xml as part xcku115-flvb2104-2-e specified in board_part file is either invalid or not available
WARNING: [Board 49-26] cannot add Board Part xilinx.com:kd240_som:part0:1.0 available at C:/Xilinx/2025.1/data/xhub/boards\XilinxBoardStore\boards\Xilinx\kd240_som\1.0\board.xml as part xck24-ubva530-2lv-c specified in board_part file is either invalid or not available
WARNING: [Board 49-26] cannot add Board Part xilinx.com:kd240_som:part0:1.1 available at C:/Xilinx/2025.1/data/xhub/boards\XilinxBoardStore\boards\Xilinx\kd240_som\1.1\board.xml as part xck24-ubva530-2lv-c specified in board_part file is either invalid or not available
WARNING: [Board 49-26] cannot add Board Part xilinx.com:kr260_som:part0:1.0 available at C:/Xilinx/2025.1/data/xhub/boards\XilinxBoardStore\boards\Xilinx\kr260_som\1.0\board.xml as part xck26-sfvc784-2lv-c specified in board_part file is either invalid or not available
WARNING: [Board 49-26] cannot add Board Part xilinx.com:kr260_som:part0:1.1 available at C:/Xilinx/2025.1/data/xhub/boards\XilinxBoardStore\boards\Xilinx\kr260_som\1.1\board.xml as part xck26-sfvc784-2lv-c specified in board_part file is either invalid or not available
WARNING: [Board 49-26] cannot add Board Part xilinx.com:kv260_som:part0:1.2 available at C:/Xilinx/2025.1/data/xhub/boards\XilinxBoardStore\boards\Xilinx\kv260_som\1.2\board.xml as part xck26-sfvc784-2lv-c specified in board_part file is either invalid or not available
WARNING: [Board 49-26] cannot add Board Part xilinx.com:kv260_som:part0:1.3 available at C:/Xilinx/2025.1/data/xhub/boards\XilinxBoardStore\boards\Xilinx\kv260_som\1.3\board.xml as part xck26-sfvc784-2lv-c specified in board_part file is either invalid or not available
WARNING: [Board 49-26] cannot add Board Part xilinx.com:kv260_som:part0:1.4 available at C:/Xilinx/2025.1/data/xhub/boards\XilinxBoardStore\boards\Xilinx\kv260_som\1.4\board.xml as part xck26-sfvc784-2lv-c specified in board_part file is either invalid or not available
WARNING: [Board 49-26] cannot add Board Part xilinx.com:scu35:part0:1.0 available at C:/Xilinx/2025.1/data/xhub/boards\XilinxBoardStore\boards\Xilinx\scu35\1.0\board.xml as part xcsu35p-sbvb625-2-e specified in board_part file is either invalid or not available
WARNING: [Board 49-26] cannot add Board Part xilinx.com:v80:part0:1.0 available at C:/Xilinx/2025.1/data/xhub/boards\XilinxBoardStore\boards\Xilinx\v80\1.0\board.xml as part xcv80-lsva4737-2mhp-e-s specified in board_part file is either invalid or not available
WARNING: [Board 49-26] cannot add Board Part xilinx.com:vck190:part0:2.2 available at C:/Xilinx/2025.1/data/xhub/boards\XilinxBoardStore\boards\Xilinx\vck190\production\2.2\board.xml as part xcvc1902-vsva2197-2mp-e-s specified in board_part file is either invalid or not available
WARNING: [Board 49-26] cannot add Board Part xilinx.com:vck190:part0:3.0 available at C:/Xilinx/2025.1/data/xhub/boards\XilinxBoardStore\boards\Xilinx\vck190\production\3.0\board.xml as part xcvc1902-vsva2197-2mp-e-s specified in board_part file is either invalid or not available
WARNING: [Board 49-26] cannot add Board Part xilinx.com:vck190:part0:3.1 available at C:/Xilinx/2025.1/data/xhub/boards\XilinxBoardStore\boards\Xilinx\vck190\production\3.1\board.xml as part xcvc1902-vsva2197-2mp-e-s specified in board_part file is either invalid or not available
WARNING: [Board 49-26] cannot add Board Part xilinx.com:vck190:part0:3.2 available at C:/Xilinx/2025.1/data/xhub/boards\XilinxBoardStore\boards\Xilinx\vck190\production\3.2\board.xml as part xcvc1902-vsva2197-2mp-e-s specified in board_part file is either invalid or not available
WARNING: [Board 49-26] cannot add Board Part xilinx.com:vck190:part0:3.3 available at C:/Xilinx/2025.1/data/xhub/boards\XilinxBoardStore\boards\Xilinx\vck190\production\3.3\board.xml as part xcvc1902-vsva2197-2mp-e-s specified in board_part file is either invalid or not available
WARNING: [Board 49-26] cannot add Board Part xilinx.com:vck190:part0:3.4 available at C:/Xilinx/2025.1/data/xhub/boards\XilinxBoardStore\boards\Xilinx\vck190\production\3.4\board.xml as part xcvc1902-vsva2197-2mp-e-s specified in board_part file is either invalid or not available
WARNING: [Board 49-26] cannot add Board Part xilinx.com:vck190_newl:part0:1.0 available at C:/Xilinx/2025.1/data/xhub/boards\XilinxBoardStore\boards\Xilinx\vck190_newl\production\1.0\board.xml as part xcvc1902-vsva2197-2mp-e-s specified in board_part file is either invalid or not available
WARNING: [Board 49-26] cannot add Board Part xilinx.com:vck190_newl:part0:1.1 available at C:/Xilinx/2025.1/data/xhub/boards\XilinxBoardStore\boards\Xilinx\vck190_newl\production\1.1\board.xml as part xcvc1902-vsva2197-2mp-e-s specified in board_part file is either invalid or not available
WARNING: [Board 49-26] cannot add Board Part xilinx.com:vck190_newl:part0:1.2 available at C:/Xilinx/2025.1/data/xhub/boards\XilinxBoardStore\boards\Xilinx\vck190_newl\production\1.2\board.xml as part xcvc1902-vsva2197-2mp-e-s specified in board_part file is either invalid or not available
WARNING: [Board 49-26] cannot add Board Part xilinx.com:vck190_newl:part0:1.3 available at C:/Xilinx/2025.1/data/xhub/boards\XilinxBoardStore\boards\Xilinx\vck190_newl\production\1.3\board.xml as part xcvc1902-vsva2197-2mp-e-s specified in board_part file is either invalid or not available
WARNING: [Board 49-26] cannot add Board Part xilinx.com:vcu108:part0:1.6 available at C:/Xilinx/2025.1/data/xhub/boards\XilinxBoardStore\boards\Xilinx\vcu108\1.6\board.xml as part xcvu095-ffva2104-2-e specified in board_part file is either invalid or not available
WARNING: [Board 49-26] cannot add Board Part xilinx.com:vcu108:part0:1.7 available at C:/Xilinx/2025.1/data/xhub/boards\XilinxBoardStore\boards\Xilinx\vcu108\1.7\board.xml as part xcvu095-ffva2104-2-e specified in board_part file is either invalid or not available
WARNING: [Board 49-26] cannot add Board Part xilinx.com:vcu110:part0:1.4 available at C:/Xilinx/2025.1/data/xhub/boards\XilinxBoardStore\boards\Xilinx\vcu110\1.4\board.xml as part xcvu190-flgc2104-2-e specified in board_part file is either invalid or not available
WARNING: [Board 49-26] cannot add Board Part xilinx.com:vcu118:part0:2.0 available at C:/Xilinx/2025.1/data/xhub/boards\XilinxBoardStore\boards\Xilinx\vcu118\2.0\board.xml as part xcvu9p-flga2104-2l-e specified in board_part file is either invalid or not available
WARNING: [Board 49-26] cannot add Board Part xilinx.com:vcu118:part0:2.3 available at C:/Xilinx/2025.1/data/xhub/boards\XilinxBoardStore\boards\Xilinx\vcu118\2.3\board.xml as part xcvu9p-flga2104-2l-e specified in board_part file is either invalid or not available
WARNING: [Board 49-26] cannot add Board Part xilinx.com:vcu118:part0:2.4 available at C:/Xilinx/2025.1/data/xhub/boards\XilinxBoardStore\boards\Xilinx\vcu118\2.4\board.xml as part xcvu9p-flga2104-2l-e specified in board_part file is either invalid or not available
WARNING: [Board 49-26] cannot add Board Part xilinx.com:vcu128:part0:1.0 available at C:/Xilinx/2025.1/data/xhub/boards\XilinxBoardStore\boards\Xilinx\vcu128\production\1.0\board.xml as part xcvu37p-fsvh2892-2l-e specified in board_part file is either invalid or not available
WARNING: [Board 49-26] cannot add Board Part xilinx.com:vcu129:part0:1.0 available at C:/Xilinx/2025.1/data/xhub/boards\XilinxBoardStore\boards\Xilinx\vcu129\production\1.0\board.xml as part xcvu29p-fsga2577-2l-e specified in board_part file is either invalid or not available
WARNING: [Board 49-26] cannot add Board Part xilinx.com:vcu1525:part0:1.3 available at C:/Xilinx/2025.1/data/xhub/boards\XilinxBoardStore\boards\Xilinx\vcu1525\1.3\board.xml as part xcvu9p-fsgd2104-2l-e specified in board_part file is either invalid or not available
WARNING: [Board 49-26] cannot add Board Part xilinx.com:vek280:part0:1.0 available at C:/Xilinx/2025.1/data/xhub/boards\XilinxBoardStore\boards\Xilinx\vek280\production\1.0\board.xml as part xcve2802-vsvh1760-2mp-e-s specified in board_part file is either invalid or not available
WARNING: [Board 49-26] cannot add Board Part xilinx.com:vek280:part0:1.1 available at C:/Xilinx/2025.1/data/xhub/boards\XilinxBoardStore\boards\Xilinx\vek280\production\1.1\board.xml as part xcve2802-vsvh1760-2mp-e-s specified in board_part file is either invalid or not available
WARNING: [Board 49-26] cannot add Board Part xilinx.com:vek280:part0:1.2 available at C:/Xilinx/2025.1/data/xhub/boards\XilinxBoardStore\boards\Xilinx\vek280\production\1.2\board.xml as part xcve2802-vsvh1760-2mp-e-s specified in board_part file is either invalid or not available
WARNING: [Board 49-26] cannot add Board Part xilinx.com:vek385:part0:1.0 available at C:/Xilinx/2025.1/data/xhub/boards\XilinxBoardStore\boards\Xilinx\vek385\1.0\board.xml as part xc2ve3858-ssva2112-2mp-e-s specified in board_part file is either invalid or not available
WARNING: [Board 49-26] cannot add Board Part xilinx.com:vermeo_t1_mpsoc:part0:1.0 available at C:/Xilinx/2025.1/data/xhub/boards\XilinxBoardStore\boards\Xilinx\vermeo_t1_mpsoc\1.0\board.xml as part xczu19eg-ffvd1760-2l-e specified in board_part file is either invalid or not available
WARNING: [Board 49-26] cannot add Board Part xilinx.com:vermeo_t1_rfsoc:part0:1.0 available at C:/Xilinx/2025.1/data/xhub/boards\XilinxBoardStore\boards\Xilinx\vermeo_t1_rfsoc\1.0\board.xml as part xczu21dr-ffvd1156-2l-e specified in board_part file is either invalid or not available
WARNING: [Board 49-26] cannot add Board Part xilinx.com:vhk158:part0:1.0 available at C:/Xilinx/2025.1/data/xhub/boards\XilinxBoardStore\boards\Xilinx\vhk158\production\1.0\board.xml as part xcvh1582-vsva3697-2mp-e-s specified in board_part file is either invalid or not available
WARNING: [Board 49-26] cannot add Board Part xilinx.com:vhk158:part0:1.1 available at C:/Xilinx/2025.1/data/xhub/boards\XilinxBoardStore\boards\Xilinx\vhk158\production\1.1\board.xml as part xcvh1582-vsva3697-2mp-e-s specified in board_part file is either invalid or not available
WARNING: [Board 49-26] cannot add Board Part xilinx.com:vhk158:part0:1.2 available at C:/Xilinx/2025.1/data/xhub/boards\XilinxBoardStore\boards\Xilinx\vhk158\production\1.2\board.xml as part xcvh1582-vsva3697-2mp-e-s specified in board_part file is either invalid or not available
WARNING: [Board 49-26] cannot add Board Part xilinx.com:vmk180:part0:2.2 available at C:/Xilinx/2025.1/data/xhub/boards\XilinxBoardStore\boards\Xilinx\vmk180\production\2.2\board.xml as part xcvm1802-vsva2197-2mp-e-s specified in board_part file is either invalid or not available
WARNING: [Board 49-26] cannot add Board Part xilinx.com:vmk180:part0:3.0 available at C:/Xilinx/2025.1/data/xhub/boards\XilinxBoardStore\boards\Xilinx\vmk180\production\3.0\board.xml as part xcvm1802-vsva2197-2mp-e-s specified in board_part file is either invalid or not available
WARNING: [Board 49-26] cannot add Board Part xilinx.com:vmk180:part0:3.1 available at C:/Xilinx/2025.1/data/xhub/boards\XilinxBoardStore\boards\Xilinx\vmk180\production\3.1\board.xml as part xcvm1802-vsva2197-2mp-e-s specified in board_part file is either invalid or not available
WARNING: [Board 49-26] cannot add Board Part xilinx.com:vmk180:part0:3.2 available at C:/Xilinx/2025.1/data/xhub/boards\XilinxBoardStore\boards\Xilinx\vmk180\production\3.2\board.xml as part xcvm1802-vsva2197-2mp-e-s specified in board_part file is either invalid or not available
WARNING: [Board 49-26] cannot add Board Part xilinx.com:vmk180:part0:3.3 available at C:/Xilinx/2025.1/data/xhub/boards\XilinxBoardStore\boards\Xilinx\vmk180\production\3.3\board.xml as part xcvm1802-vsva2197-2mp-e-s specified in board_part file is either invalid or not available
WARNING: [Board 49-26] cannot add Board Part xilinx.com:vmk180_newl:part0:1.0 available at C:/Xilinx/2025.1/data/xhub/boards\XilinxBoardStore\boards\Xilinx\vmk180_newl\production\1.0\board.xml as part xcvm1802-vsva2197-2mp-e-s specified in board_part file is either invalid or not available
WARNING: [Board 49-26] cannot add Board Part xilinx.com:vmk180_newl:part0:1.1 available at C:/Xilinx/2025.1/data/xhub/boards\XilinxBoardStore\boards\Xilinx\vmk180_newl\production\1.1\board.xml as part xcvm1802-vsva2197-2mp-e-s specified in board_part file is either invalid or not available
WARNING: [Board 49-26] cannot add Board Part xilinx.com:vpk120:part0:1.0 available at C:/Xilinx/2025.1/data/xhub/boards\XilinxBoardStore\boards\Xilinx\vpk120\production\1.0\board.xml as part xcvp1202-vsva2785-2mp-e-s specified in board_part file is either invalid or not available
WARNING: [Board 49-26] cannot add Board Part xilinx.com:vpk120:part0:1.1 available at C:/Xilinx/2025.1/data/xhub/boards\XilinxBoardStore\boards\Xilinx\vpk120\production\1.1\board.xml as part xcvp1202-vsva2785-2mp-e-s specified in board_part file is either invalid or not available
WARNING: [Board 49-26] cannot add Board Part xilinx.com:vpk120:part0:1.2 available at C:/Xilinx/2025.1/data/xhub/boards\XilinxBoardStore\boards\Xilinx\vpk120\production\1.2\board.xml as part xcvp1202-vsva2785-2mp-e-s specified in board_part file is either invalid or not available
WARNING: [Board 49-26] cannot add Board Part xilinx.com:vpk180:part0:1.0 available at C:/Xilinx/2025.1/data/xhub/boards\XilinxBoardStore\boards\Xilinx\vpk180\production\1.0\board.xml as part xcvp1802-lsvc4072-2mp-e-s specified in board_part file is either invalid or not available
WARNING: [Board 49-26] cannot add Board Part xilinx.com:vpk180:part0:1.1 available at C:/Xilinx/2025.1/data/xhub/boards\XilinxBoardStore\boards\Xilinx\vpk180\production\1.1\board.xml as part xcvp1802-lsvc4072-2mp-e-s specified in board_part file is either invalid or not available
WARNING: [Board 49-26] cannot add Board Part xilinx.com:vpk180:part0:1.2 available at C:/Xilinx/2025.1/data/xhub/boards\XilinxBoardStore\boards\Xilinx\vpk180\production\1.2\board.xml as part xcvp1802-lsvc4072-2mp-e-s specified in board_part file is either invalid or not available
WARNING: [Board 49-26] cannot add Board Part xilinx.com:zcu102:part0:3.3 available at C:/Xilinx/2025.1/data/xhub/boards\XilinxBoardStore\boards\Xilinx\zcu102\3.3\board.xml as part xczu9eg-ffvb1156-2-e specified in board_part file is either invalid or not available
WARNING: [Board 49-26] cannot add Board Part xilinx.com:zcu102:part0:3.4 available at C:/Xilinx/2025.1/data/xhub/boards\XilinxBoardStore\boards\Xilinx\zcu102\3.4\board.xml as part xczu9eg-ffvb1156-2-e specified in board_part file is either invalid or not available
WARNING: [Board 49-26] cannot add Board Part xilinx.com:zcu104:part0:1.1 available at C:/Xilinx/2025.1/data/xhub/boards\XilinxBoardStore\boards\Xilinx\zcu104\1.1\board.xml as part xczu7ev-ffvc1156-2-e specified in board_part file is either invalid or not available
WARNING: [Board 49-26] cannot add Board Part xilinx.com:zcu106:part0:2.4 available at C:/Xilinx/2025.1/data/xhub/boards\XilinxBoardStore\boards\Xilinx\zcu106\2.4\board.xml as part xczu7ev-ffvc1156-2-e specified in board_part file is either invalid or not available
WARNING: [Board 49-26] cannot add Board Part xilinx.com:zcu106:part0:2.5 available at C:/Xilinx/2025.1/data/xhub/boards\XilinxBoardStore\boards\Xilinx\zcu106\2.5\board.xml as part xczu7ev-ffvc1156-2-e specified in board_part file is either invalid or not available
WARNING: [Board 49-26] cannot add Board Part xilinx.com:zcu106:part0:2.6 available at C:/Xilinx/2025.1/data/xhub/boards\XilinxBoardStore\boards\Xilinx\zcu106\2.6\board.xml as part xczu7ev-ffvc1156-2-e specified in board_part file is either invalid or not available
WARNING: [Board 49-26] cannot add Board Part xilinx.com:zcu111:part0:1.2 available at C:/Xilinx/2025.1/data/xhub/boards\XilinxBoardStore\boards\Xilinx\zcu111\1.2\board.xml as part xczu28dr-ffvg1517-2-e specified in board_part file is either invalid or not available
WARNING: [Board 49-26] cannot add Board Part xilinx.com:zcu111:part0:1.3 available at C:/Xilinx/2025.1/data/xhub/boards\XilinxBoardStore\boards\Xilinx\zcu111\1.3\board.xml as part xczu28dr-ffvg1517-2-e specified in board_part file is either invalid or not available
WARNING: [Board 49-26] cannot add Board Part xilinx.com:zcu111:part0:1.4 available at C:/Xilinx/2025.1/data/xhub/boards\XilinxBoardStore\boards\Xilinx\zcu111\1.4\board.xml as part xczu28dr-ffvg1517-2-e specified in board_part file is either invalid or not available
WARNING: [Board 49-26] cannot add Board Part xilinx.com:zcu1275:part0:1.0 available at C:/Xilinx/2025.1/data/xhub/boards\XilinxBoardStore\boards\Xilinx\zcu1275\1.0\board.xml as part xczu29dr-ffvf1760-2-e specified in board_part file is either invalid or not available
WARNING: [Board 49-26] cannot add Board Part xilinx.com:zcu1285:part0:1.0 available at C:/Xilinx/2025.1/data/xhub/boards\XilinxBoardStore\boards\Xilinx\zcu1285\1.0\board.xml as part xczu39dr-ffvf1760-2-i specified in board_part file is either invalid or not available
WARNING: [Board 49-26] cannot add Board Part xilinx.com:zcu208:part0:2.0 available at C:/Xilinx/2025.1/data/xhub/boards\XilinxBoardStore\boards\Xilinx\zcu208\production\2.0\board.xml as part xczu48dr-fsvg1517-2-e specified in board_part file is either invalid or not available
WARNING: [Board 49-26] cannot add Board Part xilinx.com:zcu208ld:part0:2.0 available at C:/Xilinx/2025.1/data/xhub/boards\XilinxBoardStore\boards\Xilinx\zcu208ld\production\2.0\board.xml as part xczu58dr-fsvg1517-2-i specified in board_part file is either invalid or not available
WARNING: [Board 49-26] cannot add Board Part xilinx.com:zcu216:part0:2.0 available at C:/Xilinx/2025.1/data/xhub/boards\XilinxBoardStore\boards\Xilinx\zcu216\production\2.0\board.xml as part xczu49dr-ffvf1760-2-e specified in board_part file is either invalid or not available
WARNING: [Board 49-26] cannot add Board Part xilinx.com:zcu216ld:part0:2.0 available at C:/Xilinx/2025.1/data/xhub/boards\XilinxBoardStore\boards\Xilinx\zcu216ld\production\2.0\board.xml as part xczu59dr-ffvf1760-2-i specified in board_part file is either invalid or not available
WARNING: [Board 49-26] cannot add Board Part xilinx.com:zcu670:part0:2.0 available at C:/Xilinx/2025.1/data/xhub/boards\XilinxBoardStore\boards\Xilinx\zcu670\2.0\board.xml as part xczu67dr-fsve1156-2-i specified in board_part file is either invalid or not available
WARNING: [Board 49-26] cannot add Board Part xilinx.com:zcu670ld:part0:1.0 available at C:/Xilinx/2025.1/data/xhub/boards\XilinxBoardStore\boards\Xilinx\zcu670ld\1.0\board.xml as part xczu57dr-fsve1156-2-i specified in board_part file is either invalid or not available
WARNING: [Board 49-26] cannot add Board Part xilinx.com:emb-plus-vpr-4616:part0:1.0 available at C:/Xilinx/2025.1/data/xhub/boards\XilinxBoardStore\boards\Xilinx\emb-plus-vpr-4616\1.0\board.xml as part xcve2302-sfva784-2mp-e-s specified in board_part file is either invalid or not available
WARNING: [Board 49-26] cannot add Board Part xilinx.com:emb-plus-vpr-4616:part0:1.1 available at C:/Xilinx/2025.1/data/xhub/boards\XilinxBoardStore\boards\Xilinx\emb-plus-vpr-4616\1.1\board.xml as part xcve2302-sfva784-2mp-e-s specified in board_part file is either invalid or not available
WARNING: [Board 49-26] cannot add Board Part xilinx.com:k24c:part0:1.0 available at C:/Xilinx/2025.1/data/xhub/boards\XilinxBoardStore\boards\Xilinx\k24c\1.0\board.xml as part xck24-ubva530-2lv-c specified in board_part file is either invalid or not available
WARNING: [Board 49-26] cannot add Board Part xilinx.com:k24c:part0:1.1 available at C:/Xilinx/2025.1/data/xhub/boards\XilinxBoardStore\boards\Xilinx\k24c\1.1\board.xml as part xck24-ubva530-2lv-c specified in board_part file is either invalid or not available
WARNING: [Board 49-26] cannot add Board Part xilinx.com:k24i:part0:1.0 available at C:/Xilinx/2025.1/data/xhub/boards\XilinxBoardStore\boards\Xilinx\k24i\1.0\board.xml as part xck24-ubva530-2lvi-i specified in board_part file is either invalid or not available
WARNING: [Board 49-26] cannot add Board Part xilinx.com:k26c:part0:1.2 available at C:/Xilinx/2025.1/data/xhub/boards\XilinxBoardStore\boards\Xilinx\k26c\1.2\board.xml as part xck26-sfvc784-2lv-c specified in board_part file is either invalid or not available
WARNING: [Board 49-26] cannot add Board Part xilinx.com:k26c:part0:1.3 available at C:/Xilinx/2025.1/data/xhub/boards\XilinxBoardStore\boards\Xilinx\k26c\1.3\board.xml as part xck26-sfvc784-2lv-c specified in board_part file is either invalid or not available
WARNING: [Board 49-26] cannot add Board Part xilinx.com:k26c:part0:1.4 available at C:/Xilinx/2025.1/data/xhub/boards\XilinxBoardStore\boards\Xilinx\k26c\1.4\board.xml as part xck26-sfvc784-2lv-c specified in board_part file is either invalid or not available
WARNING: [Board 49-26] cannot add Board Part xilinx.com:k26i:part0:1.2 available at C:/Xilinx/2025.1/data/xhub/boards\XilinxBoardStore\boards\Xilinx\k26i\1.2\board.xml as part xck26-sfvc784-2lvi-i specified in board_part file is either invalid or not available
WARNING: [Board 49-26] cannot add Board Part xilinx.com:k26i:part0:1.3 available at C:/Xilinx/2025.1/data/xhub/boards\XilinxBoardStore\boards\Xilinx\k26i\1.3\board.xml as part xck26-sfvc784-2lvi-i specified in board_part file is either invalid or not available
WARNING: [Board 49-26] cannot add Board Part xilinx.com:k26i:part0:1.4 available at C:/Xilinx/2025.1/data/xhub/boards\XilinxBoardStore\boards\Xilinx\k26i\1.4\board.xml as part xck26-sfvc784-2lvi-i specified in board_part file is either invalid or not available
WARNING: [Board 49-26] cannot add Board Part xilinx.com:kcu105:part0:1.6 available at C:/Xilinx/2025.1/data/xhub/boards\XilinxBoardStore\boards\Xilinx\kcu105\1.6\board.xml as part xcku040-ffva1156-2-e specified in board_part file is either invalid or not available
WARNING: [Board 49-26] cannot add Board Part xilinx.com:kcu105:part0:1.7 available at C:/Xilinx/2025.1/data/xhub/boards\XilinxBoardStore\boards\Xilinx\kcu105\1.7\board.xml as part xcku040-ffva1156-2-e specified in board_part file is either invalid or not available
WARNING: [Board 49-26] cannot add Board Part xilinx.com:kcu116:part0:1.4 available at C:/Xilinx/2025.1/data/xhub/boards\XilinxBoardStore\boards\Xilinx\kcu116\1.4\board.xml as part xcku5p-ffvb676-2-e specified in board_part file is either invalid or not available
WARNING: [Board 49-26] cannot add Board Part xilinx.com:kcu116:part0:1.5 available at C:/Xilinx/2025.1/data/xhub/boards\XilinxBoardStore\boards\Xilinx\kcu116\1.5\board.xml as part xcku5p-ffvb676-2-e specified in board_part file is either invalid or not available
WARNING: [Board 49-26] cannot add Board Part xilinx.com:kcu1500:part0:1.2 available at C:/Xilinx/2025.1/data/xhub/boards\XilinxBoardStore\boards\Xilinx\kcu1500\1.2\board.xml as part xcku115-flvb2104-2-e specified in board_part file is either invalid or not available
WARNING: [Board 49-26] cannot add Board Part xilinx.com:kd240_som:part0:1.0 available at C:/Xilinx/2025.1/data/xhub/boards\XilinxBoardStore\boards\Xilinx\kd240_som\1.0\board.xml as part xck24-ubva530-2lv-c specified in board_part file is either invalid or not available
INFO: [Common 17-14] Message 'Board 49-26' appears 100 times and further instances of the messages will be disabled. Use the Tcl command set_msg_config to change the current settings.
create_project Counter_TB {D:/ECE/FPGA Training NTI/Counter_TB} -part xc7vx485tffg1157-1
INFO: [IP_Flow 19-234] Refreshing IP repositories
INFO: [IP_Flow 19-1704] No user IP repositories specified
INFO: [IP_Flow 19-2313] Loaded Vivado IP repository 'C:/Xilinx/2025.1/Vivado/data/ip'.
WARNING: [Board 49-26] cannot add Board Part xilinx.com:emb-plus-vpr-4616:part0:1.0 available at C:/Xilinx/2025.1/data/xhub/boards\XilinxBoardStore\boards\Xilinx\emb-plus-vpr-4616\1.0\board.xml as part xcve2302-sfva784-2mp-e-s specified in board_part file is either invalid or not available
WARNING: [Board 49-26] cannot add Board Part xilinx.com:emb-plus-vpr-4616:part0:1.1 available at C:/Xilinx/2025.1/data/xhub/boards\XilinxBoardStore\boards\Xilinx\emb-plus-vpr-4616\1.1\board.xml as part xcve2302-sfva784-2mp-e-s specified in board_part file is either invalid or not available
WARNING: [Board 49-26] cannot add Board Part xilinx.com:k24c:part0:1.0 available at C:/Xilinx/2025.1/data/xhub/boards\XilinxBoardStore\boards\Xilinx\k24c\1.0\board.xml as part xck24-ubva530-2lv-c specified in board_part file is either invalid or not available
WARNING: [Board 49-26] cannot add Board Part xilinx.com:k24c:part0:1.1 available at C:/Xilinx/2025.1/data/xhub/boards\XilinxBoardStore\boards\Xilinx\k24c\1.1\board.xml as part xck24-ubva530-2lv-c specified in board_part file is either invalid or not available
WARNING: [Board 49-26] cannot add Board Part xilinx.com:k24i:part0:1.0 available at C:/Xilinx/2025.1/data/xhub/boards\XilinxBoardStore\boards\Xilinx\k24i\1.0\board.xml as part xck24-ubva530-2lvi-i specified in board_part file is either invalid or not available
WARNING: [Board 49-26] cannot add Board Part xilinx.com:k26c:part0:1.2 available at C:/Xilinx/2025.1/data/xhub/boards\XilinxBoardStore\boards\Xilinx\k26c\1.2\board.xml as part xck26-sfvc784-2lv-c specified in board_part file is either invalid or not available
WARNING: [Board 49-26] cannot add Board Part xilinx.com:k26c:part0:1.3 available at C:/Xilinx/2025.1/data/xhub/boards\XilinxBoardStore\boards\Xilinx\k26c\1.3\board.xml as part xck26-sfvc784-2lv-c specified in board_part file is either invalid or not available
WARNING: [Board 49-26] cannot add Board Part xilinx.com:k26c:part0:1.4 available at C:/Xilinx/2025.1/data/xhub/boards\XilinxBoardStore\boards\Xilinx\k26c\1.4\board.xml as part xck26-sfvc784-2lv-c specified in board_part file is either invalid or not available
WARNING: [Board 49-26] cannot add Board Part xilinx.com:k26i:part0:1.2 available at C:/Xilinx/2025.1/data/xhub/boards\XilinxBoardStore\boards\Xilinx\k26i\1.2\board.xml as part xck26-sfvc784-2lvi-i specified in board_part file is either invalid or not available
WARNING: [Board 49-26] cannot add Board Part xilinx.com:k26i:part0:1.3 available at C:/Xilinx/2025.1/data/xhub/boards\XilinxBoardStore\boards\Xilinx\k26i\1.3\board.xml as part xck26-sfvc784-2lvi-i specified in board_part file is either invalid or not available
WARNING: [Board 49-26] cannot add Board Part xilinx.com:k26i:part0:1.4 available at C:/Xilinx/2025.1/data/xhub/boards\XilinxBoardStore\boards\Xilinx\k26i\1.4\board.xml as part xck26-sfvc784-2lvi-i specified in board_part file is either invalid or not available
WARNING: [Board 49-26] cannot add Board Part xilinx.com:kcu105:part0:1.6 available at C:/Xilinx/2025.1/data/xhub/boards\XilinxBoardStore\boards\Xilinx\kcu105\1.6\board.xml as part xcku040-ffva1156-2-e specified in board_part file is either invalid or not available
WARNING: [Board 49-26] cannot add Board Part xilinx.com:kcu105:part0:1.7 available at C:/Xilinx/2025.1/data/xhub/boards\XilinxBoardStore\boards\Xilinx\kcu105\1.7\board.xml as part xcku040-ffva1156-2-e specified in board_part file is either invalid or not available
WARNING: [Board 49-26] cannot add Board Part xilinx.com:kcu116:part0:1.4 available at C:/Xilinx/2025.1/data/xhub/boards\XilinxBoardStore\boards\Xilinx\kcu116\1.4\board.xml as part xcku5p-ffvb676-2-e specified in board_part file is either invalid or not available
WARNING: [Board 49-26] cannot add Board Part xilinx.com:kcu116:part0:1.5 available at C:/Xilinx/2025.1/data/xhub/boards\XilinxBoardStore\boards\Xilinx\kcu116\1.5\board.xml as part xcku5p-ffvb676-2-e specified in board_part file is either invalid or not available
WARNING: [Board 49-26] cannot add Board Part xilinx.com:kcu1500:part0:1.2 available at C:/Xilinx/2025.1/data/xhub/boards\XilinxBoardStore\boards\Xilinx\kcu1500\1.2\board.xml as part xcku115-flvb2104-2-e specified in board_part file is either invalid or not available
WARNING: [Board 49-26] cannot add Board Part xilinx.com:kd240_som:part0:1.0 available at C:/Xilinx/2025.1/data/xhub/boards\XilinxBoardStore\boards\Xilinx\kd240_som\1.0\board.xml as part xck24-ubva530-2lv-c specified in board_part file is either invalid or not available
WARNING: [Board 49-26] cannot add Board Part xilinx.com:kd240_som:part0:1.1 available at C:/Xilinx/2025.1/data/xhub/boards\XilinxBoardStore\boards\Xilinx\kd240_som\1.1\board.xml as part xck24-ubva530-2lv-c specified in board_part file is either invalid or not available
WARNING: [Board 49-26] cannot add Board Part xilinx.com:kr260_som:part0:1.0 available at C:/Xilinx/2025.1/data/xhub/boards\XilinxBoardStore\boards\Xilinx\kr260_som\1.0\board.xml as part xck26-sfvc784-2lv-c specified in board_part file is either invalid or not available
WARNING: [Board 49-26] cannot add Board Part xilinx.com:kr260_som:part0:1.1 available at C:/Xilinx/2025.1/data/xhub/boards\XilinxBoardStore\boards\Xilinx\kr260_som\1.1\board.xml as part xck26-sfvc784-2lv-c specified in board_part file is either invalid or not available
WARNING: [Board 49-26] cannot add Board Part xilinx.com:kv260_som:part0:1.2 available at C:/Xilinx/2025.1/data/xhub/boards\XilinxBoardStore\boards\Xilinx\kv260_som\1.2\board.xml as part xck26-sfvc784-2lv-c specified in board_part file is either invalid or not available
WARNING: [Board 49-26] cannot add Board Part xilinx.com:kv260_som:part0:1.3 available at C:/Xilinx/2025.1/data/xhub/boards\XilinxBoardStore\boards\Xilinx\kv260_som\1.3\board.xml as part xck26-sfvc784-2lv-c specified in board_part file is either invalid or not available
WARNING: [Board 49-26] cannot add Board Part xilinx.com:kv260_som:part0:1.4 available at C:/Xilinx/2025.1/data/xhub/boards\XilinxBoardStore\boards\Xilinx\kv260_som\1.4\board.xml as part xck26-sfvc784-2lv-c specified in board_part file is either invalid or not available
WARNING: [Board 49-26] cannot add Board Part xilinx.com:scu35:part0:1.0 available at C:/Xilinx/2025.1/data/xhub/boards\XilinxBoardStore\boards\Xilinx\scu35\1.0\board.xml as part xcsu35p-sbvb625-2-e specified in board_part file is either invalid or not available
WARNING: [Board 49-26] cannot add Board Part xilinx.com:v80:part0:1.0 available at C:/Xilinx/2025.1/data/xhub/boards\XilinxBoardStore\boards\Xilinx\v80\1.0\board.xml as part xcv80-lsva4737-2mhp-e-s specified in board_part file is either invalid or not available
WARNING: [Board 49-26] cannot add Board Part xilinx.com:vck190:part0:2.2 available at C:/Xilinx/2025.1/data/xhub/boards\XilinxBoardStore\boards\Xilinx\vck190\production\2.2\board.xml as part xcvc1902-vsva2197-2mp-e-s specified in board_part file is either invalid or not available
WARNING: [Board 49-26] cannot add Board Part xilinx.com:vck190:part0:3.0 available at C:/Xilinx/2025.1/data/xhub/boards\XilinxBoardStore\boards\Xilinx\vck190\production\3.0\board.xml as part xcvc1902-vsva2197-2mp-e-s specified in board_part file is either invalid or not available
WARNING: [Board 49-26] cannot add Board Part xilinx.com:vck190:part0:3.1 available at C:/Xilinx/2025.1/data/xhub/boards\XilinxBoardStore\boards\Xilinx\vck190\production\3.1\board.xml as part xcvc1902-vsva2197-2mp-e-s specified in board_part file is either invalid or not available
WARNING: [Board 49-26] cannot add Board Part xilinx.com:vck190:part0:3.2 available at C:/Xilinx/2025.1/data/xhub/boards\XilinxBoardStore\boards\Xilinx\vck190\production\3.2\board.xml as part xcvc1902-vsva2197-2mp-e-s specified in board_part file is either invalid or not available
WARNING: [Board 49-26] cannot add Board Part xilinx.com:vck190:part0:3.3 available at C:/Xilinx/2025.1/data/xhub/boards\XilinxBoardStore\boards\Xilinx\vck190\production\3.3\board.xml as part xcvc1902-vsva2197-2mp-e-s specified in board_part file is either invalid or not available
WARNING: [Board 49-26] cannot add Board Part xilinx.com:vck190:part0:3.4 available at C:/Xilinx/2025.1/data/xhub/boards\XilinxBoardStore\boards\Xilinx\vck190\production\3.4\board.xml as part xcvc1902-vsva2197-2mp-e-s specified in board_part file is either invalid or not available
WARNING: [Board 49-26] cannot add Board Part xilinx.com:vck190_newl:part0:1.0 available at C:/Xilinx/2025.1/data/xhub/boards\XilinxBoardStore\boards\Xilinx\vck190_newl\production\1.0\board.xml as part xcvc1902-vsva2197-2mp-e-s specified in board_part file is either invalid or not available
WARNING: [Board 49-26] cannot add Board Part xilinx.com:vck190_newl:part0:1.1 available at C:/Xilinx/2025.1/data/xhub/boards\XilinxBoardStore\boards\Xilinx\vck190_newl\production\1.1\board.xml as part xcvc1902-vsva2197-2mp-e-s specified in board_part file is either invalid or not available
WARNING: [Board 49-26] cannot add Board Part xilinx.com:vck190_newl:part0:1.2 available at C:/Xilinx/2025.1/data/xhub/boards\XilinxBoardStore\boards\Xilinx\vck190_newl\production\1.2\board.xml as part xcvc1902-vsva2197-2mp-e-s specified in board_part file is either invalid or not available
WARNING: [Board 49-26] cannot add Board Part xilinx.com:vck190_newl:part0:1.3 available at C:/Xilinx/2025.1/data/xhub/boards\XilinxBoardStore\boards\Xilinx\vck190_newl\production\1.3\board.xml as part xcvc1902-vsva2197-2mp-e-s specified in board_part file is either invalid or not available
WARNING: [Board 49-26] cannot add Board Part xilinx.com:vcu108:part0:1.6 available at C:/Xilinx/2025.1/data/xhub/boards\XilinxBoardStore\boards\Xilinx\vcu108\1.6\board.xml as part xcvu095-ffva2104-2-e specified in board_part file is either invalid or not available
WARNING: [Board 49-26] cannot add Board Part xilinx.com:vcu108:part0:1.7 available at C:/Xilinx/2025.1/data/xhub/boards\XilinxBoardStore\boards\Xilinx\vcu108\1.7\board.xml as part xcvu095-ffva2104-2-e specified in board_part file is either invalid or not available
WARNING: [Board 49-26] cannot add Board Part xilinx.com:vcu110:part0:1.4 available at C:/Xilinx/2025.1/data/xhub/boards\XilinxBoardStore\boards\Xilinx\vcu110\1.4\board.xml as part xcvu190-flgc2104-2-e specified in board_part file is either invalid or not available
WARNING: [Board 49-26] cannot add Board Part xilinx.com:vcu118:part0:2.0 available at C:/Xilinx/2025.1/data/xhub/boards\XilinxBoardStore\boards\Xilinx\vcu118\2.0\board.xml as part xcvu9p-flga2104-2l-e specified in board_part file is either invalid or not available
WARNING: [Board 49-26] cannot add Board Part xilinx.com:vcu118:part0:2.3 available at C:/Xilinx/2025.1/data/xhub/boards\XilinxBoardStore\boards\Xilinx\vcu118\2.3\board.xml as part xcvu9p-flga2104-2l-e specified in board_part file is either invalid or not available
WARNING: [Board 49-26] cannot add Board Part xilinx.com:vcu118:part0:2.4 available at C:/Xilinx/2025.1/data/xhub/boards\XilinxBoardStore\boards\Xilinx\vcu118\2.4\board.xml as part xcvu9p-flga2104-2l-e specified in board_part file is either invalid or not available
WARNING: [Board 49-26] cannot add Board Part xilinx.com:vcu128:part0:1.0 available at C:/Xilinx/2025.1/data/xhub/boards\XilinxBoardStore\boards\Xilinx\vcu128\production\1.0\board.xml as part xcvu37p-fsvh2892-2l-e specified in board_part file is either invalid or not available
WARNING: [Board 49-26] cannot add Board Part xilinx.com:vcu129:part0:1.0 available at C:/Xilinx/2025.1/data/xhub/boards\XilinxBoardStore\boards\Xilinx\vcu129\production\1.0\board.xml as part xcvu29p-fsga2577-2l-e specified in board_part file is either invalid or not available
WARNING: [Board 49-26] cannot add Board Part xilinx.com:vcu1525:part0:1.3 available at C:/Xilinx/2025.1/data/xhub/boards\XilinxBoardStore\boards\Xilinx\vcu1525\1.3\board.xml as part xcvu9p-fsgd2104-2l-e specified in board_part file is either invalid or not available
WARNING: [Board 49-26] cannot add Board Part xilinx.com:vek280:part0:1.0 available at C:/Xilinx/2025.1/data/xhub/boards\XilinxBoardStore\boards\Xilinx\vek280\production\1.0\board.xml as part xcve2802-vsvh1760-2mp-e-s specified in board_part file is either invalid or not available
WARNING: [Board 49-26] cannot add Board Part xilinx.com:vek280:part0:1.1 available at C:/Xilinx/2025.1/data/xhub/boards\XilinxBoardStore\boards\Xilinx\vek280\production\1.1\board.xml as part xcve2802-vsvh1760-2mp-e-s specified in board_part file is either invalid or not available
WARNING: [Board 49-26] cannot add Board Part xilinx.com:vek280:part0:1.2 available at C:/Xilinx/2025.1/data/xhub/boards\XilinxBoardStore\boards\Xilinx\vek280\production\1.2\board.xml as part xcve2802-vsvh1760-2mp-e-s specified in board_part file is either invalid or not available
WARNING: [Board 49-26] cannot add Board Part xilinx.com:vek385:part0:1.0 available at C:/Xilinx/2025.1/data/xhub/boards\XilinxBoardStore\boards\Xilinx\vek385\1.0\board.xml as part xc2ve3858-ssva2112-2mp-e-s specified in board_part file is either invalid or not available
WARNING: [Board 49-26] cannot add Board Part xilinx.com:vermeo_t1_mpsoc:part0:1.0 available at C:/Xilinx/2025.1/data/xhub/boards\XilinxBoardStore\boards\Xilinx\vermeo_t1_mpsoc\1.0\board.xml as part xczu19eg-ffvd1760-2l-e specified in board_part file is either invalid or not available
WARNING: [Board 49-26] cannot add Board Part xilinx.com:vermeo_t1_rfsoc:part0:1.0 available at C:/Xilinx/2025.1/data/xhub/boards\XilinxBoardStore\boards\Xilinx\vermeo_t1_rfsoc\1.0\board.xml as part xczu21dr-ffvd1156-2l-e specified in board_part file is either invalid or not available
WARNING: [Board 49-26] cannot add Board Part xilinx.com:vhk158:part0:1.0 available at C:/Xilinx/2025.1/data/xhub/boards\XilinxBoardStore\boards\Xilinx\vhk158\production\1.0\board.xml as part xcvh1582-vsva3697-2mp-e-s specified in board_part file is either invalid or not available
WARNING: [Board 49-26] cannot add Board Part xilinx.com:vhk158:part0:1.1 available at C:/Xilinx/2025.1/data/xhub/boards\XilinxBoardStore\boards\Xilinx\vhk158\production\1.1\board.xml as part xcvh1582-vsva3697-2mp-e-s specified in board_part file is either invalid or not available
WARNING: [Board 49-26] cannot add Board Part xilinx.com:vhk158:part0:1.2 available at C:/Xilinx/2025.1/data/xhub/boards\XilinxBoardStore\boards\Xilinx\vhk158\production\1.2\board.xml as part xcvh1582-vsva3697-2mp-e-s specified in board_part file is either invalid or not available
WARNING: [Board 49-26] cannot add Board Part xilinx.com:vmk180:part0:2.2 available at C:/Xilinx/2025.1/data/xhub/boards\XilinxBoardStore\boards\Xilinx\vmk180\production\2.2\board.xml as part xcvm1802-vsva2197-2mp-e-s specified in board_part file is either invalid or not available
WARNING: [Board 49-26] cannot add Board Part xilinx.com:vmk180:part0:3.0 available at C:/Xilinx/2025.1/data/xhub/boards\XilinxBoardStore\boards\Xilinx\vmk180\production\3.0\board.xml as part xcvm1802-vsva2197-2mp-e-s specified in board_part file is either invalid or not available
WARNING: [Board 49-26] cannot add Board Part xilinx.com:vmk180:part0:3.1 available at C:/Xilinx/2025.1/data/xhub/boards\XilinxBoardStore\boards\Xilinx\vmk180\production\3.1\board.xml as part xcvm1802-vsva2197-2mp-e-s specified in board_part file is either invalid or not available
WARNING: [Board 49-26] cannot add Board Part xilinx.com:vmk180:part0:3.2 available at C:/Xilinx/2025.1/data/xhub/boards\XilinxBoardStore\boards\Xilinx\vmk180\production\3.2\board.xml as part xcvm1802-vsva2197-2mp-e-s specified in board_part file is either invalid or not available
WARNING: [Board 49-26] cannot add Board Part xilinx.com:vmk180:part0:3.3 available at C:/Xilinx/2025.1/data/xhub/boards\XilinxBoardStore\boards\Xilinx\vmk180\production\3.3\board.xml as part xcvm1802-vsva2197-2mp-e-s specified in board_part file is either invalid or not available
WARNING: [Board 49-26] cannot add Board Part xilinx.com:vmk180_newl:part0:1.0 available at C:/Xilinx/2025.1/data/xhub/boards\XilinxBoardStore\boards\Xilinx\vmk180_newl\production\1.0\board.xml as part xcvm1802-vsva2197-2mp-e-s specified in board_part file is either invalid or not available
WARNING: [Board 49-26] cannot add Board Part xilinx.com:vmk180_newl:part0:1.1 available at C:/Xilinx/2025.1/data/xhub/boards\XilinxBoardStore\boards\Xilinx\vmk180_newl\production\1.1\board.xml as part xcvm1802-vsva2197-2mp-e-s specified in board_part file is either invalid or not available
WARNING: [Board 49-26] cannot add Board Part xilinx.com:vpk120:part0:1.0 available at C:/Xilinx/2025.1/data/xhub/boards\XilinxBoardStore\boards\Xilinx\vpk120\production\1.0\board.xml as part xcvp1202-vsva2785-2mp-e-s specified in board_part file is either invalid or not available
WARNING: [Board 49-26] cannot add Board Part xilinx.com:vpk120:part0:1.1 available at C:/Xilinx/2025.1/data/xhub/boards\XilinxBoardStore\boards\Xilinx\vpk120\production\1.1\board.xml as part xcvp1202-vsva2785-2mp-e-s specified in board_part file is either invalid or not available
WARNING: [Board 49-26] cannot add Board Part xilinx.com:vpk120:part0:1.2 available at C:/Xilinx/2025.1/data/xhub/boards\XilinxBoardStore\boards\Xilinx\vpk120\production\1.2\board.xml as part xcvp1202-vsva2785-2mp-e-s specified in board_part file is either invalid or not available
WARNING: [Board 49-26] cannot add Board Part xilinx.com:vpk180:part0:1.0 available at C:/Xilinx/2025.1/data/xhub/boards\XilinxBoardStore\boards\Xilinx\vpk180\production\1.0\board.xml as part xcvp1802-lsvc4072-2mp-e-s specified in board_part file is either invalid or not available
WARNING: [Board 49-26] cannot add Board Part xilinx.com:vpk180:part0:1.1 available at C:/Xilinx/2025.1/data/xhub/boards\XilinxBoardStore\boards\Xilinx\vpk180\production\1.1\board.xml as part xcvp1802-lsvc4072-2mp-e-s specified in board_part file is either invalid or not available
WARNING: [Board 49-26] cannot add Board Part xilinx.com:vpk180:part0:1.2 available at C:/Xilinx/2025.1/data/xhub/boards\XilinxBoardStore\boards\Xilinx\vpk180\production\1.2\board.xml as part xcvp1802-lsvc4072-2mp-e-s specified in board_part file is either invalid or not available
WARNING: [Board 49-26] cannot add Board Part xilinx.com:zcu102:part0:3.3 available at C:/Xilinx/2025.1/data/xhub/boards\XilinxBoardStore\boards\Xilinx\zcu102\3.3\board.xml as part xczu9eg-ffvb1156-2-e specified in board_part file is either invalid or not available
WARNING: [Board 49-26] cannot add Board Part xilinx.com:zcu102:part0:3.4 available at C:/Xilinx/2025.1/data/xhub/boards\XilinxBoardStore\boards\Xilinx\zcu102\3.4\board.xml as part xczu9eg-ffvb1156-2-e specified in board_part file is either invalid or not available
WARNING: [Board 49-26] cannot add Board Part xilinx.com:zcu104:part0:1.1 available at C:/Xilinx/2025.1/data/xhub/boards\XilinxBoardStore\boards\Xilinx\zcu104\1.1\board.xml as part xczu7ev-ffvc1156-2-e specified in board_part file is either invalid or not available
WARNING: [Board 49-26] cannot add Board Part xilinx.com:zcu106:part0:2.4 available at C:/Xilinx/2025.1/data/xhub/boards\XilinxBoardStore\boards\Xilinx\zcu106\2.4\board.xml as part xczu7ev-ffvc1156-2-e specified in board_part file is either invalid or not available
WARNING: [Board 49-26] cannot add Board Part xilinx.com:zcu106:part0:2.5 available at C:/Xilinx/2025.1/data/xhub/boards\XilinxBoardStore\boards\Xilinx\zcu106\2.5\board.xml as part xczu7ev-ffvc1156-2-e specified in board_part file is either invalid or not available
WARNING: [Board 49-26] cannot add Board Part xilinx.com:zcu106:part0:2.6 available at C:/Xilinx/2025.1/data/xhub/boards\XilinxBoardStore\boards\Xilinx\zcu106\2.6\board.xml as part xczu7ev-ffvc1156-2-e specified in board_part file is either invalid or not available
WARNING: [Board 49-26] cannot add Board Part xilinx.com:zcu111:part0:1.2 available at C:/Xilinx/2025.1/data/xhub/boards\XilinxBoardStore\boards\Xilinx\zcu111\1.2\board.xml as part xczu28dr-ffvg1517-2-e specified in board_part file is either invalid or not available
WARNING: [Board 49-26] cannot add Board Part xilinx.com:zcu111:part0:1.3 available at C:/Xilinx/2025.1/data/xhub/boards\XilinxBoardStore\boards\Xilinx\zcu111\1.3\board.xml as part xczu28dr-ffvg1517-2-e specified in board_part file is either invalid or not available
WARNING: [Board 49-26] cannot add Board Part xilinx.com:zcu111:part0:1.4 available at C:/Xilinx/2025.1/data/xhub/boards\XilinxBoardStore\boards\Xilinx\zcu111\1.4\board.xml as part xczu28dr-ffvg1517-2-e specified in board_part file is either invalid or not available
WARNING: [Board 49-26] cannot add Board Part xilinx.com:zcu1275:part0:1.0 available at C:/Xilinx/2025.1/data/xhub/boards\XilinxBoardStore\boards\Xilinx\zcu1275\1.0\board.xml as part xczu29dr-ffvf1760-2-e specified in board_part file is either invalid or not available
WARNING: [Board 49-26] cannot add Board Part xilinx.com:zcu1285:part0:1.0 available at C:/Xilinx/2025.1/data/xhub/boards\XilinxBoardStore\boards\Xilinx\zcu1285\1.0\board.xml as part xczu39dr-ffvf1760-2-i specified in board_part file is either invalid or not available
WARNING: [Board 49-26] cannot add Board Part xilinx.com:zcu208:part0:2.0 available at C:/Xilinx/2025.1/data/xhub/boards\XilinxBoardStore\boards\Xilinx\zcu208\production\2.0\board.xml as part xczu48dr-fsvg1517-2-e specified in board_part file is either invalid or not available
WARNING: [Board 49-26] cannot add Board Part xilinx.com:zcu208ld:part0:2.0 available at C:/Xilinx/2025.1/data/xhub/boards\XilinxBoardStore\boards\Xilinx\zcu208ld\production\2.0\board.xml as part xczu58dr-fsvg1517-2-i specified in board_part file is either invalid or not available
WARNING: [Board 49-26] cannot add Board Part xilinx.com:zcu216:part0:2.0 available at C:/Xilinx/2025.1/data/xhub/boards\XilinxBoardStore\boards\Xilinx\zcu216\production\2.0\board.xml as part xczu49dr-ffvf1760-2-e specified in board_part file is either invalid or not available
WARNING: [Board 49-26] cannot add Board Part xilinx.com:zcu216ld:part0:2.0 available at C:/Xilinx/2025.1/data/xhub/boards\XilinxBoardStore\boards\Xilinx\zcu216ld\production\2.0\board.xml as part xczu59dr-ffvf1760-2-i specified in board_part file is either invalid or not available
WARNING: [Board 49-26] cannot add Board Part xilinx.com:zcu670:part0:2.0 available at C:/Xilinx/2025.1/data/xhub/boards\XilinxBoardStore\boards\Xilinx\zcu670\2.0\board.xml as part xczu67dr-fsve1156-2-i specified in board_part file is either invalid or not available
WARNING: [Board 49-26] cannot add Board Part xilinx.com:zcu670ld:part0:1.0 available at C:/Xilinx/2025.1/data/xhub/boards\XilinxBoardStore\boards\Xilinx\zcu670ld\1.0\board.xml as part xczu57dr-fsve1156-2-i specified in board_part file is either invalid or not available
add_files -norecurse {{D:/ECE/FPGA Training NTI/counter_test.v} {D:/ECE/FPGA Training NTI/Generic_Counter/Generic_Counter.srcs/sources_1/new/counter.v}}
update_compile_order -fileset sources_1
current_project memory_tb
current_project Counter_TB
launch_simulation
Command: launch_simulation 
INFO: [Vivado 12-12493] Simulation top is 'counter_test'
INFO: [Vivado 12-5682] Launching behavioral simulation in 'D:/ECE/FPGA Training NTI/Counter_TB/Counter_TB.sim/sim_1/behav/xsim'
INFO: [SIM-utils-51] Simulation object is 'sim_1'
INFO: [SIM-utils-72] Using boost library from 'C:/Xilinx/2025.1/Vivado/tps/boost_1_72_0'
INFO: [SIM-utils-54] Inspecting design source files for 'counter_test' in fileset 'sim_1'...
INFO: [USF-XSim-97] Finding global include files...
INFO: [USF-XSim-98] Fetching design files from 'sim_1'...
INFO: [USF-XSim-2] XSim::Compile design
INFO: [USF-XSim-61] Executing 'COMPILE and ANALYZE' step in 'D:/ECE/FPGA Training NTI/Counter_TB/Counter_TB.sim/sim_1/behav/xsim'
"xvlog --incr --relax -prj counter_test_vlog.prj"
INFO: [VRFC 10-2263] Analyzing Verilog file "D:/ECE/FPGA Training NTI/Generic_Counter/Generic_Counter.srcs/sources_1/new/counter.v" into library xil_defaultlib
INFO: [VRFC 10-311] analyzing module counter_func
INFO: [VRFC 10-2263] Analyzing Verilog file "D:/ECE/FPGA Training NTI/counter_test.v" into library xil_defaultlib
INFO: [VRFC 10-311] analyzing module counter_test
INFO: [VRFC 10-2263] Analyzing Verilog file "D:/ECE/FPGA Training NTI/Counter_TB/Counter_TB.sim/sim_1/behav/xsim/glbl.v" into library xil_defaultlib
INFO: [VRFC 10-311] analyzing module glbl
INFO: [USF-XSim-69] 'compile' step finished in '1' seconds
INFO: [USF-XSim-3] XSim::Elaborate design
INFO: [USF-XSim-61] Executing 'ELABORATE' step in 'D:/ECE/FPGA Training NTI/Counter_TB/Counter_TB.sim/sim_1/behav/xsim'
"xelab --incr --debug typical --relax --mt 2 -L xil_defaultlib -L unisims_ver -L unimacro_ver -L secureip --snapshot counter_test_behav xil_defaultlib.counter_test xil_defaultlib.glbl -log elaborate.log"
Vivado Simulator v2025.1.0
Copyright 1986-2022 Xilinx, Inc. All Rights Reserved.
Copyright 2022-2025 Advanced Micro Devices, Inc. All Rights Reserved.
Running: C:/Xilinx/2025.1/Vivado/bin/unwrapped/win64.o/xelab.exe --incr --debug typical --relax --mt 2 -L xil_defaultlib -L unisims_ver -L unimacro_ver -L secureip --snapshot counter_test_behav xil_defaultlib.counter_test xil_defaultlib.glbl -log elaborate.log 
Using 2 slave threads.
Starting static elaboration
Pass Through NonSizing Optimizer
Completed static elaboration
Starting simulation data flow analysis
Completed simulation data flow analysis
Time Resolution for simulation is 1ps
Compiling module xil_defaultlib.counter_func
Compiling module xil_defaultlib.counter_test
Compiling module xil_defaultlib.glbl
Built simulation snapshot counter_test_behav
INFO: [USF-XSim-69] 'elaborate' step finished in '2' seconds
INFO: [USF-XSim-4] XSim::Simulate design
INFO: [USF-XSim-61] Executing 'SIMULATE' step in 'D:/ECE/FPGA Training NTI/Counter_TB/Counter_TB.sim/sim_1/behav/xsim'
INFO: [USF-XSim-98] *** Running xsim
   with args "counter_test_behav -key {Behavioral:sim_1:Functional:counter_test} -tclbatch {counter_test.tcl} -log {simulate.log}"
INFO: [USF-XSim-8] Loading simulator feature
Time resolution is 1 ps
source counter_test.tcl
# set curr_wave [current_wave_config]
# if { [string length $curr_wave] == 0 } {
#   if { [llength [get_objects]] > 0} {
#     add_wave /
#     set_property needs_save false [current_wave_config]
#   } else {
#      send_msg_id Add_Wave-1 WARNING "No top level signals found. Simulator will start without a wave window. If you want to open a wave window go to 'File->New Waveform Configuration' or type 'create_wave_config' in the TCL console."
#   }
# }
# run 1000ns
INFO: [USF-XSim-96] XSim completed. Design snapshot 'counter_test_behav' loaded.
INFO: [USF-XSim-97] XSim simulation ran for 1000ns
launch_simulation: Time (s): cpu = 00:00:04 ; elapsed = 00:00:07 . Memory (MB): peak = 3341.105 ; gain = 0.000
close_sim
WARNING: [filemgmt 56-199] Attempt to get parsing info during refresh. "On-the-fly" syntax checking information may be incorrect. [D:\ECE\FPGA Training NTI\stream_parity_gen\stream_parity_gen.srcs\sources_1\new\stream_parity_tb.v:]
WARNING: [filemgmt 56-199] Attempt to get parsing info during refresh. "On-the-fly" syntax checking information may be incorrect. [D:\ECE\FPGA Training NTI\stream_parity_gen\stream_parity_gen.srcs\sources_1\new\stream_parity_gen.v:]
WARNING: [filemgmt 56-199] Attempt to get parsing info during refresh. "On-the-fly" syntax checking information may be incorrect. [D:\ECE\FPGA Training NTI\stream_parity_gen\stream_parity_gen.srcs\sources_1\new\stream_parity_gen.v:]
WARNING: [filemgmt 56-199] Attempt to get parsing info during refresh. "On-the-fly" syntax checking information may be incorrect. [D:\ECE\FPGA Training NTI\stream_parity_gen\stream_parity_gen.srcs\sources_1\new\stream_parity_gen.v:]
WARNING: [filemgmt 56-199] Attempt to get parsing info during refresh. "On-the-fly" syntax checking information may be incorrect. [D:\ECE\FPGA Training NTI\memory_LAB8\project_1.srcs\sources_1\new\memory.v:]
WARNING: [filemgmt 56-199] Attempt to get parsing info during refresh. "On-the-fly" syntax checking information may be incorrect. [D:\ECE\FPGA Training NTI\memory_test.v:]
WARNING: [filemgmt 56-199] Attempt to get parsing info during refresh. "On-the-fly" syntax checking information may be incorrect. [D:\ECE\FPGA Training NTI\memory_test.v:]
WARNING: [filemgmt 56-199] Attempt to get parsing info during refresh. "On-the-fly" syntax checking information may be incorrect. [D:\ECE\FPGA Training NTI\memory_test.v:]
INFO: [Simtcl 6-16] Simulation closed
WARNING: [filemgmt 56-199] Attempt to get parsing info during refresh. "On-the-fly" syntax checking information may be incorrect. [D:\ECE\FPGA Training NTI\counter_test.v:]
WARNING: [filemgmt 56-199] Attempt to get parsing info during refresh. "On-the-fly" syntax checking information may be incorrect. [D:\ECE\FPGA Training NTI\Generic_Counter\Generic_Counter.srcs\sources_1\new\counter.v:]
WARNING: [filemgmt 56-199] Attempt to get parsing info during refresh. "On-the-fly" syntax checking information may be incorrect. [D:\ECE\FPGA Training NTI\Generic_Counter\Generic_Counter.srcs\sources_1\new\counter.v:]
WARNING: [filemgmt 56-199] Attempt to get parsing info during refresh. "On-the-fly" syntax checking information may be incorrect. [D:\ECE\FPGA Training NTI\Generic_Counter\Generic_Counter.srcs\sources_1\new\counter.v:]
ERROR: [Common 17-180] Spawn failed: The operation completed successfully.

ERROR: [Common 17-180] Spawn failed: The operation completed successfully.

launch_simulation
Command: launch_simulation 
INFO: [Vivado 12-12493] Simulation top is 'counter_test'
INFO: [Vivado 12-5682] Launching behavioral simulation in 'D:/ECE/FPGA Training NTI/Counter_TB/Counter_TB.sim/sim_1/behav/xsim'
INFO: [SIM-utils-51] Simulation object is 'sim_1'
INFO: [SIM-utils-72] Using boost library from 'C:/Xilinx/2025.1/Vivado/tps/boost_1_72_0'
INFO: [SIM-utils-54] Inspecting design source files for 'counter_test' in fileset 'sim_1'...
INFO: [USF-XSim-97] Finding global include files...
INFO: [USF-XSim-98] Fetching design files from 'sim_1'...
INFO: [USF-XSim-2] XSim::Compile design
INFO: [USF-XSim-61] Executing 'COMPILE and ANALYZE' step in 'D:/ECE/FPGA Training NTI/Counter_TB/Counter_TB.sim/sim_1/behav/xsim'
"xvlog --incr --relax -prj counter_test_vlog.prj"
INFO: [VRFC 10-2263] Analyzing Verilog file "D:/ECE/FPGA Training NTI/Generic_Counter/Generic_Counter.srcs/sources_1/new/counter.v" into library xil_defaultlib
INFO: [VRFC 10-311] analyzing module counter_func
INFO: [VRFC 10-2263] Analyzing Verilog file "D:/ECE/FPGA Training NTI/counter_test.v" into library xil_defaultlib
INFO: [VRFC 10-311] analyzing module counter_test
INFO: [USF-XSim-69] 'compile' step finished in '2' seconds
INFO: [USF-XSim-3] XSim::Elaborate design
INFO: [USF-XSim-61] Executing 'ELABORATE' step in 'D:/ECE/FPGA Training NTI/Counter_TB/Counter_TB.sim/sim_1/behav/xsim'
"xelab --incr --debug typical --relax --mt 2 -L xil_defaultlib -L unisims_ver -L unimacro_ver -L secureip --snapshot counter_test_behav xil_defaultlib.counter_test xil_defaultlib.glbl -log elaborate.log"
Vivado Simulator v2025.1.0
Copyright 1986-2022 Xilinx, Inc. All Rights Reserved.
Copyright 2022-2025 Advanced Micro Devices, Inc. All Rights Reserved.
Running: C:/Xilinx/2025.1/Vivado/bin/unwrapped/win64.o/xelab.exe --incr --debug typical --relax --mt 2 -L xil_defaultlib -L unisims_ver -L unimacro_ver -L secureip --snapshot counter_test_behav xil_defaultlib.counter_test xil_defaultlib.glbl -log elaborate.log 
Using 2 slave threads.
Starting static elaboration
Pass Through NonSizing Optimizer
Completed static elaboration
Starting simulation data flow analysis
Completed simulation data flow analysis
Time Resolution for simulation is 1ps
Compiling module xil_defaultlib.counter_func
Compiling module xil_defaultlib.counter_test
Compiling module xil_defaultlib.glbl
Built simulation snapshot counter_test_behav
INFO: [USF-XSim-69] 'elaborate' step finished in '2' seconds
INFO: [USF-XSim-4] XSim::Simulate design
INFO: [USF-XSim-61] Executing 'SIMULATE' step in 'D:/ECE/FPGA Training NTI/Counter_TB/Counter_TB.sim/sim_1/behav/xsim'
INFO: [USF-XSim-98] *** Running xsim
   with args "counter_test_behav -key {Behavioral:sim_1:Functional:counter_test} -tclbatch {counter_test.tcl} -log {simulate.log}"
INFO: [USF-XSim-8] Loading simulator feature
Time resolution is 1 ps
source counter_test.tcl
# set curr_wave [current_wave_config]
# if { [string length $curr_wave] == 0 } {
#   if { [llength [get_objects]] > 0} {
#     add_wave /
#     set_property needs_save false [current_wave_config]
#   } else {
#      send_msg_id Add_Wave-1 WARNING "No top level signals found. Simulator will start without a wave window. If you want to open a wave window go to 'File->New Waveform Configuration' or type 'create_wave_config' in the TCL console."
#   }
# }
# run 1000ns
TEST FAILED
At time 20 rst=0 load=1 enab=1 cnt_in=xxxxx cnt_out=xxxxx
cnt_out should be 00000
$finish called at time : 20 ns : File "D:/ECE/FPGA Training NTI/counter_test.v" Line 35
INFO: [USF-XSim-96] XSim completed. Design snapshot 'counter_test_behav' loaded.
INFO: [USF-XSim-97] XSim simulation ran for 1000ns
launch_simulation: Time (s): cpu = 00:00:04 ; elapsed = 00:00:07 . Memory (MB): peak = 3341.105 ; gain = 0.000
relaunch_sim
Command: launch_simulation -step compile -simset sim_1 -mode behavioral
INFO: [Vivado 12-12493] Simulation top is 'counter_test'
INFO: [Vivado 12-5682] Launching behavioral simulation in 'D:/ECE/FPGA Training NTI/Counter_TB/Counter_TB.sim/sim_1/behav/xsim'
INFO: [SIM-utils-51] Simulation object is 'sim_1'
INFO: [USF-XSim-2] XSim::Compile design
INFO: [USF-XSim-61] Executing 'COMPILE and ANALYZE' step in 'D:/ECE/FPGA Training NTI/Counter_TB/Counter_TB.sim/sim_1/behav/xsim'
"xvlog --incr --relax -prj counter_test_vlog.prj"
INFO: [VRFC 10-2263] Analyzing Verilog file "D:/ECE/FPGA Training NTI/Generic_Counter/Generic_Counter.srcs/sources_1/new/counter.v" into library xil_defaultlib
INFO: [VRFC 10-311] analyzing module counter_func
INFO: [VRFC 10-2263] Analyzing Verilog file "D:/ECE/FPGA Training NTI/counter_test.v" into library xil_defaultlib
INFO: [VRFC 10-311] analyzing module counter_test
INFO: [USF-XSim-69] 'compile' step finished in '2' seconds
Command: launch_simulation -step elaborate -simset sim_1 -mode behavioral
INFO: [Vivado 12-12493] Simulation top is 'counter_test'
INFO: [Vivado 12-5682] Launching behavioral simulation in 'D:/ECE/FPGA Training NTI/Counter_TB/Counter_TB.sim/sim_1/behav/xsim'
INFO: [SIM-utils-51] Simulation object is 'sim_1'
INFO: [USF-XSim-3] XSim::Elaborate design
INFO: [USF-XSim-61] Executing 'ELABORATE' step in 'D:/ECE/FPGA Training NTI/Counter_TB/Counter_TB.sim/sim_1/behav/xsim'
"xelab --incr --debug typical --relax --mt 2 -L xil_defaultlib -L unisims_ver -L unimacro_ver -L secureip --snapshot counter_test_behav xil_defaultlib.counter_test xil_defaultlib.glbl -log elaborate.log"
Vivado Simulator v2025.1.0
Copyright 1986-2022 Xilinx, Inc. All Rights Reserved.
Copyright 2022-2025 Advanced Micro Devices, Inc. All Rights Reserved.
Running: C:/Xilinx/2025.1/Vivado/bin/unwrapped/win64.o/xelab.exe --incr --debug typical --relax --mt 2 -L xil_defaultlib -L unisims_ver -L unimacro_ver -L secureip --snapshot counter_test_behav xil_defaultlib.counter_test xil_defaultlib.glbl -log elaborate.log 
Using 2 slave threads.
Starting static elaboration
Pass Through NonSizing Optimizer
Completed static elaboration
Starting simulation data flow analysis
Completed simulation data flow analysis
Time Resolution for simulation is 1ps
Compiling module xil_defaultlib.counter_func
Compiling module xil_defaultlib.counter_test
Compiling module xil_defaultlib.glbl
Built simulation snapshot counter_test_behav
INFO: [USF-XSim-69] 'elaborate' step finished in '2' seconds
Time resolution is 1 ps
At time 20 rst=0 load=1 enab=1 cnt_in=00000 cnt_out=00000
At time 30 rst=0 load=1 enab=1 cnt_in=00001 cnt_out=00001
At time 40 rst=0 load=1 enab=1 cnt_in=00010 cnt_out=00010
At time 50 rst=0 load=1 enab=1 cnt_in=00011 cnt_out=00011
At time 60 rst=0 load=1 enab=1 cnt_in=00100 cnt_out=00100
At time 70 rst=0 load=1 enab=1 cnt_in=00101 cnt_out=00101
At time 80 rst=0 load=1 enab=1 cnt_in=00110 cnt_out=00110
At time 90 rst=0 load=1 enab=1 cnt_in=00111 cnt_out=00111
At time 100 rst=0 load=1 enab=1 cnt_in=01000 cnt_out=01000
At time 110 rst=0 load=1 enab=1 cnt_in=01001 cnt_out=01001
At time 120 rst=0 load=1 enab=1 cnt_in=01010 cnt_out=01010
At time 130 rst=0 load=1 enab=1 cnt_in=01011 cnt_out=01011
At time 140 rst=0 load=1 enab=1 cnt_in=01100 cnt_out=01100
At time 150 rst=0 load=1 enab=1 cnt_in=01101 cnt_out=01101
At time 160 rst=0 load=1 enab=1 cnt_in=01110 cnt_out=01110
At time 170 rst=0 load=1 enab=1 cnt_in=01111 cnt_out=01111
At time 180 rst=0 load=1 enab=1 cnt_in=10000 cnt_out=10000
At time 190 rst=0 load=1 enab=1 cnt_in=10001 cnt_out=10001
At time 200 rst=0 load=1 enab=1 cnt_in=10010 cnt_out=10010
At time 210 rst=0 load=1 enab=1 cnt_in=10011 cnt_out=10011
At time 220 rst=0 load=1 enab=1 cnt_in=10100 cnt_out=10100
At time 230 rst=0 load=1 enab=1 cnt_in=10101 cnt_out=10101
At time 240 rst=0 load=1 enab=1 cnt_in=10110 cnt_out=10110
At time 250 rst=0 load=1 enab=1 cnt_in=10111 cnt_out=10111
At time 260 rst=0 load=1 enab=1 cnt_in=11000 cnt_out=11000
At time 270 rst=0 load=1 enab=1 cnt_in=11001 cnt_out=11001
At time 280 rst=0 load=1 enab=1 cnt_in=11010 cnt_out=11010
At time 290 rst=0 load=1 enab=1 cnt_in=11011 cnt_out=11011
At time 300 rst=0 load=1 enab=1 cnt_in=11100 cnt_out=11100
At time 310 rst=0 load=1 enab=1 cnt_in=11101 cnt_out=11101
At time 320 rst=0 load=1 enab=1 cnt_in=11110 cnt_out=11110
At time 330 rst=0 load=1 enab=1 cnt_in=11111 cnt_out=11111
At time 340 rst=0 load=1 enab=1 cnt_in=00000 cnt_out=00000
At time 350 rst=0 load=1 enab=1 cnt_in=00001 cnt_out=00001
At time 360 rst=0 load=1 enab=1 cnt_in=00010 cnt_out=00010
At time 370 rst=0 load=1 enab=1 cnt_in=00011 cnt_out=00011
At time 380 rst=0 load=1 enab=1 cnt_in=00100 cnt_out=00100
At time 390 rst=0 load=1 enab=1 cnt_in=00101 cnt_out=00101
At time 400 rst=0 load=1 enab=1 cnt_in=00110 cnt_out=00110
At time 410 rst=0 load=1 enab=1 cnt_in=00111 cnt_out=00111
At time 420 rst=0 load=1 enab=1 cnt_in=01000 cnt_out=01000
At time 430 rst=0 load=1 enab=1 cnt_in=01001 cnt_out=01001
At time 440 rst=0 load=1 enab=1 cnt_in=01010 cnt_out=01010
At time 450 rst=0 load=1 enab=1 cnt_in=01011 cnt_out=01011
At time 460 rst=0 load=1 enab=1 cnt_in=01100 cnt_out=01100
At time 470 rst=0 load=1 enab=1 cnt_in=01101 cnt_out=01101
At time 480 rst=0 load=1 enab=1 cnt_in=01110 cnt_out=01110
At time 490 rst=0 load=1 enab=1 cnt_in=01111 cnt_out=01111
At time 500 rst=0 load=1 enab=1 cnt_in=10000 cnt_out=10000
At time 510 rst=0 load=1 enab=1 cnt_in=10001 cnt_out=10001
At time 520 rst=0 load=1 enab=1 cnt_in=10010 cnt_out=10010
At time 530 rst=0 load=1 enab=1 cnt_in=10011 cnt_out=10011
At time 540 rst=0 load=1 enab=1 cnt_in=10100 cnt_out=10100
At time 550 rst=0 load=1 enab=1 cnt_in=10101 cnt_out=10101
At time 560 rst=0 load=1 enab=1 cnt_in=10110 cnt_out=10110
At time 570 rst=0 load=1 enab=1 cnt_in=10111 cnt_out=10111
At time 580 rst=0 load=1 enab=1 cnt_in=11000 cnt_out=11000
At time 590 rst=0 load=1 enab=1 cnt_in=11001 cnt_out=11001
At time 600 rst=0 load=1 enab=1 cnt_in=11010 cnt_out=11010
At time 610 rst=0 load=1 enab=1 cnt_in=11011 cnt_out=11011
At time 620 rst=0 load=1 enab=1 cnt_in=11100 cnt_out=11100
At time 630 rst=0 load=1 enab=1 cnt_in=11101 cnt_out=11101
At time 640 rst=0 load=1 enab=1 cnt_in=11110 cnt_out=11110
At time 650 rst=0 load=1 enab=1 cnt_in=11111 cnt_out=11111
At time 660 rst=1 load=1 enab=1 cnt_in=00000 cnt_out=00000
TEST FAILED
At time 670 rst=1 load=1 enab=1 cnt_in=00001 cnt_out=00000
cnt_out should be 00001
$finish called at time : 670 ns : File "D:/ECE/FPGA Training NTI/counter_test.v" Line 35
relaunch_sim: Time (s): cpu = 00:00:02 ; elapsed = 00:00:06 . Memory (MB): peak = 3341.105 ; gain = 0.000
current_project memory_tb
launch_simulation
Command: launch_simulation 
INFO: [Vivado 12-12493] Simulation top is 'memory_test'
INFO: [Vivado 12-5682] Launching behavioral simulation in 'D:/ECE/FPGA Training NTI/memory_tb/memory_tb.sim/sim_1/behav/xsim'
INFO: [SIM-utils-51] Simulation object is 'sim_1'
INFO: [SIM-utils-72] Using boost library from 'C:/Xilinx/2025.1/Vivado/tps/boost_1_72_0'
INFO: [SIM-utils-54] Inspecting design source files for 'memory_test' in fileset 'sim_1'...
INFO: [USF-XSim-97] Finding global include files...
INFO: [USF-XSim-98] Fetching design files from 'sim_1'...
INFO: [USF-XSim-2] XSim::Compile design
INFO: [USF-XSim-61] Executing 'COMPILE and ANALYZE' step in 'D:/ECE/FPGA Training NTI/memory_tb/memory_tb.sim/sim_1/behav/xsim'
"xvlog --incr --relax -prj memory_test_vlog.prj"
INFO: [VRFC 10-2263] Analyzing Verilog file "D:/ECE/FPGA Training NTI/memory_LAB8/project_1.srcs/sources_1/new/memory.v" into library xil_defaultlib
INFO: [VRFC 10-311] analyzing module memory
INFO: [VRFC 10-2263] Analyzing Verilog file "D:/ECE/FPGA Training NTI/memory_test.v" into library xil_defaultlib
INFO: [VRFC 10-311] analyzing module memory_test
INFO: [VRFC 10-2263] Analyzing Verilog file "D:/ECE/FPGA Training NTI/memory_tb/memory_tb.sim/sim_1/behav/xsim/glbl.v" into library xil_defaultlib
INFO: [VRFC 10-311] analyzing module glbl
INFO: [USF-XSim-69] 'compile' step finished in '2' seconds
INFO: [USF-XSim-3] XSim::Elaborate design
INFO: [USF-XSim-61] Executing 'ELABORATE' step in 'D:/ECE/FPGA Training NTI/memory_tb/memory_tb.sim/sim_1/behav/xsim'
"xelab --incr --debug typical --relax --mt 2 -L xil_defaultlib -L unisims_ver -L unimacro_ver -L secureip --snapshot memory_test_behav xil_defaultlib.memory_test xil_defaultlib.glbl -log elaborate.log"
Vivado Simulator v2025.1.0
Copyright 1986-2022 Xilinx, Inc. All Rights Reserved.
Copyright 2022-2025 Advanced Micro Devices, Inc. All Rights Reserved.
Running: C:/Xilinx/2025.1/Vivado/bin/unwrapped/win64.o/xelab.exe --incr --debug typical --relax --mt 2 -L xil_defaultlib -L unisims_ver -L unimacro_ver -L secureip --snapshot memory_test_behav xil_defaultlib.memory_test xil_defaultlib.glbl -log elaborate.log 
Using 2 slave threads.
Starting static elaboration
Pass Through NonSizing Optimizer
Completed static elaboration
Starting simulation data flow analysis
Completed simulation data flow analysis
Time Resolution for simulation is 1ps
Compiling module xil_defaultlib.memory
Compiling module xil_defaultlib.memory_test
Compiling module xil_defaultlib.glbl
Built simulation snapshot memory_test_behav
INFO: [USF-XSim-69] 'elaborate' step finished in '2' seconds
INFO: [USF-XSim-4] XSim::Simulate design
INFO: [USF-XSim-61] Executing 'SIMULATE' step in 'D:/ECE/FPGA Training NTI/memory_tb/memory_tb.sim/sim_1/behav/xsim'
INFO: [USF-XSim-98] *** Running xsim
   with args "memory_test_behav -key {Behavioral:sim_1:Functional:memory_test} -tclbatch {memory_test.tcl} -log {simulate.log}"
INFO: [USF-XSim-8] Loading simulator feature
Time resolution is 1 ps
source memory_test.tcl
# set curr_wave [current_wave_config]
# if { [string length $curr_wave] == 0 } {
#   if { [llength [get_objects]] > 0} {
#     add_wave /
#     set_property needs_save false [current_wave_config]
#   } else {
#      send_msg_id Add_Wave-1 WARNING "No top level signals found. Simulator will start without a wave window. If you want to open a wave window go to 'File->New Waveform Configuration' or type 'create_wave_config' in the TCL console."
#   }
# }
# run 1000ns
Writing addr=00000 data=11111111
Writing addr=11111 data=00000000
Reading addr=00000 data=11111111
At time 40 addr=00000 data=11111111
Reading addr=11111 data=00000000
At time 50 addr=11111 data=00000000
Writing ascending data to   descending addresses
Reading ascending data from descending addresses
At time 370 addr=11111 data=00000000
At time 380 addr=11110 data=00000001
At time 390 addr=11101 data=00000010
At time 400 addr=11100 data=00000011
At time 410 addr=11011 data=00000100
At time 420 addr=11010 data=00000101
At time 430 addr=11001 data=00000110
At time 440 addr=11000 data=00000111
At time 450 addr=10111 data=00001000
At time 460 addr=10110 data=00001001
At time 470 addr=10101 data=00001010
At time 480 addr=10100 data=00001011
At time 490 addr=10011 data=00001100
At time 500 addr=10010 data=00001101
At time 510 addr=10001 data=00001110
At time 520 addr=10000 data=00001111
At time 530 addr=01111 data=00010000
At time 540 addr=01110 data=00010001
At time 550 addr=01101 data=00010010
At time 560 addr=01100 data=00010011
At time 570 addr=01011 data=00010100
At time 580 addr=01010 data=00010101
At time 590 addr=01001 data=00010110
At time 600 addr=01000 data=00010111
At time 610 addr=00111 data=00011000
At time 620 addr=00110 data=00011001
At time 630 addr=00101 data=00011010
At time 640 addr=00100 data=00011011
At time 650 addr=00011 data=00011100
At time 660 addr=00010 data=00011101
At time 670 addr=00001 data=00011110
TEST PASSED
$finish called at time : 670 ns : File "D:/ECE/FPGA Training NTI/memory_test.v" Line 74
INFO: [USF-XSim-96] XSim completed. Design snapshot 'memory_test_behav' loaded.
INFO: [USF-XSim-97] XSim simulation ran for 1000ns
launch_simulation: Time (s): cpu = 00:00:04 ; elapsed = 00:00:07 . Memory (MB): peak = 3341.105 ; gain = 0.000
WARNING: [filemgmt 56-199] Attempt to get parsing info during refresh. "On-the-fly" syntax checking information may be incorrect. [D:\ECE\FPGA Training NTI\counter_test.v:]
WARNING: [filemgmt 56-199] Attempt to get parsing info during refresh. "On-the-fly" syntax checking information may be incorrect. [D:\ECE\FPGA Training NTI\Generic_Counter\Generic_Counter.srcs\sources_1\new\counter.v:]
WARNING: [filemgmt 56-199] Attempt to get parsing info during refresh. "On-the-fly" syntax checking information may be incorrect. [D:\ECE\FPGA Training NTI\Generic_Counter\Generic_Counter.srcs\sources_1\new\counter.v:]
WARNING: [filemgmt 56-199] Attempt to get parsing info during refresh. "On-the-fly" syntax checking information may be incorrect. [D:\ECE\FPGA Training NTI\Generic_Counter\Generic_Counter.srcs\sources_1\new\counter.v:]
WARNING: [filemgmt 56-199] Attempt to get parsing info during refresh. "On-the-fly" syntax checking information may be incorrect. [D:\ECE\FPGA Training NTI\memory_LAB8\project_1.srcs\sources_1\new\memory.v:]
WARNING: [filemgmt 56-199] Attempt to get parsing info during refresh. "On-the-fly" syntax checking information may be incorrect. [D:\ECE\FPGA Training NTI\memory_test.v:]
WARNING: [filemgmt 56-199] Attempt to get parsing info during refresh. "On-the-fly" syntax checking information may be incorrect. [D:\ECE\FPGA Training NTI\memory_LAB8\project_1.srcs\sources_1\new\memory.v:]
WARNING: [filemgmt 56-199] Attempt to get parsing info during refresh. "On-the-fly" syntax checking information may be incorrect. [D:\ECE\FPGA Training NTI\memory_LAB8\project_1.srcs\sources_1\new\memory.v:]
ERROR: [Common 17-180] Spawn failed: The operation completed successfully.

ERROR: [Common 17-180] Spawn failed: The operation completed successfully.

WARNING: [Board 49-26] cannot add Board Part xilinx.com:emb-plus-vpr-4616:part0:1.0 available at C:/Xilinx/2025.1/data/xhub/boards\XilinxBoardStore\boards\Xilinx\emb-plus-vpr-4616\1.0\board.xml as part xcve2302-sfva784-2mp-e-s specified in board_part file is either invalid or not available
WARNING: [Board 49-26] cannot add Board Part xilinx.com:emb-plus-vpr-4616:part0:1.1 available at C:/Xilinx/2025.1/data/xhub/boards\XilinxBoardStore\boards\Xilinx\emb-plus-vpr-4616\1.1\board.xml as part xcve2302-sfva784-2mp-e-s specified in board_part file is either invalid or not available
WARNING: [Board 49-26] cannot add Board Part xilinx.com:k24c:part0:1.0 available at C:/Xilinx/2025.1/data/xhub/boards\XilinxBoardStore\boards\Xilinx\k24c\1.0\board.xml as part xck24-ubva530-2lv-c specified in board_part file is either invalid or not available
WARNING: [Board 49-26] cannot add Board Part xilinx.com:k24c:part0:1.1 available at C:/Xilinx/2025.1/data/xhub/boards\XilinxBoardStore\boards\Xilinx\k24c\1.1\board.xml as part xck24-ubva530-2lv-c specified in board_part file is either invalid or not available
WARNING: [Board 49-26] cannot add Board Part xilinx.com:k24i:part0:1.0 available at C:/Xilinx/2025.1/data/xhub/boards\XilinxBoardStore\boards\Xilinx\k24i\1.0\board.xml as part xck24-ubva530-2lvi-i specified in board_part file is either invalid or not available
WARNING: [Board 49-26] cannot add Board Part xilinx.com:k26c:part0:1.2 available at C:/Xilinx/2025.1/data/xhub/boards\XilinxBoardStore\boards\Xilinx\k26c\1.2\board.xml as part xck26-sfvc784-2lv-c specified in board_part file is either invalid or not available
WARNING: [Board 49-26] cannot add Board Part xilinx.com:k26c:part0:1.3 available at C:/Xilinx/2025.1/data/xhub/boards\XilinxBoardStore\boards\Xilinx\k26c\1.3\board.xml as part xck26-sfvc784-2lv-c specified in board_part file is either invalid or not available
WARNING: [Board 49-26] cannot add Board Part xilinx.com:k26c:part0:1.4 available at C:/Xilinx/2025.1/data/xhub/boards\XilinxBoardStore\boards\Xilinx\k26c\1.4\board.xml as part xck26-sfvc784-2lv-c specified in board_part file is either invalid or not available
WARNING: [Board 49-26] cannot add Board Part xilinx.com:k26i:part0:1.2 available at C:/Xilinx/2025.1/data/xhub/boards\XilinxBoardStore\boards\Xilinx\k26i\1.2\board.xml as part xck26-sfvc784-2lvi-i specified in board_part file is either invalid or not available
WARNING: [Board 49-26] cannot add Board Part xilinx.com:k26i:part0:1.3 available at C:/Xilinx/2025.1/data/xhub/boards\XilinxBoardStore\boards\Xilinx\k26i\1.3\board.xml as part xck26-sfvc784-2lvi-i specified in board_part file is either invalid or not available
WARNING: [Board 49-26] cannot add Board Part xilinx.com:k26i:part0:1.4 available at C:/Xilinx/2025.1/data/xhub/boards\XilinxBoardStore\boards\Xilinx\k26i\1.4\board.xml as part xck26-sfvc784-2lvi-i specified in board_part file is either invalid or not available
WARNING: [Board 49-26] cannot add Board Part xilinx.com:kcu105:part0:1.6 available at C:/Xilinx/2025.1/data/xhub/boards\XilinxBoardStore\boards\Xilinx\kcu105\1.6\board.xml as part xcku040-ffva1156-2-e specified in board_part file is either invalid or not available
WARNING: [Board 49-26] cannot add Board Part xilinx.com:kcu105:part0:1.7 available at C:/Xilinx/2025.1/data/xhub/boards\XilinxBoardStore\boards\Xilinx\kcu105\1.7\board.xml as part xcku040-ffva1156-2-e specified in board_part file is either invalid or not available
WARNING: [Board 49-26] cannot add Board Part xilinx.com:kcu116:part0:1.4 available at C:/Xilinx/2025.1/data/xhub/boards\XilinxBoardStore\boards\Xilinx\kcu116\1.4\board.xml as part xcku5p-ffvb676-2-e specified in board_part file is either invalid or not available
WARNING: [Board 49-26] cannot add Board Part xilinx.com:kcu116:part0:1.5 available at C:/Xilinx/2025.1/data/xhub/boards\XilinxBoardStore\boards\Xilinx\kcu116\1.5\board.xml as part xcku5p-ffvb676-2-e specified in board_part file is either invalid or not available
WARNING: [Board 49-26] cannot add Board Part xilinx.com:kcu1500:part0:1.2 available at C:/Xilinx/2025.1/data/xhub/boards\XilinxBoardStore\boards\Xilinx\kcu1500\1.2\board.xml as part xcku115-flvb2104-2-e specified in board_part file is either invalid or not available
WARNING: [Board 49-26] cannot add Board Part xilinx.com:kd240_som:part0:1.0 available at C:/Xilinx/2025.1/data/xhub/boards\XilinxBoardStore\boards\Xilinx\kd240_som\1.0\board.xml as part xck24-ubva530-2lv-c specified in board_part file is either invalid or not available
WARNING: [Board 49-26] cannot add Board Part xilinx.com:kd240_som:part0:1.1 available at C:/Xilinx/2025.1/data/xhub/boards\XilinxBoardStore\boards\Xilinx\kd240_som\1.1\board.xml as part xck24-ubva530-2lv-c specified in board_part file is either invalid or not available
WARNING: [Board 49-26] cannot add Board Part xilinx.com:kr260_som:part0:1.0 available at C:/Xilinx/2025.1/data/xhub/boards\XilinxBoardStore\boards\Xilinx\kr260_som\1.0\board.xml as part xck26-sfvc784-2lv-c specified in board_part file is either invalid or not available
WARNING: [Board 49-26] cannot add Board Part xilinx.com:kr260_som:part0:1.1 available at C:/Xilinx/2025.1/data/xhub/boards\XilinxBoardStore\boards\Xilinx\kr260_som\1.1\board.xml as part xck26-sfvc784-2lv-c specified in board_part file is either invalid or not available
WARNING: [Board 49-26] cannot add Board Part xilinx.com:kv260_som:part0:1.2 available at C:/Xilinx/2025.1/data/xhub/boards\XilinxBoardStore\boards\Xilinx\kv260_som\1.2\board.xml as part xck26-sfvc784-2lv-c specified in board_part file is either invalid or not available
WARNING: [Board 49-26] cannot add Board Part xilinx.com:kv260_som:part0:1.3 available at C:/Xilinx/2025.1/data/xhub/boards\XilinxBoardStore\boards\Xilinx\kv260_som\1.3\board.xml as part xck26-sfvc784-2lv-c specified in board_part file is either invalid or not available
WARNING: [Board 49-26] cannot add Board Part xilinx.com:kv260_som:part0:1.4 available at C:/Xilinx/2025.1/data/xhub/boards\XilinxBoardStore\boards\Xilinx\kv260_som\1.4\board.xml as part xck26-sfvc784-2lv-c specified in board_part file is either invalid or not available
WARNING: [Board 49-26] cannot add Board Part xilinx.com:scu35:part0:1.0 available at C:/Xilinx/2025.1/data/xhub/boards\XilinxBoardStore\boards\Xilinx\scu35\1.0\board.xml as part xcsu35p-sbvb625-2-e specified in board_part file is either invalid or not available
WARNING: [Board 49-26] cannot add Board Part xilinx.com:v80:part0:1.0 available at C:/Xilinx/2025.1/data/xhub/boards\XilinxBoardStore\boards\Xilinx\v80\1.0\board.xml as part xcv80-lsva4737-2mhp-e-s specified in board_part file is either invalid or not available
WARNING: [Board 49-26] cannot add Board Part xilinx.com:vck190:part0:2.2 available at C:/Xilinx/2025.1/data/xhub/boards\XilinxBoardStore\boards\Xilinx\vck190\production\2.2\board.xml as part xcvc1902-vsva2197-2mp-e-s specified in board_part file is either invalid or not available
WARNING: [Board 49-26] cannot add Board Part xilinx.com:vck190:part0:3.0 available at C:/Xilinx/2025.1/data/xhub/boards\XilinxBoardStore\boards\Xilinx\vck190\production\3.0\board.xml as part xcvc1902-vsva2197-2mp-e-s specified in board_part file is either invalid or not available
WARNING: [Board 49-26] cannot add Board Part xilinx.com:vck190:part0:3.1 available at C:/Xilinx/2025.1/data/xhub/boards\XilinxBoardStore\boards\Xilinx\vck190\production\3.1\board.xml as part xcvc1902-vsva2197-2mp-e-s specified in board_part file is either invalid or not available
WARNING: [Board 49-26] cannot add Board Part xilinx.com:vck190:part0:3.2 available at C:/Xilinx/2025.1/data/xhub/boards\XilinxBoardStore\boards\Xilinx\vck190\production\3.2\board.xml as part xcvc1902-vsva2197-2mp-e-s specified in board_part file is either invalid or not available
WARNING: [Board 49-26] cannot add Board Part xilinx.com:vck190:part0:3.3 available at C:/Xilinx/2025.1/data/xhub/boards\XilinxBoardStore\boards\Xilinx\vck190\production\3.3\board.xml as part xcvc1902-vsva2197-2mp-e-s specified in board_part file is either invalid or not available
WARNING: [Board 49-26] cannot add Board Part xilinx.com:vck190:part0:3.4 available at C:/Xilinx/2025.1/data/xhub/boards\XilinxBoardStore\boards\Xilinx\vck190\production\3.4\board.xml as part xcvc1902-vsva2197-2mp-e-s specified in board_part file is either invalid or not available
WARNING: [Board 49-26] cannot add Board Part xilinx.com:vck190_newl:part0:1.0 available at C:/Xilinx/2025.1/data/xhub/boards\XilinxBoardStore\boards\Xilinx\vck190_newl\production\1.0\board.xml as part xcvc1902-vsva2197-2mp-e-s specified in board_part file is either invalid or not available
WARNING: [Board 49-26] cannot add Board Part xilinx.com:vck190_newl:part0:1.1 available at C:/Xilinx/2025.1/data/xhub/boards\XilinxBoardStore\boards\Xilinx\vck190_newl\production\1.1\board.xml as part xcvc1902-vsva2197-2mp-e-s specified in board_part file is either invalid or not available
WARNING: [Board 49-26] cannot add Board Part xilinx.com:vck190_newl:part0:1.2 available at C:/Xilinx/2025.1/data/xhub/boards\XilinxBoardStore\boards\Xilinx\vck190_newl\production\1.2\board.xml as part xcvc1902-vsva2197-2mp-e-s specified in board_part file is either invalid or not available
WARNING: [Board 49-26] cannot add Board Part xilinx.com:vck190_newl:part0:1.3 available at C:/Xilinx/2025.1/data/xhub/boards\XilinxBoardStore\boards\Xilinx\vck190_newl\production\1.3\board.xml as part xcvc1902-vsva2197-2mp-e-s specified in board_part file is either invalid or not available
WARNING: [Board 49-26] cannot add Board Part xilinx.com:vcu108:part0:1.6 available at C:/Xilinx/2025.1/data/xhub/boards\XilinxBoardStore\boards\Xilinx\vcu108\1.6\board.xml as part xcvu095-ffva2104-2-e specified in board_part file is either invalid or not available
WARNING: [Board 49-26] cannot add Board Part xilinx.com:vcu108:part0:1.7 available at C:/Xilinx/2025.1/data/xhub/boards\XilinxBoardStore\boards\Xilinx\vcu108\1.7\board.xml as part xcvu095-ffva2104-2-e specified in board_part file is either invalid or not available
WARNING: [Board 49-26] cannot add Board Part xilinx.com:vcu110:part0:1.4 available at C:/Xilinx/2025.1/data/xhub/boards\XilinxBoardStore\boards\Xilinx\vcu110\1.4\board.xml as part xcvu190-flgc2104-2-e specified in board_part file is either invalid or not available
WARNING: [Board 49-26] cannot add Board Part xilinx.com:vcu118:part0:2.0 available at C:/Xilinx/2025.1/data/xhub/boards\XilinxBoardStore\boards\Xilinx\vcu118\2.0\board.xml as part xcvu9p-flga2104-2l-e specified in board_part file is either invalid or not available
WARNING: [Board 49-26] cannot add Board Part xilinx.com:vcu118:part0:2.3 available at C:/Xilinx/2025.1/data/xhub/boards\XilinxBoardStore\boards\Xilinx\vcu118\2.3\board.xml as part xcvu9p-flga2104-2l-e specified in board_part file is either invalid or not available
WARNING: [Board 49-26] cannot add Board Part xilinx.com:vcu118:part0:2.4 available at C:/Xilinx/2025.1/data/xhub/boards\XilinxBoardStore\boards\Xilinx\vcu118\2.4\board.xml as part xcvu9p-flga2104-2l-e specified in board_part file is either invalid or not available
WARNING: [Board 49-26] cannot add Board Part xilinx.com:vcu128:part0:1.0 available at C:/Xilinx/2025.1/data/xhub/boards\XilinxBoardStore\boards\Xilinx\vcu128\production\1.0\board.xml as part xcvu37p-fsvh2892-2l-e specified in board_part file is either invalid or not available
WARNING: [Board 49-26] cannot add Board Part xilinx.com:vcu129:part0:1.0 available at C:/Xilinx/2025.1/data/xhub/boards\XilinxBoardStore\boards\Xilinx\vcu129\production\1.0\board.xml as part xcvu29p-fsga2577-2l-e specified in board_part file is either invalid or not available
WARNING: [Board 49-26] cannot add Board Part xilinx.com:vcu1525:part0:1.3 available at C:/Xilinx/2025.1/data/xhub/boards\XilinxBoardStore\boards\Xilinx\vcu1525\1.3\board.xml as part xcvu9p-fsgd2104-2l-e specified in board_part file is either invalid or not available
WARNING: [Board 49-26] cannot add Board Part xilinx.com:vek280:part0:1.0 available at C:/Xilinx/2025.1/data/xhub/boards\XilinxBoardStore\boards\Xilinx\vek280\production\1.0\board.xml as part xcve2802-vsvh1760-2mp-e-s specified in board_part file is either invalid or not available
WARNING: [Board 49-26] cannot add Board Part xilinx.com:vek280:part0:1.1 available at C:/Xilinx/2025.1/data/xhub/boards\XilinxBoardStore\boards\Xilinx\vek280\production\1.1\board.xml as part xcve2802-vsvh1760-2mp-e-s specified in board_part file is either invalid or not available
WARNING: [Board 49-26] cannot add Board Part xilinx.com:vek280:part0:1.2 available at C:/Xilinx/2025.1/data/xhub/boards\XilinxBoardStore\boards\Xilinx\vek280\production\1.2\board.xml as part xcve2802-vsvh1760-2mp-e-s specified in board_part file is either invalid or not available
WARNING: [Board 49-26] cannot add Board Part xilinx.com:vek385:part0:1.0 available at C:/Xilinx/2025.1/data/xhub/boards\XilinxBoardStore\boards\Xilinx\vek385\1.0\board.xml as part xc2ve3858-ssva2112-2mp-e-s specified in board_part file is either invalid or not available
WARNING: [Board 49-26] cannot add Board Part xilinx.com:vermeo_t1_mpsoc:part0:1.0 available at C:/Xilinx/2025.1/data/xhub/boards\XilinxBoardStore\boards\Xilinx\vermeo_t1_mpsoc\1.0\board.xml as part xczu19eg-ffvd1760-2l-e specified in board_part file is either invalid or not available
WARNING: [Board 49-26] cannot add Board Part xilinx.com:vermeo_t1_rfsoc:part0:1.0 available at C:/Xilinx/2025.1/data/xhub/boards\XilinxBoardStore\boards\Xilinx\vermeo_t1_rfsoc\1.0\board.xml as part xczu21dr-ffvd1156-2l-e specified in board_part file is either invalid or not available
WARNING: [Board 49-26] cannot add Board Part xilinx.com:vhk158:part0:1.0 available at C:/Xilinx/2025.1/data/xhub/boards\XilinxBoardStore\boards\Xilinx\vhk158\production\1.0\board.xml as part xcvh1582-vsva3697-2mp-e-s specified in board_part file is either invalid or not available
WARNING: [Board 49-26] cannot add Board Part xilinx.com:vhk158:part0:1.1 available at C:/Xilinx/2025.1/data/xhub/boards\XilinxBoardStore\boards\Xilinx\vhk158\production\1.1\board.xml as part xcvh1582-vsva3697-2mp-e-s specified in board_part file is either invalid or not available
WARNING: [Board 49-26] cannot add Board Part xilinx.com:vhk158:part0:1.2 available at C:/Xilinx/2025.1/data/xhub/boards\XilinxBoardStore\boards\Xilinx\vhk158\production\1.2\board.xml as part xcvh1582-vsva3697-2mp-e-s specified in board_part file is either invalid or not available
WARNING: [Board 49-26] cannot add Board Part xilinx.com:vmk180:part0:2.2 available at C:/Xilinx/2025.1/data/xhub/boards\XilinxBoardStore\boards\Xilinx\vmk180\production\2.2\board.xml as part xcvm1802-vsva2197-2mp-e-s specified in board_part file is either invalid or not available
WARNING: [Board 49-26] cannot add Board Part xilinx.com:vmk180:part0:3.0 available at C:/Xilinx/2025.1/data/xhub/boards\XilinxBoardStore\boards\Xilinx\vmk180\production\3.0\board.xml as part xcvm1802-vsva2197-2mp-e-s specified in board_part file is either invalid or not available
WARNING: [Board 49-26] cannot add Board Part xilinx.com:vmk180:part0:3.1 available at C:/Xilinx/2025.1/data/xhub/boards\XilinxBoardStore\boards\Xilinx\vmk180\production\3.1\board.xml as part xcvm1802-vsva2197-2mp-e-s specified in board_part file is either invalid or not available
WARNING: [Board 49-26] cannot add Board Part xilinx.com:vmk180:part0:3.2 available at C:/Xilinx/2025.1/data/xhub/boards\XilinxBoardStore\boards\Xilinx\vmk180\production\3.2\board.xml as part xcvm1802-vsva2197-2mp-e-s specified in board_part file is either invalid or not available
WARNING: [Board 49-26] cannot add Board Part xilinx.com:vmk180:part0:3.3 available at C:/Xilinx/2025.1/data/xhub/boards\XilinxBoardStore\boards\Xilinx\vmk180\production\3.3\board.xml as part xcvm1802-vsva2197-2mp-e-s specified in board_part file is either invalid or not available
WARNING: [Board 49-26] cannot add Board Part xilinx.com:vmk180_newl:part0:1.0 available at C:/Xilinx/2025.1/data/xhub/boards\XilinxBoardStore\boards\Xilinx\vmk180_newl\production\1.0\board.xml as part xcvm1802-vsva2197-2mp-e-s specified in board_part file is either invalid or not available
WARNING: [Board 49-26] cannot add Board Part xilinx.com:vmk180_newl:part0:1.1 available at C:/Xilinx/2025.1/data/xhub/boards\XilinxBoardStore\boards\Xilinx\vmk180_newl\production\1.1\board.xml as part xcvm1802-vsva2197-2mp-e-s specified in board_part file is either invalid or not available
WARNING: [Board 49-26] cannot add Board Part xilinx.com:vpk120:part0:1.0 available at C:/Xilinx/2025.1/data/xhub/boards\XilinxBoardStore\boards\Xilinx\vpk120\production\1.0\board.xml as part xcvp1202-vsva2785-2mp-e-s specified in board_part file is either invalid or not available
WARNING: [Board 49-26] cannot add Board Part xilinx.com:vpk120:part0:1.1 available at C:/Xilinx/2025.1/data/xhub/boards\XilinxBoardStore\boards\Xilinx\vpk120\production\1.1\board.xml as part xcvp1202-vsva2785-2mp-e-s specified in board_part file is either invalid or not available
WARNING: [Board 49-26] cannot add Board Part xilinx.com:vpk120:part0:1.2 available at C:/Xilinx/2025.1/data/xhub/boards\XilinxBoardStore\boards\Xilinx\vpk120\production\1.2\board.xml as part xcvp1202-vsva2785-2mp-e-s specified in board_part file is either invalid or not available
WARNING: [Board 49-26] cannot add Board Part xilinx.com:vpk180:part0:1.0 available at C:/Xilinx/2025.1/data/xhub/boards\XilinxBoardStore\boards\Xilinx\vpk180\production\1.0\board.xml as part xcvp1802-lsvc4072-2mp-e-s specified in board_part file is either invalid or not available
WARNING: [Board 49-26] cannot add Board Part xilinx.com:vpk180:part0:1.1 available at C:/Xilinx/2025.1/data/xhub/boards\XilinxBoardStore\boards\Xilinx\vpk180\production\1.1\board.xml as part xcvp1802-lsvc4072-2mp-e-s specified in board_part file is either invalid or not available
WARNING: [Board 49-26] cannot add Board Part xilinx.com:vpk180:part0:1.2 available at C:/Xilinx/2025.1/data/xhub/boards\XilinxBoardStore\boards\Xilinx\vpk180\production\1.2\board.xml as part xcvp1802-lsvc4072-2mp-e-s specified in board_part file is either invalid or not available
WARNING: [Board 49-26] cannot add Board Part xilinx.com:zcu102:part0:3.3 available at C:/Xilinx/2025.1/data/xhub/boards\XilinxBoardStore\boards\Xilinx\zcu102\3.3\board.xml as part xczu9eg-ffvb1156-2-e specified in board_part file is either invalid or not available
WARNING: [Board 49-26] cannot add Board Part xilinx.com:zcu102:part0:3.4 available at C:/Xilinx/2025.1/data/xhub/boards\XilinxBoardStore\boards\Xilinx\zcu102\3.4\board.xml as part xczu9eg-ffvb1156-2-e specified in board_part file is either invalid or not available
WARNING: [Board 49-26] cannot add Board Part xilinx.com:zcu104:part0:1.1 available at C:/Xilinx/2025.1/data/xhub/boards\XilinxBoardStore\boards\Xilinx\zcu104\1.1\board.xml as part xczu7ev-ffvc1156-2-e specified in board_part file is either invalid or not available
WARNING: [Board 49-26] cannot add Board Part xilinx.com:zcu106:part0:2.4 available at C:/Xilinx/2025.1/data/xhub/boards\XilinxBoardStore\boards\Xilinx\zcu106\2.4\board.xml as part xczu7ev-ffvc1156-2-e specified in board_part file is either invalid or not available
WARNING: [Board 49-26] cannot add Board Part xilinx.com:zcu106:part0:2.5 available at C:/Xilinx/2025.1/data/xhub/boards\XilinxBoardStore\boards\Xilinx\zcu106\2.5\board.xml as part xczu7ev-ffvc1156-2-e specified in board_part file is either invalid or not available
WARNING: [Board 49-26] cannot add Board Part xilinx.com:zcu106:part0:2.6 available at C:/Xilinx/2025.1/data/xhub/boards\XilinxBoardStore\boards\Xilinx\zcu106\2.6\board.xml as part xczu7ev-ffvc1156-2-e specified in board_part file is either invalid or not available
WARNING: [Board 49-26] cannot add Board Part xilinx.com:zcu111:part0:1.2 available at C:/Xilinx/2025.1/data/xhub/boards\XilinxBoardStore\boards\Xilinx\zcu111\1.2\board.xml as part xczu28dr-ffvg1517-2-e specified in board_part file is either invalid or not available
WARNING: [Board 49-26] cannot add Board Part xilinx.com:zcu111:part0:1.3 available at C:/Xilinx/2025.1/data/xhub/boards\XilinxBoardStore\boards\Xilinx\zcu111\1.3\board.xml as part xczu28dr-ffvg1517-2-e specified in board_part file is either invalid or not available
WARNING: [Board 49-26] cannot add Board Part xilinx.com:zcu111:part0:1.4 available at C:/Xilinx/2025.1/data/xhub/boards\XilinxBoardStore\boards\Xilinx\zcu111\1.4\board.xml as part xczu28dr-ffvg1517-2-e specified in board_part file is either invalid or not available
WARNING: [Board 49-26] cannot add Board Part xilinx.com:zcu1275:part0:1.0 available at C:/Xilinx/2025.1/data/xhub/boards\XilinxBoardStore\boards\Xilinx\zcu1275\1.0\board.xml as part xczu29dr-ffvf1760-2-e specified in board_part file is either invalid or not available
WARNING: [Board 49-26] cannot add Board Part xilinx.com:zcu1285:part0:1.0 available at C:/Xilinx/2025.1/data/xhub/boards\XilinxBoardStore\boards\Xilinx\zcu1285\1.0\board.xml as part xczu39dr-ffvf1760-2-i specified in board_part file is either invalid or not available
WARNING: [Board 49-26] cannot add Board Part xilinx.com:zcu208:part0:2.0 available at C:/Xilinx/2025.1/data/xhub/boards\XilinxBoardStore\boards\Xilinx\zcu208\production\2.0\board.xml as part xczu48dr-fsvg1517-2-e specified in board_part file is either invalid or not available
WARNING: [Board 49-26] cannot add Board Part xilinx.com:zcu208ld:part0:2.0 available at C:/Xilinx/2025.1/data/xhub/boards\XilinxBoardStore\boards\Xilinx\zcu208ld\production\2.0\board.xml as part xczu58dr-fsvg1517-2-i specified in board_part file is either invalid or not available
WARNING: [Board 49-26] cannot add Board Part xilinx.com:zcu216:part0:2.0 available at C:/Xilinx/2025.1/data/xhub/boards\XilinxBoardStore\boards\Xilinx\zcu216\production\2.0\board.xml as part xczu49dr-ffvf1760-2-e specified in board_part file is either invalid or not available
WARNING: [Board 49-26] cannot add Board Part xilinx.com:zcu216ld:part0:2.0 available at C:/Xilinx/2025.1/data/xhub/boards\XilinxBoardStore\boards\Xilinx\zcu216ld\production\2.0\board.xml as part xczu59dr-ffvf1760-2-i specified in board_part file is either invalid or not available
WARNING: [Board 49-26] cannot add Board Part xilinx.com:zcu670:part0:2.0 available at C:/Xilinx/2025.1/data/xhub/boards\XilinxBoardStore\boards\Xilinx\zcu670\2.0\board.xml as part xczu67dr-fsve1156-2-i specified in board_part file is either invalid or not available
WARNING: [Board 49-26] cannot add Board Part xilinx.com:zcu670ld:part0:1.0 available at C:/Xilinx/2025.1/data/xhub/boards\XilinxBoardStore\boards\Xilinx\zcu670ld\1.0\board.xml as part xczu57dr-fsve1156-2-i specified in board_part file is either invalid or not available
WARNING: [Board 49-26] cannot add Board Part xilinx.com:emb-plus-vpr-4616:part0:1.0 available at C:/Xilinx/2025.1/data/xhub/boards\XilinxBoardStore\boards\Xilinx\emb-plus-vpr-4616\1.0\board.xml as part xcve2302-sfva784-2mp-e-s specified in board_part file is either invalid or not available
WARNING: [Board 49-26] cannot add Board Part xilinx.com:emb-plus-vpr-4616:part0:1.1 available at C:/Xilinx/2025.1/data/xhub/boards\XilinxBoardStore\boards\Xilinx\emb-plus-vpr-4616\1.1\board.xml as part xcve2302-sfva784-2mp-e-s specified in board_part file is either invalid or not available
WARNING: [Board 49-26] cannot add Board Part xilinx.com:k24c:part0:1.0 available at C:/Xilinx/2025.1/data/xhub/boards\XilinxBoardStore\boards\Xilinx\k24c\1.0\board.xml as part xck24-ubva530-2lv-c specified in board_part file is either invalid or not available
WARNING: [Board 49-26] cannot add Board Part xilinx.com:k24c:part0:1.1 available at C:/Xilinx/2025.1/data/xhub/boards\XilinxBoardStore\boards\Xilinx\k24c\1.1\board.xml as part xck24-ubva530-2lv-c specified in board_part file is either invalid or not available
WARNING: [Board 49-26] cannot add Board Part xilinx.com:k24i:part0:1.0 available at C:/Xilinx/2025.1/data/xhub/boards\XilinxBoardStore\boards\Xilinx\k24i\1.0\board.xml as part xck24-ubva530-2lvi-i specified in board_part file is either invalid or not available
WARNING: [Board 49-26] cannot add Board Part xilinx.com:k26c:part0:1.2 available at C:/Xilinx/2025.1/data/xhub/boards\XilinxBoardStore\boards\Xilinx\k26c\1.2\board.xml as part xck26-sfvc784-2lv-c specified in board_part file is either invalid or not available
WARNING: [Board 49-26] cannot add Board Part xilinx.com:k26c:part0:1.3 available at C:/Xilinx/2025.1/data/xhub/boards\XilinxBoardStore\boards\Xilinx\k26c\1.3\board.xml as part xck26-sfvc784-2lv-c specified in board_part file is either invalid or not available
WARNING: [Board 49-26] cannot add Board Part xilinx.com:k26c:part0:1.4 available at C:/Xilinx/2025.1/data/xhub/boards\XilinxBoardStore\boards\Xilinx\k26c\1.4\board.xml as part xck26-sfvc784-2lv-c specified in board_part file is either invalid or not available
WARNING: [Board 49-26] cannot add Board Part xilinx.com:k26i:part0:1.2 available at C:/Xilinx/2025.1/data/xhub/boards\XilinxBoardStore\boards\Xilinx\k26i\1.2\board.xml as part xck26-sfvc784-2lvi-i specified in board_part file is either invalid or not available
WARNING: [Board 49-26] cannot add Board Part xilinx.com:k26i:part0:1.3 available at C:/Xilinx/2025.1/data/xhub/boards\XilinxBoardStore\boards\Xilinx\k26i\1.3\board.xml as part xck26-sfvc784-2lvi-i specified in board_part file is either invalid or not available
WARNING: [Board 49-26] cannot add Board Part xilinx.com:k26i:part0:1.4 available at C:/Xilinx/2025.1/data/xhub/boards\XilinxBoardStore\boards\Xilinx\k26i\1.4\board.xml as part xck26-sfvc784-2lvi-i specified in board_part file is either invalid or not available
WARNING: [Board 49-26] cannot add Board Part xilinx.com:kcu105:part0:1.6 available at C:/Xilinx/2025.1/data/xhub/boards\XilinxBoardStore\boards\Xilinx\kcu105\1.6\board.xml as part xcku040-ffva1156-2-e specified in board_part file is either invalid or not available
WARNING: [Board 49-26] cannot add Board Part xilinx.com:kcu105:part0:1.7 available at C:/Xilinx/2025.1/data/xhub/boards\XilinxBoardStore\boards\Xilinx\kcu105\1.7\board.xml as part xcku040-ffva1156-2-e specified in board_part file is either invalid or not available
WARNING: [Board 49-26] cannot add Board Part xilinx.com:kcu116:part0:1.4 available at C:/Xilinx/2025.1/data/xhub/boards\XilinxBoardStore\boards\Xilinx\kcu116\1.4\board.xml as part xcku5p-ffvb676-2-e specified in board_part file is either invalid or not available
WARNING: [Board 49-26] cannot add Board Part xilinx.com:kcu116:part0:1.5 available at C:/Xilinx/2025.1/data/xhub/boards\XilinxBoardStore\boards\Xilinx\kcu116\1.5\board.xml as part xcku5p-ffvb676-2-e specified in board_part file is either invalid or not available
WARNING: [Board 49-26] cannot add Board Part xilinx.com:kcu1500:part0:1.2 available at C:/Xilinx/2025.1/data/xhub/boards\XilinxBoardStore\boards\Xilinx\kcu1500\1.2\board.xml as part xcku115-flvb2104-2-e specified in board_part file is either invalid or not available
WARNING: [Board 49-26] cannot add Board Part xilinx.com:kd240_som:part0:1.0 available at C:/Xilinx/2025.1/data/xhub/boards\XilinxBoardStore\boards\Xilinx\kd240_som\1.0\board.xml as part xck24-ubva530-2lv-c specified in board_part file is either invalid or not available
INFO: [Common 17-14] Message 'Board 49-26' appears 100 times and further instances of the messages will be disabled. Use the Tcl command set_msg_config to change the current settings.
create_project Even_parity_Generator_using_Generateblk {D:/ECE/FPGA Training NTI/Even_parity_Generator_using_Generateblk} -part xc7vx485tffg1157-1
INFO: [IP_Flow 19-234] Refreshing IP repositories
INFO: [IP_Flow 19-1704] No user IP repositories specified
INFO: [IP_Flow 19-2313] Loaded Vivado IP repository 'C:/Xilinx/2025.1/Vivado/data/ip'.
WARNING: [Board 49-26] cannot add Board Part xilinx.com:emb-plus-vpr-4616:part0:1.0 available at C:/Xilinx/2025.1/data/xhub/boards\XilinxBoardStore\boards\Xilinx\emb-plus-vpr-4616\1.0\board.xml as part xcve2302-sfva784-2mp-e-s specified in board_part file is either invalid or not available
WARNING: [Board 49-26] cannot add Board Part xilinx.com:emb-plus-vpr-4616:part0:1.1 available at C:/Xilinx/2025.1/data/xhub/boards\XilinxBoardStore\boards\Xilinx\emb-plus-vpr-4616\1.1\board.xml as part xcve2302-sfva784-2mp-e-s specified in board_part file is either invalid or not available
WARNING: [Board 49-26] cannot add Board Part xilinx.com:k24c:part0:1.0 available at C:/Xilinx/2025.1/data/xhub/boards\XilinxBoardStore\boards\Xilinx\k24c\1.0\board.xml as part xck24-ubva530-2lv-c specified in board_part file is either invalid or not available
WARNING: [Board 49-26] cannot add Board Part xilinx.com:k24c:part0:1.1 available at C:/Xilinx/2025.1/data/xhub/boards\XilinxBoardStore\boards\Xilinx\k24c\1.1\board.xml as part xck24-ubva530-2lv-c specified in board_part file is either invalid or not available
WARNING: [Board 49-26] cannot add Board Part xilinx.com:k24i:part0:1.0 available at C:/Xilinx/2025.1/data/xhub/boards\XilinxBoardStore\boards\Xilinx\k24i\1.0\board.xml as part xck24-ubva530-2lvi-i specified in board_part file is either invalid or not available
WARNING: [Board 49-26] cannot add Board Part xilinx.com:k26c:part0:1.2 available at C:/Xilinx/2025.1/data/xhub/boards\XilinxBoardStore\boards\Xilinx\k26c\1.2\board.xml as part xck26-sfvc784-2lv-c specified in board_part file is either invalid or not available
WARNING: [Board 49-26] cannot add Board Part xilinx.com:k26c:part0:1.3 available at C:/Xilinx/2025.1/data/xhub/boards\XilinxBoardStore\boards\Xilinx\k26c\1.3\board.xml as part xck26-sfvc784-2lv-c specified in board_part file is either invalid or not available
WARNING: [Board 49-26] cannot add Board Part xilinx.com:k26c:part0:1.4 available at C:/Xilinx/2025.1/data/xhub/boards\XilinxBoardStore\boards\Xilinx\k26c\1.4\board.xml as part xck26-sfvc784-2lv-c specified in board_part file is either invalid or not available
WARNING: [Board 49-26] cannot add Board Part xilinx.com:k26i:part0:1.2 available at C:/Xilinx/2025.1/data/xhub/boards\XilinxBoardStore\boards\Xilinx\k26i\1.2\board.xml as part xck26-sfvc784-2lvi-i specified in board_part file is either invalid or not available
WARNING: [Board 49-26] cannot add Board Part xilinx.com:k26i:part0:1.3 available at C:/Xilinx/2025.1/data/xhub/boards\XilinxBoardStore\boards\Xilinx\k26i\1.3\board.xml as part xck26-sfvc784-2lvi-i specified in board_part file is either invalid or not available
WARNING: [Board 49-26] cannot add Board Part xilinx.com:k26i:part0:1.4 available at C:/Xilinx/2025.1/data/xhub/boards\XilinxBoardStore\boards\Xilinx\k26i\1.4\board.xml as part xck26-sfvc784-2lvi-i specified in board_part file is either invalid or not available
WARNING: [Board 49-26] cannot add Board Part xilinx.com:kcu105:part0:1.6 available at C:/Xilinx/2025.1/data/xhub/boards\XilinxBoardStore\boards\Xilinx\kcu105\1.6\board.xml as part xcku040-ffva1156-2-e specified in board_part file is either invalid or not available
WARNING: [Board 49-26] cannot add Board Part xilinx.com:kcu105:part0:1.7 available at C:/Xilinx/2025.1/data/xhub/boards\XilinxBoardStore\boards\Xilinx\kcu105\1.7\board.xml as part xcku040-ffva1156-2-e specified in board_part file is either invalid or not available
WARNING: [Board 49-26] cannot add Board Part xilinx.com:kcu116:part0:1.4 available at C:/Xilinx/2025.1/data/xhub/boards\XilinxBoardStore\boards\Xilinx\kcu116\1.4\board.xml as part xcku5p-ffvb676-2-e specified in board_part file is either invalid or not available
WARNING: [Board 49-26] cannot add Board Part xilinx.com:kcu116:part0:1.5 available at C:/Xilinx/2025.1/data/xhub/boards\XilinxBoardStore\boards\Xilinx\kcu116\1.5\board.xml as part xcku5p-ffvb676-2-e specified in board_part file is either invalid or not available
WARNING: [Board 49-26] cannot add Board Part xilinx.com:kcu1500:part0:1.2 available at C:/Xilinx/2025.1/data/xhub/boards\XilinxBoardStore\boards\Xilinx\kcu1500\1.2\board.xml as part xcku115-flvb2104-2-e specified in board_part file is either invalid or not available
WARNING: [Board 49-26] cannot add Board Part xilinx.com:kd240_som:part0:1.0 available at C:/Xilinx/2025.1/data/xhub/boards\XilinxBoardStore\boards\Xilinx\kd240_som\1.0\board.xml as part xck24-ubva530-2lv-c specified in board_part file is either invalid or not available
WARNING: [Board 49-26] cannot add Board Part xilinx.com:kd240_som:part0:1.1 available at C:/Xilinx/2025.1/data/xhub/boards\XilinxBoardStore\boards\Xilinx\kd240_som\1.1\board.xml as part xck24-ubva530-2lv-c specified in board_part file is either invalid or not available
WARNING: [Board 49-26] cannot add Board Part xilinx.com:kr260_som:part0:1.0 available at C:/Xilinx/2025.1/data/xhub/boards\XilinxBoardStore\boards\Xilinx\kr260_som\1.0\board.xml as part xck26-sfvc784-2lv-c specified in board_part file is either invalid or not available
WARNING: [Board 49-26] cannot add Board Part xilinx.com:kr260_som:part0:1.1 available at C:/Xilinx/2025.1/data/xhub/boards\XilinxBoardStore\boards\Xilinx\kr260_som\1.1\board.xml as part xck26-sfvc784-2lv-c specified in board_part file is either invalid or not available
WARNING: [Board 49-26] cannot add Board Part xilinx.com:kv260_som:part0:1.2 available at C:/Xilinx/2025.1/data/xhub/boards\XilinxBoardStore\boards\Xilinx\kv260_som\1.2\board.xml as part xck26-sfvc784-2lv-c specified in board_part file is either invalid or not available
WARNING: [Board 49-26] cannot add Board Part xilinx.com:kv260_som:part0:1.3 available at C:/Xilinx/2025.1/data/xhub/boards\XilinxBoardStore\boards\Xilinx\kv260_som\1.3\board.xml as part xck26-sfvc784-2lv-c specified in board_part file is either invalid or not available
WARNING: [Board 49-26] cannot add Board Part xilinx.com:kv260_som:part0:1.4 available at C:/Xilinx/2025.1/data/xhub/boards\XilinxBoardStore\boards\Xilinx\kv260_som\1.4\board.xml as part xck26-sfvc784-2lv-c specified in board_part file is either invalid or not available
WARNING: [Board 49-26] cannot add Board Part xilinx.com:scu35:part0:1.0 available at C:/Xilinx/2025.1/data/xhub/boards\XilinxBoardStore\boards\Xilinx\scu35\1.0\board.xml as part xcsu35p-sbvb625-2-e specified in board_part file is either invalid or not available
WARNING: [Board 49-26] cannot add Board Part xilinx.com:v80:part0:1.0 available at C:/Xilinx/2025.1/data/xhub/boards\XilinxBoardStore\boards\Xilinx\v80\1.0\board.xml as part xcv80-lsva4737-2mhp-e-s specified in board_part file is either invalid or not available
WARNING: [Board 49-26] cannot add Board Part xilinx.com:vck190:part0:2.2 available at C:/Xilinx/2025.1/data/xhub/boards\XilinxBoardStore\boards\Xilinx\vck190\production\2.2\board.xml as part xcvc1902-vsva2197-2mp-e-s specified in board_part file is either invalid or not available
WARNING: [Board 49-26] cannot add Board Part xilinx.com:vck190:part0:3.0 available at C:/Xilinx/2025.1/data/xhub/boards\XilinxBoardStore\boards\Xilinx\vck190\production\3.0\board.xml as part xcvc1902-vsva2197-2mp-e-s specified in board_part file is either invalid or not available
WARNING: [Board 49-26] cannot add Board Part xilinx.com:vck190:part0:3.1 available at C:/Xilinx/2025.1/data/xhub/boards\XilinxBoardStore\boards\Xilinx\vck190\production\3.1\board.xml as part xcvc1902-vsva2197-2mp-e-s specified in board_part file is either invalid or not available
WARNING: [Board 49-26] cannot add Board Part xilinx.com:vck190:part0:3.2 available at C:/Xilinx/2025.1/data/xhub/boards\XilinxBoardStore\boards\Xilinx\vck190\production\3.2\board.xml as part xcvc1902-vsva2197-2mp-e-s specified in board_part file is either invalid or not available
WARNING: [Board 49-26] cannot add Board Part xilinx.com:vck190:part0:3.3 available at C:/Xilinx/2025.1/data/xhub/boards\XilinxBoardStore\boards\Xilinx\vck190\production\3.3\board.xml as part xcvc1902-vsva2197-2mp-e-s specified in board_part file is either invalid or not available
WARNING: [Board 49-26] cannot add Board Part xilinx.com:vck190:part0:3.4 available at C:/Xilinx/2025.1/data/xhub/boards\XilinxBoardStore\boards\Xilinx\vck190\production\3.4\board.xml as part xcvc1902-vsva2197-2mp-e-s specified in board_part file is either invalid or not available
WARNING: [Board 49-26] cannot add Board Part xilinx.com:vck190_newl:part0:1.0 available at C:/Xilinx/2025.1/data/xhub/boards\XilinxBoardStore\boards\Xilinx\vck190_newl\production\1.0\board.xml as part xcvc1902-vsva2197-2mp-e-s specified in board_part file is either invalid or not available
WARNING: [Board 49-26] cannot add Board Part xilinx.com:vck190_newl:part0:1.1 available at C:/Xilinx/2025.1/data/xhub/boards\XilinxBoardStore\boards\Xilinx\vck190_newl\production\1.1\board.xml as part xcvc1902-vsva2197-2mp-e-s specified in board_part file is either invalid or not available
WARNING: [Board 49-26] cannot add Board Part xilinx.com:vck190_newl:part0:1.2 available at C:/Xilinx/2025.1/data/xhub/boards\XilinxBoardStore\boards\Xilinx\vck190_newl\production\1.2\board.xml as part xcvc1902-vsva2197-2mp-e-s specified in board_part file is either invalid or not available
WARNING: [Board 49-26] cannot add Board Part xilinx.com:vck190_newl:part0:1.3 available at C:/Xilinx/2025.1/data/xhub/boards\XilinxBoardStore\boards\Xilinx\vck190_newl\production\1.3\board.xml as part xcvc1902-vsva2197-2mp-e-s specified in board_part file is either invalid or not available
WARNING: [Board 49-26] cannot add Board Part xilinx.com:vcu108:part0:1.6 available at C:/Xilinx/2025.1/data/xhub/boards\XilinxBoardStore\boards\Xilinx\vcu108\1.6\board.xml as part xcvu095-ffva2104-2-e specified in board_part file is either invalid or not available
WARNING: [Board 49-26] cannot add Board Part xilinx.com:vcu108:part0:1.7 available at C:/Xilinx/2025.1/data/xhub/boards\XilinxBoardStore\boards\Xilinx\vcu108\1.7\board.xml as part xcvu095-ffva2104-2-e specified in board_part file is either invalid or not available
WARNING: [Board 49-26] cannot add Board Part xilinx.com:vcu110:part0:1.4 available at C:/Xilinx/2025.1/data/xhub/boards\XilinxBoardStore\boards\Xilinx\vcu110\1.4\board.xml as part xcvu190-flgc2104-2-e specified in board_part file is either invalid or not available
WARNING: [Board 49-26] cannot add Board Part xilinx.com:vcu118:part0:2.0 available at C:/Xilinx/2025.1/data/xhub/boards\XilinxBoardStore\boards\Xilinx\vcu118\2.0\board.xml as part xcvu9p-flga2104-2l-e specified in board_part file is either invalid or not available
WARNING: [Board 49-26] cannot add Board Part xilinx.com:vcu118:part0:2.3 available at C:/Xilinx/2025.1/data/xhub/boards\XilinxBoardStore\boards\Xilinx\vcu118\2.3\board.xml as part xcvu9p-flga2104-2l-e specified in board_part file is either invalid or not available
WARNING: [Board 49-26] cannot add Board Part xilinx.com:vcu118:part0:2.4 available at C:/Xilinx/2025.1/data/xhub/boards\XilinxBoardStore\boards\Xilinx\vcu118\2.4\board.xml as part xcvu9p-flga2104-2l-e specified in board_part file is either invalid or not available
WARNING: [Board 49-26] cannot add Board Part xilinx.com:vcu128:part0:1.0 available at C:/Xilinx/2025.1/data/xhub/boards\XilinxBoardStore\boards\Xilinx\vcu128\production\1.0\board.xml as part xcvu37p-fsvh2892-2l-e specified in board_part file is either invalid or not available
WARNING: [Board 49-26] cannot add Board Part xilinx.com:vcu129:part0:1.0 available at C:/Xilinx/2025.1/data/xhub/boards\XilinxBoardStore\boards\Xilinx\vcu129\production\1.0\board.xml as part xcvu29p-fsga2577-2l-e specified in board_part file is either invalid or not available
WARNING: [Board 49-26] cannot add Board Part xilinx.com:vcu1525:part0:1.3 available at C:/Xilinx/2025.1/data/xhub/boards\XilinxBoardStore\boards\Xilinx\vcu1525\1.3\board.xml as part xcvu9p-fsgd2104-2l-e specified in board_part file is either invalid or not available
WARNING: [Board 49-26] cannot add Board Part xilinx.com:vek280:part0:1.0 available at C:/Xilinx/2025.1/data/xhub/boards\XilinxBoardStore\boards\Xilinx\vek280\production\1.0\board.xml as part xcve2802-vsvh1760-2mp-e-s specified in board_part file is either invalid or not available
WARNING: [Board 49-26] cannot add Board Part xilinx.com:vek280:part0:1.1 available at C:/Xilinx/2025.1/data/xhub/boards\XilinxBoardStore\boards\Xilinx\vek280\production\1.1\board.xml as part xcve2802-vsvh1760-2mp-e-s specified in board_part file is either invalid or not available
WARNING: [Board 49-26] cannot add Board Part xilinx.com:vek280:part0:1.2 available at C:/Xilinx/2025.1/data/xhub/boards\XilinxBoardStore\boards\Xilinx\vek280\production\1.2\board.xml as part xcve2802-vsvh1760-2mp-e-s specified in board_part file is either invalid or not available
WARNING: [Board 49-26] cannot add Board Part xilinx.com:vek385:part0:1.0 available at C:/Xilinx/2025.1/data/xhub/boards\XilinxBoardStore\boards\Xilinx\vek385\1.0\board.xml as part xc2ve3858-ssva2112-2mp-e-s specified in board_part file is either invalid or not available
WARNING: [Board 49-26] cannot add Board Part xilinx.com:vermeo_t1_mpsoc:part0:1.0 available at C:/Xilinx/2025.1/data/xhub/boards\XilinxBoardStore\boards\Xilinx\vermeo_t1_mpsoc\1.0\board.xml as part xczu19eg-ffvd1760-2l-e specified in board_part file is either invalid or not available
WARNING: [Board 49-26] cannot add Board Part xilinx.com:vermeo_t1_rfsoc:part0:1.0 available at C:/Xilinx/2025.1/data/xhub/boards\XilinxBoardStore\boards\Xilinx\vermeo_t1_rfsoc\1.0\board.xml as part xczu21dr-ffvd1156-2l-e specified in board_part file is either invalid or not available
WARNING: [Board 49-26] cannot add Board Part xilinx.com:vhk158:part0:1.0 available at C:/Xilinx/2025.1/data/xhub/boards\XilinxBoardStore\boards\Xilinx\vhk158\production\1.0\board.xml as part xcvh1582-vsva3697-2mp-e-s specified in board_part file is either invalid or not available
WARNING: [Board 49-26] cannot add Board Part xilinx.com:vhk158:part0:1.1 available at C:/Xilinx/2025.1/data/xhub/boards\XilinxBoardStore\boards\Xilinx\vhk158\production\1.1\board.xml as part xcvh1582-vsva3697-2mp-e-s specified in board_part file is either invalid or not available
WARNING: [Board 49-26] cannot add Board Part xilinx.com:vhk158:part0:1.2 available at C:/Xilinx/2025.1/data/xhub/boards\XilinxBoardStore\boards\Xilinx\vhk158\production\1.2\board.xml as part xcvh1582-vsva3697-2mp-e-s specified in board_part file is either invalid or not available
WARNING: [Board 49-26] cannot add Board Part xilinx.com:vmk180:part0:2.2 available at C:/Xilinx/2025.1/data/xhub/boards\XilinxBoardStore\boards\Xilinx\vmk180\production\2.2\board.xml as part xcvm1802-vsva2197-2mp-e-s specified in board_part file is either invalid or not available
WARNING: [Board 49-26] cannot add Board Part xilinx.com:vmk180:part0:3.0 available at C:/Xilinx/2025.1/data/xhub/boards\XilinxBoardStore\boards\Xilinx\vmk180\production\3.0\board.xml as part xcvm1802-vsva2197-2mp-e-s specified in board_part file is either invalid or not available
WARNING: [Board 49-26] cannot add Board Part xilinx.com:vmk180:part0:3.1 available at C:/Xilinx/2025.1/data/xhub/boards\XilinxBoardStore\boards\Xilinx\vmk180\production\3.1\board.xml as part xcvm1802-vsva2197-2mp-e-s specified in board_part file is either invalid or not available
WARNING: [Board 49-26] cannot add Board Part xilinx.com:vmk180:part0:3.2 available at C:/Xilinx/2025.1/data/xhub/boards\XilinxBoardStore\boards\Xilinx\vmk180\production\3.2\board.xml as part xcvm1802-vsva2197-2mp-e-s specified in board_part file is either invalid or not available
WARNING: [Board 49-26] cannot add Board Part xilinx.com:vmk180:part0:3.3 available at C:/Xilinx/2025.1/data/xhub/boards\XilinxBoardStore\boards\Xilinx\vmk180\production\3.3\board.xml as part xcvm1802-vsva2197-2mp-e-s specified in board_part file is either invalid or not available
WARNING: [Board 49-26] cannot add Board Part xilinx.com:vmk180_newl:part0:1.0 available at C:/Xilinx/2025.1/data/xhub/boards\XilinxBoardStore\boards\Xilinx\vmk180_newl\production\1.0\board.xml as part xcvm1802-vsva2197-2mp-e-s specified in board_part file is either invalid or not available
WARNING: [Board 49-26] cannot add Board Part xilinx.com:vmk180_newl:part0:1.1 available at C:/Xilinx/2025.1/data/xhub/boards\XilinxBoardStore\boards\Xilinx\vmk180_newl\production\1.1\board.xml as part xcvm1802-vsva2197-2mp-e-s specified in board_part file is either invalid or not available
WARNING: [Board 49-26] cannot add Board Part xilinx.com:vpk120:part0:1.0 available at C:/Xilinx/2025.1/data/xhub/boards\XilinxBoardStore\boards\Xilinx\vpk120\production\1.0\board.xml as part xcvp1202-vsva2785-2mp-e-s specified in board_part file is either invalid or not available
WARNING: [Board 49-26] cannot add Board Part xilinx.com:vpk120:part0:1.1 available at C:/Xilinx/2025.1/data/xhub/boards\XilinxBoardStore\boards\Xilinx\vpk120\production\1.1\board.xml as part xcvp1202-vsva2785-2mp-e-s specified in board_part file is either invalid or not available
WARNING: [Board 49-26] cannot add Board Part xilinx.com:vpk120:part0:1.2 available at C:/Xilinx/2025.1/data/xhub/boards\XilinxBoardStore\boards\Xilinx\vpk120\production\1.2\board.xml as part xcvp1202-vsva2785-2mp-e-s specified in board_part file is either invalid or not available
WARNING: [Board 49-26] cannot add Board Part xilinx.com:vpk180:part0:1.0 available at C:/Xilinx/2025.1/data/xhub/boards\XilinxBoardStore\boards\Xilinx\vpk180\production\1.0\board.xml as part xcvp1802-lsvc4072-2mp-e-s specified in board_part file is either invalid or not available
WARNING: [Board 49-26] cannot add Board Part xilinx.com:vpk180:part0:1.1 available at C:/Xilinx/2025.1/data/xhub/boards\XilinxBoardStore\boards\Xilinx\vpk180\production\1.1\board.xml as part xcvp1802-lsvc4072-2mp-e-s specified in board_part file is either invalid or not available
WARNING: [Board 49-26] cannot add Board Part xilinx.com:vpk180:part0:1.2 available at C:/Xilinx/2025.1/data/xhub/boards\XilinxBoardStore\boards\Xilinx\vpk180\production\1.2\board.xml as part xcvp1802-lsvc4072-2mp-e-s specified in board_part file is either invalid or not available
WARNING: [Board 49-26] cannot add Board Part xilinx.com:zcu102:part0:3.3 available at C:/Xilinx/2025.1/data/xhub/boards\XilinxBoardStore\boards\Xilinx\zcu102\3.3\board.xml as part xczu9eg-ffvb1156-2-e specified in board_part file is either invalid or not available
WARNING: [Board 49-26] cannot add Board Part xilinx.com:zcu102:part0:3.4 available at C:/Xilinx/2025.1/data/xhub/boards\XilinxBoardStore\boards\Xilinx\zcu102\3.4\board.xml as part xczu9eg-ffvb1156-2-e specified in board_part file is either invalid or not available
WARNING: [Board 49-26] cannot add Board Part xilinx.com:zcu104:part0:1.1 available at C:/Xilinx/2025.1/data/xhub/boards\XilinxBoardStore\boards\Xilinx\zcu104\1.1\board.xml as part xczu7ev-ffvc1156-2-e specified in board_part file is either invalid or not available
WARNING: [Board 49-26] cannot add Board Part xilinx.com:zcu106:part0:2.4 available at C:/Xilinx/2025.1/data/xhub/boards\XilinxBoardStore\boards\Xilinx\zcu106\2.4\board.xml as part xczu7ev-ffvc1156-2-e specified in board_part file is either invalid or not available
WARNING: [Board 49-26] cannot add Board Part xilinx.com:zcu106:part0:2.5 available at C:/Xilinx/2025.1/data/xhub/boards\XilinxBoardStore\boards\Xilinx\zcu106\2.5\board.xml as part xczu7ev-ffvc1156-2-e specified in board_part file is either invalid or not available
WARNING: [Board 49-26] cannot add Board Part xilinx.com:zcu106:part0:2.6 available at C:/Xilinx/2025.1/data/xhub/boards\XilinxBoardStore\boards\Xilinx\zcu106\2.6\board.xml as part xczu7ev-ffvc1156-2-e specified in board_part file is either invalid or not available
WARNING: [Board 49-26] cannot add Board Part xilinx.com:zcu111:part0:1.2 available at C:/Xilinx/2025.1/data/xhub/boards\XilinxBoardStore\boards\Xilinx\zcu111\1.2\board.xml as part xczu28dr-ffvg1517-2-e specified in board_part file is either invalid or not available
WARNING: [Board 49-26] cannot add Board Part xilinx.com:zcu111:part0:1.3 available at C:/Xilinx/2025.1/data/xhub/boards\XilinxBoardStore\boards\Xilinx\zcu111\1.3\board.xml as part xczu28dr-ffvg1517-2-e specified in board_part file is either invalid or not available
WARNING: [Board 49-26] cannot add Board Part xilinx.com:zcu111:part0:1.4 available at C:/Xilinx/2025.1/data/xhub/boards\XilinxBoardStore\boards\Xilinx\zcu111\1.4\board.xml as part xczu28dr-ffvg1517-2-e specified in board_part file is either invalid or not available
WARNING: [Board 49-26] cannot add Board Part xilinx.com:zcu1275:part0:1.0 available at C:/Xilinx/2025.1/data/xhub/boards\XilinxBoardStore\boards\Xilinx\zcu1275\1.0\board.xml as part xczu29dr-ffvf1760-2-e specified in board_part file is either invalid or not available
WARNING: [Board 49-26] cannot add Board Part xilinx.com:zcu1285:part0:1.0 available at C:/Xilinx/2025.1/data/xhub/boards\XilinxBoardStore\boards\Xilinx\zcu1285\1.0\board.xml as part xczu39dr-ffvf1760-2-i specified in board_part file is either invalid or not available
WARNING: [Board 49-26] cannot add Board Part xilinx.com:zcu208:part0:2.0 available at C:/Xilinx/2025.1/data/xhub/boards\XilinxBoardStore\boards\Xilinx\zcu208\production\2.0\board.xml as part xczu48dr-fsvg1517-2-e specified in board_part file is either invalid or not available
WARNING: [Board 49-26] cannot add Board Part xilinx.com:zcu208ld:part0:2.0 available at C:/Xilinx/2025.1/data/xhub/boards\XilinxBoardStore\boards\Xilinx\zcu208ld\production\2.0\board.xml as part xczu58dr-fsvg1517-2-i specified in board_part file is either invalid or not available
WARNING: [Board 49-26] cannot add Board Part xilinx.com:zcu216:part0:2.0 available at C:/Xilinx/2025.1/data/xhub/boards\XilinxBoardStore\boards\Xilinx\zcu216\production\2.0\board.xml as part xczu49dr-ffvf1760-2-e specified in board_part file is either invalid or not available
WARNING: [Board 49-26] cannot add Board Part xilinx.com:zcu216ld:part0:2.0 available at C:/Xilinx/2025.1/data/xhub/boards\XilinxBoardStore\boards\Xilinx\zcu216ld\production\2.0\board.xml as part xczu59dr-ffvf1760-2-i specified in board_part file is either invalid or not available
WARNING: [Board 49-26] cannot add Board Part xilinx.com:zcu670:part0:2.0 available at C:/Xilinx/2025.1/data/xhub/boards\XilinxBoardStore\boards\Xilinx\zcu670\2.0\board.xml as part xczu67dr-fsve1156-2-i specified in board_part file is either invalid or not available
WARNING: [Board 49-26] cannot add Board Part xilinx.com:zcu670ld:part0:1.0 available at C:/Xilinx/2025.1/data/xhub/boards\XilinxBoardStore\boards\Xilinx\zcu670ld\1.0\board.xml as part xczu57dr-fsve1156-2-i specified in board_part file is either invalid or not available
add_files -norecurse {{D:/ECE/FPGA Training NTI/stream_parity_gen/stream_parity_gen.srcs/sources_1/new/stream_parity_tb.v}}
update_compile_order -fileset sources_1
WARNING: [filemgmt 56-199] Attempt to get parsing info during refresh. "On-the-fly" syntax checking information may be incorrect. [D:\ECE\FPGA Training NTI\memory_LAB8\project_1.srcs\sources_1\new\memory.v:]
WARNING: [filemgmt 56-199] Attempt to get parsing info during refresh. "On-the-fly" syntax checking information may be incorrect. [D:\ECE\FPGA Training NTI\memory_test.v:]
WARNING: [filemgmt 56-199] Attempt to get parsing info during refresh. "On-the-fly" syntax checking information may be incorrect. [D:\ECE\FPGA Training NTI\memory_LAB8\project_1.srcs\sources_1\new\memory.v:]
WARNING: [filemgmt 56-199] Attempt to get parsing info during refresh. "On-the-fly" syntax checking information may be incorrect. [D:\ECE\FPGA Training NTI\memory_LAB8\project_1.srcs\sources_1\new\memory.v:]
WARNING: [filemgmt 56-199] Attempt to get parsing info during refresh. "On-the-fly" syntax checking information may be incorrect. [D:\ECE\FPGA Training NTI\stream_parity_gen\stream_parity_gen.srcs\sources_1\new\stream_parity_tb.v:]
WARNING: [filemgmt 56-199] Attempt to get parsing info during refresh. "On-the-fly" syntax checking information may be incorrect. [D:\ECE\FPGA Training NTI\stream_parity_gen\stream_parity_gen.srcs\sources_1\new\stream_parity_gen.v:]
WARNING: [filemgmt 56-199] Attempt to get parsing info during refresh. "On-the-fly" syntax checking information may be incorrect. [D:\ECE\FPGA Training NTI\stream_parity_gen\stream_parity_gen.srcs\sources_1\new\stream_parity_gen.v:]
WARNING: [filemgmt 56-199] Attempt to get parsing info during refresh. "On-the-fly" syntax checking information may be incorrect. [D:\ECE\FPGA Training NTI\stream_parity_gen\stream_parity_gen.srcs\sources_1\new\stream_parity_gen.v:]
WARNING: [filemgmt 56-199] Attempt to get parsing info during refresh. "On-the-fly" syntax checking information may be incorrect. [D:\ECE\FPGA Training NTI\counter_test.v:]
WARNING: [filemgmt 56-199] Attempt to get parsing info during refresh. "On-the-fly" syntax checking information may be incorrect. [D:\ECE\FPGA Training NTI\Generic_Counter\Generic_Counter.srcs\sources_1\new\counter.v:]
WARNING: [filemgmt 56-199] Attempt to get parsing info during refresh. "On-the-fly" syntax checking information may be incorrect. [D:\ECE\FPGA Training NTI\Generic_Counter\Generic_Counter.srcs\sources_1\new\counter.v:]
WARNING: [filemgmt 56-199] Attempt to get parsing info during refresh. "On-the-fly" syntax checking information may be incorrect. [D:\ECE\FPGA Training NTI\Generic_Counter\Generic_Counter.srcs\sources_1\new\counter.v:]
ERROR: [Common 17-180] Spawn failed: The operation completed successfully.

ERROR: [Common 17-180] Spawn failed: The operation completed successfully.

ERROR: [Common 17-180] Spawn failed: The operation completed successfully.

file mkdir D:/ECE/FPGA Training NTI/Even_parity_Generator_using_Generateblk/Even_parity_Generator_using_Generateblk.srcs/sources_1/new
file mkdir D:/ECE/FPGA Training NTI/Even_parity_Generator_using_Generateblk/Even_parity_Generator_using_Generateblk.srcs/sources_1/new
file mkdir D:/ECE/FPGA Training NTI/Even_parity_Generator_using_Generateblk/Even_parity_Generator_using_Generateblk.srcs/sources_1/new
file mkdir D:/ECE/FPGA Training NTI/Even_parity_Generator_using_Generateblk/Even_parity_Generator_using_Generateblk.srcs/sources_1/new
file mkdir D:/ECE/FPGA Training NTI/Even_parity_Generator_using_Generateblk/Even_parity_Generator_using_Generateblk.srcs/sources_1/new
file mkdir D:/ECE/FPGA Training NTI/Even_parity_Generator_using_Generateblk/Even_parity_Generator_using_Generateblk.srcs/sources_1/new
file mkdir {D:/ECE/FPGA Training NTI/Even_parity_Generator_using_Generateblk/Even_parity_Generator_using_Generateblk.srcs/sources_1/new}
close [ open {D:/ECE/FPGA Training NTI/Even_parity_Generator_using_Generateblk/Even_parity_Generator_using_Generateblk.srcs/sources_1/new/even_parity_generate.v} w ]
add_files {{D:/ECE/FPGA Training NTI/Even_parity_Generator_using_Generateblk/Even_parity_Generator_using_Generateblk.srcs/sources_1/new/even_parity_generate.v}}
WARNING: [filemgmt 56-199] Attempt to get parsing info during refresh. "On-the-fly" syntax checking information may be incorrect. [D:\ECE\FPGA Training NTI\memory_LAB8\project_1.srcs\sources_1\new\memory.v:]
WARNING: [filemgmt 56-199] Attempt to get parsing info during refresh. "On-the-fly" syntax checking information may be incorrect. [D:\ECE\FPGA Training NTI\memory_test.v:]
WARNING: [filemgmt 56-199] Attempt to get parsing info during refresh. "On-the-fly" syntax checking information may be incorrect. [D:\ECE\FPGA Training NTI\memory_test.v:]
WARNING: [filemgmt 56-199] Attempt to get parsing info during refresh. "On-the-fly" syntax checking information may be incorrect. [D:\ECE\FPGA Training NTI\memory_test.v:]
WARNING: [filemgmt 56-199] Attempt to get parsing info during refresh. "On-the-fly" syntax checking information may be incorrect. [D:\ECE\FPGA Training NTI\counter_test.v:]
WARNING: [filemgmt 56-199] Attempt to get parsing info during refresh. "On-the-fly" syntax checking information may be incorrect. [D:\ECE\FPGA Training NTI\Generic_Counter\Generic_Counter.srcs\sources_1\new\counter.v:]
WARNING: [filemgmt 56-199] Attempt to get parsing info during refresh. "On-the-fly" syntax checking information may be incorrect. [D:\ECE\FPGA Training NTI\Generic_Counter\Generic_Counter.srcs\sources_1\new\counter.v:]
WARNING: [filemgmt 56-199] Attempt to get parsing info during refresh. "On-the-fly" syntax checking information may be incorrect. [D:\ECE\FPGA Training NTI\Generic_Counter\Generic_Counter.srcs\sources_1\new\counter.v:]
WARNING: [filemgmt 56-199] Attempt to get parsing info during refresh. "On-the-fly" syntax checking information may be incorrect. [D:\ECE\FPGA Training NTI\stream_parity_gen\stream_parity_gen.srcs\sources_1\new\stream_parity_tb.v:]
WARNING: [filemgmt 56-199] Attempt to get parsing info during refresh. "On-the-fly" syntax checking information may be incorrect. [D:\ECE\FPGA Training NTI\stream_parity_gen\stream_parity_gen.srcs\sources_1\new\stream_parity_gen.v:]
WARNING: [filemgmt 56-199] Attempt to get parsing info during refresh. "On-the-fly" syntax checking information may be incorrect. [D:\ECE\FPGA Training NTI\stream_parity_gen\stream_parity_gen.srcs\sources_1\new\stream_parity_gen.v:]
WARNING: [filemgmt 56-199] Attempt to get parsing info during refresh. "On-the-fly" syntax checking information may be incorrect. [D:\ECE\FPGA Training NTI\stream_parity_gen\stream_parity_gen.srcs\sources_1\new\stream_parity_gen.v:]
ERROR: [Common 17-180] Spawn failed: The operation completed successfully.

update_compile_order -fileset sources_1
WARNING: [filemgmt 56-199] Attempt to get parsing info during refresh. "On-the-fly" syntax checking information may be incorrect. [D:\ECE\FPGA Training NTI\counter_test.v:]
WARNING: [filemgmt 56-199] Attempt to get parsing info during refresh. "On-the-fly" syntax checking information may be incorrect. [D:\ECE\FPGA Training NTI\Generic_Counter\Generic_Counter.srcs\sources_1\new\counter.v:]
WARNING: [filemgmt 56-199] Attempt to get parsing info during refresh. "On-the-fly" syntax checking information may be incorrect. [D:\ECE\FPGA Training NTI\Generic_Counter\Generic_Counter.srcs\sources_1\new\counter.v:]
WARNING: [filemgmt 56-199] Attempt to get parsing info during refresh. "On-the-fly" syntax checking information may be incorrect. [D:\ECE\FPGA Training NTI\Generic_Counter\Generic_Counter.srcs\sources_1\new\counter.v:]
ERROR: [Common 17-180] Spawn failed: The operation completed successfully.

update_compile_order -fileset sources_1
WARNING: [filemgmt 56-199] Attempt to get parsing info during refresh. "On-the-fly" syntax checking information may be incorrect. [D:\ECE\FPGA Training NTI\Even_parity_Generator_using_Generateblk\Even_parity_Generator_using_Generateblk.srcs\sources_1\new\even_parity_generate.v:]
WARNING: [filemgmt 56-199] Attempt to get parsing info during refresh. "On-the-fly" syntax checking information may be incorrect. [D:\ECE\FPGA Training NTI\stream_parity_gen\stream_parity_gen.srcs\sources_1\new\stream_parity_tb.v:]
WARNING: [filemgmt 56-199] Attempt to get parsing info during refresh. "On-the-fly" syntax checking information may be incorrect. [D:\ECE\FPGA Training NTI\stream_parity_gen\stream_parity_gen.srcs\sources_1\new\stream_parity_tb.v:]
WARNING: [filemgmt 56-199] Attempt to get parsing info during refresh. "On-the-fly" syntax checking information may be incorrect. [D:\ECE\FPGA Training NTI\stream_parity_gen\stream_parity_gen.srcs\sources_1\new\stream_parity_tb.v:]
WARNING: [filemgmt 56-199] Attempt to get parsing info during refresh. "On-the-fly" syntax checking information may be incorrect. [D:\ECE\FPGA Training NTI\stream_parity_gen\stream_parity_gen.srcs\sources_1\new\stream_parity_tb.v:]
WARNING: [filemgmt 56-199] Attempt to get parsing info during refresh. "On-the-fly" syntax checking information may be incorrect. [D:\ECE\FPGA Training NTI\stream_parity_gen\stream_parity_gen.srcs\sources_1\new\stream_parity_gen.v:]
WARNING: [filemgmt 56-199] Attempt to get parsing info during refresh. "On-the-fly" syntax checking information may be incorrect. [D:\ECE\FPGA Training NTI\stream_parity_gen\stream_parity_gen.srcs\sources_1\new\stream_parity_gen.v:]
WARNING: [filemgmt 56-199] Attempt to get parsing info during refresh. "On-the-fly" syntax checking information may be incorrect. [D:\ECE\FPGA Training NTI\stream_parity_gen\stream_parity_gen.srcs\sources_1\new\stream_parity_gen.v:]
ERROR: [Common 17-180] Spawn failed: The operation completed successfully.

WARNING: [filemgmt 56-199] Attempt to get parsing info during refresh. "On-the-fly" syntax checking information may be incorrect. [D:\ECE\FPGA Training NTI\memory_LAB8\project_1.srcs\sources_1\new\memory.v:]
WARNING: [filemgmt 56-199] Attempt to get parsing info during refresh. "On-the-fly" syntax checking information may be incorrect. [D:\ECE\FPGA Training NTI\memory_test.v:]
WARNING: [filemgmt 56-199] Attempt to get parsing info during refresh. "On-the-fly" syntax checking information may be incorrect. [D:\ECE\FPGA Training NTI\memory_LAB8\project_1.srcs\sources_1\new\memory.v:]
WARNING: [filemgmt 56-199] Attempt to get parsing info during refresh. "On-the-fly" syntax checking information may be incorrect. [D:\ECE\FPGA Training NTI\memory_LAB8\project_1.srcs\sources_1\new\memory.v:]
WARNING: [filemgmt 56-199] Attempt to get parsing info during refresh. "On-the-fly" syntax checking information may be incorrect. [D:\ECE\FPGA Training NTI\counter_test.v:]
WARNING: [filemgmt 56-199] Attempt to get parsing info during refresh. "On-the-fly" syntax checking information may be incorrect. [D:\ECE\FPGA Training NTI\Generic_Counter\Generic_Counter.srcs\sources_1\new\counter.v:]
WARNING: [filemgmt 56-199] Attempt to get parsing info during refresh. "On-the-fly" syntax checking information may be incorrect. [D:\ECE\FPGA Training NTI\counter_test.v:]
WARNING: [filemgmt 56-199] Attempt to get parsing info during refresh. "On-the-fly" syntax checking information may be incorrect. [D:\ECE\FPGA Training NTI\counter_test.v:]
ERROR: [Common 17-180] Spawn failed: The operation completed successfully.

ERROR: [Common 17-180] Spawn failed: The operation completed successfully.

ERROR: [Common 17-180] Spawn failed: The operation completed successfully.

current_project stream_parity_gen
update_compile_order -fileset sources_1
current_sim simulation_6
current_project Even_parity_Generator_using_Generateblk
WARNING: [filemgmt 56-199] Attempt to get parsing info during refresh. "On-the-fly" syntax checking information may be incorrect. [D:\ECE\FPGA Training NTI\memory_LAB8\project_1.srcs\sources_1\new\memory.v:]
WARNING: [filemgmt 56-199] Attempt to get parsing info during refresh. "On-the-fly" syntax checking information may be incorrect. [D:\ECE\FPGA Training NTI\memory_test.v:]
WARNING: [filemgmt 56-199] Attempt to get parsing info during refresh. "On-the-fly" syntax checking information may be incorrect. [D:\ECE\FPGA Training NTI\memory_LAB8\project_1.srcs\sources_1\new\memory.v:]
WARNING: [filemgmt 56-199] Attempt to get parsing info during refresh. "On-the-fly" syntax checking information may be incorrect. [D:\ECE\FPGA Training NTI\memory_LAB8\project_1.srcs\sources_1\new\memory.v:]
WARNING: [filemgmt 56-199] Attempt to get parsing info during refresh. "On-the-fly" syntax checking information may be incorrect. [D:\ECE\FPGA Training NTI\counter_test.v:]
WARNING: [filemgmt 56-199] Attempt to get parsing info during refresh. "On-the-fly" syntax checking information may be incorrect. [D:\ECE\FPGA Training NTI\Generic_Counter\Generic_Counter.srcs\sources_1\new\counter.v:]
WARNING: [filemgmt 56-199] Attempt to get parsing info during refresh. "On-the-fly" syntax checking information may be incorrect. [D:\ECE\FPGA Training NTI\counter_test.v:]
WARNING: [filemgmt 56-199] Attempt to get parsing info during refresh. "On-the-fly" syntax checking information may be incorrect. [D:\ECE\FPGA Training NTI\counter_test.v:]
WARNING: [filemgmt 56-199] Attempt to get parsing info during refresh. "On-the-fly" syntax checking information may be incorrect. [D:\ECE\FPGA Training NTI\stream_parity_gen\stream_parity_gen.srcs\sources_1\new\stream_parity_tb.v:]
WARNING: [filemgmt 56-199] Attempt to get parsing info during refresh. "On-the-fly" syntax checking information may be incorrect. [D:\ECE\FPGA Training NTI\stream_parity_gen\stream_parity_gen.srcs\sources_1\new\stream_parity_gen.v:]
WARNING: [filemgmt 56-199] Attempt to get parsing info during refresh. "On-the-fly" syntax checking information may be incorrect. [D:\ECE\FPGA Training NTI\stream_parity_gen\stream_parity_gen.srcs\sources_1\new\stream_parity_gen.v:]
WARNING: [filemgmt 56-199] Attempt to get parsing info during refresh. "On-the-fly" syntax checking information may be incorrect. [D:\ECE\FPGA Training NTI\stream_parity_gen\stream_parity_gen.srcs\sources_1\new\stream_parity_gen.v:]
WARNING: [filemgmt 56-199] Attempt to get parsing info during refresh. "On-the-fly" syntax checking information may be incorrect. [D:\ECE\FPGA Training NTI\Even_parity_Generator_using_Generateblk\Even_parity_Generator_using_Generateblk.srcs\sources_1\new\even_parity_generate.v:]
WARNING: [filemgmt 56-199] Attempt to get parsing info during refresh. "On-the-fly" syntax checking information may be incorrect. [D:\ECE\FPGA Training NTI\stream_parity_gen\stream_parity_gen.srcs\sources_1\new\stream_parity_tb.v:]
WARNING: [filemgmt 56-199] Attempt to get parsing info during refresh. "On-the-fly" syntax checking information may be incorrect. [D:\ECE\FPGA Training NTI\stream_parity_gen\stream_parity_gen.srcs\sources_1\new\stream_parity_tb.v:]
WARNING: [filemgmt 56-199] Attempt to get parsing info during refresh. "On-the-fly" syntax checking information may be incorrect. [D:\ECE\FPGA Training NTI\stream_parity_gen\stream_parity_gen.srcs\sources_1\new\stream_parity_tb.v:]
ERROR: [Common 17-180] Spawn failed: The operation completed successfully.

ERROR: [Common 17-180] Spawn failed: The operation completed successfully.

ERROR: [Common 17-180] Spawn failed: The operation completed successfully.

WARNING: [filemgmt 56-199] Attempt to get parsing info during refresh. "On-the-fly" syntax checking information may be incorrect. [D:\ECE\FPGA Training NTI\stream_parity_gen\stream_parity_gen.srcs\sources_1\new\stream_parity_tb.v:]
WARNING: [filemgmt 56-199] Attempt to get parsing info during refresh. "On-the-fly" syntax checking information may be incorrect. [D:\ECE\FPGA Training NTI\stream_parity_gen\stream_parity_gen.srcs\sources_1\new\stream_parity_gen.v:]
WARNING: [filemgmt 56-199] Attempt to get parsing info during refresh. "On-the-fly" syntax checking information may be incorrect. [D:\ECE\FPGA Training NTI\stream_parity_gen\stream_parity_gen.srcs\sources_1\new\stream_parity_gen.v:]
WARNING: [filemgmt 56-199] Attempt to get parsing info during refresh. "On-the-fly" syntax checking information may be incorrect. [D:\ECE\FPGA Training NTI\stream_parity_gen\stream_parity_gen.srcs\sources_1\new\stream_parity_gen.v:]
WARNING: [filemgmt 56-199] Attempt to get parsing info during refresh. "On-the-fly" syntax checking information may be incorrect. [D:\ECE\FPGA Training NTI\memory_LAB8\project_1.srcs\sources_1\new\memory.v:]
WARNING: [filemgmt 56-199] Attempt to get parsing info during refresh. "On-the-fly" syntax checking information may be incorrect. [D:\ECE\FPGA Training NTI\memory_test.v:]
WARNING: [filemgmt 56-199] Attempt to get parsing info during refresh. "On-the-fly" syntax checking information may be incorrect. [D:\ECE\FPGA Training NTI\memory_LAB8\project_1.srcs\sources_1\new\memory.v:]
WARNING: [filemgmt 56-199] Attempt to get parsing info during refresh. "On-the-fly" syntax checking information may be incorrect. [D:\ECE\FPGA Training NTI\memory_LAB8\project_1.srcs\sources_1\new\memory.v:]
ERROR: [Common 17-180] Spawn failed: The operation completed successfully.

ERROR: [Common 17-180] Spawn failed: The operation completed successfully.

WARNING: [filemgmt 56-199] Attempt to get parsing info during refresh. "On-the-fly" syntax checking information may be incorrect. [D:\ECE\FPGA Training NTI\Even_parity_Generator_using_Generateblk\Even_parity_Generator_using_Generateblk.srcs\sources_1\new\even_parity_generate.v:]
WARNING: [filemgmt 56-199] Attempt to get parsing info during refresh. "On-the-fly" syntax checking information may be incorrect. [D:\ECE\FPGA Training NTI\stream_parity_gen\stream_parity_gen.srcs\sources_1\new\stream_parity_tb.v:]
WARNING: [filemgmt 56-199] Attempt to get parsing info during refresh. "On-the-fly" syntax checking information may be incorrect. [D:\ECE\FPGA Training NTI\stream_parity_gen\stream_parity_gen.srcs\sources_1\new\stream_parity_tb.v:]
WARNING: [filemgmt 56-199] Attempt to get parsing info during refresh. "On-the-fly" syntax checking information may be incorrect. [D:\ECE\FPGA Training NTI\stream_parity_gen\stream_parity_gen.srcs\sources_1\new\stream_parity_tb.v:]
ERROR: [Common 17-180] Spawn failed: The operation completed successfully.

current_project stream_parity_gen
close_sim
INFO: [Simtcl 6-16] Simulation closed
close_project
current_project memory_tb
current_sim simulation_9
close_sim
INFO: [Simtcl 6-16] Simulation closed
close_project
WARNING: [filemgmt 56-199] Attempt to get parsing info during refresh. "On-the-fly" syntax checking information may be incorrect. [D:\ECE\FPGA Training NTI\counter_test.v:]
WARNING: [filemgmt 56-199] Attempt to get parsing info during refresh. "On-the-fly" syntax checking information may be incorrect. [D:\ECE\FPGA Training NTI\Generic_Counter\Generic_Counter.srcs\sources_1\new\counter.v:]
WARNING: [filemgmt 56-199] Attempt to get parsing info during refresh. "On-the-fly" syntax checking information may be incorrect. [D:\ECE\FPGA Training NTI\Generic_Counter\Generic_Counter.srcs\sources_1\new\counter.v:]
WARNING: [filemgmt 56-199] Attempt to get parsing info during refresh. "On-the-fly" syntax checking information may be incorrect. [D:\ECE\FPGA Training NTI\Generic_Counter\Generic_Counter.srcs\sources_1\new\counter.v:]
WARNING: [filemgmt 56-199] Attempt to get parsing info during refresh. "On-the-fly" syntax checking information may be incorrect. [D:\ECE\FPGA Training NTI\Even_parity_Generator_using_Generateblk\Even_parity_Generator_using_Generateblk.srcs\sources_1\new\even_parity_generate.v:]
WARNING: [filemgmt 56-199] Attempt to get parsing info during refresh. "On-the-fly" syntax checking information may be incorrect. [D:\ECE\FPGA Training NTI\stream_parity_gen\stream_parity_gen.srcs\sources_1\new\stream_parity_tb.v:]
WARNING: [filemgmt 56-199] Attempt to get parsing info during refresh. "On-the-fly" syntax checking information may be incorrect. [D:\ECE\FPGA Training NTI\stream_parity_gen\stream_parity_gen.srcs\sources_1\new\stream_parity_tb.v:]
WARNING: [filemgmt 56-199] Attempt to get parsing info during refresh. "On-the-fly" syntax checking information may be incorrect. [D:\ECE\FPGA Training NTI\stream_parity_gen\stream_parity_gen.srcs\sources_1\new\stream_parity_tb.v:]
ERROR: [Common 17-180] Spawn failed: The operation completed successfully.

current_project Counter_TB
close_sim
INFO: [Simtcl 6-16] Simulation closed
close_project
close_project
exit
INFO: [Common 17-206] Exiting Vivado at Thu Jul 16 19:30:05 2026...
