#-----------------------------------------------------------
# Vivado v2025.1 (64-bit)
# SW Build 6140274 on Thu May 22 00:12:29 MDT 2025
# IP Build 6138677 on Thu May 22 03:10:11 MDT 2025
# SharedData Build 6139179 on Tue May 20 17:58:58 MDT 2025
# Start of session at: Sat Jul 25 04:24:55 2026
# Process ID         : 23136
# Current directory  : D:/ECE/FPGA Training NTI/LAB4
# Command line       : vivado.exe -gui_launcher_event rodinguilauncherevent26952 D:\ECE\FPGA Training NTI\LAB4\LAB4.xpr
# Log file           : D:/ECE/FPGA Training NTI/LAB4/vivado.log
# Journal file       : D:/ECE/FPGA Training NTI/LAB4\vivado.jou
# Running On         : MOHAMMED-SAEED
# Platform           : Windows Server 2016 or Windows 10
# Operating System   : 26200
# Processor Detail   : Intel(R) Core(TM) i7-8850H CPU @ 2.60GHz
# CPU Frequency      : 2592 MHz
# CPU Physical cores : 6
# CPU Logical cores  : 12
# Host memory        : 16960 MB
# Swap memory        : 6082 MB
# Total Virtual      : 23043 MB
# Available Virtual  : 4510 MB
#-----------------------------------------------------------
start_gui
open_project {D:/ECE/FPGA Training NTI/LAB4/LAB4.xpr}
WARNING: [Board 49-26] cannot add Board Part xilinx.com:emb-plus-vpr-4616:part0:1.0 available at C:/Xilinx/2025.1/data/xhub/boards\XilinxBoardStore\boards\Xilinx\emb-plus-vpr-4616\1.0\board.xml as part xcve2302-sfva784-2mp-e-s specified in board_part file is either invalid or not available
WARNING: [Board 49-26] cannot add Board Part xilinx.com:emb-plus-vpr-4616:part0:1.1 available at C:/Xilinx/2025.1/data/xhub/boards\XilinxBoardStore\boards\Xilinx\emb-plus-vpr-4616\1.1\board.xml as part xcve2302-sfva784-2mp-e-s specified in board_part file is either invalid or not available
WARNING: [Board 49-26] cannot add Board Part xilinx.com:k24c:part0:1.0 available at C:/Xilinx/2025.1/data/xhub/boards\XilinxBoardStore\boards\Xilinx\k24c\1.0\board.xml as part xck24-ubva530-2lv-c specified in board_part file is either invalid or not available
WARNING: [Board 49-26] cannot add Board Part xilinx.com:k24c:part0:1.1 available at C:/Xilinx/2025.1/data/xhub/boards\XilinxBoardStore\boards\Xilinx\k24c\1.1\board.xml as part xck24-ubva530-2lv-c specified in board_part file is either invalid or not available
WARNING: [Board 49-26] cannot add Board Part xilinx.com:k24i:part0:1.0 available at C:/Xilinx/2025.1/data/xhub/boards\XilinxBoardStore\boards\Xilinx\k24i\1.0\board.xml as part xck24-ubva530-2lvi-i specified in board_part file is either invalid or not available
WARNING: [Board 49-26] cannot add Board Part xilinx.com:k26c:part0:1.2 available at C:/Xilinx/2025.1/data/xhub/boards\XilinxBoardStore\boards\Xilinx\k26c\1.2\board.xml as part xck26-sfvc784-2lv-c specified in board_part file is either invalid or not available
WARNING: [Board 49-26] cannot add Board Part xilinx.com:k26c:part0:1.3 available at C:/Xilinx/2025.1/data/xhub/boards\XilinxBoardStore\boards\Xilinx\k26c\1.3\board.xml as part xck26-sfvc784-2lv-c specified in board_part file is either invalid or not available
WARNING: [Board 49-26] cannot add Board Part xilinx.com:k26c:part0:1.4 available at C:/Xilinx/2025.1/data/xhub/boards\XilinxBoardStore\boards\Xilinx\k26c\1.4\board.xml as part xck26-sfvc784-2lv-c specified in board_part file is either invalid or not available
WARNING: [Board 49-26] cannot add Board Part xilinx.com:k26i:part0:1.2 available at C:/Xilinx/2025.1/data/xhub/boards\XilinxBoardStore\boards\Xilinx\k26i\1.2\board.xml as part xck26-sfvc784-2lvi-i specified in board_part file is either invalid or not available
WARNING: [Board 49-26] cannot add Board Part xilinx.com:k26i:part0:1.3 available at C:/Xilinx/2025.1/data/xhub/boards\XilinxBoardStore\boards\Xilinx\k26i\1.3\board.xml as part xck26-sfvc784-2lvi-i specified in board_part file is either invalid or not available
WARNING: [Board 49-26] cannot add Board Part xilinx.com:k26i:part0:1.4 available at C:/Xilinx/2025.1/data/xhub/boards\XilinxBoardStore\boards\Xilinx\k26i\1.4\board.xml as part xck26-sfvc784-2lvi-i specified in board_part file is either invalid or not available
WARNING: [Board 49-26] cannot add Board Part xilinx.com:kcu105:part0:1.6 available at C:/Xilinx/2025.1/data/xhub/boards\XilinxBoardStore\boards\Xilinx\kcu105\1.6\board.xml as part xcku040-ffva1156-2-e specified in board_part file is either invalid or not available
WARNING: [Board 49-26] cannot add Board Part xilinx.com:kcu105:part0:1.7 available at C:/Xilinx/2025.1/data/xhub/boards\XilinxBoardStore\boards\Xilinx\kcu105\1.7\board.xml as part xcku040-ffva1156-2-e specified in board_part file is either invalid or not available
WARNING: [Board 49-26] cannot add Board Part xilinx.com:kcu116:part0:1.4 available at C:/Xilinx/2025.1/data/xhub/boards\XilinxBoardStore\boards\Xilinx\kcu116\1.4\board.xml as part xcku5p-ffvb676-2-e specified in board_part file is either invalid or not available
WARNING: [Board 49-26] cannot add Board Part xilinx.com:kcu116:part0:1.5 available at C:/Xilinx/2025.1/data/xhub/boards\XilinxBoardStore\boards\Xilinx\kcu116\1.5\board.xml as part xcku5p-ffvb676-2-e specified in board_part file is either invalid or not available
WARNING: [Board 49-26] cannot add Board Part xilinx.com:kcu1500:part0:1.2 available at C:/Xilinx/2025.1/data/xhub/boards\XilinxBoardStore\boards\Xilinx\kcu1500\1.2\board.xml as part xcku115-flvb2104-2-e specified in board_part file is either invalid or not available
WARNING: [Board 49-26] cannot add Board Part xilinx.com:kd240_som:part0:1.0 available at C:/Xilinx/2025.1/data/xhub/boards\XilinxBoardStore\boards\Xilinx\kd240_som\1.0\board.xml as part xck24-ubva530-2lv-c specified in board_part file is either invalid or not available
WARNING: [Board 49-26] cannot add Board Part xilinx.com:kd240_som:part0:1.1 available at C:/Xilinx/2025.1/data/xhub/boards\XilinxBoardStore\boards\Xilinx\kd240_som\1.1\board.xml as part xck24-ubva530-2lv-c specified in board_part file is either invalid or not available
WARNING: [Board 49-26] cannot add Board Part xilinx.com:kr260_som:part0:1.0 available at C:/Xilinx/2025.1/data/xhub/boards\XilinxBoardStore\boards\Xilinx\kr260_som\1.0\board.xml as part xck26-sfvc784-2lv-c specified in board_part file is either invalid or not available
WARNING: [Board 49-26] cannot add Board Part xilinx.com:kr260_som:part0:1.1 available at C:/Xilinx/2025.1/data/xhub/boards\XilinxBoardStore\boards\Xilinx\kr260_som\1.1\board.xml as part xck26-sfvc784-2lv-c specified in board_part file is either invalid or not available
WARNING: [Board 49-26] cannot add Board Part xilinx.com:kv260_som:part0:1.2 available at C:/Xilinx/2025.1/data/xhub/boards\XilinxBoardStore\boards\Xilinx\kv260_som\1.2\board.xml as part xck26-sfvc784-2lv-c specified in board_part file is either invalid or not available
WARNING: [Board 49-26] cannot add Board Part xilinx.com:kv260_som:part0:1.3 available at C:/Xilinx/2025.1/data/xhub/boards\XilinxBoardStore\boards\Xilinx\kv260_som\1.3\board.xml as part xck26-sfvc784-2lv-c specified in board_part file is either invalid or not available
WARNING: [Board 49-26] cannot add Board Part xilinx.com:kv260_som:part0:1.4 available at C:/Xilinx/2025.1/data/xhub/boards\XilinxBoardStore\boards\Xilinx\kv260_som\1.4\board.xml as part xck26-sfvc784-2lv-c specified in board_part file is either invalid or not available
WARNING: [Board 49-26] cannot add Board Part xilinx.com:scu35:part0:1.0 available at C:/Xilinx/2025.1/data/xhub/boards\XilinxBoardStore\boards\Xilinx\scu35\1.0\board.xml as part xcsu35p-sbvb625-2-e specified in board_part file is either invalid or not available
WARNING: [Board 49-26] cannot add Board Part xilinx.com:v80:part0:1.0 available at C:/Xilinx/2025.1/data/xhub/boards\XilinxBoardStore\boards\Xilinx\v80\1.0\board.xml as part xcv80-lsva4737-2mhp-e-s specified in board_part file is either invalid or not available
WARNING: [Board 49-26] cannot add Board Part xilinx.com:vck190:part0:2.2 available at C:/Xilinx/2025.1/data/xhub/boards\XilinxBoardStore\boards\Xilinx\vck190\production\2.2\board.xml as part xcvc1902-vsva2197-2mp-e-s specified in board_part file is either invalid or not available
WARNING: [Board 49-26] cannot add Board Part xilinx.com:vck190:part0:3.0 available at C:/Xilinx/2025.1/data/xhub/boards\XilinxBoardStore\boards\Xilinx\vck190\production\3.0\board.xml as part xcvc1902-vsva2197-2mp-e-s specified in board_part file is either invalid or not available
WARNING: [Board 49-26] cannot add Board Part xilinx.com:vck190:part0:3.1 available at C:/Xilinx/2025.1/data/xhub/boards\XilinxBoardStore\boards\Xilinx\vck190\production\3.1\board.xml as part xcvc1902-vsva2197-2mp-e-s specified in board_part file is either invalid or not available
WARNING: [Board 49-26] cannot add Board Part xilinx.com:vck190:part0:3.2 available at C:/Xilinx/2025.1/data/xhub/boards\XilinxBoardStore\boards\Xilinx\vck190\production\3.2\board.xml as part xcvc1902-vsva2197-2mp-e-s specified in board_part file is either invalid or not available
WARNING: [Board 49-26] cannot add Board Part xilinx.com:vck190:part0:3.3 available at C:/Xilinx/2025.1/data/xhub/boards\XilinxBoardStore\boards\Xilinx\vck190\production\3.3\board.xml as part xcvc1902-vsva2197-2mp-e-s specified in board_part file is either invalid or not available
WARNING: [Board 49-26] cannot add Board Part xilinx.com:vck190:part0:3.4 available at C:/Xilinx/2025.1/data/xhub/boards\XilinxBoardStore\boards\Xilinx\vck190\production\3.4\board.xml as part xcvc1902-vsva2197-2mp-e-s specified in board_part file is either invalid or not available
WARNING: [Board 49-26] cannot add Board Part xilinx.com:vck190_newl:part0:1.0 available at C:/Xilinx/2025.1/data/xhub/boards\XilinxBoardStore\boards\Xilinx\vck190_newl\production\1.0\board.xml as part xcvc1902-vsva2197-2mp-e-s specified in board_part file is either invalid or not available
WARNING: [Board 49-26] cannot add Board Part xilinx.com:vck190_newl:part0:1.1 available at C:/Xilinx/2025.1/data/xhub/boards\XilinxBoardStore\boards\Xilinx\vck190_newl\production\1.1\board.xml as part xcvc1902-vsva2197-2mp-e-s specified in board_part file is either invalid or not available
WARNING: [Board 49-26] cannot add Board Part xilinx.com:vck190_newl:part0:1.2 available at C:/Xilinx/2025.1/data/xhub/boards\XilinxBoardStore\boards\Xilinx\vck190_newl\production\1.2\board.xml as part xcvc1902-vsva2197-2mp-e-s specified in board_part file is either invalid or not available
WARNING: [Board 49-26] cannot add Board Part xilinx.com:vck190_newl:part0:1.3 available at C:/Xilinx/2025.1/data/xhub/boards\XilinxBoardStore\boards\Xilinx\vck190_newl\production\1.3\board.xml as part xcvc1902-vsva2197-2mp-e-s specified in board_part file is either invalid or not available
WARNING: [Board 49-26] cannot add Board Part xilinx.com:vcu108:part0:1.6 available at C:/Xilinx/2025.1/data/xhub/boards\XilinxBoardStore\boards\Xilinx\vcu108\1.6\board.xml as part xcvu095-ffva2104-2-e specified in board_part file is either invalid or not available
WARNING: [Board 49-26] cannot add Board Part xilinx.com:vcu108:part0:1.7 available at C:/Xilinx/2025.1/data/xhub/boards\XilinxBoardStore\boards\Xilinx\vcu108\1.7\board.xml as part xcvu095-ffva2104-2-e specified in board_part file is either invalid or not available
WARNING: [Board 49-26] cannot add Board Part xilinx.com:vcu110:part0:1.4 available at C:/Xilinx/2025.1/data/xhub/boards\XilinxBoardStore\boards\Xilinx\vcu110\1.4\board.xml as part xcvu190-flgc2104-2-e specified in board_part file is either invalid or not available
WARNING: [Board 49-26] cannot add Board Part xilinx.com:vcu118:part0:2.0 available at C:/Xilinx/2025.1/data/xhub/boards\XilinxBoardStore\boards\Xilinx\vcu118\2.0\board.xml as part xcvu9p-flga2104-2l-e specified in board_part file is either invalid or not available
WARNING: [Board 49-26] cannot add Board Part xilinx.com:vcu118:part0:2.3 available at C:/Xilinx/2025.1/data/xhub/boards\XilinxBoardStore\boards\Xilinx\vcu118\2.3\board.xml as part xcvu9p-flga2104-2l-e specified in board_part file is either invalid or not available
WARNING: [Board 49-26] cannot add Board Part xilinx.com:vcu118:part0:2.4 available at C:/Xilinx/2025.1/data/xhub/boards\XilinxBoardStore\boards\Xilinx\vcu118\2.4\board.xml as part xcvu9p-flga2104-2l-e specified in board_part file is either invalid or not available
WARNING: [Board 49-26] cannot add Board Part xilinx.com:vcu128:part0:1.0 available at C:/Xilinx/2025.1/data/xhub/boards\XilinxBoardStore\boards\Xilinx\vcu128\production\1.0\board.xml as part xcvu37p-fsvh2892-2l-e specified in board_part file is either invalid or not available
WARNING: [Board 49-26] cannot add Board Part xilinx.com:vcu129:part0:1.0 available at C:/Xilinx/2025.1/data/xhub/boards\XilinxBoardStore\boards\Xilinx\vcu129\production\1.0\board.xml as part xcvu29p-fsga2577-2l-e specified in board_part file is either invalid or not available
WARNING: [Board 49-26] cannot add Board Part xilinx.com:vcu1525:part0:1.3 available at C:/Xilinx/2025.1/data/xhub/boards\XilinxBoardStore\boards\Xilinx\vcu1525\1.3\board.xml as part xcvu9p-fsgd2104-2l-e specified in board_part file is either invalid or not available
WARNING: [Board 49-26] cannot add Board Part xilinx.com:vek280:part0:1.0 available at C:/Xilinx/2025.1/data/xhub/boards\XilinxBoardStore\boards\Xilinx\vek280\production\1.0\board.xml as part xcve2802-vsvh1760-2mp-e-s specified in board_part file is either invalid or not available
WARNING: [Board 49-26] cannot add Board Part xilinx.com:vek280:part0:1.1 available at C:/Xilinx/2025.1/data/xhub/boards\XilinxBoardStore\boards\Xilinx\vek280\production\1.1\board.xml as part xcve2802-vsvh1760-2mp-e-s specified in board_part file is either invalid or not available
WARNING: [Board 49-26] cannot add Board Part xilinx.com:vek280:part0:1.2 available at C:/Xilinx/2025.1/data/xhub/boards\XilinxBoardStore\boards\Xilinx\vek280\production\1.2\board.xml as part xcve2802-vsvh1760-2mp-e-s specified in board_part file is either invalid or not available
WARNING: [Board 49-26] cannot add Board Part xilinx.com:vek385:part0:1.0 available at C:/Xilinx/2025.1/data/xhub/boards\XilinxBoardStore\boards\Xilinx\vek385\1.0\board.xml as part xc2ve3858-ssva2112-2mp-e-s specified in board_part file is either invalid or not available
WARNING: [Board 49-26] cannot add Board Part xilinx.com:vermeo_t1_mpsoc:part0:1.0 available at C:/Xilinx/2025.1/data/xhub/boards\XilinxBoardStore\boards\Xilinx\vermeo_t1_mpsoc\1.0\board.xml as part xczu19eg-ffvd1760-2l-e specified in board_part file is either invalid or not available
WARNING: [Board 49-26] cannot add Board Part xilinx.com:vermeo_t1_rfsoc:part0:1.0 available at C:/Xilinx/2025.1/data/xhub/boards\XilinxBoardStore\boards\Xilinx\vermeo_t1_rfsoc\1.0\board.xml as part xczu21dr-ffvd1156-2l-e specified in board_part file is either invalid or not available
WARNING: [Board 49-26] cannot add Board Part xilinx.com:vhk158:part0:1.0 available at C:/Xilinx/2025.1/data/xhub/boards\XilinxBoardStore\boards\Xilinx\vhk158\production\1.0\board.xml as part xcvh1582-vsva3697-2mp-e-s specified in board_part file is either invalid or not available
WARNING: [Board 49-26] cannot add Board Part xilinx.com:vhk158:part0:1.1 available at C:/Xilinx/2025.1/data/xhub/boards\XilinxBoardStore\boards\Xilinx\vhk158\production\1.1\board.xml as part xcvh1582-vsva3697-2mp-e-s specified in board_part file is either invalid or not available
WARNING: [Board 49-26] cannot add Board Part xilinx.com:vhk158:part0:1.2 available at C:/Xilinx/2025.1/data/xhub/boards\XilinxBoardStore\boards\Xilinx\vhk158\production\1.2\board.xml as part xcvh1582-vsva3697-2mp-e-s specified in board_part file is either invalid or not available
WARNING: [Board 49-26] cannot add Board Part xilinx.com:vmk180:part0:2.2 available at C:/Xilinx/2025.1/data/xhub/boards\XilinxBoardStore\boards\Xilinx\vmk180\production\2.2\board.xml as part xcvm1802-vsva2197-2mp-e-s specified in board_part file is either invalid or not available
WARNING: [Board 49-26] cannot add Board Part xilinx.com:vmk180:part0:3.0 available at C:/Xilinx/2025.1/data/xhub/boards\XilinxBoardStore\boards\Xilinx\vmk180\production\3.0\board.xml as part xcvm1802-vsva2197-2mp-e-s specified in board_part file is either invalid or not available
WARNING: [Board 49-26] cannot add Board Part xilinx.com:vmk180:part0:3.1 available at C:/Xilinx/2025.1/data/xhub/boards\XilinxBoardStore\boards\Xilinx\vmk180\production\3.1\board.xml as part xcvm1802-vsva2197-2mp-e-s specified in board_part file is either invalid or not available
WARNING: [Board 49-26] cannot add Board Part xilinx.com:vmk180:part0:3.2 available at C:/Xilinx/2025.1/data/xhub/boards\XilinxBoardStore\boards\Xilinx\vmk180\production\3.2\board.xml as part xcvm1802-vsva2197-2mp-e-s specified in board_part file is either invalid or not available
WARNING: [Board 49-26] cannot add Board Part xilinx.com:vmk180:part0:3.3 available at C:/Xilinx/2025.1/data/xhub/boards\XilinxBoardStore\boards\Xilinx\vmk180\production\3.3\board.xml as part xcvm1802-vsva2197-2mp-e-s specified in board_part file is either invalid or not available
WARNING: [Board 49-26] cannot add Board Part xilinx.com:vmk180_newl:part0:1.0 available at C:/Xilinx/2025.1/data/xhub/boards\XilinxBoardStore\boards\Xilinx\vmk180_newl\production\1.0\board.xml as part xcvm1802-vsva2197-2mp-e-s specified in board_part file is either invalid or not available
WARNING: [Board 49-26] cannot add Board Part xilinx.com:vmk180_newl:part0:1.1 available at C:/Xilinx/2025.1/data/xhub/boards\XilinxBoardStore\boards\Xilinx\vmk180_newl\production\1.1\board.xml as part xcvm1802-vsva2197-2mp-e-s specified in board_part file is either invalid or not available
WARNING: [Board 49-26] cannot add Board Part xilinx.com:vpk120:part0:1.0 available at C:/Xilinx/2025.1/data/xhub/boards\XilinxBoardStore\boards\Xilinx\vpk120\production\1.0\board.xml as part xcvp1202-vsva2785-2mp-e-s specified in board_part file is either invalid or not available
WARNING: [Board 49-26] cannot add Board Part xilinx.com:vpk120:part0:1.1 available at C:/Xilinx/2025.1/data/xhub/boards\XilinxBoardStore\boards\Xilinx\vpk120\production\1.1\board.xml as part xcvp1202-vsva2785-2mp-e-s specified in board_part file is either invalid or not available
WARNING: [Board 49-26] cannot add Board Part xilinx.com:vpk120:part0:1.2 available at C:/Xilinx/2025.1/data/xhub/boards\XilinxBoardStore\boards\Xilinx\vpk120\production\1.2\board.xml as part xcvp1202-vsva2785-2mp-e-s specified in board_part file is either invalid or not available
WARNING: [Board 49-26] cannot add Board Part xilinx.com:vpk180:part0:1.0 available at C:/Xilinx/2025.1/data/xhub/boards\XilinxBoardStore\boards\Xilinx\vpk180\production\1.0\board.xml as part xcvp1802-lsvc4072-2mp-e-s specified in board_part file is either invalid or not available
WARNING: [Board 49-26] cannot add Board Part xilinx.com:vpk180:part0:1.1 available at C:/Xilinx/2025.1/data/xhub/boards\XilinxBoardStore\boards\Xilinx\vpk180\production\1.1\board.xml as part xcvp1802-lsvc4072-2mp-e-s specified in board_part file is either invalid or not available
WARNING: [Board 49-26] cannot add Board Part xilinx.com:vpk180:part0:1.2 available at C:/Xilinx/2025.1/data/xhub/boards\XilinxBoardStore\boards\Xilinx\vpk180\production\1.2\board.xml as part xcvp1802-lsvc4072-2mp-e-s specified in board_part file is either invalid or not available
WARNING: [Board 49-26] cannot add Board Part xilinx.com:zcu102:part0:3.3 available at C:/Xilinx/2025.1/data/xhub/boards\XilinxBoardStore\boards\Xilinx\zcu102\3.3\board.xml as part xczu9eg-ffvb1156-2-e specified in board_part file is either invalid or not available
WARNING: [Board 49-26] cannot add Board Part xilinx.com:zcu102:part0:3.4 available at C:/Xilinx/2025.1/data/xhub/boards\XilinxBoardStore\boards\Xilinx\zcu102\3.4\board.xml as part xczu9eg-ffvb1156-2-e specified in board_part file is either invalid or not available
WARNING: [Board 49-26] cannot add Board Part xilinx.com:zcu104:part0:1.1 available at C:/Xilinx/2025.1/data/xhub/boards\XilinxBoardStore\boards\Xilinx\zcu104\1.1\board.xml as part xczu7ev-ffvc1156-2-e specified in board_part file is either invalid or not available
WARNING: [Board 49-26] cannot add Board Part xilinx.com:zcu106:part0:2.4 available at C:/Xilinx/2025.1/data/xhub/boards\XilinxBoardStore\boards\Xilinx\zcu106\2.4\board.xml as part xczu7ev-ffvc1156-2-e specified in board_part file is either invalid or not available
WARNING: [Board 49-26] cannot add Board Part xilinx.com:zcu106:part0:2.5 available at C:/Xilinx/2025.1/data/xhub/boards\XilinxBoardStore\boards\Xilinx\zcu106\2.5\board.xml as part xczu7ev-ffvc1156-2-e specified in board_part file is either invalid or not available
WARNING: [Board 49-26] cannot add Board Part xilinx.com:zcu106:part0:2.6 available at C:/Xilinx/2025.1/data/xhub/boards\XilinxBoardStore\boards\Xilinx\zcu106\2.6\board.xml as part xczu7ev-ffvc1156-2-e specified in board_part file is either invalid or not available
WARNING: [Board 49-26] cannot add Board Part xilinx.com:zcu111:part0:1.2 available at C:/Xilinx/2025.1/data/xhub/boards\XilinxBoardStore\boards\Xilinx\zcu111\1.2\board.xml as part xczu28dr-ffvg1517-2-e specified in board_part file is either invalid or not available
WARNING: [Board 49-26] cannot add Board Part xilinx.com:zcu111:part0:1.3 available at C:/Xilinx/2025.1/data/xhub/boards\XilinxBoardStore\boards\Xilinx\zcu111\1.3\board.xml as part xczu28dr-ffvg1517-2-e specified in board_part file is either invalid or not available
WARNING: [Board 49-26] cannot add Board Part xilinx.com:zcu111:part0:1.4 available at C:/Xilinx/2025.1/data/xhub/boards\XilinxBoardStore\boards\Xilinx\zcu111\1.4\board.xml as part xczu28dr-ffvg1517-2-e specified in board_part file is either invalid or not available
WARNING: [Board 49-26] cannot add Board Part xilinx.com:zcu1275:part0:1.0 available at C:/Xilinx/2025.1/data/xhub/boards\XilinxBoardStore\boards\Xilinx\zcu1275\1.0\board.xml as part xczu29dr-ffvf1760-2-e specified in board_part file is either invalid or not available
WARNING: [Board 49-26] cannot add Board Part xilinx.com:zcu1285:part0:1.0 available at C:/Xilinx/2025.1/data/xhub/boards\XilinxBoardStore\boards\Xilinx\zcu1285\1.0\board.xml as part xczu39dr-ffvf1760-2-i specified in board_part file is either invalid or not available
WARNING: [Board 49-26] cannot add Board Part xilinx.com:zcu208:part0:2.0 available at C:/Xilinx/2025.1/data/xhub/boards\XilinxBoardStore\boards\Xilinx\zcu208\production\2.0\board.xml as part xczu48dr-fsvg1517-2-e specified in board_part file is either invalid or not available
WARNING: [Board 49-26] cannot add Board Part xilinx.com:zcu208ld:part0:2.0 available at C:/Xilinx/2025.1/data/xhub/boards\XilinxBoardStore\boards\Xilinx\zcu208ld\production\2.0\board.xml as part xczu58dr-fsvg1517-2-i specified in board_part file is either invalid or not available
WARNING: [Board 49-26] cannot add Board Part xilinx.com:zcu216:part0:2.0 available at C:/Xilinx/2025.1/data/xhub/boards\XilinxBoardStore\boards\Xilinx\zcu216\production\2.0\board.xml as part xczu49dr-ffvf1760-2-e specified in board_part file is either invalid or not available
WARNING: [Board 49-26] cannot add Board Part xilinx.com:zcu216ld:part0:2.0 available at C:/Xilinx/2025.1/data/xhub/boards\XilinxBoardStore\boards\Xilinx\zcu216ld\production\2.0\board.xml as part xczu59dr-ffvf1760-2-i specified in board_part file is either invalid or not available
WARNING: [Board 49-26] cannot add Board Part xilinx.com:zcu670:part0:2.0 available at C:/Xilinx/2025.1/data/xhub/boards\XilinxBoardStore\boards\Xilinx\zcu670\2.0\board.xml as part xczu67dr-fsve1156-2-i specified in board_part file is either invalid or not available
WARNING: [Board 49-26] cannot add Board Part xilinx.com:zcu670ld:part0:1.0 available at C:/Xilinx/2025.1/data/xhub/boards\XilinxBoardStore\boards\Xilinx\zcu670ld\1.0\board.xml as part xczu57dr-fsve1156-2-i specified in board_part file is either invalid or not available
INFO: [filemgmt 56-3] Default IP Output Path : Could not find the directory 'D:/ECE/FPGA Training NTI/LAB4/LAB4.gen/sources_1'.
CRITICAL WARNING: [Project 1-19] Could not find the file 'D:/ECE/FPGA Training NTI/LAB4/TOP_SYSTEM_tb_behav.wcfg'.
Scanning sources...
Finished scanning sources
WARNING: [Board 49-26] cannot add Board Part xilinx.com:emb-plus-vpr-4616:part0:1.0 available at C:/Xilinx/2025.1/data/xhub/boards\XilinxBoardStore\boards\Xilinx\emb-plus-vpr-4616\1.0\board.xml as part xcve2302-sfva784-2mp-e-s specified in board_part file is either invalid or not available
WARNING: [Board 49-26] cannot add Board Part xilinx.com:emb-plus-vpr-4616:part0:1.1 available at C:/Xilinx/2025.1/data/xhub/boards\XilinxBoardStore\boards\Xilinx\emb-plus-vpr-4616\1.1\board.xml as part xcve2302-sfva784-2mp-e-s specified in board_part file is either invalid or not available
WARNING: [Board 49-26] cannot add Board Part xilinx.com:k24c:part0:1.0 available at C:/Xilinx/2025.1/data/xhub/boards\XilinxBoardStore\boards\Xilinx\k24c\1.0\board.xml as part xck24-ubva530-2lv-c specified in board_part file is either invalid or not available
WARNING: [Board 49-26] cannot add Board Part xilinx.com:k24c:part0:1.1 available at C:/Xilinx/2025.1/data/xhub/boards\XilinxBoardStore\boards\Xilinx\k24c\1.1\board.xml as part xck24-ubva530-2lv-c specified in board_part file is either invalid or not available
WARNING: [Board 49-26] cannot add Board Part xilinx.com:k24i:part0:1.0 available at C:/Xilinx/2025.1/data/xhub/boards\XilinxBoardStore\boards\Xilinx\k24i\1.0\board.xml as part xck24-ubva530-2lvi-i specified in board_part file is either invalid or not available
WARNING: [Board 49-26] cannot add Board Part xilinx.com:k26c:part0:1.2 available at C:/Xilinx/2025.1/data/xhub/boards\XilinxBoardStore\boards\Xilinx\k26c\1.2\board.xml as part xck26-sfvc784-2lv-c specified in board_part file is either invalid or not available
WARNING: [Board 49-26] cannot add Board Part xilinx.com:k26c:part0:1.3 available at C:/Xilinx/2025.1/data/xhub/boards\XilinxBoardStore\boards\Xilinx\k26c\1.3\board.xml as part xck26-sfvc784-2lv-c specified in board_part file is either invalid or not available
WARNING: [Board 49-26] cannot add Board Part xilinx.com:k26c:part0:1.4 available at C:/Xilinx/2025.1/data/xhub/boards\XilinxBoardStore\boards\Xilinx\k26c\1.4\board.xml as part xck26-sfvc784-2lv-c specified in board_part file is either invalid or not available
WARNING: [Board 49-26] cannot add Board Part xilinx.com:k26i:part0:1.2 available at C:/Xilinx/2025.1/data/xhub/boards\XilinxBoardStore\boards\Xilinx\k26i\1.2\board.xml as part xck26-sfvc784-2lvi-i specified in board_part file is either invalid or not available
WARNING: [Board 49-26] cannot add Board Part xilinx.com:k26i:part0:1.3 available at C:/Xilinx/2025.1/data/xhub/boards\XilinxBoardStore\boards\Xilinx\k26i\1.3\board.xml as part xck26-sfvc784-2lvi-i specified in board_part file is either invalid or not available
WARNING: [Board 49-26] cannot add Board Part xilinx.com:k26i:part0:1.4 available at C:/Xilinx/2025.1/data/xhub/boards\XilinxBoardStore\boards\Xilinx\k26i\1.4\board.xml as part xck26-sfvc784-2lvi-i specified in board_part file is either invalid or not available
WARNING: [Board 49-26] cannot add Board Part xilinx.com:kcu105:part0:1.6 available at C:/Xilinx/2025.1/data/xhub/boards\XilinxBoardStore\boards\Xilinx\kcu105\1.6\board.xml as part xcku040-ffva1156-2-e specified in board_part file is either invalid or not available
WARNING: [Board 49-26] cannot add Board Part xilinx.com:kcu105:part0:1.7 available at C:/Xilinx/2025.1/data/xhub/boards\XilinxBoardStore\boards\Xilinx\kcu105\1.7\board.xml as part xcku040-ffva1156-2-e specified in board_part file is either invalid or not available
WARNING: [Board 49-26] cannot add Board Part xilinx.com:kcu116:part0:1.4 available at C:/Xilinx/2025.1/data/xhub/boards\XilinxBoardStore\boards\Xilinx\kcu116\1.4\board.xml as part xcku5p-ffvb676-2-e specified in board_part file is either invalid or not available
WARNING: [Board 49-26] cannot add Board Part xilinx.com:kcu116:part0:1.5 available at C:/Xilinx/2025.1/data/xhub/boards\XilinxBoardStore\boards\Xilinx\kcu116\1.5\board.xml as part xcku5p-ffvb676-2-e specified in board_part file is either invalid or not available
WARNING: [Board 49-26] cannot add Board Part xilinx.com:kcu1500:part0:1.2 available at C:/Xilinx/2025.1/data/xhub/boards\XilinxBoardStore\boards\Xilinx\kcu1500\1.2\board.xml as part xcku115-flvb2104-2-e specified in board_part file is either invalid or not available
WARNING: [Board 49-26] cannot add Board Part xilinx.com:kd240_som:part0:1.0 available at C:/Xilinx/2025.1/data/xhub/boards\XilinxBoardStore\boards\Xilinx\kd240_som\1.0\board.xml as part xck24-ubva530-2lv-c specified in board_part file is either invalid or not available
INFO: [Common 17-14] Message 'Board 49-26' appears 100 times and further instances of the messages will be disabled. Use the Tcl command set_msg_config to change the current settings.
INFO: [IP_Flow 19-234] Refreshing IP repositories
INFO: [IP_Flow 19-1704] No user IP repositories specified
INFO: [IP_Flow 19-2313] Loaded Vivado IP repository 'C:/Xilinx/2025.1/Vivado/data/ip'.
open_project: Time (s): cpu = 00:00:21 ; elapsed = 00:00:09 . Memory (MB): peak = 1601.672 ; gain = 179.969
WARNING: [filemgmt 56-199] Attempt to get parsing info during refresh. "On-the-fly" syntax checking information may be incorrect. [D:\ECE\FPGA Training NTI\LAB4\LAB4.srcs\sources_1\new\TOP_SYSTEM.v:]
WARNING: [filemgmt 56-199] Attempt to get parsing info during refresh. "On-the-fly" syntax checking information may be incorrect. [D:\ECE\FPGA Training NTI\LAB4\LAB4.srcs\sources_1\new\TOP_TB.v:]
WARNING: [filemgmt 56-199] Attempt to get parsing info during refresh. "On-the-fly" syntax checking information may be incorrect. [D:\ECE\FPGA Training NTI\LAB3_SIPO_ALU\LAB3_SIPO_ALU.srcs\sources_1\new\PISO.v:]
WARNING: [filemgmt 56-199] Attempt to get parsing info during refresh. "On-the-fly" syntax checking information may be incorrect. [D:\ECE\FPGA Training NTI\LAB3_SIPO_ALU\LAB3_SIPO_ALU.srcs\sources_1\new\PISO.v:]
WARNING: [filemgmt 56-199] Attempt to get parsing info during refresh. "On-the-fly" syntax checking information may be incorrect. [D:\ECE\FPGA Training NTI\LAB3_SIPO_ALU\LAB3_SIPO_ALU.srcs\sources_1\new\PISO.v:]
WARNING: [filemgmt 56-199] Attempt to get parsing info during refresh. "On-the-fly" syntax checking information may be incorrect. [D:\ECE\FPGA Training NTI\LAB4\LAB4.srcs\sources_1\new\TOP_SYSTEM.v:]
WARNING: [filemgmt 56-199] Attempt to get parsing info during refresh. "On-the-fly" syntax checking information may be incorrect. [D:\ECE\FPGA Training NTI\LAB4\LAB4.srcs\sources_1\new\TOP_TB.v:]
WARNING: [filemgmt 56-199] Attempt to get parsing info during refresh. "On-the-fly" syntax checking information may be incorrect. [D:\ECE\FPGA Training NTI\LAB3_SIPO_ALU\LAB3_SIPO_ALU.srcs\sources_1\new\PISO.v:]
WARNING: [filemgmt 56-199] Attempt to get parsing info during refresh. "On-the-fly" syntax checking information may be incorrect. [D:\ECE\FPGA Training NTI\LAB4\LAB4.srcs\sources_1\new\TOP_TB.v:]
WARNING: [filemgmt 56-199] Attempt to get parsing info during refresh. "On-the-fly" syntax checking information may be incorrect. [D:\ECE\FPGA Training NTI\LAB4\LAB4.srcs\sources_1\new\TOP_TB.v:]
ERROR: [Common 17-180] Spawn failed: The operation completed successfully.

launch_simulation
Command: launch_simulation 
INFO: [Vivado 12-12493] Simulation top is 'TOP_SYSTEM_tb'
INFO: [Vivado 12-5682] Launching behavioral simulation in 'D:/ECE/FPGA Training NTI/LAB4/LAB4.sim/sim_1/behav/xsim'
INFO: [SIM-utils-51] Simulation object is 'sim_1'
INFO: [SIM-utils-72] Using boost library from 'C:/Xilinx/2025.1/Vivado/tps/boost_1_72_0'
INFO: [SIM-utils-54] Inspecting design source files for 'TOP_SYSTEM_tb' in fileset 'sim_1'...
INFO: [USF-XSim-97] Finding global include files...
INFO: [USF-XSim-100] Fetching design files from 'sources_1'...(this may take a while)...
INFO: [USF-XSim-101] Fetching design files from 'sim_1'...
INFO: [USF-XSim-2] XSim::Compile design
INFO: [USF-XSim-61] Executing 'COMPILE and ANALYZE' step in 'D:/ECE/FPGA Training NTI/LAB4/LAB4.sim/sim_1/behav/xsim'
"xvlog --incr --relax -prj TOP_SYSTEM_tb_vlog.prj"
INFO: [VRFC 10-2263] Analyzing Verilog file "D:/ECE/FPGA Training NTI/LAB3_SIPO_ALU/LAB3_SIPO_ALU.srcs/sources_1/new/ALU.v" into library xil_defaultlib
INFO: [VRFC 10-311] analyzing module ALU
INFO: [VRFC 10-2263] Analyzing Verilog file "D:/ECE/FPGA Training NTI/LAB3_SIPO_ALU/LAB3_SIPO_ALU.srcs/sources_1/new/PISO.v" into library xil_defaultlib
INFO: [VRFC 10-311] analyzing module PISO
INFO: [VRFC 10-2263] Analyzing Verilog file "D:/ECE/FPGA Training NTI/LAB3_SIPO_ALU/LAB3_SIPO_ALU.srcs/sources_1/new/RAM.v" into library xil_defaultlib
INFO: [VRFC 10-311] analyzing module RAM
INFO: [VRFC 10-2263] Analyzing Verilog file "D:/ECE/FPGA Training NTI/LAB3_SIPO_ALU/LAB3_SIPO_ALU.srcs/sources_1/new/SIPO.v" into library xil_defaultlib
INFO: [VRFC 10-311] analyzing module SIPO
INFO: [VRFC 10-2263] Analyzing Verilog file "D:/ECE/FPGA Training NTI/LAB4/LAB4.srcs/sources_1/new/TOP_SYSTEM.v" into library xil_defaultlib
INFO: [VRFC 10-311] analyzing module TOP_SYSTEM
INFO: [VRFC 10-2263] Analyzing Verilog file "D:/ECE/FPGA Training NTI/LAB4/LAB4.srcs/sources_1/new/TOP_TB.v" into library xil_defaultlib
INFO: [VRFC 10-311] analyzing module TOP_SYSTEM_tb
INFO: [USF-XSim-69] 'compile' step finished in '1' seconds
INFO: [USF-XSim-3] XSim::Elaborate design
INFO: [USF-XSim-61] Executing 'ELABORATE' step in 'D:/ECE/FPGA Training NTI/LAB4/LAB4.sim/sim_1/behav/xsim'
"xelab --incr --debug typical --relax --mt 2 -L xil_defaultlib -L unisims_ver -L unimacro_ver -L secureip --snapshot TOP_SYSTEM_tb_behav xil_defaultlib.TOP_SYSTEM_tb xil_defaultlib.glbl -log elaborate.log"
Vivado Simulator v2025.1.0
Copyright 1986-2022 Xilinx, Inc. All Rights Reserved.
Copyright 2022-2025 Advanced Micro Devices, Inc. All Rights Reserved.
Running: C:/Xilinx/2025.1/Vivado/bin/unwrapped/win64.o/xelab.exe --incr --debug typical --relax --mt 2 -L xil_defaultlib -L unisims_ver -L unimacro_ver -L secureip --snapshot TOP_SYSTEM_tb_behav xil_defaultlib.TOP_SYSTEM_tb xil_defaultlib.glbl -log elaborate.log 
Using 2 slave threads.
Starting static elaboration
Pass Through NonSizing Optimizer
Completed static elaboration
Starting simulation data flow analysis
Completed simulation data flow analysis
Time Resolution for simulation is 1ps
Compiling module xil_defaultlib.RAM
Compiling module xil_defaultlib.PISO
Compiling module xil_defaultlib.SIPO
Compiling module xil_defaultlib.ALU
Compiling module xil_defaultlib.TOP_SYSTEM
Compiling module xil_defaultlib.TOP_SYSTEM_tb
Compiling module xil_defaultlib.glbl
Built simulation snapshot TOP_SYSTEM_tb_behav
INFO: [USF-XSim-69] 'elaborate' step finished in '2' seconds
INFO: [USF-XSim-4] XSim::Simulate design
WARNING: [USF-XSim-17] WCFG file does not exist:D:/ECE/FPGA Training NTI/LAB4/TOP_SYSTEM_tb_behav.wcfg
WARNING: [USF-XSim-17] WCFG file does not exist:D:/ECE/FPGA Training NTI/LAB4/TOP_SYSTEM_tb_behav.wcfg
INFO: [USF-XSim-61] Executing 'SIMULATE' step in 'D:/ECE/FPGA Training NTI/LAB4/LAB4.sim/sim_1/behav/xsim'
INFO: [USF-XSim-98] *** Running xsim
   with args "TOP_SYSTEM_tb_behav -key {Behavioral:sim_1:Functional:TOP_SYSTEM_tb} -tclbatch {TOP_SYSTEM_tb.tcl} -log {simulate.log}"
INFO: [USF-XSim-8] Loading simulator feature
Time resolution is 1 ps
source TOP_SYSTEM_tb.tcl
# set curr_wave [current_wave_config]
# if { [string length $curr_wave] == 0 } {
#   if { [llength [get_objects]] > 0} {
#     add_wave /
#     set_property needs_save false [current_wave_config]
#   } else {
#      send_msg_id Add_Wave-1 WARNING "No top level signals found. Simulator will start without a wave window. If you want to open a wave window go to 'File->New Waveform Configuration' or type 'create_wave_config' in the TCL console."
#   }
# }
# run 1000ns
INFO: [USF-XSim-96] XSim completed. Design snapshot 'TOP_SYSTEM_tb_behav' loaded.
INFO: [USF-XSim-97] XSim simulation ran for 1000ns
launch_simulation: Time (s): cpu = 00:00:05 ; elapsed = 00:00:08 . Memory (MB): peak = 1663.613 ; gain = 29.379
WARNING: [filemgmt 56-199] Attempt to get parsing info during refresh. "On-the-fly" syntax checking information may be incorrect. [D:\ECE\FPGA Training NTI\LAB4\LAB4.srcs\sources_1\new\TOP_SYSTEM.v:]
WARNING: [filemgmt 56-199] Attempt to get parsing info during refresh. "On-the-fly" syntax checking information may be incorrect. [D:\ECE\FPGA Training NTI\LAB4\LAB4.srcs\sources_1\new\TOP_TB.v:]
WARNING: [filemgmt 56-199] Attempt to get parsing info during refresh. "On-the-fly" syntax checking information may be incorrect. [D:\ECE\FPGA Training NTI\LAB3_SIPO_ALU\LAB3_SIPO_ALU.srcs\sources_1\new\PISO.v:]
WARNING: [filemgmt 56-199] Attempt to get parsing info during refresh. "On-the-fly" syntax checking information may be incorrect. [D:\ECE\FPGA Training NTI\LAB4\LAB4.srcs\sources_1\new\TOP_SYSTEM.v:]
WARNING: [filemgmt 56-199] Attempt to get parsing info during refresh. "On-the-fly" syntax checking information may be incorrect. [D:\ECE\FPGA Training NTI\LAB4\LAB4.srcs\sources_1\new\TOP_SYSTEM.v:]
close_sim
INFO: [Simtcl 6-16] Simulation closed
launch_simulation
Command: launch_simulation 
INFO: [Vivado 12-12493] Simulation top is 'TOP_SYSTEM_tb'
INFO: [Vivado 12-5682] Launching behavioral simulation in 'D:/ECE/FPGA Training NTI/LAB4/LAB4.sim/sim_1/behav/xsim'
INFO: [SIM-utils-51] Simulation object is 'sim_1'
INFO: [SIM-utils-72] Using boost library from 'C:/Xilinx/2025.1/Vivado/tps/boost_1_72_0'
INFO: [SIM-utils-54] Inspecting design source files for 'TOP_SYSTEM_tb' in fileset 'sim_1'...
INFO: [USF-XSim-97] Finding global include files...
INFO: [USF-XSim-100] Fetching design files from 'sources_1'...(this may take a while)...
INFO: [USF-XSim-101] Fetching design files from 'sim_1'...
INFO: [USF-XSim-2] XSim::Compile design
INFO: [USF-XSim-61] Executing 'COMPILE and ANALYZE' step in 'D:/ECE/FPGA Training NTI/LAB4/LAB4.sim/sim_1/behav/xsim'
"xvlog --incr --relax -prj TOP_SYSTEM_tb_vlog.prj"
INFO: [VRFC 10-2263] Analyzing Verilog file "D:/ECE/FPGA Training NTI/LAB3_SIPO_ALU/LAB3_SIPO_ALU.srcs/sources_1/new/ALU.v" into library xil_defaultlib
INFO: [VRFC 10-311] analyzing module ALU
INFO: [VRFC 10-2263] Analyzing Verilog file "D:/ECE/FPGA Training NTI/LAB3_SIPO_ALU/LAB3_SIPO_ALU.srcs/sources_1/new/PISO.v" into library xil_defaultlib
INFO: [VRFC 10-311] analyzing module PISO
INFO: [VRFC 10-2263] Analyzing Verilog file "D:/ECE/FPGA Training NTI/LAB3_SIPO_ALU/LAB3_SIPO_ALU.srcs/sources_1/new/RAM.v" into library xil_defaultlib
INFO: [VRFC 10-311] analyzing module RAM
INFO: [VRFC 10-2263] Analyzing Verilog file "D:/ECE/FPGA Training NTI/LAB3_SIPO_ALU/LAB3_SIPO_ALU.srcs/sources_1/new/SIPO.v" into library xil_defaultlib
INFO: [VRFC 10-311] analyzing module SIPO
INFO: [VRFC 10-2263] Analyzing Verilog file "D:/ECE/FPGA Training NTI/LAB4/LAB4.srcs/sources_1/new/TOP_SYSTEM.v" into library xil_defaultlib
INFO: [VRFC 10-311] analyzing module TOP_SYSTEM
INFO: [VRFC 10-2263] Analyzing Verilog file "D:/ECE/FPGA Training NTI/LAB4/LAB4.srcs/sources_1/new/TOP_TB.v" into library xil_defaultlib
INFO: [VRFC 10-311] analyzing module TOP_SYSTEM_tb
INFO: [USF-XSim-69] 'compile' step finished in '1' seconds
INFO: [USF-XSim-3] XSim::Elaborate design
INFO: [USF-XSim-61] Executing 'ELABORATE' step in 'D:/ECE/FPGA Training NTI/LAB4/LAB4.sim/sim_1/behav/xsim'
"xelab --incr --debug typical --relax --mt 2 -L xil_defaultlib -L unisims_ver -L unimacro_ver -L secureip --snapshot TOP_SYSTEM_tb_behav xil_defaultlib.TOP_SYSTEM_tb xil_defaultlib.glbl -log elaborate.log"
Vivado Simulator v2025.1.0
Copyright 1986-2022 Xilinx, Inc. All Rights Reserved.
Copyright 2022-2025 Advanced Micro Devices, Inc. All Rights Reserved.
Running: C:/Xilinx/2025.1/Vivado/bin/unwrapped/win64.o/xelab.exe --incr --debug typical --relax --mt 2 -L xil_defaultlib -L unisims_ver -L unimacro_ver -L secureip --snapshot TOP_SYSTEM_tb_behav xil_defaultlib.TOP_SYSTEM_tb xil_defaultlib.glbl -log elaborate.log 
Using 2 slave threads.
Starting static elaboration
Pass Through NonSizing Optimizer
Completed static elaboration
Starting simulation data flow analysis
Completed simulation data flow analysis
Time Resolution for simulation is 1ps
Compiling module xil_defaultlib.RAM
Compiling module xil_defaultlib.PISO
Compiling module xil_defaultlib.SIPO
Compiling module xil_defaultlib.ALU
Compiling module xil_defaultlib.TOP_SYSTEM
Compiling module xil_defaultlib.TOP_SYSTEM_tb
Compiling module xil_defaultlib.glbl
Built simulation snapshot TOP_SYSTEM_tb_behav
INFO: [USF-XSim-69] 'elaborate' step finished in '2' seconds
INFO: [USF-XSim-4] XSim::Simulate design
WARNING: [USF-XSim-17] WCFG file does not exist:D:/ECE/FPGA Training NTI/LAB4/TOP_SYSTEM_tb_behav.wcfg
WARNING: [USF-XSim-17] WCFG file does not exist:D:/ECE/FPGA Training NTI/LAB4/TOP_SYSTEM_tb_behav.wcfg
INFO: [USF-XSim-61] Executing 'SIMULATE' step in 'D:/ECE/FPGA Training NTI/LAB4/LAB4.sim/sim_1/behav/xsim'
INFO: [USF-XSim-98] *** Running xsim
   with args "TOP_SYSTEM_tb_behav -key {Behavioral:sim_1:Functional:TOP_SYSTEM_tb} -tclbatch {TOP_SYSTEM_tb.tcl} -log {simulate.log}"
INFO: [USF-XSim-8] Loading simulator feature
Time resolution is 1 ps
source TOP_SYSTEM_tb.tcl
# set curr_wave [current_wave_config]
# if { [string length $curr_wave] == 0 } {
#   if { [llength [get_objects]] > 0} {
#     add_wave /
#     set_property needs_save false [current_wave_config]
#   } else {
#      send_msg_id Add_Wave-1 WARNING "No top level signals found. Simulator will start without a wave window. If you want to open a wave window go to 'File->New Waveform Configuration' or type 'create_wave_config' in the TCL console."
#   }
# }
# run 1000ns

--- Test 1: Write and Process ADD ---
   [FAILED] ALU ADD (10 + 5) | alu_out=  0 (Exp: 15) | zero=0 (Exp:0)

--- Test 2: Write and Process SUB ---
INFO: [USF-XSim-96] XSim completed. Design snapshot 'TOP_SYSTEM_tb_behav' loaded.
INFO: [USF-XSim-97] XSim simulation ran for 1000ns
launch_simulation: Time (s): cpu = 00:00:03 ; elapsed = 00:00:06 . Memory (MB): peak = 1669.301 ; gain = 0.000
run all
   [PASSED] ALU SUB (20 - 10) | alu_out=  0

--- Test 3: Write and Process AND ---
   [FAILED]  AND (0 & 255), a_is_zero flag=1 | alu_out=  0 (Exp:  0) | zero=0 (Exp:1)
>>> 2 TESTS FAILED OUT OF 3 <<<
$stop called at time : 1780 ns : File "D:/ECE/FPGA Training NTI/LAB4/LAB4.srcs/sources_1/new/TOP_TB.v" Line 138
close_sim
INFO: [Simtcl 6-16] Simulation closed
launch_simulation
Command: launch_simulation 
INFO: [Vivado 12-12493] Simulation top is 'TOP_SYSTEM_tb'
INFO: [Vivado 12-5682] Launching behavioral simulation in 'D:/ECE/FPGA Training NTI/LAB4/LAB4.sim/sim_1/behav/xsim'
INFO: [SIM-utils-51] Simulation object is 'sim_1'
INFO: [SIM-utils-72] Using boost library from 'C:/Xilinx/2025.1/Vivado/tps/boost_1_72_0'
INFO: [SIM-utils-54] Inspecting design source files for 'TOP_SYSTEM_tb' in fileset 'sim_1'...
INFO: [USF-XSim-97] Finding global include files...
INFO: [USF-XSim-100] Fetching design files from 'sources_1'...(this may take a while)...
INFO: [USF-XSim-101] Fetching design files from 'sim_1'...
INFO: [USF-XSim-2] XSim::Compile design
INFO: [USF-XSim-61] Executing 'COMPILE and ANALYZE' step in 'D:/ECE/FPGA Training NTI/LAB4/LAB4.sim/sim_1/behav/xsim'
"xvlog --incr --relax -prj TOP_SYSTEM_tb_vlog.prj"
INFO: [VRFC 10-2263] Analyzing Verilog file "D:/ECE/FPGA Training NTI/LAB3_SIPO_ALU/LAB3_SIPO_ALU.srcs/sources_1/new/ALU.v" into library xil_defaultlib
INFO: [VRFC 10-311] analyzing module ALU
INFO: [VRFC 10-2263] Analyzing Verilog file "D:/ECE/FPGA Training NTI/LAB3_SIPO_ALU/LAB3_SIPO_ALU.srcs/sources_1/new/PISO.v" into library xil_defaultlib
INFO: [VRFC 10-311] analyzing module PISO
INFO: [VRFC 10-2263] Analyzing Verilog file "D:/ECE/FPGA Training NTI/LAB3_SIPO_ALU/LAB3_SIPO_ALU.srcs/sources_1/new/RAM.v" into library xil_defaultlib
INFO: [VRFC 10-311] analyzing module RAM
INFO: [VRFC 10-2263] Analyzing Verilog file "D:/ECE/FPGA Training NTI/LAB3_SIPO_ALU/LAB3_SIPO_ALU.srcs/sources_1/new/SIPO.v" into library xil_defaultlib
INFO: [VRFC 10-311] analyzing module SIPO
INFO: [VRFC 10-2263] Analyzing Verilog file "D:/ECE/FPGA Training NTI/LAB4/LAB4.srcs/sources_1/new/TOP_SYSTEM.v" into library xil_defaultlib
INFO: [VRFC 10-311] analyzing module TOP_SYSTEM
INFO: [VRFC 10-2263] Analyzing Verilog file "D:/ECE/FPGA Training NTI/LAB4/LAB4.srcs/sources_1/new/TOP_TB.v" into library xil_defaultlib
INFO: [VRFC 10-311] analyzing module TOP_SYSTEM_tb
INFO: [USF-XSim-69] 'compile' step finished in '2' seconds
INFO: [USF-XSim-3] XSim::Elaborate design
INFO: [USF-XSim-61] Executing 'ELABORATE' step in 'D:/ECE/FPGA Training NTI/LAB4/LAB4.sim/sim_1/behav/xsim'
"xelab --incr --debug typical --relax --mt 2 -L xil_defaultlib -L unisims_ver -L unimacro_ver -L secureip --snapshot TOP_SYSTEM_tb_behav xil_defaultlib.TOP_SYSTEM_tb xil_defaultlib.glbl -log elaborate.log"
Vivado Simulator v2025.1.0
Copyright 1986-2022 Xilinx, Inc. All Rights Reserved.
Copyright 2022-2025 Advanced Micro Devices, Inc. All Rights Reserved.
Running: C:/Xilinx/2025.1/Vivado/bin/unwrapped/win64.o/xelab.exe --incr --debug typical --relax --mt 2 -L xil_defaultlib -L unisims_ver -L unimacro_ver -L secureip --snapshot TOP_SYSTEM_tb_behav xil_defaultlib.TOP_SYSTEM_tb xil_defaultlib.glbl -log elaborate.log 
Using 2 slave threads.
Starting static elaboration
Pass Through NonSizing Optimizer
Completed static elaboration
Starting simulation data flow analysis
Completed simulation data flow analysis
Time Resolution for simulation is 1ps
Compiling module xil_defaultlib.RAM
Compiling module xil_defaultlib.PISO
Compiling module xil_defaultlib.SIPO
Compiling module xil_defaultlib.ALU
Compiling module xil_defaultlib.TOP_SYSTEM
Compiling module xil_defaultlib.TOP_SYSTEM_tb
Compiling module xil_defaultlib.glbl
Built simulation snapshot TOP_SYSTEM_tb_behav
INFO: [USF-XSim-69] 'elaborate' step finished in '2' seconds
INFO: [USF-XSim-4] XSim::Simulate design
WARNING: [USF-XSim-17] WCFG file does not exist:D:/ECE/FPGA Training NTI/LAB4/TOP_SYSTEM_tb_behav.wcfg
WARNING: [USF-XSim-17] WCFG file does not exist:D:/ECE/FPGA Training NTI/LAB4/TOP_SYSTEM_tb_behav.wcfg
INFO: [USF-XSim-61] Executing 'SIMULATE' step in 'D:/ECE/FPGA Training NTI/LAB4/LAB4.sim/sim_1/behav/xsim'
INFO: [USF-XSim-98] *** Running xsim
   with args "TOP_SYSTEM_tb_behav -key {Behavioral:sim_1:Functional:TOP_SYSTEM_tb} -tclbatch {TOP_SYSTEM_tb.tcl} -log {simulate.log}"
INFO: [USF-XSim-8] Loading simulator feature
Time resolution is 1 ps
source TOP_SYSTEM_tb.tcl
# set curr_wave [current_wave_config]
# if { [string length $curr_wave] == 0 } {
#   if { [llength [get_objects]] > 0} {
#     add_wave /
#     set_property needs_save false [current_wave_config]
#   } else {
#      send_msg_id Add_Wave-1 WARNING "No top level signals found. Simulator will start without a wave window. If you want to open a wave window go to 'File->New Waveform Configuration' or type 'create_wave_config' in the TCL console."
#   }
# }
# run 1000ns

--- Test 1: Write and Process ADD ---
   [FAILED] ALU ADD (10 + 5) | alu_out=  0 (Exp: 15) | zero=1 (Exp:0)

--- Test 2: Write and Process SUB ---
INFO: [USF-XSim-96] XSim completed. Design snapshot 'TOP_SYSTEM_tb_behav' loaded.
INFO: [USF-XSim-97] XSim simulation ran for 1000ns
launch_simulation: Time (s): cpu = 00:00:02 ; elapsed = 00:00:06 . Memory (MB): peak = 1669.301 ; gain = 0.000
run all
   [FAILED] ALU SUB (20 - 10) | alu_out=  0 (Exp: 10) | zero=1 (Exp:0)

--- Test 3: Write and Process AND ---
   [PASSED]  AND (0 & 255), a_is_zero flag=1 | alu_out=  0
>>> 2 TESTS FAILED OUT OF 3 <<<
$stop called at time : 1780 ns : File "D:/ECE/FPGA Training NTI/LAB4/LAB4.srcs/sources_1/new/TOP_TB.v" Line 138
close_sim
INFO: [Simtcl 6-16] Simulation closed
launch_simulation
Command: launch_simulation 
INFO: [Vivado 12-12493] Simulation top is 'TOP_SYSTEM_tb'
INFO: [Vivado 12-5682] Launching behavioral simulation in 'D:/ECE/FPGA Training NTI/LAB4/LAB4.sim/sim_1/behav/xsim'
INFO: [SIM-utils-51] Simulation object is 'sim_1'
INFO: [SIM-utils-72] Using boost library from 'C:/Xilinx/2025.1/Vivado/tps/boost_1_72_0'
INFO: [SIM-utils-54] Inspecting design source files for 'TOP_SYSTEM_tb' in fileset 'sim_1'...
INFO: [USF-XSim-97] Finding global include files...
INFO: [USF-XSim-100] Fetching design files from 'sources_1'...(this may take a while)...
INFO: [USF-XSim-101] Fetching design files from 'sim_1'...
INFO: [USF-XSim-2] XSim::Compile design
INFO: [USF-XSim-61] Executing 'COMPILE and ANALYZE' step in 'D:/ECE/FPGA Training NTI/LAB4/LAB4.sim/sim_1/behav/xsim'
"xvlog --incr --relax -prj TOP_SYSTEM_tb_vlog.prj"
INFO: [VRFC 10-2263] Analyzing Verilog file "D:/ECE/FPGA Training NTI/LAB3_SIPO_ALU/LAB3_SIPO_ALU.srcs/sources_1/new/ALU.v" into library xil_defaultlib
INFO: [VRFC 10-311] analyzing module ALU
INFO: [VRFC 10-2263] Analyzing Verilog file "D:/ECE/FPGA Training NTI/LAB3_SIPO_ALU/LAB3_SIPO_ALU.srcs/sources_1/new/PISO.v" into library xil_defaultlib
INFO: [VRFC 10-311] analyzing module PISO
INFO: [VRFC 10-2263] Analyzing Verilog file "D:/ECE/FPGA Training NTI/LAB3_SIPO_ALU/LAB3_SIPO_ALU.srcs/sources_1/new/RAM.v" into library xil_defaultlib
INFO: [VRFC 10-311] analyzing module RAM
INFO: [VRFC 10-2263] Analyzing Verilog file "D:/ECE/FPGA Training NTI/LAB3_SIPO_ALU/LAB3_SIPO_ALU.srcs/sources_1/new/SIPO.v" into library xil_defaultlib
INFO: [VRFC 10-311] analyzing module SIPO
INFO: [VRFC 10-2263] Analyzing Verilog file "D:/ECE/FPGA Training NTI/LAB4/LAB4.srcs/sources_1/new/TOP_SYSTEM.v" into library xil_defaultlib
INFO: [VRFC 10-311] analyzing module TOP_SYSTEM
INFO: [VRFC 10-2263] Analyzing Verilog file "D:/ECE/FPGA Training NTI/LAB4/LAB4.srcs/sources_1/new/TOP_TB.v" into library xil_defaultlib
INFO: [VRFC 10-311] analyzing module TOP_SYSTEM_tb
WARNING: [VRFC 10-2096] empty statement in sequential block [D:/ECE/FPGA Training NTI/LAB4/LAB4.srcs/sources_1/new/TOP_TB.v:129]
INFO: [USF-XSim-69] 'compile' step finished in '1' seconds
INFO: [USF-XSim-3] XSim::Elaborate design
INFO: [USF-XSim-61] Executing 'ELABORATE' step in 'D:/ECE/FPGA Training NTI/LAB4/LAB4.sim/sim_1/behav/xsim'
"xelab --incr --debug typical --relax --mt 2 -L xil_defaultlib -L unisims_ver -L unimacro_ver -L secureip --snapshot TOP_SYSTEM_tb_behav xil_defaultlib.TOP_SYSTEM_tb xil_defaultlib.glbl -log elaborate.log"
Vivado Simulator v2025.1.0
Copyright 1986-2022 Xilinx, Inc. All Rights Reserved.
Copyright 2022-2025 Advanced Micro Devices, Inc. All Rights Reserved.
Running: C:/Xilinx/2025.1/Vivado/bin/unwrapped/win64.o/xelab.exe --incr --debug typical --relax --mt 2 -L xil_defaultlib -L unisims_ver -L unimacro_ver -L secureip --snapshot TOP_SYSTEM_tb_behav xil_defaultlib.TOP_SYSTEM_tb xil_defaultlib.glbl -log elaborate.log 
Using 2 slave threads.
Starting static elaboration
Pass Through NonSizing Optimizer
Completed static elaboration
Starting simulation data flow analysis
Completed simulation data flow analysis
Time Resolution for simulation is 1ps
Compiling module xil_defaultlib.RAM
Compiling module xil_defaultlib.PISO
Compiling module xil_defaultlib.SIPO
Compiling module xil_defaultlib.ALU
Compiling module xil_defaultlib.TOP_SYSTEM
Compiling module xil_defaultlib.TOP_SYSTEM_tb
Compiling module xil_defaultlib.glbl
Built simulation snapshot TOP_SYSTEM_tb_behav
INFO: [USF-XSim-69] 'elaborate' step finished in '3' seconds
INFO: [USF-XSim-4] XSim::Simulate design
WARNING: [USF-XSim-17] WCFG file does not exist:D:/ECE/FPGA Training NTI/LAB4/TOP_SYSTEM_tb_behav.wcfg
WARNING: [USF-XSim-17] WCFG file does not exist:D:/ECE/FPGA Training NTI/LAB4/TOP_SYSTEM_tb_behav.wcfg
INFO: [USF-XSim-61] Executing 'SIMULATE' step in 'D:/ECE/FPGA Training NTI/LAB4/LAB4.sim/sim_1/behav/xsim'
INFO: [USF-XSim-98] *** Running xsim
   with args "TOP_SYSTEM_tb_behav -key {Behavioral:sim_1:Functional:TOP_SYSTEM_tb} -tclbatch {TOP_SYSTEM_tb.tcl} -log {simulate.log}"
INFO: [USF-XSim-8] Loading simulator feature
Time resolution is 1 ps
source TOP_SYSTEM_tb.tcl
# set curr_wave [current_wave_config]
# if { [string length $curr_wave] == 0 } {
#   if { [llength [get_objects]] > 0} {
#     add_wave /
#     set_property needs_save false [current_wave_config]
#   } else {
#      send_msg_id Add_Wave-1 WARNING "No top level signals found. Simulator will start without a wave window. If you want to open a wave window go to 'File->New Waveform Configuration' or type 'create_wave_config' in the TCL console."
#   }
# }
# run 1000ns

--- Test 1: Write and Process ADD ---
   [FAILED] ALU ADD (10 + 5) | alu_out=  0 (Exp: 15) | zero=1 (Exp:0)

--- Test 2: Write and Process SUB ---
   [FAILED] ALU SUB (20 - 10) | alu_out=  0 (Exp: 10) | zero=1 (Exp:0)

--- Test 3: Write and Process AND ---
   [PASSED]  AND (0 & 255), a_is_zero flag=1 | alu_out=  0
>>> 2 TESTS FAILED OUT OF 3 <<<
$stop called at time : 875 ns : File "D:/ECE/FPGA Training NTI/LAB4/LAB4.srcs/sources_1/new/TOP_TB.v" Line 138
INFO: [USF-XSim-96] XSim completed. Design snapshot 'TOP_SYSTEM_tb_behav' loaded.
INFO: [USF-XSim-97] XSim simulation ran for 1000ns
launch_simulation: Time (s): cpu = 00:00:02 ; elapsed = 00:00:07 . Memory (MB): peak = 1669.539 ; gain = 0.238
WARNING: [filemgmt 56-199] Attempt to get parsing info during refresh. "On-the-fly" syntax checking information may be incorrect. [D:\ECE\FPGA Training NTI\LAB4\LAB4.srcs\sources_1\new\TOP_SYSTEM.v:]
WARNING: [filemgmt 56-199] Attempt to get parsing info during refresh. "On-the-fly" syntax checking information may be incorrect. [D:\ECE\FPGA Training NTI\LAB3_SIPO_ALU\LAB3_SIPO_ALU.srcs\sources_1\new\ALU.v:]
WARNING: [filemgmt 56-199] Attempt to get parsing info during refresh. "On-the-fly" syntax checking information may be incorrect. [D:\ECE\FPGA Training NTI\LAB3_SIPO_ALU\LAB3_SIPO_ALU.srcs\sources_1\new\RAM.v:]
WARNING: [filemgmt 56-199] Attempt to get parsing info during refresh. "On-the-fly" syntax checking information may be incorrect. [D:\ECE\FPGA Training NTI\LAB3_SIPO_ALU\LAB3_SIPO_ALU.srcs\sources_1\new\SIPO.v:]
WARNING: [filemgmt 56-199] Attempt to get parsing info during refresh. "On-the-fly" syntax checking information may be incorrect. [D:\ECE\FPGA Training NTI\LAB4\LAB4.srcs\sources_1\new\TOP_TB.v:]
WARNING: [filemgmt 56-199] Attempt to get parsing info during refresh. "On-the-fly" syntax checking information may be incorrect. [D:\ECE\FPGA Training NTI\LAB3_SIPO_ALU\LAB3_SIPO_ALU.srcs\sources_1\new\PISO.v:]
WARNING: [filemgmt 56-199] Attempt to get parsing info during refresh. "On-the-fly" syntax checking information may be incorrect. [D:\ECE\FPGA Training NTI\LAB3_SIPO_ALU\LAB3_SIPO_ALU.srcs\sources_1\new\SIPO.v:]
WARNING: [filemgmt 56-199] Attempt to get parsing info during refresh. "On-the-fly" syntax checking information may be incorrect. [D:\ECE\FPGA Training NTI\LAB3_SIPO_ALU\LAB3_SIPO_ALU.srcs\sources_1\new\SIPO.v:]
WARNING: [filemgmt 56-199] Attempt to get parsing info during refresh. "On-the-fly" syntax checking information may be incorrect. [D:\ECE\FPGA Training NTI\LAB4\LAB4.srcs\sources_1\new\TOP_SYSTEM.v:]
WARNING: [filemgmt 56-199] Attempt to get parsing info during refresh. "On-the-fly" syntax checking information may be incorrect. [D:\ECE\FPGA Training NTI\LAB3_SIPO_ALU\LAB3_SIPO_ALU.srcs\sources_1\new\ALU.v:]
WARNING: [filemgmt 56-199] Attempt to get parsing info during refresh. "On-the-fly" syntax checking information may be incorrect. [D:\ECE\FPGA Training NTI\LAB3_SIPO_ALU\LAB3_SIPO_ALU.srcs\sources_1\new\RAM.v:]
WARNING: [filemgmt 56-199] Attempt to get parsing info during refresh. "On-the-fly" syntax checking information may be incorrect. [D:\ECE\FPGA Training NTI\LAB3_SIPO_ALU\LAB3_SIPO_ALU.srcs\sources_1\new\SIPO.v:]
WARNING: [filemgmt 56-199] Attempt to get parsing info during refresh. "On-the-fly" syntax checking information may be incorrect. [D:\ECE\FPGA Training NTI\LAB4\LAB4.srcs\sources_1\new\TOP_TB.v:]
WARNING: [filemgmt 56-199] Attempt to get parsing info during refresh. "On-the-fly" syntax checking information may be incorrect. [D:\ECE\FPGA Training NTI\LAB3_SIPO_ALU\LAB3_SIPO_ALU.srcs\sources_1\new\PISO.v:]
WARNING: [filemgmt 56-199] Attempt to get parsing info during refresh. "On-the-fly" syntax checking information may be incorrect. [D:\ECE\FPGA Training NTI\LAB3_SIPO_ALU\LAB3_SIPO_ALU.srcs\sources_1\new\PISO.v:]
WARNING: [filemgmt 56-199] Attempt to get parsing info during refresh. "On-the-fly" syntax checking information may be incorrect. [D:\ECE\FPGA Training NTI\LAB3_SIPO_ALU\LAB3_SIPO_ALU.srcs\sources_1\new\PISO.v:]
WARNING: [filemgmt 56-199] Attempt to get parsing info during refresh. "On-the-fly" syntax checking information may be incorrect. [D:\ECE\FPGA Training NTI\LAB4\LAB4.srcs\sources_1\new\TOP_SYSTEM.v:]
WARNING: [filemgmt 56-199] Attempt to get parsing info during refresh. "On-the-fly" syntax checking information may be incorrect. [D:\ECE\FPGA Training NTI\LAB3_SIPO_ALU\LAB3_SIPO_ALU.srcs\sources_1\new\ALU.v:]
WARNING: [filemgmt 56-199] Attempt to get parsing info during refresh. "On-the-fly" syntax checking information may be incorrect. [D:\ECE\FPGA Training NTI\LAB3_SIPO_ALU\LAB3_SIPO_ALU.srcs\sources_1\new\RAM.v:]
WARNING: [filemgmt 56-199] Attempt to get parsing info during refresh. "On-the-fly" syntax checking information may be incorrect. [D:\ECE\FPGA Training NTI\LAB3_SIPO_ALU\LAB3_SIPO_ALU.srcs\sources_1\new\SIPO.v:]
WARNING: [filemgmt 56-199] Attempt to get parsing info during refresh. "On-the-fly" syntax checking information may be incorrect. [D:\ECE\FPGA Training NTI\LAB4\LAB4.srcs\sources_1\new\TOP_TB.v:]
WARNING: [filemgmt 56-199] Attempt to get parsing info during refresh. "On-the-fly" syntax checking information may be incorrect. [D:\ECE\FPGA Training NTI\LAB3_SIPO_ALU\LAB3_SIPO_ALU.srcs\sources_1\new\PISO.v:]
WARNING: [filemgmt 56-199] Attempt to get parsing info during refresh. "On-the-fly" syntax checking information may be incorrect. [D:\ECE\FPGA Training NTI\LAB3_SIPO_ALU\LAB3_SIPO_ALU.srcs\sources_1\new\ALU.v:]
WARNING: [filemgmt 56-199] Attempt to get parsing info during refresh. "On-the-fly" syntax checking information may be incorrect. [D:\ECE\FPGA Training NTI\LAB3_SIPO_ALU\LAB3_SIPO_ALU.srcs\sources_1\new\ALU.v:]
WARNING: [filemgmt 56-199] Attempt to get parsing info during refresh. "On-the-fly" syntax checking information may be incorrect. [D:\ECE\FPGA Training NTI\LAB4\LAB4.srcs\sources_1\new\TOP_SYSTEM.v:]
WARNING: [filemgmt 56-199] Attempt to get parsing info during refresh. "On-the-fly" syntax checking information may be incorrect. [D:\ECE\FPGA Training NTI\LAB3_SIPO_ALU\LAB3_SIPO_ALU.srcs\sources_1\new\ALU.v:]
WARNING: [filemgmt 56-199] Attempt to get parsing info during refresh. "On-the-fly" syntax checking information may be incorrect. [D:\ECE\FPGA Training NTI\LAB3_SIPO_ALU\LAB3_SIPO_ALU.srcs\sources_1\new\RAM.v:]
WARNING: [filemgmt 56-199] Attempt to get parsing info during refresh. "On-the-fly" syntax checking information may be incorrect. [D:\ECE\FPGA Training NTI\LAB3_SIPO_ALU\LAB3_SIPO_ALU.srcs\sources_1\new\SIPO.v:]
WARNING: [filemgmt 56-199] Attempt to get parsing info during refresh. "On-the-fly" syntax checking information may be incorrect. [D:\ECE\FPGA Training NTI\LAB4\LAB4.srcs\sources_1\new\TOP_TB.v:]
WARNING: [filemgmt 56-199] Attempt to get parsing info during refresh. "On-the-fly" syntax checking information may be incorrect. [D:\ECE\FPGA Training NTI\LAB3_SIPO_ALU\LAB3_SIPO_ALU.srcs\sources_1\new\PISO.v:]
WARNING: [filemgmt 56-199] Attempt to get parsing info during refresh. "On-the-fly" syntax checking information may be incorrect. [D:\ECE\FPGA Training NTI\LAB4\LAB4.srcs\sources_1\new\TOP_SYSTEM.v:]
WARNING: [filemgmt 56-199] Attempt to get parsing info during refresh. "On-the-fly" syntax checking information may be incorrect. [D:\ECE\FPGA Training NTI\LAB4\LAB4.srcs\sources_1\new\TOP_SYSTEM.v:]
ERROR: [Common 17-180] Spawn failed: The operation completed successfully.

WARNING: [filemgmt 56-199] Attempt to get parsing info during refresh. "On-the-fly" syntax checking information may be incorrect. [D:\ECE\FPGA Training NTI\LAB4\LAB4.srcs\sources_1\new\TOP_SYSTEM.v:]
WARNING: [filemgmt 56-199] Attempt to get parsing info during refresh. "On-the-fly" syntax checking information may be incorrect. [D:\ECE\FPGA Training NTI\LAB3_SIPO_ALU\LAB3_SIPO_ALU.srcs\sources_1\new\ALU.v:]
WARNING: [filemgmt 56-199] Attempt to get parsing info during refresh. "On-the-fly" syntax checking information may be incorrect. [D:\ECE\FPGA Training NTI\LAB3_SIPO_ALU\LAB3_SIPO_ALU.srcs\sources_1\new\RAM.v:]
WARNING: [filemgmt 56-199] Attempt to get parsing info during refresh. "On-the-fly" syntax checking information may be incorrect. [D:\ECE\FPGA Training NTI\LAB3_SIPO_ALU\LAB3_SIPO_ALU.srcs\sources_1\new\SIPO.v:]
WARNING: [filemgmt 56-199] Attempt to get parsing info during refresh. "On-the-fly" syntax checking information may be incorrect. [D:\ECE\FPGA Training NTI\LAB4\LAB4.srcs\sources_1\new\TOP_TB.v:]
WARNING: [filemgmt 56-199] Attempt to get parsing info during refresh. "On-the-fly" syntax checking information may be incorrect. [D:\ECE\FPGA Training NTI\LAB3_SIPO_ALU\LAB3_SIPO_ALU.srcs\sources_1\new\PISO.v:]
WARNING: [filemgmt 56-199] Attempt to get parsing info during refresh. "On-the-fly" syntax checking information may be incorrect. [D:\ECE\FPGA Training NTI\LAB4\LAB4.srcs\sources_1\new\TOP_TB.v:]
WARNING: [filemgmt 56-199] Attempt to get parsing info during refresh. "On-the-fly" syntax checking information may be incorrect. [D:\ECE\FPGA Training NTI\LAB4\LAB4.srcs\sources_1\new\TOP_TB.v:]
close_sim
INFO: [Simtcl 6-16] Simulation closed
launch_simulation
Command: launch_simulation 
INFO: [Vivado 12-12493] Simulation top is 'TOP_SYSTEM_tb'
INFO: [Vivado 12-5682] Launching behavioral simulation in 'D:/ECE/FPGA Training NTI/LAB4/LAB4.sim/sim_1/behav/xsim'
INFO: [SIM-utils-51] Simulation object is 'sim_1'
INFO: [SIM-utils-72] Using boost library from 'C:/Xilinx/2025.1/Vivado/tps/boost_1_72_0'
INFO: [SIM-utils-54] Inspecting design source files for 'TOP_SYSTEM_tb' in fileset 'sim_1'...
INFO: [USF-XSim-97] Finding global include files...
INFO: [USF-XSim-100] Fetching design files from 'sources_1'...(this may take a while)...
INFO: [USF-XSim-101] Fetching design files from 'sim_1'...
INFO: [USF-XSim-2] XSim::Compile design
INFO: [USF-XSim-61] Executing 'COMPILE and ANALYZE' step in 'D:/ECE/FPGA Training NTI/LAB4/LAB4.sim/sim_1/behav/xsim'
"xvlog --incr --relax -prj TOP_SYSTEM_tb_vlog.prj"
INFO: [VRFC 10-2263] Analyzing Verilog file "D:/ECE/FPGA Training NTI/LAB3_SIPO_ALU/LAB3_SIPO_ALU.srcs/sources_1/new/ALU.v" into library xil_defaultlib
INFO: [VRFC 10-311] analyzing module ALU
INFO: [VRFC 10-2263] Analyzing Verilog file "D:/ECE/FPGA Training NTI/LAB3_SIPO_ALU/LAB3_SIPO_ALU.srcs/sources_1/new/PISO.v" into library xil_defaultlib
INFO: [VRFC 10-311] analyzing module PISO
INFO: [VRFC 10-2263] Analyzing Verilog file "D:/ECE/FPGA Training NTI/LAB3_SIPO_ALU/LAB3_SIPO_ALU.srcs/sources_1/new/RAM.v" into library xil_defaultlib
INFO: [VRFC 10-311] analyzing module RAM
INFO: [VRFC 10-2263] Analyzing Verilog file "D:/ECE/FPGA Training NTI/LAB3_SIPO_ALU/LAB3_SIPO_ALU.srcs/sources_1/new/SIPO.v" into library xil_defaultlib
INFO: [VRFC 10-311] analyzing module SIPO
INFO: [VRFC 10-2263] Analyzing Verilog file "D:/ECE/FPGA Training NTI/LAB4/LAB4.srcs/sources_1/new/TOP_SYSTEM.v" into library xil_defaultlib
INFO: [VRFC 10-311] analyzing module TOP_SYSTEM
INFO: [VRFC 10-2263] Analyzing Verilog file "D:/ECE/FPGA Training NTI/LAB4/LAB4.srcs/sources_1/new/TOP_TB.v" into library xil_defaultlib
INFO: [VRFC 10-311] analyzing module TOP_SYSTEM_tb
WARNING: [VRFC 10-2096] empty statement in sequential block [D:/ECE/FPGA Training NTI/LAB4/LAB4.srcs/sources_1/new/TOP_TB.v:129]
INFO: [USF-XSim-69] 'compile' step finished in '2' seconds
INFO: [USF-XSim-3] XSim::Elaborate design
INFO: [USF-XSim-61] Executing 'ELABORATE' step in 'D:/ECE/FPGA Training NTI/LAB4/LAB4.sim/sim_1/behav/xsim'
"xelab --incr --debug typical --relax --mt 2 -L xil_defaultlib -L unisims_ver -L unimacro_ver -L secureip --snapshot TOP_SYSTEM_tb_behav xil_defaultlib.TOP_SYSTEM_tb xil_defaultlib.glbl -log elaborate.log"
Vivado Simulator v2025.1.0
Copyright 1986-2022 Xilinx, Inc. All Rights Reserved.
Copyright 2022-2025 Advanced Micro Devices, Inc. All Rights Reserved.
Running: C:/Xilinx/2025.1/Vivado/bin/unwrapped/win64.o/xelab.exe --incr --debug typical --relax --mt 2 -L xil_defaultlib -L unisims_ver -L unimacro_ver -L secureip --snapshot TOP_SYSTEM_tb_behav xil_defaultlib.TOP_SYSTEM_tb xil_defaultlib.glbl -log elaborate.log 
Using 2 slave threads.
Starting static elaboration
Pass Through NonSizing Optimizer
Completed static elaboration
Starting simulation data flow analysis
Completed simulation data flow analysis
Time Resolution for simulation is 1ps
Compiling module xil_defaultlib.RAM
Compiling module xil_defaultlib.PISO
Compiling module xil_defaultlib.SIPO
Compiling module xil_defaultlib.ALU
Compiling module xil_defaultlib.TOP_SYSTEM
Compiling module xil_defaultlib.TOP_SYSTEM_tb
Compiling module xil_defaultlib.glbl
Built simulation snapshot TOP_SYSTEM_tb_behav
INFO: [USF-XSim-69] 'elaborate' step finished in '2' seconds
INFO: [USF-XSim-4] XSim::Simulate design
WARNING: [USF-XSim-17] WCFG file does not exist:D:/ECE/FPGA Training NTI/LAB4/TOP_SYSTEM_tb_behav.wcfg
WARNING: [USF-XSim-17] WCFG file does not exist:D:/ECE/FPGA Training NTI/LAB4/TOP_SYSTEM_tb_behav.wcfg
INFO: [USF-XSim-61] Executing 'SIMULATE' step in 'D:/ECE/FPGA Training NTI/LAB4/LAB4.sim/sim_1/behav/xsim'
INFO: [USF-XSim-98] *** Running xsim
   with args "TOP_SYSTEM_tb_behav -key {Behavioral:sim_1:Functional:TOP_SYSTEM_tb} -tclbatch {TOP_SYSTEM_tb.tcl} -log {simulate.log}"
INFO: [USF-XSim-8] Loading simulator feature
Time resolution is 1 ps
source TOP_SYSTEM_tb.tcl
# set curr_wave [current_wave_config]
# if { [string length $curr_wave] == 0 } {
#   if { [llength [get_objects]] > 0} {
#     add_wave /
#     set_property needs_save false [current_wave_config]
#   } else {
#      send_msg_id Add_Wave-1 WARNING "No top level signals found. Simulator will start without a wave window. If you want to open a wave window go to 'File->New Waveform Configuration' or type 'create_wave_config' in the TCL console."
#   }
# }
# run 1000ns

--- Test 1: Write and Process ADD ---
   [FAILED] ALU ADD (10 + 5) | alu_out=  0 (Exp: 15) | zero=1 (Exp:0)

--- Test 2: Write and Process SUB ---
   [FAILED] ALU SUB (20 - 10) | alu_out=  0 (Exp: 10) | zero=1 (Exp:0)

--- Test 3: Write and Process AND ---
   [PASSED]  AND (0 & 255), a_is_zero flag=1 | alu_out=  0
>>> 2 TESTS FAILED OUT OF 3 <<<
$stop called at time : 880 ns : File "D:/ECE/FPGA Training NTI/LAB4/LAB4.srcs/sources_1/new/TOP_TB.v" Line 138
INFO: [USF-XSim-96] XSim completed. Design snapshot 'TOP_SYSTEM_tb_behav' loaded.
INFO: [USF-XSim-97] XSim simulation ran for 1000ns
launch_simulation: Time (s): cpu = 00:00:02 ; elapsed = 00:00:06 . Memory (MB): peak = 1670.223 ; gain = 0.684
run all
WARNING: [filemgmt 56-199] Attempt to get parsing info during refresh. "On-the-fly" syntax checking information may be incorrect. [D:\ECE\FPGA Training NTI\LAB4\LAB4.srcs\sources_1\new\TOP_SYSTEM.v:]
WARNING: [filemgmt 56-199] Attempt to get parsing info during refresh. "On-the-fly" syntax checking information may be incorrect. [D:\ECE\FPGA Training NTI\LAB3_SIPO_ALU\LAB3_SIPO_ALU.srcs\sources_1\new\ALU.v:]
WARNING: [filemgmt 56-199] Attempt to get parsing info during refresh. "On-the-fly" syntax checking information may be incorrect. [D:\ECE\FPGA Training NTI\LAB3_SIPO_ALU\LAB3_SIPO_ALU.srcs\sources_1\new\RAM.v:]
WARNING: [filemgmt 56-199] Attempt to get parsing info during refresh. "On-the-fly" syntax checking information may be incorrect. [D:\ECE\FPGA Training NTI\LAB3_SIPO_ALU\LAB3_SIPO_ALU.srcs\sources_1\new\SIPO.v:]
WARNING: [filemgmt 56-199] Attempt to get parsing info during refresh. "On-the-fly" syntax checking information may be incorrect. [D:\ECE\FPGA Training NTI\LAB4\LAB4.srcs\sources_1\new\TOP_TB.v:]
WARNING: [filemgmt 56-199] Attempt to get parsing info during refresh. "On-the-fly" syntax checking information may be incorrect. [D:\ECE\FPGA Training NTI\LAB3_SIPO_ALU\LAB3_SIPO_ALU.srcs\sources_1\new\PISO.v:]
WARNING: [filemgmt 56-199] Attempt to get parsing info during refresh. "On-the-fly" syntax checking information may be incorrect. [D:\ECE\FPGA Training NTI\LAB3_SIPO_ALU\LAB3_SIPO_ALU.srcs\sources_1\new\PISO.v:]
WARNING: [filemgmt 56-199] Attempt to get parsing info during refresh. "On-the-fly" syntax checking information may be incorrect. [D:\ECE\FPGA Training NTI\LAB3_SIPO_ALU\LAB3_SIPO_ALU.srcs\sources_1\new\PISO.v:]
WARNING: [filemgmt 56-199] Attempt to get parsing info during refresh. "On-the-fly" syntax checking information may be incorrect. [D:\ECE\FPGA Training NTI\LAB4\LAB4.srcs\sources_1\new\TOP_SYSTEM.v:]
WARNING: [filemgmt 56-199] Attempt to get parsing info during refresh. "On-the-fly" syntax checking information may be incorrect. [D:\ECE\FPGA Training NTI\LAB3_SIPO_ALU\LAB3_SIPO_ALU.srcs\sources_1\new\ALU.v:]
WARNING: [filemgmt 56-199] Attempt to get parsing info during refresh. "On-the-fly" syntax checking information may be incorrect. [D:\ECE\FPGA Training NTI\LAB3_SIPO_ALU\LAB3_SIPO_ALU.srcs\sources_1\new\RAM.v:]
WARNING: [filemgmt 56-199] Attempt to get parsing info during refresh. "On-the-fly" syntax checking information may be incorrect. [D:\ECE\FPGA Training NTI\LAB3_SIPO_ALU\LAB3_SIPO_ALU.srcs\sources_1\new\SIPO.v:]
WARNING: [filemgmt 56-199] Attempt to get parsing info during refresh. "On-the-fly" syntax checking information may be incorrect. [D:\ECE\FPGA Training NTI\LAB4\LAB4.srcs\sources_1\new\TOP_TB.v:]
WARNING: [filemgmt 56-199] Attempt to get parsing info during refresh. "On-the-fly" syntax checking information may be incorrect. [D:\ECE\FPGA Training NTI\LAB3_SIPO_ALU\LAB3_SIPO_ALU.srcs\sources_1\new\PISO.v:]
WARNING: [filemgmt 56-199] Attempt to get parsing info during refresh. "On-the-fly" syntax checking information may be incorrect. [D:\ECE\FPGA Training NTI\LAB3_SIPO_ALU\LAB3_SIPO_ALU.srcs\sources_1\new\ALU.v:]
WARNING: [filemgmt 56-199] Attempt to get parsing info during refresh. "On-the-fly" syntax checking information may be incorrect. [D:\ECE\FPGA Training NTI\LAB3_SIPO_ALU\LAB3_SIPO_ALU.srcs\sources_1\new\ALU.v:]
WARNING: [filemgmt 56-199] Attempt to get parsing info during refresh. "On-the-fly" syntax checking information may be incorrect. [D:\ECE\FPGA Training NTI\LAB4\LAB4.srcs\sources_1\new\TOP_SYSTEM.v:]
WARNING: [filemgmt 56-199] Attempt to get parsing info during refresh. "On-the-fly" syntax checking information may be incorrect. [D:\ECE\FPGA Training NTI\LAB3_SIPO_ALU\LAB3_SIPO_ALU.srcs\sources_1\new\ALU.v:]
WARNING: [filemgmt 56-199] Attempt to get parsing info during refresh. "On-the-fly" syntax checking information may be incorrect. [D:\ECE\FPGA Training NTI\LAB3_SIPO_ALU\LAB3_SIPO_ALU.srcs\sources_1\new\RAM.v:]
WARNING: [filemgmt 56-199] Attempt to get parsing info during refresh. "On-the-fly" syntax checking information may be incorrect. [D:\ECE\FPGA Training NTI\LAB3_SIPO_ALU\LAB3_SIPO_ALU.srcs\sources_1\new\SIPO.v:]
WARNING: [filemgmt 56-199] Attempt to get parsing info during refresh. "On-the-fly" syntax checking information may be incorrect. [D:\ECE\FPGA Training NTI\LAB4\LAB4.srcs\sources_1\new\TOP_TB.v:]
WARNING: [filemgmt 56-199] Attempt to get parsing info during refresh. "On-the-fly" syntax checking information may be incorrect. [D:\ECE\FPGA Training NTI\LAB3_SIPO_ALU\LAB3_SIPO_ALU.srcs\sources_1\new\PISO.v:]
WARNING: [filemgmt 56-199] Attempt to get parsing info during refresh. "On-the-fly" syntax checking information may be incorrect. [D:\ECE\FPGA Training NTI\LAB3_SIPO_ALU\LAB3_SIPO_ALU.srcs\sources_1\new\RAM.v:]
WARNING: [filemgmt 56-199] Attempt to get parsing info during refresh. "On-the-fly" syntax checking information may be incorrect. [D:\ECE\FPGA Training NTI\LAB3_SIPO_ALU\LAB3_SIPO_ALU.srcs\sources_1\new\RAM.v:]
ERROR: [Common 17-180] Spawn failed: The operation completed successfully.

WARNING: [filemgmt 56-199] Attempt to get parsing info during refresh. "On-the-fly" syntax checking information may be incorrect. [D:\ECE\FPGA Training NTI\LAB4\LAB4.srcs\sources_1\new\TOP_SYSTEM.v:]
WARNING: [filemgmt 56-199] Attempt to get parsing info during refresh. "On-the-fly" syntax checking information may be incorrect. [D:\ECE\FPGA Training NTI\LAB3_SIPO_ALU\LAB3_SIPO_ALU.srcs\sources_1\new\ALU.v:]
WARNING: [filemgmt 56-199] Attempt to get parsing info during refresh. "On-the-fly" syntax checking information may be incorrect. [D:\ECE\FPGA Training NTI\LAB3_SIPO_ALU\LAB3_SIPO_ALU.srcs\sources_1\new\RAM.v:]
WARNING: [filemgmt 56-199] Attempt to get parsing info during refresh. "On-the-fly" syntax checking information may be incorrect. [D:\ECE\FPGA Training NTI\LAB3_SIPO_ALU\LAB3_SIPO_ALU.srcs\sources_1\new\SIPO.v:]
WARNING: [filemgmt 56-199] Attempt to get parsing info during refresh. "On-the-fly" syntax checking information may be incorrect. [D:\ECE\FPGA Training NTI\LAB4\LAB4.srcs\sources_1\new\TOP_TB.v:]
WARNING: [filemgmt 56-199] Attempt to get parsing info during refresh. "On-the-fly" syntax checking information may be incorrect. [D:\ECE\FPGA Training NTI\LAB3_SIPO_ALU\LAB3_SIPO_ALU.srcs\sources_1\new\PISO.v:]
WARNING: [filemgmt 56-199] Attempt to get parsing info during refresh. "On-the-fly" syntax checking information may be incorrect. [D:\ECE\FPGA Training NTI\LAB4\LAB4.srcs\sources_1\new\TOP_SYSTEM.v:]
WARNING: [filemgmt 56-199] Attempt to get parsing info during refresh. "On-the-fly" syntax checking information may be incorrect. [D:\ECE\FPGA Training NTI\LAB4\LAB4.srcs\sources_1\new\TOP_SYSTEM.v:]
run: Time (s): cpu = 00:00:42 ; elapsed = 00:00:41 . Memory (MB): peak = 1670.613 ; gain = 0.391
ERROR: [Common 17-39] 'run' failed due to earlier errors.
close_sim
INFO: xsimkernel Simulation Memory Usage: 19808 KB (Peak: 19808 KB), Simulation CPU Usage: 16718 ms
INFO: [Simtcl 6-16] Simulation closed
launch_simulation
Command: launch_simulation 
INFO: [Vivado 12-12493] Simulation top is 'TOP_SYSTEM_tb'
INFO: [Vivado 12-5682] Launching behavioral simulation in 'D:/ECE/FPGA Training NTI/LAB4/LAB4.sim/sim_1/behav/xsim'
INFO: [SIM-utils-51] Simulation object is 'sim_1'
INFO: [SIM-utils-72] Using boost library from 'C:/Xilinx/2025.1/Vivado/tps/boost_1_72_0'
INFO: [SIM-utils-54] Inspecting design source files for 'TOP_SYSTEM_tb' in fileset 'sim_1'...
INFO: [USF-XSim-97] Finding global include files...
INFO: [USF-XSim-100] Fetching design files from 'sources_1'...(this may take a while)...
INFO: [USF-XSim-101] Fetching design files from 'sim_1'...
INFO: [USF-XSim-2] XSim::Compile design
INFO: [USF-XSim-61] Executing 'COMPILE and ANALYZE' step in 'D:/ECE/FPGA Training NTI/LAB4/LAB4.sim/sim_1/behav/xsim'
"xvlog --incr --relax -prj TOP_SYSTEM_tb_vlog.prj"
INFO: [VRFC 10-2263] Analyzing Verilog file "D:/ECE/FPGA Training NTI/LAB3_SIPO_ALU/LAB3_SIPO_ALU.srcs/sources_1/new/ALU.v" into library xil_defaultlib
INFO: [VRFC 10-311] analyzing module ALU
INFO: [VRFC 10-2263] Analyzing Verilog file "D:/ECE/FPGA Training NTI/LAB3_SIPO_ALU/LAB3_SIPO_ALU.srcs/sources_1/new/PISO.v" into library xil_defaultlib
INFO: [VRFC 10-311] analyzing module PISO
INFO: [VRFC 10-2263] Analyzing Verilog file "D:/ECE/FPGA Training NTI/LAB3_SIPO_ALU/LAB3_SIPO_ALU.srcs/sources_1/new/RAM.v" into library xil_defaultlib
INFO: [VRFC 10-311] analyzing module RAM
INFO: [VRFC 10-2263] Analyzing Verilog file "D:/ECE/FPGA Training NTI/LAB3_SIPO_ALU/LAB3_SIPO_ALU.srcs/sources_1/new/SIPO.v" into library xil_defaultlib
INFO: [VRFC 10-311] analyzing module SIPO
INFO: [VRFC 10-2263] Analyzing Verilog file "D:/ECE/FPGA Training NTI/LAB4/LAB4.srcs/sources_1/new/TOP_SYSTEM.v" into library xil_defaultlib
INFO: [VRFC 10-311] analyzing module TOP_SYSTEM
INFO: [VRFC 10-2263] Analyzing Verilog file "D:/ECE/FPGA Training NTI/LAB4/LAB4.srcs/sources_1/new/TOP_TB.v" into library xil_defaultlib
INFO: [VRFC 10-311] analyzing module TOP_SYSTEM_tb
INFO: [USF-XSim-69] 'compile' step finished in '2' seconds
INFO: [USF-XSim-3] XSim::Elaborate design
INFO: [USF-XSim-61] Executing 'ELABORATE' step in 'D:/ECE/FPGA Training NTI/LAB4/LAB4.sim/sim_1/behav/xsim'
"xelab --incr --debug typical --relax --mt 2 -L xil_defaultlib -L unisims_ver -L unimacro_ver -L secureip --snapshot TOP_SYSTEM_tb_behav xil_defaultlib.TOP_SYSTEM_tb xil_defaultlib.glbl -log elaborate.log"
Vivado Simulator v2025.1.0
Copyright 1986-2022 Xilinx, Inc. All Rights Reserved.
Copyright 2022-2025 Advanced Micro Devices, Inc. All Rights Reserved.
Running: C:/Xilinx/2025.1/Vivado/bin/unwrapped/win64.o/xelab.exe --incr --debug typical --relax --mt 2 -L xil_defaultlib -L unisims_ver -L unimacro_ver -L secureip --snapshot TOP_SYSTEM_tb_behav xil_defaultlib.TOP_SYSTEM_tb xil_defaultlib.glbl -log elaborate.log 
Using 2 slave threads.
Starting static elaboration
Pass Through NonSizing Optimizer
Completed static elaboration
Starting simulation data flow analysis
Completed simulation data flow analysis
Time Resolution for simulation is 1ps
Compiling module xil_defaultlib.RAM
Compiling module xil_defaultlib.PISO
Compiling module xil_defaultlib.SIPO
Compiling module xil_defaultlib.ALU
Compiling module xil_defaultlib.TOP_SYSTEM
Compiling module xil_defaultlib.TOP_SYSTEM_tb
Compiling module xil_defaultlib.glbl
Built simulation snapshot TOP_SYSTEM_tb_behav
INFO: [USF-XSim-69] 'elaborate' step finished in '2' seconds
INFO: [USF-XSim-4] XSim::Simulate design
WARNING: [USF-XSim-17] WCFG file does not exist:D:/ECE/FPGA Training NTI/LAB4/TOP_SYSTEM_tb_behav.wcfg
WARNING: [USF-XSim-17] WCFG file does not exist:D:/ECE/FPGA Training NTI/LAB4/TOP_SYSTEM_tb_behav.wcfg
INFO: [USF-XSim-61] Executing 'SIMULATE' step in 'D:/ECE/FPGA Training NTI/LAB4/LAB4.sim/sim_1/behav/xsim'
INFO: [USF-XSim-98] *** Running xsim
   with args "TOP_SYSTEM_tb_behav -key {Behavioral:sim_1:Functional:TOP_SYSTEM_tb} -tclbatch {TOP_SYSTEM_tb.tcl} -log {simulate.log}"
INFO: [USF-XSim-8] Loading simulator feature
Time resolution is 1 ps
source TOP_SYSTEM_tb.tcl
# set curr_wave [current_wave_config]
# if { [string length $curr_wave] == 0 } {
#   if { [llength [get_objects]] > 0} {
#     add_wave /
#     set_property needs_save false [current_wave_config]
#   } else {
#      send_msg_id Add_Wave-1 WARNING "No top level signals found. Simulator will start without a wave window. If you want to open a wave window go to 'File->New Waveform Configuration' or type 'create_wave_config' in the TCL console."
#   }
# }
# run 1000ns

--- Test 1: Write and Process ADD ---
   [FAILED] ALU ADD (10 + 5) | alu_out=  0 (Exp: 15) | zero=1 (Exp:0)

--- Test 2: Write and Process SUB ---
   [FAILED] ALU SUB (20 - 10) | alu_out=  0 (Exp: 10) | zero=1 (Exp:0)

--- Test 3: Write and Process AND ---
   [PASSED]  AND (0 & 255), a_is_zero flag=1 | alu_out=  0
>>> 2 TESTS FAILED OUT OF 3 <<<
$stop called at time : 890 ns : File "D:/ECE/FPGA Training NTI/LAB4/LAB4.srcs/sources_1/new/TOP_TB.v" Line 138
INFO: [USF-XSim-96] XSim completed. Design snapshot 'TOP_SYSTEM_tb_behav' loaded.
INFO: [USF-XSim-97] XSim simulation ran for 1000ns
launch_simulation: Time (s): cpu = 00:00:02 ; elapsed = 00:00:06 . Memory (MB): peak = 1670.992 ; gain = 0.379
close_sim
WARNING: [filemgmt 56-199] Attempt to get parsing info during refresh. "On-the-fly" syntax checking information may be incorrect. [D:\ECE\FPGA Training NTI\LAB4\LAB4.srcs\sources_1\new\TOP_SYSTEM.v:]
WARNING: [filemgmt 56-199] Attempt to get parsing info during refresh. "On-the-fly" syntax checking information may be incorrect. [D:\ECE\FPGA Training NTI\LAB3_SIPO_ALU\LAB3_SIPO_ALU.srcs\sources_1\new\ALU.v:]
WARNING: [filemgmt 56-199] Attempt to get parsing info during refresh. "On-the-fly" syntax checking information may be incorrect. [D:\ECE\FPGA Training NTI\LAB3_SIPO_ALU\LAB3_SIPO_ALU.srcs\sources_1\new\RAM.v:]
WARNING: [filemgmt 56-199] Attempt to get parsing info during refresh. "On-the-fly" syntax checking information may be incorrect. [D:\ECE\FPGA Training NTI\LAB3_SIPO_ALU\LAB3_SIPO_ALU.srcs\sources_1\new\SIPO.v:]
WARNING: [filemgmt 56-199] Attempt to get parsing info during refresh. "On-the-fly" syntax checking information may be incorrect. [D:\ECE\FPGA Training NTI\LAB4\LAB4.srcs\sources_1\new\TOP_TB.v:]
WARNING: [filemgmt 56-199] Attempt to get parsing info during refresh. "On-the-fly" syntax checking information may be incorrect. [D:\ECE\FPGA Training NTI\LAB3_SIPO_ALU\LAB3_SIPO_ALU.srcs\sources_1\new\PISO.v:]
WARNING: [filemgmt 56-199] Attempt to get parsing info during refresh. "On-the-fly" syntax checking information may be incorrect. [D:\ECE\FPGA Training NTI\LAB3_SIPO_ALU\LAB3_SIPO_ALU.srcs\sources_1\new\PISO.v:]
WARNING: [filemgmt 56-199] Attempt to get parsing info during refresh. "On-the-fly" syntax checking information may be incorrect. [D:\ECE\FPGA Training NTI\LAB3_SIPO_ALU\LAB3_SIPO_ALU.srcs\sources_1\new\PISO.v:]
WARNING: [filemgmt 56-199] Attempt to get parsing info during refresh. "On-the-fly" syntax checking information may be incorrect. [D:\ECE\FPGA Training NTI\LAB4\LAB4.srcs\sources_1\new\TOP_SYSTEM.v:]
WARNING: [filemgmt 56-199] Attempt to get parsing info during refresh. "On-the-fly" syntax checking information may be incorrect. [D:\ECE\FPGA Training NTI\LAB3_SIPO_ALU\LAB3_SIPO_ALU.srcs\sources_1\new\ALU.v:]
WARNING: [filemgmt 56-199] Attempt to get parsing info during refresh. "On-the-fly" syntax checking information may be incorrect. [D:\ECE\FPGA Training NTI\LAB3_SIPO_ALU\LAB3_SIPO_ALU.srcs\sources_1\new\RAM.v:]
WARNING: [filemgmt 56-199] Attempt to get parsing info during refresh. "On-the-fly" syntax checking information may be incorrect. [D:\ECE\FPGA Training NTI\LAB3_SIPO_ALU\LAB3_SIPO_ALU.srcs\sources_1\new\SIPO.v:]
WARNING: [filemgmt 56-199] Attempt to get parsing info during refresh. "On-the-fly" syntax checking information may be incorrect. [D:\ECE\FPGA Training NTI\LAB4\LAB4.srcs\sources_1\new\TOP_TB.v:]
WARNING: [filemgmt 56-199] Attempt to get parsing info during refresh. "On-the-fly" syntax checking information may be incorrect. [D:\ECE\FPGA Training NTI\LAB3_SIPO_ALU\LAB3_SIPO_ALU.srcs\sources_1\new\PISO.v:]
WARNING: [filemgmt 56-199] Attempt to get parsing info during refresh. "On-the-fly" syntax checking information may be incorrect. [D:\ECE\FPGA Training NTI\LAB4\LAB4.srcs\sources_1\new\TOP_SYSTEM.v:]
WARNING: [filemgmt 56-199] Attempt to get parsing info during refresh. "On-the-fly" syntax checking information may be incorrect. [D:\ECE\FPGA Training NTI\LAB4\LAB4.srcs\sources_1\new\TOP_SYSTEM.v:]
WARNING: [filemgmt 56-199] Attempt to get parsing info during refresh. "On-the-fly" syntax checking information may be incorrect. [D:\ECE\FPGA Training NTI\LAB4\LAB4.srcs\sources_1\new\TOP_SYSTEM.v:]
WARNING: [filemgmt 56-199] Attempt to get parsing info during refresh. "On-the-fly" syntax checking information may be incorrect. [D:\ECE\FPGA Training NTI\LAB3_SIPO_ALU\LAB3_SIPO_ALU.srcs\sources_1\new\ALU.v:]
WARNING: [filemgmt 56-199] Attempt to get parsing info during refresh. "On-the-fly" syntax checking information may be incorrect. [D:\ECE\FPGA Training NTI\LAB3_SIPO_ALU\LAB3_SIPO_ALU.srcs\sources_1\new\RAM.v:]
WARNING: [filemgmt 56-199] Attempt to get parsing info during refresh. "On-the-fly" syntax checking information may be incorrect. [D:\ECE\FPGA Training NTI\LAB3_SIPO_ALU\LAB3_SIPO_ALU.srcs\sources_1\new\SIPO.v:]
WARNING: [filemgmt 56-199] Attempt to get parsing info during refresh. "On-the-fly" syntax checking information may be incorrect. [D:\ECE\FPGA Training NTI\LAB4\LAB4.srcs\sources_1\new\TOP_TB.v:]
WARNING: [filemgmt 56-199] Attempt to get parsing info during refresh. "On-the-fly" syntax checking information may be incorrect. [D:\ECE\FPGA Training NTI\LAB3_SIPO_ALU\LAB3_SIPO_ALU.srcs\sources_1\new\PISO.v:]
WARNING: [filemgmt 56-199] Attempt to get parsing info during refresh. "On-the-fly" syntax checking information may be incorrect. [D:\ECE\FPGA Training NTI\LAB3_SIPO_ALU\LAB3_SIPO_ALU.srcs\sources_1\new\RAM.v:]
WARNING: [filemgmt 56-199] Attempt to get parsing info during refresh. "On-the-fly" syntax checking information may be incorrect. [D:\ECE\FPGA Training NTI\LAB3_SIPO_ALU\LAB3_SIPO_ALU.srcs\sources_1\new\RAM.v:]
WARNING: [filemgmt 56-199] Attempt to get parsing info during refresh. "On-the-fly" syntax checking information may be incorrect. [D:\ECE\FPGA Training NTI\LAB4\LAB4.srcs\sources_1\new\TOP_SYSTEM.v:]
WARNING: [filemgmt 56-199] Attempt to get parsing info during refresh. "On-the-fly" syntax checking information may be incorrect. [D:\ECE\FPGA Training NTI\LAB3_SIPO_ALU\LAB3_SIPO_ALU.srcs\sources_1\new\ALU.v:]
WARNING: [filemgmt 56-199] Attempt to get parsing info during refresh. "On-the-fly" syntax checking information may be incorrect. [D:\ECE\FPGA Training NTI\LAB3_SIPO_ALU\LAB3_SIPO_ALU.srcs\sources_1\new\RAM.v:]
WARNING: [filemgmt 56-199] Attempt to get parsing info during refresh. "On-the-fly" syntax checking information may be incorrect. [D:\ECE\FPGA Training NTI\LAB3_SIPO_ALU\LAB3_SIPO_ALU.srcs\sources_1\new\SIPO.v:]
WARNING: [filemgmt 56-199] Attempt to get parsing info during refresh. "On-the-fly" syntax checking information may be incorrect. [D:\ECE\FPGA Training NTI\LAB4\LAB4.srcs\sources_1\new\TOP_TB.v:]
WARNING: [filemgmt 56-199] Attempt to get parsing info during refresh. "On-the-fly" syntax checking information may be incorrect. [D:\ECE\FPGA Training NTI\LAB3_SIPO_ALU\LAB3_SIPO_ALU.srcs\sources_1\new\PISO.v:]
WARNING: [filemgmt 56-199] Attempt to get parsing info during refresh. "On-the-fly" syntax checking information may be incorrect. [D:\ECE\FPGA Training NTI\LAB3_SIPO_ALU\LAB3_SIPO_ALU.srcs\sources_1\new\SIPO.v:]
WARNING: [filemgmt 56-199] Attempt to get parsing info during refresh. "On-the-fly" syntax checking information may be incorrect. [D:\ECE\FPGA Training NTI\LAB3_SIPO_ALU\LAB3_SIPO_ALU.srcs\sources_1\new\SIPO.v:]
WARNING: [filemgmt 56-199] Attempt to get parsing info during refresh. "On-the-fly" syntax checking information may be incorrect. [D:\ECE\FPGA Training NTI\LAB4\LAB4.srcs\sources_1\new\TOP_SYSTEM.v:]
WARNING: [filemgmt 56-199] Attempt to get parsing info during refresh. "On-the-fly" syntax checking information may be incorrect. [D:\ECE\FPGA Training NTI\LAB3_SIPO_ALU\LAB3_SIPO_ALU.srcs\sources_1\new\ALU.v:]
WARNING: [filemgmt 56-199] Attempt to get parsing info during refresh. "On-the-fly" syntax checking information may be incorrect. [D:\ECE\FPGA Training NTI\LAB3_SIPO_ALU\LAB3_SIPO_ALU.srcs\sources_1\new\RAM.v:]
WARNING: [filemgmt 56-199] Attempt to get parsing info during refresh. "On-the-fly" syntax checking information may be incorrect. [D:\ECE\FPGA Training NTI\LAB3_SIPO_ALU\LAB3_SIPO_ALU.srcs\sources_1\new\SIPO.v:]
WARNING: [filemgmt 56-199] Attempt to get parsing info during refresh. "On-the-fly" syntax checking information may be incorrect. [D:\ECE\FPGA Training NTI\LAB4\LAB4.srcs\sources_1\new\TOP_TB.v:]
WARNING: [filemgmt 56-199] Attempt to get parsing info during refresh. "On-the-fly" syntax checking information may be incorrect. [D:\ECE\FPGA Training NTI\LAB3_SIPO_ALU\LAB3_SIPO_ALU.srcs\sources_1\new\PISO.v:]
WARNING: [filemgmt 56-199] Attempt to get parsing info during refresh. "On-the-fly" syntax checking information may be incorrect. [D:\ECE\FPGA Training NTI\LAB3_SIPO_ALU\LAB3_SIPO_ALU.srcs\sources_1\new\ALU.v:]
WARNING: [filemgmt 56-199] Attempt to get parsing info during refresh. "On-the-fly" syntax checking information may be incorrect. [D:\ECE\FPGA Training NTI\LAB3_SIPO_ALU\LAB3_SIPO_ALU.srcs\sources_1\new\ALU.v:]
INFO: [Simtcl 6-16] Simulation closed
launch_simulation
Command: launch_simulation 
INFO: [Vivado 12-12493] Simulation top is 'TOP_SYSTEM_tb'
INFO: [Vivado 12-5682] Launching behavioral simulation in 'D:/ECE/FPGA Training NTI/LAB4/LAB4.sim/sim_1/behav/xsim'
INFO: [SIM-utils-51] Simulation object is 'sim_1'
INFO: [SIM-utils-72] Using boost library from 'C:/Xilinx/2025.1/Vivado/tps/boost_1_72_0'
ERROR: [Common 17-180] Spawn failed: The operation completed successfully.

ERROR: [Common 17-39] 'get_xpm_libraries' failed due to earlier errors.

    while executing
"rdi::get_xpm_libraries"
    (procedure "xcs_get_xpm_libraries" line 14)
    invoked from within
"xcs_get_xpm_libraries"
    (procedure "usf_xsim_setup_simulation" line 50)
    invoked from within
"usf_xsim_setup_simulation"
    (procedure "tclapp::xilinx::xsim::setup" line 29)
    invoked from within
"tclapp::xilinx::xsim::setup { -simset sim_1 -mode behavioral -run_dir {D:/ECE/FPGA Training NTI/LAB4/LAB4.sim/sim_1/behav/xsim} -int_os_type 64 -int_d..."
ERROR: [Vivado 12-4473] Detected error while running simulation. Please correct the issue and retry this operation.
ERROR: [Common 17-39] 'launch_simulation' failed due to earlier errors.
launch_simulation
Command: launch_simulation 
INFO: [Vivado 12-12493] Simulation top is 'TOP_SYSTEM_tb'
INFO: [Vivado 12-5682] Launching behavioral simulation in 'D:/ECE/FPGA Training NTI/LAB4/LAB4.sim/sim_1/behav/xsim'
INFO: [SIM-utils-51] Simulation object is 'sim_1'
INFO: [SIM-utils-72] Using boost library from 'C:/Xilinx/2025.1/Vivado/tps/boost_1_72_0'
INFO: [SIM-utils-54] Inspecting design source files for 'TOP_SYSTEM_tb' in fileset 'sim_1'...
INFO: [USF-XSim-97] Finding global include files...
INFO: [USF-XSim-100] Fetching design files from 'sources_1'...(this may take a while)...
INFO: [USF-XSim-101] Fetching design files from 'sim_1'...
INFO: [USF-XSim-2] XSim::Compile design
INFO: [USF-XSim-61] Executing 'COMPILE and ANALYZE' step in 'D:/ECE/FPGA Training NTI/LAB4/LAB4.sim/sim_1/behav/xsim'
"xvlog --incr --relax -prj TOP_SYSTEM_tb_vlog.prj"
INFO: [VRFC 10-2263] Analyzing Verilog file "D:/ECE/FPGA Training NTI/LAB3_SIPO_ALU/LAB3_SIPO_ALU.srcs/sources_1/new/ALU.v" into library xil_defaultlib
INFO: [VRFC 10-311] analyzing module ALU
INFO: [VRFC 10-2263] Analyzing Verilog file "D:/ECE/FPGA Training NTI/LAB3_SIPO_ALU/LAB3_SIPO_ALU.srcs/sources_1/new/PISO.v" into library xil_defaultlib
INFO: [VRFC 10-311] analyzing module PISO
INFO: [VRFC 10-2263] Analyzing Verilog file "D:/ECE/FPGA Training NTI/LAB3_SIPO_ALU/LAB3_SIPO_ALU.srcs/sources_1/new/RAM.v" into library xil_defaultlib
INFO: [VRFC 10-311] analyzing module RAM
INFO: [VRFC 10-2263] Analyzing Verilog file "D:/ECE/FPGA Training NTI/LAB3_SIPO_ALU/LAB3_SIPO_ALU.srcs/sources_1/new/SIPO.v" into library xil_defaultlib
INFO: [VRFC 10-311] analyzing module SIPO
INFO: [VRFC 10-2263] Analyzing Verilog file "D:/ECE/FPGA Training NTI/LAB4/LAB4.srcs/sources_1/new/TOP_SYSTEM.v" into library xil_defaultlib
INFO: [VRFC 10-311] analyzing module TOP_SYSTEM
INFO: [VRFC 10-2263] Analyzing Verilog file "D:/ECE/FPGA Training NTI/LAB4/LAB4.srcs/sources_1/new/TOP_TB.v" into library xil_defaultlib
INFO: [VRFC 10-311] analyzing module TOP_SYSTEM_tb
INFO: [USF-XSim-69] 'compile' step finished in '1' seconds
INFO: [USF-XSim-3] XSim::Elaborate design
INFO: [USF-XSim-61] Executing 'ELABORATE' step in 'D:/ECE/FPGA Training NTI/LAB4/LAB4.sim/sim_1/behav/xsim'
"xelab --incr --debug typical --relax --mt 2 -L xil_defaultlib -L unisims_ver -L unimacro_ver -L secureip --snapshot TOP_SYSTEM_tb_behav xil_defaultlib.TOP_SYSTEM_tb xil_defaultlib.glbl -log elaborate.log"
Vivado Simulator v2025.1.0
Copyright 1986-2022 Xilinx, Inc. All Rights Reserved.
Copyright 2022-2025 Advanced Micro Devices, Inc. All Rights Reserved.
Running: C:/Xilinx/2025.1/Vivado/bin/unwrapped/win64.o/xelab.exe --incr --debug typical --relax --mt 2 -L xil_defaultlib -L unisims_ver -L unimacro_ver -L secureip --snapshot TOP_SYSTEM_tb_behav xil_defaultlib.TOP_SYSTEM_tb xil_defaultlib.glbl -log elaborate.log 
Using 2 slave threads.
Starting static elaboration
Pass Through NonSizing Optimizer
Completed static elaboration
Starting simulation data flow analysis
Completed simulation data flow analysis
Time Resolution for simulation is 1ps
Compiling module xil_defaultlib.RAM
Compiling module xil_defaultlib.PISO
Compiling module xil_defaultlib.SIPO
Compiling module xil_defaultlib.ALU
Compiling module xil_defaultlib.TOP_SYSTEM
Compiling module xil_defaultlib.TOP_SYSTEM_tb
Compiling module xil_defaultlib.glbl
Built simulation snapshot TOP_SYSTEM_tb_behav
INFO: [USF-XSim-69] 'elaborate' step finished in '2' seconds
INFO: [USF-XSim-4] XSim::Simulate design
WARNING: [USF-XSim-17] WCFG file does not exist:D:/ECE/FPGA Training NTI/LAB4/TOP_SYSTEM_tb_behav.wcfg
WARNING: [USF-XSim-17] WCFG file does not exist:D:/ECE/FPGA Training NTI/LAB4/TOP_SYSTEM_tb_behav.wcfg
INFO: [USF-XSim-61] Executing 'SIMULATE' step in 'D:/ECE/FPGA Training NTI/LAB4/LAB4.sim/sim_1/behav/xsim'
INFO: [USF-XSim-98] *** Running xsim
   with args "TOP_SYSTEM_tb_behav -key {Behavioral:sim_1:Functional:TOP_SYSTEM_tb} -tclbatch {TOP_SYSTEM_tb.tcl} -log {simulate.log}"
INFO: [USF-XSim-8] Loading simulator feature
Time resolution is 1 ps
source TOP_SYSTEM_tb.tcl
# set curr_wave [current_wave_config]
# if { [string length $curr_wave] == 0 } {
#   if { [llength [get_objects]] > 0} {
#     add_wave /
#     set_property needs_save false [current_wave_config]
#   } else {
#      send_msg_id Add_Wave-1 WARNING "No top level signals found. Simulator will start without a wave window. If you want to open a wave window go to 'File->New Waveform Configuration' or type 'create_wave_config' in the TCL console."
#   }
# }
# run 1000ns

--- Test 1: Write and Process ADD ---
   [FAILED] ALU ADD (10 + 5) | alu_out=  0 (Exp: 15) | zero=1 (Exp:0)

--- Test 2: Write and Process SUB ---
   [FAILED] ALU SUB (20 - 10) | alu_out=  0 (Exp: 10) | zero=1 (Exp:0)

--- Test 3: Write and Process AND ---
   [PASSED]  AND (0 & 255), a_is_zero flag=1 | alu_out=  0
>>> 2 TESTS FAILED OUT OF 3 <<<
$stop called at time : 950 ns : File "D:/ECE/FPGA Training NTI/LAB4/LAB4.srcs/sources_1/new/TOP_TB.v" Line 138
INFO: [USF-XSim-96] XSim completed. Design snapshot 'TOP_SYSTEM_tb_behav' loaded.
INFO: [USF-XSim-97] XSim simulation ran for 1000ns
launch_simulation: Time (s): cpu = 00:00:02 ; elapsed = 00:00:06 . Memory (MB): peak = 1672.055 ; gain = 1.062
close_sim
WARNING: [filemgmt 56-199] Attempt to get parsing info during refresh. "On-the-fly" syntax checking information may be incorrect. [D:\ECE\FPGA Training NTI\LAB4\LAB4.srcs\sources_1\new\TOP_SYSTEM.v:]
WARNING: [filemgmt 56-199] Attempt to get parsing info during refresh. "On-the-fly" syntax checking information may be incorrect. [D:\ECE\FPGA Training NTI\LAB3_SIPO_ALU\LAB3_SIPO_ALU.srcs\sources_1\new\ALU.v:]
INFO: [Simtcl 6-16] Simulation closed
WARNING: [filemgmt 56-199] Attempt to get parsing info during refresh. "On-the-fly" syntax checking information may be incorrect. [D:\ECE\FPGA Training NTI\LAB3_SIPO_ALU\LAB3_SIPO_ALU.srcs\sources_1\new\RAM.v:]
WARNING: [filemgmt 56-199] Attempt to get parsing info during refresh. "On-the-fly" syntax checking information may be incorrect. [D:\ECE\FPGA Training NTI\LAB3_SIPO_ALU\LAB3_SIPO_ALU.srcs\sources_1\new\SIPO.v:]
WARNING: [filemgmt 56-199] Attempt to get parsing info during refresh. "On-the-fly" syntax checking information may be incorrect. [D:\ECE\FPGA Training NTI\LAB4\LAB4.srcs\sources_1\new\TOP_TB.v:]
WARNING: [filemgmt 56-199] Attempt to get parsing info during refresh. "On-the-fly" syntax checking information may be incorrect. [D:\ECE\FPGA Training NTI\LAB3_SIPO_ALU\LAB3_SIPO_ALU.srcs\sources_1\new\PISO.v:]
WARNING: [filemgmt 56-199] Attempt to get parsing info during refresh. "On-the-fly" syntax checking information may be incorrect. [D:\ECE\FPGA Training NTI\LAB4\LAB4.srcs\sources_1\new\TOP_TB.v:]
WARNING: [filemgmt 56-199] Attempt to get parsing info during refresh. "On-the-fly" syntax checking information may be incorrect. [D:\ECE\FPGA Training NTI\LAB4\LAB4.srcs\sources_1\new\TOP_TB.v:]
launch_simulation
Command: launch_simulation 
INFO: [Vivado 12-12493] Simulation top is 'TOP_SYSTEM_tb'
INFO: [Vivado 12-5682] Launching behavioral simulation in 'D:/ECE/FPGA Training NTI/LAB4/LAB4.sim/sim_1/behav/xsim'
INFO: [SIM-utils-51] Simulation object is 'sim_1'
INFO: [SIM-utils-72] Using boost library from 'C:/Xilinx/2025.1/Vivado/tps/boost_1_72_0'
ERROR: [Common 17-180] Spawn failed: The operation completed successfully.

WARNING: [filemgmt 56-199] Attempt to get parsing info during refresh. "On-the-fly" syntax checking information may be incorrect. [D:\ECE\FPGA Training NTI\LAB4\LAB4.srcs\sources_1\new\TOP_SYSTEM.v:]
WARNING: [filemgmt 56-199] Attempt to get parsing info during refresh. "On-the-fly" syntax checking information may be incorrect. [D:\ECE\FPGA Training NTI\LAB3_SIPO_ALU\LAB3_SIPO_ALU.srcs\sources_1\new\ALU.v:]
WARNING: [filemgmt 56-199] Attempt to get parsing info during refresh. "On-the-fly" syntax checking information may be incorrect. [D:\ECE\FPGA Training NTI\LAB3_SIPO_ALU\LAB3_SIPO_ALU.srcs\sources_1\new\RAM.v:]
WARNING: [filemgmt 56-199] Attempt to get parsing info during refresh. "On-the-fly" syntax checking information may be incorrect. [D:\ECE\FPGA Training NTI\LAB3_SIPO_ALU\LAB3_SIPO_ALU.srcs\sources_1\new\SIPO.v:]
WARNING: [filemgmt 56-199] Attempt to get parsing info during refresh. "On-the-fly" syntax checking information may be incorrect. [D:\ECE\FPGA Training NTI\LAB4\LAB4.srcs\sources_1\new\TOP_TB.v:]
WARNING: [filemgmt 56-199] Attempt to get parsing info during refresh. "On-the-fly" syntax checking information may be incorrect. [D:\ECE\FPGA Training NTI\LAB3_SIPO_ALU\LAB3_SIPO_ALU.srcs\sources_1\new\PISO.v:]
WARNING: [filemgmt 56-199] Attempt to get parsing info during refresh. "On-the-fly" syntax checking information may be incorrect. [D:\ECE\FPGA Training NTI\LAB4\LAB4.srcs\sources_1\new\TOP_SYSTEM.v:]
WARNING: [filemgmt 56-199] Attempt to get parsing info during refresh. "On-the-fly" syntax checking information may be incorrect. [D:\ECE\FPGA Training NTI\LAB4\LAB4.srcs\sources_1\new\TOP_SYSTEM.v:]
WARNING: [filemgmt 56-199] Attempt to get parsing info during refresh. "On-the-fly" syntax checking information may be incorrect. [D:\ECE\FPGA Training NTI\LAB4\LAB4.srcs\sources_1\new\TOP_SYSTEM.v:]
WARNING: [filemgmt 56-199] Attempt to get parsing info during refresh. "On-the-fly" syntax checking information may be incorrect. [D:\ECE\FPGA Training NTI\LAB3_SIPO_ALU\LAB3_SIPO_ALU.srcs\sources_1\new\ALU.v:]
WARNING: [filemgmt 56-199] Attempt to get parsing info during refresh. "On-the-fly" syntax checking information may be incorrect. [D:\ECE\FPGA Training NTI\LAB3_SIPO_ALU\LAB3_SIPO_ALU.srcs\sources_1\new\RAM.v:]
WARNING: [filemgmt 56-199] Attempt to get parsing info during refresh. "On-the-fly" syntax checking information may be incorrect. [D:\ECE\FPGA Training NTI\LAB3_SIPO_ALU\LAB3_SIPO_ALU.srcs\sources_1\new\SIPO.v:]
WARNING: [filemgmt 56-199] Attempt to get parsing info during refresh. "On-the-fly" syntax checking information may be incorrect. [D:\ECE\FPGA Training NTI\LAB4\LAB4.srcs\sources_1\new\TOP_TB.v:]
WARNING: [filemgmt 56-199] Attempt to get parsing info during refresh. "On-the-fly" syntax checking information may be incorrect. [D:\ECE\FPGA Training NTI\LAB3_SIPO_ALU\LAB3_SIPO_ALU.srcs\sources_1\new\PISO.v:]
WARNING: [filemgmt 56-199] Attempt to get parsing info during refresh. "On-the-fly" syntax checking information may be incorrect. [D:\ECE\FPGA Training NTI\LAB3_SIPO_ALU\LAB3_SIPO_ALU.srcs\sources_1\new\PISO.v:]
WARNING: [filemgmt 56-199] Attempt to get parsing info during refresh. "On-the-fly" syntax checking information may be incorrect. [D:\ECE\FPGA Training NTI\LAB3_SIPO_ALU\LAB3_SIPO_ALU.srcs\sources_1\new\PISO.v:]
ERROR: [Common 17-39] 'get_xpm_libraries' failed due to earlier errors.

    while executing
"rdi::get_xpm_libraries"
    (procedure "xcs_get_xpm_libraries" line 14)
    invoked from within
"xcs_get_xpm_libraries"
    (procedure "usf_xsim_setup_simulation" line 50)
    invoked from within
"usf_xsim_setup_simulation"
    (procedure "tclapp::xilinx::xsim::setup" line 29)
    invoked from within
"tclapp::xilinx::xsim::setup { -simset sim_1 -mode behavioral -run_dir {D:/ECE/FPGA Training NTI/LAB4/LAB4.sim/sim_1/behav/xsim} -int_os_type 64 -int_d..."
ERROR: [Vivado 12-4473] Detected error while running simulation. Please correct the issue and retry this operation.
ERROR: [Common 17-39] 'launch_simulation' failed due to earlier errors.
ERROR: [Common 17-180] Spawn failed: The operation completed successfully.

WARNING: [filemgmt 56-199] Attempt to get parsing info during refresh. "On-the-fly" syntax checking information may be incorrect. [D:\ECE\FPGA Training NTI\LAB4\LAB4.srcs\sources_1\new\TOP_SYSTEM.v:]
WARNING: [filemgmt 56-199] Attempt to get parsing info during refresh. "On-the-fly" syntax checking information may be incorrect. [D:\ECE\FPGA Training NTI\LAB3_SIPO_ALU\LAB3_SIPO_ALU.srcs\sources_1\new\ALU.v:]
WARNING: [filemgmt 56-199] Attempt to get parsing info during refresh. "On-the-fly" syntax checking information may be incorrect. [D:\ECE\FPGA Training NTI\LAB3_SIPO_ALU\LAB3_SIPO_ALU.srcs\sources_1\new\RAM.v:]
WARNING: [filemgmt 56-199] Attempt to get parsing info during refresh. "On-the-fly" syntax checking information may be incorrect. [D:\ECE\FPGA Training NTI\LAB3_SIPO_ALU\LAB3_SIPO_ALU.srcs\sources_1\new\SIPO.v:]
WARNING: [filemgmt 56-199] Attempt to get parsing info during refresh. "On-the-fly" syntax checking information may be incorrect. [D:\ECE\FPGA Training NTI\LAB4\LAB4.srcs\sources_1\new\TOP_TB.v:]
WARNING: [filemgmt 56-199] Attempt to get parsing info during refresh. "On-the-fly" syntax checking information may be incorrect. [D:\ECE\FPGA Training NTI\LAB3_SIPO_ALU\LAB3_SIPO_ALU.srcs\sources_1\new\PISO.v:]
WARNING: [filemgmt 56-199] Attempt to get parsing info during refresh. "On-the-fly" syntax checking information may be incorrect. [D:\ECE\FPGA Training NTI\LAB3_SIPO_ALU\LAB3_SIPO_ALU.srcs\sources_1\new\ALU.v:]
WARNING: [filemgmt 56-199] Attempt to get parsing info during refresh. "On-the-fly" syntax checking information may be incorrect. [D:\ECE\FPGA Training NTI\LAB3_SIPO_ALU\LAB3_SIPO_ALU.srcs\sources_1\new\ALU.v:]
WARNING: [filemgmt 56-199] Attempt to get parsing info during refresh. "On-the-fly" syntax checking information may be incorrect. [D:\ECE\FPGA Training NTI\LAB4\LAB4.srcs\sources_1\new\TOP_SYSTEM.v:]
WARNING: [filemgmt 56-199] Attempt to get parsing info during refresh. "On-the-fly" syntax checking information may be incorrect. [D:\ECE\FPGA Training NTI\LAB3_SIPO_ALU\LAB3_SIPO_ALU.srcs\sources_1\new\ALU.v:]
WARNING: [filemgmt 56-199] Attempt to get parsing info during refresh. "On-the-fly" syntax checking information may be incorrect. [D:\ECE\FPGA Training NTI\LAB3_SIPO_ALU\LAB3_SIPO_ALU.srcs\sources_1\new\RAM.v:]
WARNING: [filemgmt 56-199] Attempt to get parsing info during refresh. "On-the-fly" syntax checking information may be incorrect. [D:\ECE\FPGA Training NTI\LAB3_SIPO_ALU\LAB3_SIPO_ALU.srcs\sources_1\new\SIPO.v:]
WARNING: [filemgmt 56-199] Attempt to get parsing info during refresh. "On-the-fly" syntax checking information may be incorrect. [D:\ECE\FPGA Training NTI\LAB4\LAB4.srcs\sources_1\new\TOP_TB.v:]
WARNING: [filemgmt 56-199] Attempt to get parsing info during refresh. "On-the-fly" syntax checking information may be incorrect. [D:\ECE\FPGA Training NTI\LAB3_SIPO_ALU\LAB3_SIPO_ALU.srcs\sources_1\new\PISO.v:]
WARNING: [filemgmt 56-199] Attempt to get parsing info during refresh. "On-the-fly" syntax checking information may be incorrect. [D:\ECE\FPGA Training NTI\LAB3_SIPO_ALU\LAB3_SIPO_ALU.srcs\sources_1\new\SIPO.v:]
WARNING: [filemgmt 56-199] Attempt to get parsing info during refresh. "On-the-fly" syntax checking information may be incorrect. [D:\ECE\FPGA Training NTI\LAB3_SIPO_ALU\LAB3_SIPO_ALU.srcs\sources_1\new\SIPO.v:]
ERROR: [Common 17-180] Spawn failed: The operation completed successfully.

launch_simulation
Command: launch_simulation 
INFO: [Vivado 12-12493] Simulation top is 'TOP_SYSTEM_tb'
INFO: [Vivado 12-5682] Launching behavioral simulation in 'D:/ECE/FPGA Training NTI/LAB4/LAB4.sim/sim_1/behav/xsim'
INFO: [SIM-utils-51] Simulation object is 'sim_1'
INFO: [SIM-utils-72] Using boost library from 'C:/Xilinx/2025.1/Vivado/tps/boost_1_72_0'
INFO: [SIM-utils-54] Inspecting design source files for 'TOP_SYSTEM_tb' in fileset 'sim_1'...
INFO: [USF-XSim-97] Finding global include files...
INFO: [USF-XSim-100] Fetching design files from 'sources_1'...(this may take a while)...
INFO: [USF-XSim-101] Fetching design files from 'sim_1'...
INFO: [USF-XSim-2] XSim::Compile design
INFO: [USF-XSim-61] Executing 'COMPILE and ANALYZE' step in 'D:/ECE/FPGA Training NTI/LAB4/LAB4.sim/sim_1/behav/xsim'
"xvlog --incr --relax -prj TOP_SYSTEM_tb_vlog.prj"
INFO: [VRFC 10-2263] Analyzing Verilog file "D:/ECE/FPGA Training NTI/LAB3_SIPO_ALU/LAB3_SIPO_ALU.srcs/sources_1/new/ALU.v" into library xil_defaultlib
INFO: [VRFC 10-311] analyzing module ALU
INFO: [VRFC 10-2263] Analyzing Verilog file "D:/ECE/FPGA Training NTI/LAB3_SIPO_ALU/LAB3_SIPO_ALU.srcs/sources_1/new/PISO.v" into library xil_defaultlib
INFO: [VRFC 10-311] analyzing module PISO
INFO: [VRFC 10-2263] Analyzing Verilog file "D:/ECE/FPGA Training NTI/LAB3_SIPO_ALU/LAB3_SIPO_ALU.srcs/sources_1/new/RAM.v" into library xil_defaultlib
INFO: [VRFC 10-311] analyzing module RAM
INFO: [VRFC 10-2263] Analyzing Verilog file "D:/ECE/FPGA Training NTI/LAB3_SIPO_ALU/LAB3_SIPO_ALU.srcs/sources_1/new/SIPO.v" into library xil_defaultlib
INFO: [VRFC 10-311] analyzing module SIPO
INFO: [VRFC 10-2263] Analyzing Verilog file "D:/ECE/FPGA Training NTI/LAB4/LAB4.srcs/sources_1/new/TOP_SYSTEM.v" into library xil_defaultlib
INFO: [VRFC 10-311] analyzing module TOP_SYSTEM
INFO: [VRFC 10-2263] Analyzing Verilog file "D:/ECE/FPGA Training NTI/LAB4/LAB4.srcs/sources_1/new/TOP_TB.v" into library xil_defaultlib
INFO: [VRFC 10-311] analyzing module TOP_SYSTEM_tb
INFO: [USF-XSim-69] 'compile' step finished in '1' seconds
INFO: [USF-XSim-3] XSim::Elaborate design
INFO: [USF-XSim-61] Executing 'ELABORATE' step in 'D:/ECE/FPGA Training NTI/LAB4/LAB4.sim/sim_1/behav/xsim'
"xelab --incr --debug typical --relax --mt 2 -L xil_defaultlib -L unisims_ver -L unimacro_ver -L secureip --snapshot TOP_SYSTEM_tb_behav xil_defaultlib.TOP_SYSTEM_tb xil_defaultlib.glbl -log elaborate.log"
Vivado Simulator v2025.1.0
Copyright 1986-2022 Xilinx, Inc. All Rights Reserved.
Copyright 2022-2025 Advanced Micro Devices, Inc. All Rights Reserved.
Running: C:/Xilinx/2025.1/Vivado/bin/unwrapped/win64.o/xelab.exe --incr --debug typical --relax --mt 2 -L xil_defaultlib -L unisims_ver -L unimacro_ver -L secureip --snapshot TOP_SYSTEM_tb_behav xil_defaultlib.TOP_SYSTEM_tb xil_defaultlib.glbl -log elaborate.log 
Using 2 slave threads.
Starting static elaboration
Pass Through NonSizing Optimizer
Completed static elaboration
Starting simulation data flow analysis
Completed simulation data flow analysis
Time Resolution for simulation is 1ps
Compiling module xil_defaultlib.RAM
Compiling module xil_defaultlib.PISO
Compiling module xil_defaultlib.SIPO
Compiling module xil_defaultlib.ALU
Compiling module xil_defaultlib.TOP_SYSTEM
Compiling module xil_defaultlib.TOP_SYSTEM_tb
Compiling module xil_defaultlib.glbl
Built simulation snapshot TOP_SYSTEM_tb_behav
INFO: [USF-XSim-69] 'elaborate' step finished in '2' seconds
INFO: [USF-XSim-4] XSim::Simulate design
WARNING: [USF-XSim-17] WCFG file does not exist:D:/ECE/FPGA Training NTI/LAB4/TOP_SYSTEM_tb_behav.wcfg
WARNING: [USF-XSim-17] WCFG file does not exist:D:/ECE/FPGA Training NTI/LAB4/TOP_SYSTEM_tb_behav.wcfg
INFO: [USF-XSim-61] Executing 'SIMULATE' step in 'D:/ECE/FPGA Training NTI/LAB4/LAB4.sim/sim_1/behav/xsim'
INFO: [USF-XSim-98] *** Running xsim
   with args "TOP_SYSTEM_tb_behav -key {Behavioral:sim_1:Functional:TOP_SYSTEM_tb} -tclbatch {TOP_SYSTEM_tb.tcl} -log {simulate.log}"
INFO: [USF-XSim-8] Loading simulator feature
Time resolution is 1 ps
source TOP_SYSTEM_tb.tcl
# set curr_wave [current_wave_config]
# if { [string length $curr_wave] == 0 } {
#   if { [llength [get_objects]] > 0} {
#     add_wave /
#     set_property needs_save false [current_wave_config]
#   } else {
#      send_msg_id Add_Wave-1 WARNING "No top level signals found. Simulator will start without a wave window. If you want to open a wave window go to 'File->New Waveform Configuration' or type 'create_wave_config' in the TCL console."
#   }
# }
# run 1000ns

--- Test 1: Write and Process ADD ---
   [FAILED] ALU ADD (10 + 5) | alu_out=  0 (Exp: 15) | zero=0 (Exp:0)

--- Test 2: Write and Process SUB ---
   [FAILED] ALU SUB (20 - 10) | alu_out=  0 (Exp: 10) | zero=0 (Exp:0)

--- Test 3: Write and Process AND ---
   [FAILED]  AND (0 & 255), a_is_zero flag=1 | alu_out=  0 (Exp:  0) | zero=x (Exp:1)
>>> 3 TESTS FAILED OUT OF 3 <<<
$stop called at time : 950 ns : File "D:/ECE/FPGA Training NTI/LAB4/LAB4.srcs/sources_1/new/TOP_TB.v" Line 138
INFO: [USF-XSim-96] XSim completed. Design snapshot 'TOP_SYSTEM_tb_behav' loaded.
INFO: [USF-XSim-97] XSim simulation ran for 1000ns
launch_simulation: Time (s): cpu = 00:00:02 ; elapsed = 00:00:06 . Memory (MB): peak = 1672.680 ; gain = 0.625
close_sim
WARNING: [filemgmt 56-199] Attempt to get parsing info during refresh. "On-the-fly" syntax checking information may be incorrect. [D:\ECE\FPGA Training NTI\LAB4\LAB4.srcs\sources_1\new\TOP_SYSTEM.v:]
WARNING: [filemgmt 56-199] Attempt to get parsing info during refresh. "On-the-fly" syntax checking information may be incorrect. [D:\ECE\FPGA Training NTI\LAB3_SIPO_ALU\LAB3_SIPO_ALU.srcs\sources_1\new\ALU.v:]
WARNING: [filemgmt 56-199] Attempt to get parsing info during refresh. "On-the-fly" syntax checking information may be incorrect. [D:\ECE\FPGA Training NTI\LAB3_SIPO_ALU\LAB3_SIPO_ALU.srcs\sources_1\new\RAM.v:]
WARNING: [filemgmt 56-199] Attempt to get parsing info during refresh. "On-the-fly" syntax checking information may be incorrect. [D:\ECE\FPGA Training NTI\LAB3_SIPO_ALU\LAB3_SIPO_ALU.srcs\sources_1\new\SIPO.v:]
WARNING: [filemgmt 56-199] Attempt to get parsing info during refresh. "On-the-fly" syntax checking information may be incorrect. [D:\ECE\FPGA Training NTI\LAB4\LAB4.srcs\sources_1\new\TOP_TB.v:]
WARNING: [filemgmt 56-199] Attempt to get parsing info during refresh. "On-the-fly" syntax checking information may be incorrect. [D:\ECE\FPGA Training NTI\LAB3_SIPO_ALU\LAB3_SIPO_ALU.srcs\sources_1\new\PISO.v:]
WARNING: [filemgmt 56-199] Attempt to get parsing info during refresh. "On-the-fly" syntax checking information may be incorrect. [D:\ECE\FPGA Training NTI\LAB4\LAB4.srcs\sources_1\new\TOP_SYSTEM.v:]
WARNING: [filemgmt 56-199] Attempt to get parsing info during refresh. "On-the-fly" syntax checking information may be incorrect. [D:\ECE\FPGA Training NTI\LAB4\LAB4.srcs\sources_1\new\TOP_SYSTEM.v:]
WARNING: [filemgmt 56-199] Attempt to get parsing info during refresh. "On-the-fly" syntax checking information may be incorrect. [D:\ECE\FPGA Training NTI\LAB4\LAB4.srcs\sources_1\new\TOP_SYSTEM.v:]
WARNING: [filemgmt 56-199] Attempt to get parsing info during refresh. "On-the-fly" syntax checking information may be incorrect. [D:\ECE\FPGA Training NTI\LAB3_SIPO_ALU\LAB3_SIPO_ALU.srcs\sources_1\new\ALU.v:]
WARNING: [filemgmt 56-199] Attempt to get parsing info during refresh. "On-the-fly" syntax checking information may be incorrect. [D:\ECE\FPGA Training NTI\LAB3_SIPO_ALU\LAB3_SIPO_ALU.srcs\sources_1\new\RAM.v:]
WARNING: [filemgmt 56-199] Attempt to get parsing info during refresh. "On-the-fly" syntax checking information may be incorrect. [D:\ECE\FPGA Training NTI\LAB3_SIPO_ALU\LAB3_SIPO_ALU.srcs\sources_1\new\SIPO.v:]
WARNING: [filemgmt 56-199] Attempt to get parsing info during refresh. "On-the-fly" syntax checking information may be incorrect. [D:\ECE\FPGA Training NTI\LAB4\LAB4.srcs\sources_1\new\TOP_TB.v:]
WARNING: [filemgmt 56-199] Attempt to get parsing info during refresh. "On-the-fly" syntax checking information may be incorrect. [D:\ECE\FPGA Training NTI\LAB3_SIPO_ALU\LAB3_SIPO_ALU.srcs\sources_1\new\PISO.v:]
WARNING: [filemgmt 56-199] Attempt to get parsing info during refresh. "On-the-fly" syntax checking information may be incorrect. [D:\ECE\FPGA Training NTI\LAB3_SIPO_ALU\LAB3_SIPO_ALU.srcs\sources_1\new\ALU.v:]
WARNING: [filemgmt 56-199] Attempt to get parsing info during refresh. "On-the-fly" syntax checking information may be incorrect. [D:\ECE\FPGA Training NTI\LAB3_SIPO_ALU\LAB3_SIPO_ALU.srcs\sources_1\new\ALU.v:]
WARNING: [filemgmt 56-199] Attempt to get parsing info during refresh. "On-the-fly" syntax checking information may be incorrect. [D:\ECE\FPGA Training NTI\LAB4\LAB4.srcs\sources_1\new\TOP_SYSTEM.v:]
WARNING: [filemgmt 56-199] Attempt to get parsing info during refresh. "On-the-fly" syntax checking information may be incorrect. [D:\ECE\FPGA Training NTI\LAB3_SIPO_ALU\LAB3_SIPO_ALU.srcs\sources_1\new\ALU.v:]
WARNING: [filemgmt 56-199] Attempt to get parsing info during refresh. "On-the-fly" syntax checking information may be incorrect. [D:\ECE\FPGA Training NTI\LAB3_SIPO_ALU\LAB3_SIPO_ALU.srcs\sources_1\new\RAM.v:]
WARNING: [filemgmt 56-199] Attempt to get parsing info during refresh. "On-the-fly" syntax checking information may be incorrect. [D:\ECE\FPGA Training NTI\LAB3_SIPO_ALU\LAB3_SIPO_ALU.srcs\sources_1\new\SIPO.v:]
WARNING: [filemgmt 56-199] Attempt to get parsing info during refresh. "On-the-fly" syntax checking information may be incorrect. [D:\ECE\FPGA Training NTI\LAB4\LAB4.srcs\sources_1\new\TOP_TB.v:]
WARNING: [filemgmt 56-199] Attempt to get parsing info during refresh. "On-the-fly" syntax checking information may be incorrect. [D:\ECE\FPGA Training NTI\LAB3_SIPO_ALU\LAB3_SIPO_ALU.srcs\sources_1\new\PISO.v:]
WARNING: [filemgmt 56-199] Attempt to get parsing info during refresh. "On-the-fly" syntax checking information may be incorrect. [D:\ECE\FPGA Training NTI\LAB3_SIPO_ALU\LAB3_SIPO_ALU.srcs\sources_1\new\SIPO.v:]
WARNING: [filemgmt 56-199] Attempt to get parsing info during refresh. "On-the-fly" syntax checking information may be incorrect. [D:\ECE\FPGA Training NTI\LAB3_SIPO_ALU\LAB3_SIPO_ALU.srcs\sources_1\new\SIPO.v:]
INFO: [Simtcl 6-16] Simulation closed
WARNING: [filemgmt 56-199] Attempt to get parsing info during refresh. "On-the-fly" syntax checking information may be incorrect. [D:\ECE\FPGA Training NTI\LAB4\LAB4.srcs\sources_1\new\TOP_SYSTEM.v:]
WARNING: [filemgmt 56-199] Attempt to get parsing info during refresh. "On-the-fly" syntax checking information may be incorrect. [D:\ECE\FPGA Training NTI\LAB3_SIPO_ALU\LAB3_SIPO_ALU.srcs\sources_1\new\ALU.v:]
WARNING: [filemgmt 56-199] Attempt to get parsing info during refresh. "On-the-fly" syntax checking information may be incorrect. [D:\ECE\FPGA Training NTI\LAB3_SIPO_ALU\LAB3_SIPO_ALU.srcs\sources_1\new\RAM.v:]
WARNING: [filemgmt 56-199] Attempt to get parsing info during refresh. "On-the-fly" syntax checking information may be incorrect. [D:\ECE\FPGA Training NTI\LAB3_SIPO_ALU\LAB3_SIPO_ALU.srcs\sources_1\new\SIPO.v:]
WARNING: [filemgmt 56-199] Attempt to get parsing info during refresh. "On-the-fly" syntax checking information may be incorrect. [D:\ECE\FPGA Training NTI\LAB4\LAB4.srcs\sources_1\new\TOP_TB.v:]
WARNING: [filemgmt 56-199] Attempt to get parsing info during refresh. "On-the-fly" syntax checking information may be incorrect. [D:\ECE\FPGA Training NTI\LAB3_SIPO_ALU\LAB3_SIPO_ALU.srcs\sources_1\new\PISO.v:]
WARNING: [filemgmt 56-199] Attempt to get parsing info during refresh. "On-the-fly" syntax checking information may be incorrect. [D:\ECE\FPGA Training NTI\LAB3_SIPO_ALU\LAB3_SIPO_ALU.srcs\sources_1\new\PISO.v:]
WARNING: [filemgmt 56-199] Attempt to get parsing info during refresh. "On-the-fly" syntax checking information may be incorrect. [D:\ECE\FPGA Training NTI\LAB3_SIPO_ALU\LAB3_SIPO_ALU.srcs\sources_1\new\PISO.v:]
launch_simulation
Command: launch_simulation 
INFO: [Vivado 12-12493] Simulation top is 'TOP_SYSTEM_tb'
INFO: [Vivado 12-5682] Launching behavioral simulation in 'D:/ECE/FPGA Training NTI/LAB4/LAB4.sim/sim_1/behav/xsim'
INFO: [SIM-utils-51] Simulation object is 'sim_1'
INFO: [SIM-utils-72] Using boost library from 'C:/Xilinx/2025.1/Vivado/tps/boost_1_72_0'
ERROR: [Common 17-180] Spawn failed: The operation completed successfully.

WARNING: [filemgmt 56-199] Attempt to get parsing info during refresh. "On-the-fly" syntax checking information may be incorrect. [D:\ECE\FPGA Training NTI\LAB4\LAB4.srcs\sources_1\new\TOP_SYSTEM.v:]
WARNING: [filemgmt 56-199] Attempt to get parsing info during refresh. "On-the-fly" syntax checking information may be incorrect. [D:\ECE\FPGA Training NTI\LAB3_SIPO_ALU\LAB3_SIPO_ALU.srcs\sources_1\new\ALU.v:]
WARNING: [filemgmt 56-199] Attempt to get parsing info during refresh. "On-the-fly" syntax checking information may be incorrect. [D:\ECE\FPGA Training NTI\LAB3_SIPO_ALU\LAB3_SIPO_ALU.srcs\sources_1\new\RAM.v:]
WARNING: [filemgmt 56-199] Attempt to get parsing info during refresh. "On-the-fly" syntax checking information may be incorrect. [D:\ECE\FPGA Training NTI\LAB3_SIPO_ALU\LAB3_SIPO_ALU.srcs\sources_1\new\SIPO.v:]
WARNING: [filemgmt 56-199] Attempt to get parsing info during refresh. "On-the-fly" syntax checking information may be incorrect. [D:\ECE\FPGA Training NTI\LAB4\LAB4.srcs\sources_1\new\TOP_TB.v:]
WARNING: [filemgmt 56-199] Attempt to get parsing info during refresh. "On-the-fly" syntax checking information may be incorrect. [D:\ECE\FPGA Training NTI\LAB3_SIPO_ALU\LAB3_SIPO_ALU.srcs\sources_1\new\PISO.v:]
WARNING: [filemgmt 56-199] Attempt to get parsing info during refresh. "On-the-fly" syntax checking information may be incorrect. [D:\ECE\FPGA Training NTI\LAB4\LAB4.srcs\sources_1\new\TOP_TB.v:]
WARNING: [filemgmt 56-199] Attempt to get parsing info during refresh. "On-the-fly" syntax checking information may be incorrect. [D:\ECE\FPGA Training NTI\LAB4\LAB4.srcs\sources_1\new\TOP_TB.v:]
ERROR: [Common 17-39] 'get_xpm_libraries' failed due to earlier errors.

    while executing
"rdi::get_xpm_libraries"
    (procedure "xcs_get_xpm_libraries" line 14)
    invoked from within
"xcs_get_xpm_libraries"
    (procedure "usf_xsim_setup_simulation" line 50)
    invoked from within
"usf_xsim_setup_simulation"
    (procedure "tclapp::xilinx::xsim::setup" line 29)
    invoked from within
"tclapp::xilinx::xsim::setup { -simset sim_1 -mode behavioral -run_dir {D:/ECE/FPGA Training NTI/LAB4/LAB4.sim/sim_1/behav/xsim} -int_os_type 64 -int_d..."
ERROR: [Vivado 12-4473] Detected error while running simulation. Please correct the issue and retry this operation.
ERROR: [Common 17-39] 'launch_simulation' failed due to earlier errors.
launch_simulation
Command: launch_simulation 
INFO: [Vivado 12-12493] Simulation top is 'TOP_SYSTEM_tb'
INFO: [Vivado 12-5682] Launching behavioral simulation in 'D:/ECE/FPGA Training NTI/LAB4/LAB4.sim/sim_1/behav/xsim'
INFO: [SIM-utils-51] Simulation object is 'sim_1'
INFO: [SIM-utils-72] Using boost library from 'C:/Xilinx/2025.1/Vivado/tps/boost_1_72_0'
INFO: [SIM-utils-54] Inspecting design source files for 'TOP_SYSTEM_tb' in fileset 'sim_1'...
INFO: [USF-XSim-97] Finding global include files...
INFO: [USF-XSim-100] Fetching design files from 'sources_1'...(this may take a while)...
INFO: [USF-XSim-101] Fetching design files from 'sim_1'...
INFO: [USF-XSim-2] XSim::Compile design
INFO: [USF-XSim-61] Executing 'COMPILE and ANALYZE' step in 'D:/ECE/FPGA Training NTI/LAB4/LAB4.sim/sim_1/behav/xsim'
"xvlog --incr --relax -prj TOP_SYSTEM_tb_vlog.prj"
INFO: [VRFC 10-2263] Analyzing Verilog file "D:/ECE/FPGA Training NTI/LAB3_SIPO_ALU/LAB3_SIPO_ALU.srcs/sources_1/new/ALU.v" into library xil_defaultlib
INFO: [VRFC 10-311] analyzing module ALU
INFO: [VRFC 10-2263] Analyzing Verilog file "D:/ECE/FPGA Training NTI/LAB3_SIPO_ALU/LAB3_SIPO_ALU.srcs/sources_1/new/PISO.v" into library xil_defaultlib
INFO: [VRFC 10-311] analyzing module PISO
INFO: [VRFC 10-2263] Analyzing Verilog file "D:/ECE/FPGA Training NTI/LAB3_SIPO_ALU/LAB3_SIPO_ALU.srcs/sources_1/new/RAM.v" into library xil_defaultlib
INFO: [VRFC 10-311] analyzing module RAM
INFO: [VRFC 10-2263] Analyzing Verilog file "D:/ECE/FPGA Training NTI/LAB3_SIPO_ALU/LAB3_SIPO_ALU.srcs/sources_1/new/SIPO.v" into library xil_defaultlib
INFO: [VRFC 10-311] analyzing module SIPO
INFO: [VRFC 10-2263] Analyzing Verilog file "D:/ECE/FPGA Training NTI/LAB4/LAB4.srcs/sources_1/new/TOP_SYSTEM.v" into library xil_defaultlib
INFO: [VRFC 10-311] analyzing module TOP_SYSTEM
INFO: [VRFC 10-2263] Analyzing Verilog file "D:/ECE/FPGA Training NTI/LAB4/LAB4.srcs/sources_1/new/TOP_TB.v" into library xil_defaultlib
INFO: [VRFC 10-311] analyzing module TOP_SYSTEM_tb
ERROR: [VRFC 10-9623] unexpected non-printable character with the hex value '0xd9' [D:/ECE/FPGA Training NTI/LAB4/LAB4.srcs/sources_1/new/TOP_TB.v:87]
ERROR: [VRFC 10-8530] module 'TOP_SYSTEM_tb' is ignored due to previous errors [D:/ECE/FPGA Training NTI/LAB4/LAB4.srcs/sources_1/new/TOP_TB.v:22]
INFO: [USF-XSim-69] 'compile' step finished in '2' seconds
INFO: [USF-XSim-99] Step results log file:'D:/ECE/FPGA Training NTI/LAB4/LAB4.sim/sim_1/behav/xsim/xvlog.log'
ERROR: [USF-XSim-62] 'compile' step failed with error(s). Please check the Tcl console output or 'D:/ECE/FPGA Training NTI/LAB4/LAB4.sim/sim_1/behav/xsim/xvlog.log' file for more information.
ERROR: [Vivado 12-4473] Detected error while running simulation. Please correct the issue and retry this operation.
ERROR: [Common 17-39] 'launch_simulation' failed due to earlier errors.
launch_simulation
Command: launch_simulation 
INFO: [Vivado 12-12493] Simulation top is 'TOP_SYSTEM_tb'
INFO: [Vivado 12-5682] Launching behavioral simulation in 'D:/ECE/FPGA Training NTI/LAB4/LAB4.sim/sim_1/behav/xsim'
INFO: [SIM-utils-51] Simulation object is 'sim_1'
INFO: [SIM-utils-72] Using boost library from 'C:/Xilinx/2025.1/Vivado/tps/boost_1_72_0'
INFO: [SIM-utils-54] Inspecting design source files for 'TOP_SYSTEM_tb' in fileset 'sim_1'...
INFO: [USF-XSim-97] Finding global include files...
INFO: [USF-XSim-100] Fetching design files from 'sources_1'...(this may take a while)...
INFO: [USF-XSim-101] Fetching design files from 'sim_1'...
INFO: [USF-XSim-2] XSim::Compile design
INFO: [USF-XSim-61] Executing 'COMPILE and ANALYZE' step in 'D:/ECE/FPGA Training NTI/LAB4/LAB4.sim/sim_1/behav/xsim'
"xvlog --incr --relax -prj TOP_SYSTEM_tb_vlog.prj"
INFO: [VRFC 10-2263] Analyzing Verilog file "D:/ECE/FPGA Training NTI/LAB3_SIPO_ALU/LAB3_SIPO_ALU.srcs/sources_1/new/ALU.v" into library xil_defaultlib
INFO: [VRFC 10-311] analyzing module ALU
INFO: [VRFC 10-2263] Analyzing Verilog file "D:/ECE/FPGA Training NTI/LAB3_SIPO_ALU/LAB3_SIPO_ALU.srcs/sources_1/new/PISO.v" into library xil_defaultlib
INFO: [VRFC 10-311] analyzing module PISO
INFO: [VRFC 10-2263] Analyzing Verilog file "D:/ECE/FPGA Training NTI/LAB3_SIPO_ALU/LAB3_SIPO_ALU.srcs/sources_1/new/RAM.v" into library xil_defaultlib
INFO: [VRFC 10-311] analyzing module RAM
INFO: [VRFC 10-2263] Analyzing Verilog file "D:/ECE/FPGA Training NTI/LAB3_SIPO_ALU/LAB3_SIPO_ALU.srcs/sources_1/new/SIPO.v" into library xil_defaultlib
INFO: [VRFC 10-311] analyzing module SIPO
INFO: [VRFC 10-2263] Analyzing Verilog file "D:/ECE/FPGA Training NTI/LAB4/LAB4.srcs/sources_1/new/TOP_SYSTEM.v" into library xil_defaultlib
INFO: [VRFC 10-311] analyzing module TOP_SYSTEM
INFO: [VRFC 10-2263] Analyzing Verilog file "D:/ECE/FPGA Training NTI/LAB4/LAB4.srcs/sources_1/new/TOP_TB.v" into library xil_defaultlib
INFO: [VRFC 10-311] analyzing module TOP_SYSTEM_tb
ERROR: [VRFC 10-9623] unexpected non-printable character with the hex value '0xd9' [D:/ECE/FPGA Training NTI/LAB4/LAB4.srcs/sources_1/new/TOP_TB.v:87]
ERROR: [VRFC 10-8530] module 'TOP_SYSTEM_tb' is ignored due to previous errors [D:/ECE/FPGA Training NTI/LAB4/LAB4.srcs/sources_1/new/TOP_TB.v:22]
INFO: [USF-XSim-69] 'compile' step finished in '1' seconds
INFO: [USF-XSim-99] Step results log file:'D:/ECE/FPGA Training NTI/LAB4/LAB4.sim/sim_1/behav/xsim/xvlog.log'
ERROR: [USF-XSim-62] 'compile' step failed with error(s). Please check the Tcl console output or 'D:/ECE/FPGA Training NTI/LAB4/LAB4.sim/sim_1/behav/xsim/xvlog.log' file for more information.
ERROR: [Vivado 12-4473] Detected error while running simulation. Please correct the issue and retry this operation.
ERROR: [Common 17-39] 'launch_simulation' failed due to earlier errors.
WARNING: [filemgmt 56-199] Attempt to get parsing info during refresh. "On-the-fly" syntax checking information may be incorrect. [D:\ECE\FPGA Training NTI\LAB4\LAB4.srcs\sources_1\new\TOP_SYSTEM.v:]
WARNING: [filemgmt 56-199] Attempt to get parsing info during refresh. "On-the-fly" syntax checking information may be incorrect. [D:\ECE\FPGA Training NTI\LAB3_SIPO_ALU\LAB3_SIPO_ALU.srcs\sources_1\new\ALU.v:]
WARNING: [filemgmt 56-199] Attempt to get parsing info during refresh. "On-the-fly" syntax checking information may be incorrect. [D:\ECE\FPGA Training NTI\LAB3_SIPO_ALU\LAB3_SIPO_ALU.srcs\sources_1\new\RAM.v:]
WARNING: [filemgmt 56-199] Attempt to get parsing info during refresh. "On-the-fly" syntax checking information may be incorrect. [D:\ECE\FPGA Training NTI\LAB3_SIPO_ALU\LAB3_SIPO_ALU.srcs\sources_1\new\SIPO.v:]
WARNING: [filemgmt 56-199] Attempt to get parsing info during refresh. "On-the-fly" syntax checking information may be incorrect. [D:\ECE\FPGA Training NTI\LAB4\LAB4.srcs\sources_1\new\TOP_TB.v:]
WARNING: [filemgmt 56-199] Attempt to get parsing info during refresh. "On-the-fly" syntax checking information may be incorrect. [D:\ECE\FPGA Training NTI\LAB3_SIPO_ALU\LAB3_SIPO_ALU.srcs\sources_1\new\PISO.v:]
WARNING: [filemgmt 56-199] Attempt to get parsing info during refresh. "On-the-fly" syntax checking information may be incorrect. [D:\ECE\FPGA Training NTI\LAB3_SIPO_ALU\LAB3_SIPO_ALU.srcs\sources_1\new\PISO.v:]
WARNING: [filemgmt 56-199] Attempt to get parsing info during refresh. "On-the-fly" syntax checking information may be incorrect. [D:\ECE\FPGA Training NTI\LAB3_SIPO_ALU\LAB3_SIPO_ALU.srcs\sources_1\new\PISO.v:]
WARNING: [filemgmt 56-199] Attempt to get parsing info during refresh. "On-the-fly" syntax checking information may be incorrect. [D:\ECE\FPGA Training NTI\LAB4\LAB4.srcs\sources_1\new\TOP_SYSTEM.v:]
WARNING: [filemgmt 56-199] Attempt to get parsing info during refresh. "On-the-fly" syntax checking information may be incorrect. [D:\ECE\FPGA Training NTI\LAB3_SIPO_ALU\LAB3_SIPO_ALU.srcs\sources_1\new\ALU.v:]
WARNING: [filemgmt 56-199] Attempt to get parsing info during refresh. "On-the-fly" syntax checking information may be incorrect. [D:\ECE\FPGA Training NTI\LAB3_SIPO_ALU\LAB3_SIPO_ALU.srcs\sources_1\new\RAM.v:]
WARNING: [filemgmt 56-199] Attempt to get parsing info during refresh. "On-the-fly" syntax checking information may be incorrect. [D:\ECE\FPGA Training NTI\LAB3_SIPO_ALU\LAB3_SIPO_ALU.srcs\sources_1\new\SIPO.v:]
WARNING: [filemgmt 56-199] Attempt to get parsing info during refresh. "On-the-fly" syntax checking information may be incorrect. [D:\ECE\FPGA Training NTI\LAB4\LAB4.srcs\sources_1\new\TOP_TB.v:]
WARNING: [filemgmt 56-199] Attempt to get parsing info during refresh. "On-the-fly" syntax checking information may be incorrect. [D:\ECE\FPGA Training NTI\LAB3_SIPO_ALU\LAB3_SIPO_ALU.srcs\sources_1\new\PISO.v:]
WARNING: [filemgmt 56-199] Attempt to get parsing info during refresh. "On-the-fly" syntax checking information may be incorrect. [D:\ECE\FPGA Training NTI\LAB4\LAB4.srcs\sources_1\new\TOP_SYSTEM.v:]
WARNING: [filemgmt 56-199] Attempt to get parsing info during refresh. "On-the-fly" syntax checking information may be incorrect. [D:\ECE\FPGA Training NTI\LAB4\LAB4.srcs\sources_1\new\TOP_SYSTEM.v:]
WARNING: [filemgmt 56-199] Attempt to get parsing info during refresh. "On-the-fly" syntax checking information may be incorrect. [D:\ECE\FPGA Training NTI\LAB4\LAB4.srcs\sources_1\new\TOP_SYSTEM.v:]
WARNING: [filemgmt 56-199] Attempt to get parsing info during refresh. "On-the-fly" syntax checking information may be incorrect. [D:\ECE\FPGA Training NTI\LAB3_SIPO_ALU\LAB3_SIPO_ALU.srcs\sources_1\new\ALU.v:]
WARNING: [filemgmt 56-199] Attempt to get parsing info during refresh. "On-the-fly" syntax checking information may be incorrect. [D:\ECE\FPGA Training NTI\LAB3_SIPO_ALU\LAB3_SIPO_ALU.srcs\sources_1\new\RAM.v:]
WARNING: [filemgmt 56-199] Attempt to get parsing info during refresh. "On-the-fly" syntax checking information may be incorrect. [D:\ECE\FPGA Training NTI\LAB3_SIPO_ALU\LAB3_SIPO_ALU.srcs\sources_1\new\SIPO.v:]
WARNING: [filemgmt 56-199] Attempt to get parsing info during refresh. "On-the-fly" syntax checking information may be incorrect. [D:\ECE\FPGA Training NTI\LAB4\LAB4.srcs\sources_1\new\TOP_TB.v:]
WARNING: [filemgmt 56-199] Attempt to get parsing info during refresh. "On-the-fly" syntax checking information may be incorrect. [D:\ECE\FPGA Training NTI\LAB3_SIPO_ALU\LAB3_SIPO_ALU.srcs\sources_1\new\PISO.v:]
WARNING: [filemgmt 56-199] Attempt to get parsing info during refresh. "On-the-fly" syntax checking information may be incorrect. [D:\ECE\FPGA Training NTI\LAB3_SIPO_ALU\LAB3_SIPO_ALU.srcs\sources_1\new\ALU.v:]
WARNING: [filemgmt 56-199] Attempt to get parsing info during refresh. "On-the-fly" syntax checking information may be incorrect. [D:\ECE\FPGA Training NTI\LAB3_SIPO_ALU\LAB3_SIPO_ALU.srcs\sources_1\new\ALU.v:]
ERROR: [Common 17-180] Spawn failed: The operation completed successfully.

WARNING: [filemgmt 56-199] Attempt to get parsing info during refresh. "On-the-fly" syntax checking information may be incorrect. [D:\ECE\FPGA Training NTI\LAB4\LAB4.srcs\sources_1\new\TOP_SYSTEM.v:]
WARNING: [filemgmt 56-199] Attempt to get parsing info during refresh. "On-the-fly" syntax checking information may be incorrect. [D:\ECE\FPGA Training NTI\LAB3_SIPO_ALU\LAB3_SIPO_ALU.srcs\sources_1\new\ALU.v:]
WARNING: [filemgmt 56-199] Attempt to get parsing info during refresh. "On-the-fly" syntax checking information may be incorrect. [D:\ECE\FPGA Training NTI\LAB3_SIPO_ALU\LAB3_SIPO_ALU.srcs\sources_1\new\RAM.v:]
WARNING: [filemgmt 56-199] Attempt to get parsing info during refresh. "On-the-fly" syntax checking information may be incorrect. [D:\ECE\FPGA Training NTI\LAB3_SIPO_ALU\LAB3_SIPO_ALU.srcs\sources_1\new\SIPO.v:]
WARNING: [filemgmt 56-199] Attempt to get parsing info during refresh. "On-the-fly" syntax checking information may be incorrect. [D:\ECE\FPGA Training NTI\LAB4\LAB4.srcs\sources_1\new\TOP_TB.v:]
WARNING: [filemgmt 56-199] Attempt to get parsing info during refresh. "On-the-fly" syntax checking information may be incorrect. [D:\ECE\FPGA Training NTI\LAB3_SIPO_ALU\LAB3_SIPO_ALU.srcs\sources_1\new\PISO.v:]
WARNING: [filemgmt 56-199] Attempt to get parsing info during refresh. "On-the-fly" syntax checking information may be incorrect. [D:\ECE\FPGA Training NTI\LAB4\LAB4.srcs\sources_1\new\TOP_TB.v:]
WARNING: [filemgmt 56-199] Attempt to get parsing info during refresh. "On-the-fly" syntax checking information may be incorrect. [D:\ECE\FPGA Training NTI\LAB4\LAB4.srcs\sources_1\new\TOP_TB.v:]
WARNING: [filemgmt 56-199] Attempt to get parsing info during refresh. "On-the-fly" syntax checking information may be incorrect. [D:\ECE\FPGA Training NTI\LAB4\LAB4.srcs\sources_1\new\TOP_SYSTEM.v:]
WARNING: [filemgmt 56-199] Attempt to get parsing info during refresh. "On-the-fly" syntax checking information may be incorrect. [D:\ECE\FPGA Training NTI\LAB3_SIPO_ALU\LAB3_SIPO_ALU.srcs\sources_1\new\ALU.v:]
WARNING: [filemgmt 56-199] Attempt to get parsing info during refresh. "On-the-fly" syntax checking information may be incorrect. [D:\ECE\FPGA Training NTI\LAB3_SIPO_ALU\LAB3_SIPO_ALU.srcs\sources_1\new\RAM.v:]
WARNING: [filemgmt 56-199] Attempt to get parsing info during refresh. "On-the-fly" syntax checking information may be incorrect. [D:\ECE\FPGA Training NTI\LAB3_SIPO_ALU\LAB3_SIPO_ALU.srcs\sources_1\new\SIPO.v:]
WARNING: [filemgmt 56-199] Attempt to get parsing info during refresh. "On-the-fly" syntax checking information may be incorrect. [D:\ECE\FPGA Training NTI\LAB4\LAB4.srcs\sources_1\new\TOP_TB.v:]
WARNING: [filemgmt 56-199] Attempt to get parsing info during refresh. "On-the-fly" syntax checking information may be incorrect. [D:\ECE\FPGA Training NTI\LAB3_SIPO_ALU\LAB3_SIPO_ALU.srcs\sources_1\new\PISO.v:]
WARNING: [filemgmt 56-199] Attempt to get parsing info during refresh. "On-the-fly" syntax checking information may be incorrect. [D:\ECE\FPGA Training NTI\LAB3_SIPO_ALU\LAB3_SIPO_ALU.srcs\sources_1\new\SIPO.v:]
WARNING: [filemgmt 56-199] Attempt to get parsing info during refresh. "On-the-fly" syntax checking information may be incorrect. [D:\ECE\FPGA Training NTI\LAB3_SIPO_ALU\LAB3_SIPO_ALU.srcs\sources_1\new\SIPO.v:]
launch_simulation
Command: launch_simulation 
INFO: [Vivado 12-12493] Simulation top is 'TOP_SYSTEM_tb'
INFO: [Vivado 12-5682] Launching behavioral simulation in 'D:/ECE/FPGA Training NTI/LAB4/LAB4.sim/sim_1/behav/xsim'
INFO: [SIM-utils-51] Simulation object is 'sim_1'
INFO: [SIM-utils-72] Using boost library from 'C:/Xilinx/2025.1/Vivado/tps/boost_1_72_0'
INFO: [SIM-utils-54] Inspecting design source files for 'TOP_SYSTEM_tb' in fileset 'sim_1'...
INFO: [USF-XSim-97] Finding global include files...
INFO: [USF-XSim-100] Fetching design files from 'sources_1'...(this may take a while)...
INFO: [USF-XSim-101] Fetching design files from 'sim_1'...
INFO: [USF-XSim-2] XSim::Compile design
INFO: [USF-XSim-61] Executing 'COMPILE and ANALYZE' step in 'D:/ECE/FPGA Training NTI/LAB4/LAB4.sim/sim_1/behav/xsim'
ERROR: [Common 17-180] Spawn failed: The operation completed successfully.

"xvlog --incr --relax -prj TOP_SYSTEM_tb_vlog.prj"
INFO: [VRFC 10-2263] Analyzing Verilog file "D:/ECE/FPGA Training NTI/LAB3_SIPO_ALU/LAB3_SIPO_ALU.srcs/sources_1/new/ALU.v" into library xil_defaultlib
INFO: [VRFC 10-311] analyzing module ALU
INFO: [VRFC 10-2263] Analyzing Verilog file "D:/ECE/FPGA Training NTI/LAB3_SIPO_ALU/LAB3_SIPO_ALU.srcs/sources_1/new/PISO.v" into library xil_defaultlib
INFO: [VRFC 10-311] analyzing module PISO
INFO: [VRFC 10-2263] Analyzing Verilog file "D:/ECE/FPGA Training NTI/LAB3_SIPO_ALU/LAB3_SIPO_ALU.srcs/sources_1/new/RAM.v" into library xil_defaultlib
INFO: [VRFC 10-311] analyzing module RAM
INFO: [VRFC 10-2263] Analyzing Verilog file "D:/ECE/FPGA Training NTI/LAB3_SIPO_ALU/LAB3_SIPO_ALU.srcs/sources_1/new/SIPO.v" into library xil_defaultlib
INFO: [VRFC 10-311] analyzing module SIPO
INFO: [VRFC 10-2263] Analyzing Verilog file "D:/ECE/FPGA Training NTI/LAB4/LAB4.srcs/sources_1/new/TOP_SYSTEM.v" into library xil_defaultlib
INFO: [VRFC 10-311] analyzing module TOP_SYSTEM
INFO: [VRFC 10-2263] Analyzing Verilog file "D:/ECE/FPGA Training NTI/LAB4/LAB4.srcs/sources_1/new/TOP_TB.v" into library xil_defaultlib
INFO: [VRFC 10-311] analyzing module TOP_SYSTEM_tb
INFO: [USF-XSim-69] 'compile' step finished in '1' seconds
ERROR: [USF-XSim-62] 'compile' step failed with error(s) while executing 'D:/ECE/FPGA Training NTI/LAB4/LAB4.sim/sim_1/behav/xsim/compile.bat' script. Please check that the file has the correct 'read/write/execute' permissions and the Tcl console output for any other possible errors or warnings.
ERROR: [Vivado 12-4473] Detected error while running simulation. Please correct the issue and retry this operation.
ERROR: [Common 17-39] 'launch_simulation' failed due to earlier errors.
launch_simulation
Command: launch_simulation 
INFO: [Vivado 12-12493] Simulation top is 'TOP_SYSTEM_tb'
INFO: [Vivado 12-5682] Launching behavioral simulation in 'D:/ECE/FPGA Training NTI/LAB4/LAB4.sim/sim_1/behav/xsim'
INFO: [SIM-utils-51] Simulation object is 'sim_1'
INFO: [SIM-utils-72] Using boost library from 'C:/Xilinx/2025.1/Vivado/tps/boost_1_72_0'
INFO: [SIM-utils-54] Inspecting design source files for 'TOP_SYSTEM_tb' in fileset 'sim_1'...
INFO: [USF-XSim-97] Finding global include files...
INFO: [USF-XSim-100] Fetching design files from 'sources_1'...(this may take a while)...
INFO: [USF-XSim-101] Fetching design files from 'sim_1'...
INFO: [USF-XSim-2] XSim::Compile design
INFO: [USF-XSim-61] Executing 'COMPILE and ANALYZE' step in 'D:/ECE/FPGA Training NTI/LAB4/LAB4.sim/sim_1/behav/xsim'
"xvlog --incr --relax -prj TOP_SYSTEM_tb_vlog.prj"
INFO: [USF-XSim-69] 'compile' step finished in '2' seconds
INFO: [USF-XSim-3] XSim::Elaborate design
INFO: [USF-XSim-61] Executing 'ELABORATE' step in 'D:/ECE/FPGA Training NTI/LAB4/LAB4.sim/sim_1/behav/xsim'
"xelab --incr --debug typical --relax --mt 2 -L xil_defaultlib -L unisims_ver -L unimacro_ver -L secureip --snapshot TOP_SYSTEM_tb_behav xil_defaultlib.TOP_SYSTEM_tb xil_defaultlib.glbl -log elaborate.log"
Vivado Simulator v2025.1.0
Copyright 1986-2022 Xilinx, Inc. All Rights Reserved.
Copyright 2022-2025 Advanced Micro Devices, Inc. All Rights Reserved.
Running: C:/Xilinx/2025.1/Vivado/bin/unwrapped/win64.o/xelab.exe --incr --debug typical --relax --mt 2 -L xil_defaultlib -L unisims_ver -L unimacro_ver -L secureip --snapshot TOP_SYSTEM_tb_behav xil_defaultlib.TOP_SYSTEM_tb xil_defaultlib.glbl -log elaborate.log 
Using 2 slave threads.
Starting static elaboration
Pass Through NonSizing Optimizer
Completed static elaboration
Starting simulation data flow analysis
Completed simulation data flow analysis
Time Resolution for simulation is 1ps
Compiling module xil_defaultlib.RAM
Compiling module xil_defaultlib.PISO
Compiling module xil_defaultlib.SIPO
Compiling module xil_defaultlib.ALU
Compiling module xil_defaultlib.TOP_SYSTEM
Compiling module xil_defaultlib.TOP_SYSTEM_tb
Compiling module xil_defaultlib.glbl
Built simulation snapshot TOP_SYSTEM_tb_behav
INFO: [USF-XSim-69] 'elaborate' step finished in '2' seconds
INFO: [USF-XSim-4] XSim::Simulate design
WARNING: [USF-XSim-17] WCFG file does not exist:D:/ECE/FPGA Training NTI/LAB4/TOP_SYSTEM_tb_behav.wcfg
WARNING: [USF-XSim-17] WCFG file does not exist:D:/ECE/FPGA Training NTI/LAB4/TOP_SYSTEM_tb_behav.wcfg
INFO: [USF-XSim-61] Executing 'SIMULATE' step in 'D:/ECE/FPGA Training NTI/LAB4/LAB4.sim/sim_1/behav/xsim'
INFO: [USF-XSim-98] *** Running xsim
   with args "TOP_SYSTEM_tb_behav -key {Behavioral:sim_1:Functional:TOP_SYSTEM_tb} -tclbatch {TOP_SYSTEM_tb.tcl} -log {simulate.log}"
INFO: [USF-XSim-8] Loading simulator feature
Time resolution is 1 ps
source TOP_SYSTEM_tb.tcl
# set curr_wave [current_wave_config]
# if { [string length $curr_wave] == 0 } {
#   if { [llength [get_objects]] > 0} {
#     add_wave /
#     set_property needs_save false [current_wave_config]
#   } else {
#      send_msg_id Add_Wave-1 WARNING "No top level signals found. Simulator will start without a wave window. If you want to open a wave window go to 'File->New Waveform Configuration' or type 'create_wave_config' in the TCL console."
#   }
# }
# run 1000ns

--- Test 1: Write and Process ADD ---
   [FAILED] ALU ADD (10 + 5) | alu_out=  0 (Exp: 15) | zero=0 (Exp:0)

--- Test 2: Write and Process SUB ---
   [FAILED] ALU SUB (20 - 10) | alu_out=  0 (Exp: 10) | zero=0 (Exp:0)

--- Test 3: Write and Process AND ---
   [FAILED]  AND (0 & 255), a_is_zero flag=1 | alu_out=  0 (Exp:  0) | zero=x (Exp:1)
>>> 3 TESTS FAILED OUT OF 3 <<<
$stop called at time : 970 ns : File "D:/ECE/FPGA Training NTI/LAB4/LAB4.srcs/sources_1/new/TOP_TB.v" Line 140
INFO: [USF-XSim-96] XSim completed. Design snapshot 'TOP_SYSTEM_tb_behav' loaded.
INFO: [USF-XSim-97] XSim simulation ran for 1000ns
launch_simulation: Time (s): cpu = 00:00:02 ; elapsed = 00:00:06 . Memory (MB): peak = 1679.238 ; gain = 6.559
close_sim
INFO: [Simtcl 6-16] Simulation closed
launch_simulation
Command: launch_simulation 
INFO: [Vivado 12-12493] Simulation top is 'TOP_SYSTEM_tb'
INFO: [Vivado 12-5682] Launching behavioral simulation in 'D:/ECE/FPGA Training NTI/LAB4/LAB4.sim/sim_1/behav/xsim'
INFO: [SIM-utils-51] Simulation object is 'sim_1'
INFO: [SIM-utils-72] Using boost library from 'C:/Xilinx/2025.1/Vivado/tps/boost_1_72_0'
INFO: [SIM-utils-54] Inspecting design source files for 'TOP_SYSTEM_tb' in fileset 'sim_1'...
INFO: [USF-XSim-97] Finding global include files...
INFO: [USF-XSim-100] Fetching design files from 'sources_1'...(this may take a while)...
INFO: [USF-XSim-101] Fetching design files from 'sim_1'...
INFO: [USF-XSim-2] XSim::Compile design
INFO: [USF-XSim-61] Executing 'COMPILE and ANALYZE' step in 'D:/ECE/FPGA Training NTI/LAB4/LAB4.sim/sim_1/behav/xsim'
"xvlog --incr --relax -prj TOP_SYSTEM_tb_vlog.prj"
INFO: [VRFC 10-2263] Analyzing Verilog file "D:/ECE/FPGA Training NTI/LAB3_SIPO_ALU/LAB3_SIPO_ALU.srcs/sources_1/new/ALU.v" into library xil_defaultlib
INFO: [VRFC 10-311] analyzing module ALU
INFO: [VRFC 10-2263] Analyzing Verilog file "D:/ECE/FPGA Training NTI/LAB3_SIPO_ALU/LAB3_SIPO_ALU.srcs/sources_1/new/PISO.v" into library xil_defaultlib
INFO: [VRFC 10-311] analyzing module PISO
INFO: [VRFC 10-2263] Analyzing Verilog file "D:/ECE/FPGA Training NTI/LAB3_SIPO_ALU/LAB3_SIPO_ALU.srcs/sources_1/new/RAM.v" into library xil_defaultlib
INFO: [VRFC 10-311] analyzing module RAM
INFO: [VRFC 10-2263] Analyzing Verilog file "D:/ECE/FPGA Training NTI/LAB3_SIPO_ALU/LAB3_SIPO_ALU.srcs/sources_1/new/SIPO.v" into library xil_defaultlib
INFO: [VRFC 10-311] analyzing module SIPO
INFO: [VRFC 10-2263] Analyzing Verilog file "D:/ECE/FPGA Training NTI/LAB4/LAB4.srcs/sources_1/new/TOP_SYSTEM.v" into library xil_defaultlib
INFO: [VRFC 10-311] analyzing module TOP_SYSTEM
INFO: [VRFC 10-2263] Analyzing Verilog file "D:/ECE/FPGA Training NTI/LAB4/LAB4.srcs/sources_1/new/TOP_TB.v" into library xil_defaultlib
INFO: [VRFC 10-311] analyzing module TOP_SYSTEM_tb
INFO: [USF-XSim-69] 'compile' step finished in '2' seconds
INFO: [USF-XSim-3] XSim::Elaborate design
INFO: [USF-XSim-61] Executing 'ELABORATE' step in 'D:/ECE/FPGA Training NTI/LAB4/LAB4.sim/sim_1/behav/xsim'
"xelab --incr --debug typical --relax --mt 2 -L xil_defaultlib -L unisims_ver -L unimacro_ver -L secureip --snapshot TOP_SYSTEM_tb_behav xil_defaultlib.TOP_SYSTEM_tb xil_defaultlib.glbl -log elaborate.log"
Vivado Simulator v2025.1.0
Copyright 1986-2022 Xilinx, Inc. All Rights Reserved.
Copyright 2022-2025 Advanced Micro Devices, Inc. All Rights Reserved.
Running: C:/Xilinx/2025.1/Vivado/bin/unwrapped/win64.o/xelab.exe --incr --debug typical --relax --mt 2 -L xil_defaultlib -L unisims_ver -L unimacro_ver -L secureip --snapshot TOP_SYSTEM_tb_behav xil_defaultlib.TOP_SYSTEM_tb xil_defaultlib.glbl -log elaborate.log 
Using 2 slave threads.
Starting static elaboration
Pass Through NonSizing Optimizer
Completed static elaboration
Starting simulation data flow analysis
Completed simulation data flow analysis
Time Resolution for simulation is 1ps
Compiling module xil_defaultlib.RAM
Compiling module xil_defaultlib.PISO
Compiling module xil_defaultlib.SIPO
Compiling module xil_defaultlib.ALU
Compiling module xil_defaultlib.TOP_SYSTEM
Compiling module xil_defaultlib.TOP_SYSTEM_tb
Compiling module xil_defaultlib.glbl
Built simulation snapshot TOP_SYSTEM_tb_behav
INFO: [USF-XSim-69] 'elaborate' step finished in '2' seconds
INFO: [USF-XSim-4] XSim::Simulate design
WARNING: [USF-XSim-17] WCFG file does not exist:D:/ECE/FPGA Training NTI/LAB4/TOP_SYSTEM_tb_behav.wcfg
WARNING: [USF-XSim-17] WCFG file does not exist:D:/ECE/FPGA Training NTI/LAB4/TOP_SYSTEM_tb_behav.wcfg
INFO: [USF-XSim-61] Executing 'SIMULATE' step in 'D:/ECE/FPGA Training NTI/LAB4/LAB4.sim/sim_1/behav/xsim'
INFO: [USF-XSim-98] *** Running xsim
   with args "TOP_SYSTEM_tb_behav -key {Behavioral:sim_1:Functional:TOP_SYSTEM_tb} -tclbatch {TOP_SYSTEM_tb.tcl} -log {simulate.log}"
INFO: [USF-XSim-8] Loading simulator feature
Time resolution is 1 ps
source TOP_SYSTEM_tb.tcl
# set curr_wave [current_wave_config]
# if { [string length $curr_wave] == 0 } {
#   if { [llength [get_objects]] > 0} {
#     add_wave /
#     set_property needs_save false [current_wave_config]
#   } else {
#      send_msg_id Add_Wave-1 WARNING "No top level signals found. Simulator will start without a wave window. If you want to open a wave window go to 'File->New Waveform Configuration' or type 'create_wave_config' in the TCL console."
#   }
# }
# run 1000ns

--- Test 1: Write and Process ADD ---
   [FAILED] ALU ADD (10 + 5) | alu_out=  0 (Exp: 15) | zero=0 (Exp:0)

--- Test 2: Write and Process SUB ---
   [FAILED] ALU SUB (20 - 10) | alu_out=  0 (Exp: 10) | zero=0 (Exp:0)

--- Test 3: Write and Process AND ---
   [FAILED]  AND (0 & 255), a_is_zero flag=1 | alu_out=  0 (Exp:  0) | zero=x (Exp:1)
>>> 3 TESTS FAILED OUT OF 3 <<<
$stop called at time : 970 ns : File "D:/ECE/FPGA Training NTI/LAB4/LAB4.srcs/sources_1/new/TOP_TB.v" Line 140
INFO: [USF-XSim-96] XSim completed. Design snapshot 'TOP_SYSTEM_tb_behav' loaded.
INFO: [USF-XSim-97] XSim simulation ran for 1000ns
launch_simulation: Time (s): cpu = 00:00:01 ; elapsed = 00:00:08 . Memory (MB): peak = 1679.238 ; gain = 0.000
WARNING: [filemgmt 56-199] Attempt to get parsing info during refresh. "On-the-fly" syntax checking information may be incorrect. [D:\ECE\FPGA Training NTI\LAB4\LAB4.srcs\sources_1\new\TOP_SYSTEM.v:]
WARNING: [filemgmt 56-199] Attempt to get parsing info during refresh. "On-the-fly" syntax checking information may be incorrect. [D:\ECE\FPGA Training NTI\LAB3_SIPO_ALU\LAB3_SIPO_ALU.srcs\sources_1\new\ALU.v:]
WARNING: [filemgmt 56-199] Attempt to get parsing info during refresh. "On-the-fly" syntax checking information may be incorrect. [D:\ECE\FPGA Training NTI\LAB3_SIPO_ALU\LAB3_SIPO_ALU.srcs\sources_1\new\RAM.v:]
WARNING: [filemgmt 56-199] Attempt to get parsing info during refresh. "On-the-fly" syntax checking information may be incorrect. [D:\ECE\FPGA Training NTI\LAB3_SIPO_ALU\LAB3_SIPO_ALU.srcs\sources_1\new\SIPO.v:]
WARNING: [filemgmt 56-199] Attempt to get parsing info during refresh. "On-the-fly" syntax checking information may be incorrect. [D:\ECE\FPGA Training NTI\LAB4\LAB4.srcs\sources_1\new\TOP_TB.v:]
WARNING: [filemgmt 56-199] Attempt to get parsing info during refresh. "On-the-fly" syntax checking information may be incorrect. [D:\ECE\FPGA Training NTI\LAB3_SIPO_ALU\LAB3_SIPO_ALU.srcs\sources_1\new\PISO.v:]
WARNING: [filemgmt 56-199] Attempt to get parsing info during refresh. "On-the-fly" syntax checking information may be incorrect. [D:\ECE\FPGA Training NTI\LAB3_SIPO_ALU\LAB3_SIPO_ALU.srcs\sources_1\new\RAM.v:]
WARNING: [filemgmt 56-199] Attempt to get parsing info during refresh. "On-the-fly" syntax checking information may be incorrect. [D:\ECE\FPGA Training NTI\LAB3_SIPO_ALU\LAB3_SIPO_ALU.srcs\sources_1\new\RAM.v:]
WARNING: [filemgmt 56-199] Attempt to get parsing info during refresh. "On-the-fly" syntax checking information may be incorrect. [D:\ECE\FPGA Training NTI\LAB4\LAB4.srcs\sources_1\new\TOP_SYSTEM.v:]
WARNING: [filemgmt 56-199] Attempt to get parsing info during refresh. "On-the-fly" syntax checking information may be incorrect. [D:\ECE\FPGA Training NTI\LAB3_SIPO_ALU\LAB3_SIPO_ALU.srcs\sources_1\new\ALU.v:]
WARNING: [filemgmt 56-199] Attempt to get parsing info during refresh. "On-the-fly" syntax checking information may be incorrect. [D:\ECE\FPGA Training NTI\LAB3_SIPO_ALU\LAB3_SIPO_ALU.srcs\sources_1\new\RAM.v:]
WARNING: [filemgmt 56-199] Attempt to get parsing info during refresh. "On-the-fly" syntax checking information may be incorrect. [D:\ECE\FPGA Training NTI\LAB3_SIPO_ALU\LAB3_SIPO_ALU.srcs\sources_1\new\SIPO.v:]
WARNING: [filemgmt 56-199] Attempt to get parsing info during refresh. "On-the-fly" syntax checking information may be incorrect. [D:\ECE\FPGA Training NTI\LAB4\LAB4.srcs\sources_1\new\TOP_TB.v:]
WARNING: [filemgmt 56-199] Attempt to get parsing info during refresh. "On-the-fly" syntax checking information may be incorrect. [D:\ECE\FPGA Training NTI\LAB3_SIPO_ALU\LAB3_SIPO_ALU.srcs\sources_1\new\PISO.v:]
WARNING: [filemgmt 56-199] Attempt to get parsing info during refresh. "On-the-fly" syntax checking information may be incorrect. [D:\ECE\FPGA Training NTI\LAB4\LAB4.srcs\sources_1\new\TOP_TB.v:]
WARNING: [filemgmt 56-199] Attempt to get parsing info during refresh. "On-the-fly" syntax checking information may be incorrect. [D:\ECE\FPGA Training NTI\LAB4\LAB4.srcs\sources_1\new\TOP_TB.v:]
WARNING: [filemgmt 56-199] Attempt to get parsing info during refresh. "On-the-fly" syntax checking information may be incorrect. [D:\ECE\FPGA Training NTI\LAB4\LAB4.srcs\sources_1\new\TOP_SYSTEM.v:]
WARNING: [filemgmt 56-199] Attempt to get parsing info during refresh. "On-the-fly" syntax checking information may be incorrect. [D:\ECE\FPGA Training NTI\LAB3_SIPO_ALU\LAB3_SIPO_ALU.srcs\sources_1\new\ALU.v:]
WARNING: [filemgmt 56-199] Attempt to get parsing info during refresh. "On-the-fly" syntax checking information may be incorrect. [D:\ECE\FPGA Training NTI\LAB3_SIPO_ALU\LAB3_SIPO_ALU.srcs\sources_1\new\RAM.v:]
WARNING: [filemgmt 56-199] Attempt to get parsing info during refresh. "On-the-fly" syntax checking information may be incorrect. [D:\ECE\FPGA Training NTI\LAB3_SIPO_ALU\LAB3_SIPO_ALU.srcs\sources_1\new\SIPO.v:]
WARNING: [filemgmt 56-199] Attempt to get parsing info during refresh. "On-the-fly" syntax checking information may be incorrect. [D:\ECE\FPGA Training NTI\LAB4\LAB4.srcs\sources_1\new\TOP_TB.v:]
WARNING: [filemgmt 56-199] Attempt to get parsing info during refresh. "On-the-fly" syntax checking information may be incorrect. [D:\ECE\FPGA Training NTI\LAB3_SIPO_ALU\LAB3_SIPO_ALU.srcs\sources_1\new\PISO.v:]
WARNING: [filemgmt 56-199] Attempt to get parsing info during refresh. "On-the-fly" syntax checking information may be incorrect. [D:\ECE\FPGA Training NTI\LAB3_SIPO_ALU\LAB3_SIPO_ALU.srcs\sources_1\new\PISO.v:]
WARNING: [filemgmt 56-199] Attempt to get parsing info during refresh. "On-the-fly" syntax checking information may be incorrect. [D:\ECE\FPGA Training NTI\LAB3_SIPO_ALU\LAB3_SIPO_ALU.srcs\sources_1\new\PISO.v:]
WARNING: [filemgmt 56-199] Attempt to get parsing info during refresh. "On-the-fly" syntax checking information may be incorrect. [D:\ECE\FPGA Training NTI\LAB4\LAB4.srcs\sources_1\new\TOP_SYSTEM.v:]
WARNING: [filemgmt 56-199] Attempt to get parsing info during refresh. "On-the-fly" syntax checking information may be incorrect. [D:\ECE\FPGA Training NTI\LAB3_SIPO_ALU\LAB3_SIPO_ALU.srcs\sources_1\new\ALU.v:]
WARNING: [filemgmt 56-199] Attempt to get parsing info during refresh. "On-the-fly" syntax checking information may be incorrect. [D:\ECE\FPGA Training NTI\LAB3_SIPO_ALU\LAB3_SIPO_ALU.srcs\sources_1\new\RAM.v:]
WARNING: [filemgmt 56-199] Attempt to get parsing info during refresh. "On-the-fly" syntax checking information may be incorrect. [D:\ECE\FPGA Training NTI\LAB3_SIPO_ALU\LAB3_SIPO_ALU.srcs\sources_1\new\SIPO.v:]
WARNING: [filemgmt 56-199] Attempt to get parsing info during refresh. "On-the-fly" syntax checking information may be incorrect. [D:\ECE\FPGA Training NTI\LAB4\LAB4.srcs\sources_1\new\TOP_TB.v:]
WARNING: [filemgmt 56-199] Attempt to get parsing info during refresh. "On-the-fly" syntax checking information may be incorrect. [D:\ECE\FPGA Training NTI\LAB3_SIPO_ALU\LAB3_SIPO_ALU.srcs\sources_1\new\PISO.v:]
WARNING: [filemgmt 56-199] Attempt to get parsing info during refresh. "On-the-fly" syntax checking information may be incorrect. [D:\ECE\FPGA Training NTI\LAB3_SIPO_ALU\LAB3_SIPO_ALU.srcs\sources_1\new\ALU.v:]
WARNING: [filemgmt 56-199] Attempt to get parsing info during refresh. "On-the-fly" syntax checking information may be incorrect. [D:\ECE\FPGA Training NTI\LAB3_SIPO_ALU\LAB3_SIPO_ALU.srcs\sources_1\new\ALU.v:]
ERROR: [Common 17-180] Spawn failed: The operation completed successfully.

WARNING: [filemgmt 56-199] Attempt to get parsing info during refresh. "On-the-fly" syntax checking information may be incorrect. [D:\ECE\FPGA Training NTI\LAB4\LAB4.srcs\sources_1\new\TOP_SYSTEM.v:]
WARNING: [filemgmt 56-199] Attempt to get parsing info during refresh. "On-the-fly" syntax checking information may be incorrect. [D:\ECE\FPGA Training NTI\LAB3_SIPO_ALU\LAB3_SIPO_ALU.srcs\sources_1\new\ALU.v:]
WARNING: [filemgmt 56-199] Attempt to get parsing info during refresh. "On-the-fly" syntax checking information may be incorrect. [D:\ECE\FPGA Training NTI\LAB3_SIPO_ALU\LAB3_SIPO_ALU.srcs\sources_1\new\RAM.v:]
WARNING: [filemgmt 56-199] Attempt to get parsing info during refresh. "On-the-fly" syntax checking information may be incorrect. [D:\ECE\FPGA Training NTI\LAB3_SIPO_ALU\LAB3_SIPO_ALU.srcs\sources_1\new\SIPO.v:]
WARNING: [filemgmt 56-199] Attempt to get parsing info during refresh. "On-the-fly" syntax checking information may be incorrect. [D:\ECE\FPGA Training NTI\LAB4\LAB4.srcs\sources_1\new\TOP_TB.v:]
WARNING: [filemgmt 56-199] Attempt to get parsing info during refresh. "On-the-fly" syntax checking information may be incorrect. [D:\ECE\FPGA Training NTI\LAB3_SIPO_ALU\LAB3_SIPO_ALU.srcs\sources_1\new\PISO.v:]
ERROR: [Common 17-180] Spawn failed: The operation completed successfully.

WARNING: [filemgmt 56-199] Attempt to get parsing info during refresh. "On-the-fly" syntax checking information may be incorrect. [D:\ECE\FPGA Training NTI\LAB4\LAB4.srcs\sources_1\new\TOP_SYSTEM.v:]
WARNING: [filemgmt 56-199] Attempt to get parsing info during refresh. "On-the-fly" syntax checking information may be incorrect. [D:\ECE\FPGA Training NTI\LAB4\LAB4.srcs\sources_1\new\TOP_SYSTEM.v:]
close_sim
INFO: [Simtcl 6-16] Simulation closed
launch_simulation
Command: launch_simulation 
INFO: [Vivado 12-12493] Simulation top is 'TOP_SYSTEM_tb'
INFO: [Vivado 12-5682] Launching behavioral simulation in 'D:/ECE/FPGA Training NTI/LAB4/LAB4.sim/sim_1/behav/xsim'
INFO: [SIM-utils-51] Simulation object is 'sim_1'
INFO: [SIM-utils-72] Using boost library from 'C:/Xilinx/2025.1/Vivado/tps/boost_1_72_0'
INFO: [SIM-utils-54] Inspecting design source files for 'TOP_SYSTEM_tb' in fileset 'sim_1'...
INFO: [USF-XSim-97] Finding global include files...
INFO: [USF-XSim-100] Fetching design files from 'sources_1'...(this may take a while)...
INFO: [USF-XSim-101] Fetching design files from 'sim_1'...
INFO: [USF-XSim-2] XSim::Compile design
INFO: [USF-XSim-61] Executing 'COMPILE and ANALYZE' step in 'D:/ECE/FPGA Training NTI/LAB4/LAB4.sim/sim_1/behav/xsim'
"xvlog --incr --relax -prj TOP_SYSTEM_tb_vlog.prj"
INFO: [VRFC 10-2263] Analyzing Verilog file "D:/ECE/FPGA Training NTI/LAB3_SIPO_ALU/LAB3_SIPO_ALU.srcs/sources_1/new/ALU.v" into library xil_defaultlib
INFO: [VRFC 10-311] analyzing module ALU
INFO: [VRFC 10-2263] Analyzing Verilog file "D:/ECE/FPGA Training NTI/LAB3_SIPO_ALU/LAB3_SIPO_ALU.srcs/sources_1/new/PISO.v" into library xil_defaultlib
INFO: [VRFC 10-311] analyzing module PISO
INFO: [VRFC 10-2263] Analyzing Verilog file "D:/ECE/FPGA Training NTI/LAB3_SIPO_ALU/LAB3_SIPO_ALU.srcs/sources_1/new/RAM.v" into library xil_defaultlib
INFO: [VRFC 10-311] analyzing module RAM
INFO: [VRFC 10-2263] Analyzing Verilog file "D:/ECE/FPGA Training NTI/LAB3_SIPO_ALU/LAB3_SIPO_ALU.srcs/sources_1/new/SIPO.v" into library xil_defaultlib
INFO: [VRFC 10-311] analyzing module SIPO
INFO: [VRFC 10-2263] Analyzing Verilog file "D:/ECE/FPGA Training NTI/LAB4/LAB4.srcs/sources_1/new/TOP_SYSTEM.v" into library xil_defaultlib
INFO: [VRFC 10-311] analyzing module TOP_SYSTEM
INFO: [VRFC 10-2263] Analyzing Verilog file "D:/ECE/FPGA Training NTI/LAB4/LAB4.srcs/sources_1/new/TOP_TB.v" into library xil_defaultlib
INFO: [VRFC 10-311] analyzing module TOP_SYSTEM_tb
INFO: [USF-XSim-69] 'compile' step finished in '1' seconds
INFO: [USF-XSim-3] XSim::Elaborate design
INFO: [USF-XSim-61] Executing 'ELABORATE' step in 'D:/ECE/FPGA Training NTI/LAB4/LAB4.sim/sim_1/behav/xsim'
"xelab --incr --debug typical --relax --mt 2 -L xil_defaultlib -L unisims_ver -L unimacro_ver -L secureip --snapshot TOP_SYSTEM_tb_behav xil_defaultlib.TOP_SYSTEM_tb xil_defaultlib.glbl -log elaborate.log"
Vivado Simulator v2025.1.0
Copyright 1986-2022 Xilinx, Inc. All Rights Reserved.
Copyright 2022-2025 Advanced Micro Devices, Inc. All Rights Reserved.
Running: C:/Xilinx/2025.1/Vivado/bin/unwrapped/win64.o/xelab.exe --incr --debug typical --relax --mt 2 -L xil_defaultlib -L unisims_ver -L unimacro_ver -L secureip --snapshot TOP_SYSTEM_tb_behav xil_defaultlib.TOP_SYSTEM_tb xil_defaultlib.glbl -log elaborate.log 
Using 2 slave threads.
Starting static elaboration
Pass Through NonSizing Optimizer
Completed static elaboration
Starting simulation data flow analysis
Completed simulation data flow analysis
Time Resolution for simulation is 1ps
Compiling module xil_defaultlib.RAM
Compiling module xil_defaultlib.PISO
Compiling module xil_defaultlib.SIPO
Compiling module xil_defaultlib.ALU
Compiling module xil_defaultlib.TOP_SYSTEM
Compiling module xil_defaultlib.TOP_SYSTEM_tb
Compiling module xil_defaultlib.glbl
Built simulation snapshot TOP_SYSTEM_tb_behav
INFO: [USF-XSim-69] 'elaborate' step finished in '2' seconds
INFO: [USF-XSim-4] XSim::Simulate design
WARNING: [USF-XSim-17] WCFG file does not exist:D:/ECE/FPGA Training NTI/LAB4/TOP_SYSTEM_tb_behav.wcfg
WARNING: [USF-XSim-17] WCFG file does not exist:D:/ECE/FPGA Training NTI/LAB4/TOP_SYSTEM_tb_behav.wcfg
INFO: [USF-XSim-61] Executing 'SIMULATE' step in 'D:/ECE/FPGA Training NTI/LAB4/LAB4.sim/sim_1/behav/xsim'
INFO: [USF-XSim-98] *** Running xsim
   with args "TOP_SYSTEM_tb_behav -key {Behavioral:sim_1:Functional:TOP_SYSTEM_tb} -tclbatch {TOP_SYSTEM_tb.tcl} -log {simulate.log}"
INFO: [USF-XSim-8] Loading simulator feature
Time resolution is 1 ps
source TOP_SYSTEM_tb.tcl
# set curr_wave [current_wave_config]
# if { [string length $curr_wave] == 0 } {
#   if { [llength [get_objects]] > 0} {
#     add_wave /
#     set_property needs_save false [current_wave_config]
#   } else {
#      send_msg_id Add_Wave-1 WARNING "No top level signals found. Simulator will start without a wave window. If you want to open a wave window go to 'File->New Waveform Configuration' or type 'create_wave_config' in the TCL console."
#   }
# }
# run 1000ns

--- Test 1: Write and Process ADD ---
   [PASSED] ALU ADD (10 + 5) | alu_out= 15

--- Test 2: Write and Process SUB ---
   [PASSED] ALU SUB (20 - 10) | alu_out= 10

--- Test 3: Write and Process AND ---
INFO: [USF-XSim-96] XSim completed. Design snapshot 'TOP_SYSTEM_tb_behav' loaded.
INFO: [USF-XSim-97] XSim simulation ran for 1000ns
launch_simulation: Time (s): cpu = 00:00:02 ; elapsed = 00:00:06 . Memory (MB): peak = 1679.238 ; gain = 0.000
run all
   [PASSED]  AND (0 & 255), a_is_zero flag=1 | alu_out=  0

>>> ALL 3 TESTS PASSED <<<
$stop called at time : 1397 ns : File "D:/ECE/FPGA Training NTI/LAB4/LAB4.srcs/sources_1/new/TOP_TB.v" Line 134
WARNING: [filemgmt 56-199] Attempt to get parsing info during refresh. "On-the-fly" syntax checking information may be incorrect. [D:\ECE\FPGA Training NTI\LAB4\LAB4.srcs\sources_1\new\TOP_SYSTEM.v:]
WARNING: [filemgmt 56-199] Attempt to get parsing info during refresh. "On-the-fly" syntax checking information may be incorrect. [D:\ECE\FPGA Training NTI\LAB3_SIPO_ALU\LAB3_SIPO_ALU.srcs\sources_1\new\ALU.v:]
WARNING: [filemgmt 56-199] Attempt to get parsing info during refresh. "On-the-fly" syntax checking information may be incorrect. [D:\ECE\FPGA Training NTI\LAB3_SIPO_ALU\LAB3_SIPO_ALU.srcs\sources_1\new\RAM.v:]
WARNING: [filemgmt 56-199] Attempt to get parsing info during refresh. "On-the-fly" syntax checking information may be incorrect. [D:\ECE\FPGA Training NTI\LAB3_SIPO_ALU\LAB3_SIPO_ALU.srcs\sources_1\new\SIPO.v:]
WARNING: [filemgmt 56-199] Attempt to get parsing info during refresh. "On-the-fly" syntax checking information may be incorrect. [D:\ECE\FPGA Training NTI\LAB4\LAB4.srcs\sources_1\new\TOP_TB.v:]
WARNING: [filemgmt 56-199] Attempt to get parsing info during refresh. "On-the-fly" syntax checking information may be incorrect. [D:\ECE\FPGA Training NTI\LAB3_SIPO_ALU\LAB3_SIPO_ALU.srcs\sources_1\new\PISO.v:]
WARNING: [filemgmt 56-199] Attempt to get parsing info during refresh. "On-the-fly" syntax checking information may be incorrect. [D:\ECE\FPGA Training NTI\LAB3_SIPO_ALU\LAB3_SIPO_ALU.srcs\sources_1\new\PISO.v:]
WARNING: [filemgmt 56-199] Attempt to get parsing info during refresh. "On-the-fly" syntax checking information may be incorrect. [D:\ECE\FPGA Training NTI\LAB3_SIPO_ALU\LAB3_SIPO_ALU.srcs\sources_1\new\PISO.v:]
WARNING: [filemgmt 56-199] Attempt to get parsing info during refresh. "On-the-fly" syntax checking information may be incorrect. [D:\ECE\FPGA Training NTI\LAB4\LAB4.srcs\sources_1\new\TOP_SYSTEM.v:]
WARNING: [filemgmt 56-199] Attempt to get parsing info during refresh. "On-the-fly" syntax checking information may be incorrect. [D:\ECE\FPGA Training NTI\LAB3_SIPO_ALU\LAB3_SIPO_ALU.srcs\sources_1\new\ALU.v:]
WARNING: [filemgmt 56-199] Attempt to get parsing info during refresh. "On-the-fly" syntax checking information may be incorrect. [D:\ECE\FPGA Training NTI\LAB3_SIPO_ALU\LAB3_SIPO_ALU.srcs\sources_1\new\RAM.v:]
WARNING: [filemgmt 56-199] Attempt to get parsing info during refresh. "On-the-fly" syntax checking information may be incorrect. [D:\ECE\FPGA Training NTI\LAB3_SIPO_ALU\LAB3_SIPO_ALU.srcs\sources_1\new\SIPO.v:]
WARNING: [filemgmt 56-199] Attempt to get parsing info during refresh. "On-the-fly" syntax checking information may be incorrect. [D:\ECE\FPGA Training NTI\LAB4\LAB4.srcs\sources_1\new\TOP_TB.v:]
WARNING: [filemgmt 56-199] Attempt to get parsing info during refresh. "On-the-fly" syntax checking information may be incorrect. [D:\ECE\FPGA Training NTI\LAB3_SIPO_ALU\LAB3_SIPO_ALU.srcs\sources_1\new\PISO.v:]
WARNING: [filemgmt 56-199] Attempt to get parsing info during refresh. "On-the-fly" syntax checking information may be incorrect. [D:\ECE\FPGA Training NTI\LAB4\LAB4.srcs\sources_1\new\TOP_SYSTEM.v:]
WARNING: [filemgmt 56-199] Attempt to get parsing info during refresh. "On-the-fly" syntax checking information may be incorrect. [D:\ECE\FPGA Training NTI\LAB4\LAB4.srcs\sources_1\new\TOP_SYSTEM.v:]
ERROR: [Common 17-180] Spawn failed: The operation completed successfully.

WARNING: [filemgmt 56-199] Attempt to get parsing info during refresh. "On-the-fly" syntax checking information may be incorrect. [D:\ECE\FPGA Training NTI\LAB4\LAB4.srcs\sources_1\new\TOP_SYSTEM.v:]
WARNING: [filemgmt 56-199] Attempt to get parsing info during refresh. "On-the-fly" syntax checking information may be incorrect. [D:\ECE\FPGA Training NTI\LAB3_SIPO_ALU\LAB3_SIPO_ALU.srcs\sources_1\new\ALU.v:]
WARNING: [filemgmt 56-199] Attempt to get parsing info during refresh. "On-the-fly" syntax checking information may be incorrect. [D:\ECE\FPGA Training NTI\LAB3_SIPO_ALU\LAB3_SIPO_ALU.srcs\sources_1\new\RAM.v:]
WARNING: [filemgmt 56-199] Attempt to get parsing info during refresh. "On-the-fly" syntax checking information may be incorrect. [D:\ECE\FPGA Training NTI\LAB3_SIPO_ALU\LAB3_SIPO_ALU.srcs\sources_1\new\SIPO.v:]
WARNING: [filemgmt 56-199] Attempt to get parsing info during refresh. "On-the-fly" syntax checking information may be incorrect. [D:\ECE\FPGA Training NTI\LAB4\LAB4.srcs\sources_1\new\TOP_TB.v:]
WARNING: [filemgmt 56-199] Attempt to get parsing info during refresh. "On-the-fly" syntax checking information may be incorrect. [D:\ECE\FPGA Training NTI\LAB3_SIPO_ALU\LAB3_SIPO_ALU.srcs\sources_1\new\PISO.v:]
WARNING: [filemgmt 56-199] Attempt to get parsing info during refresh. "On-the-fly" syntax checking information may be incorrect. [D:\ECE\FPGA Training NTI\LAB4\LAB4.srcs\sources_1\new\TOP_TB.v:]
WARNING: [filemgmt 56-199] Attempt to get parsing info during refresh. "On-the-fly" syntax checking information may be incorrect. [D:\ECE\FPGA Training NTI\LAB4\LAB4.srcs\sources_1\new\TOP_TB.v:]
WARNING: [filemgmt 56-199] Attempt to get parsing info during refresh. "On-the-fly" syntax checking information may be incorrect. [D:\ECE\FPGA Training NTI\LAB4\LAB4.srcs\sources_1\new\TOP_SYSTEM.v:]
WARNING: [filemgmt 56-199] Attempt to get parsing info during refresh. "On-the-fly" syntax checking information may be incorrect. [D:\ECE\FPGA Training NTI\LAB3_SIPO_ALU\LAB3_SIPO_ALU.srcs\sources_1\new\ALU.v:]
WARNING: [filemgmt 56-199] Attempt to get parsing info during refresh. "On-the-fly" syntax checking information may be incorrect. [D:\ECE\FPGA Training NTI\LAB3_SIPO_ALU\LAB3_SIPO_ALU.srcs\sources_1\new\RAM.v:]
WARNING: [filemgmt 56-199] Attempt to get parsing info during refresh. "On-the-fly" syntax checking information may be incorrect. [D:\ECE\FPGA Training NTI\LAB3_SIPO_ALU\LAB3_SIPO_ALU.srcs\sources_1\new\SIPO.v:]
WARNING: [filemgmt 56-199] Attempt to get parsing info during refresh. "On-the-fly" syntax checking information may be incorrect. [D:\ECE\FPGA Training NTI\LAB4\LAB4.srcs\sources_1\new\TOP_TB.v:]
WARNING: [filemgmt 56-199] Attempt to get parsing info during refresh. "On-the-fly" syntax checking information may be incorrect. [D:\ECE\FPGA Training NTI\LAB3_SIPO_ALU\LAB3_SIPO_ALU.srcs\sources_1\new\PISO.v:]
WARNING: [filemgmt 56-199] Attempt to get parsing info during refresh. "On-the-fly" syntax checking information may be incorrect. [D:\ECE\FPGA Training NTI\LAB3_SIPO_ALU\LAB3_SIPO_ALU.srcs\sources_1\new\ALU.v:]
WARNING: [filemgmt 56-199] Attempt to get parsing info during refresh. "On-the-fly" syntax checking information may be incorrect. [D:\ECE\FPGA Training NTI\LAB3_SIPO_ALU\LAB3_SIPO_ALU.srcs\sources_1\new\ALU.v:]
ERROR: [Common 17-180] Spawn failed: The operation completed successfully.

WARNING: [filemgmt 56-199] Attempt to get parsing info during refresh. "On-the-fly" syntax checking information may be incorrect. [D:\ECE\FPGA Training NTI\LAB4\LAB4.srcs\sources_1\new\TOP_SYSTEM.v:]
WARNING: [filemgmt 56-199] Attempt to get parsing info during refresh. "On-the-fly" syntax checking information may be incorrect. [D:\ECE\FPGA Training NTI\LAB3_SIPO_ALU\LAB3_SIPO_ALU.srcs\sources_1\new\ALU.v:]
WARNING: [filemgmt 56-199] Attempt to get parsing info during refresh. "On-the-fly" syntax checking information may be incorrect. [D:\ECE\FPGA Training NTI\LAB3_SIPO_ALU\LAB3_SIPO_ALU.srcs\sources_1\new\RAM.v:]
WARNING: [filemgmt 56-199] Attempt to get parsing info during refresh. "On-the-fly" syntax checking information may be incorrect. [D:\ECE\FPGA Training NTI\LAB3_SIPO_ALU\LAB3_SIPO_ALU.srcs\sources_1\new\SIPO.v:]
WARNING: [filemgmt 56-199] Attempt to get parsing info during refresh. "On-the-fly" syntax checking information may be incorrect. [D:\ECE\FPGA Training NTI\LAB4\LAB4.srcs\sources_1\new\TOP_TB.v:]
WARNING: [filemgmt 56-199] Attempt to get parsing info during refresh. "On-the-fly" syntax checking information may be incorrect. [D:\ECE\FPGA Training NTI\LAB3_SIPO_ALU\LAB3_SIPO_ALU.srcs\sources_1\new\PISO.v:]
WARNING: [filemgmt 56-199] Attempt to get parsing info during refresh. "On-the-fly" syntax checking information may be incorrect. [D:\ECE\FPGA Training NTI\LAB3_SIPO_ALU\LAB3_SIPO_ALU.srcs\sources_1\new\SIPO.v:]
WARNING: [filemgmt 56-199] Attempt to get parsing info during refresh. "On-the-fly" syntax checking information may be incorrect. [D:\ECE\FPGA Training NTI\LAB3_SIPO_ALU\LAB3_SIPO_ALU.srcs\sources_1\new\SIPO.v:]
close_sim
INFO: [Simtcl 6-16] Simulation closed
launch_simulation
Command: launch_simulation 
INFO: [Vivado 12-12493] Simulation top is 'TOP_SYSTEM_tb'
INFO: [Vivado 12-5682] Launching behavioral simulation in 'D:/ECE/FPGA Training NTI/LAB4/LAB4.sim/sim_1/behav/xsim'
INFO: [SIM-utils-51] Simulation object is 'sim_1'
INFO: [SIM-utils-72] Using boost library from 'C:/Xilinx/2025.1/Vivado/tps/boost_1_72_0'
INFO: [SIM-utils-54] Inspecting design source files for 'TOP_SYSTEM_tb' in fileset 'sim_1'...
INFO: [USF-XSim-97] Finding global include files...
INFO: [USF-XSim-100] Fetching design files from 'sources_1'...(this may take a while)...
INFO: [USF-XSim-101] Fetching design files from 'sim_1'...
INFO: [USF-XSim-2] XSim::Compile design
INFO: [USF-XSim-61] Executing 'COMPILE and ANALYZE' step in 'D:/ECE/FPGA Training NTI/LAB4/LAB4.sim/sim_1/behav/xsim'
"xvlog --incr --relax -prj TOP_SYSTEM_tb_vlog.prj"
INFO: [VRFC 10-2263] Analyzing Verilog file "D:/ECE/FPGA Training NTI/LAB3_SIPO_ALU/LAB3_SIPO_ALU.srcs/sources_1/new/ALU.v" into library xil_defaultlib
INFO: [VRFC 10-311] analyzing module ALU
INFO: [VRFC 10-2263] Analyzing Verilog file "D:/ECE/FPGA Training NTI/LAB3_SIPO_ALU/LAB3_SIPO_ALU.srcs/sources_1/new/PISO.v" into library xil_defaultlib
INFO: [VRFC 10-311] analyzing module PISO
INFO: [VRFC 10-2263] Analyzing Verilog file "D:/ECE/FPGA Training NTI/LAB3_SIPO_ALU/LAB3_SIPO_ALU.srcs/sources_1/new/RAM.v" into library xil_defaultlib
INFO: [VRFC 10-311] analyzing module RAM
INFO: [VRFC 10-2263] Analyzing Verilog file "D:/ECE/FPGA Training NTI/LAB3_SIPO_ALU/LAB3_SIPO_ALU.srcs/sources_1/new/SIPO.v" into library xil_defaultlib
INFO: [VRFC 10-311] analyzing module SIPO
INFO: [VRFC 10-2263] Analyzing Verilog file "D:/ECE/FPGA Training NTI/LAB4/LAB4.srcs/sources_1/new/TOP_SYSTEM.v" into library xil_defaultlib
INFO: [VRFC 10-311] analyzing module TOP_SYSTEM
INFO: [VRFC 10-2263] Analyzing Verilog file "D:/ECE/FPGA Training NTI/LAB4/LAB4.srcs/sources_1/new/TOP_TB.v" into library xil_defaultlib
INFO: [VRFC 10-311] analyzing module TOP_SYSTEM_tb
INFO: [USF-XSim-69] 'compile' step finished in '1' seconds
INFO: [USF-XSim-3] XSim::Elaborate design
INFO: [USF-XSim-61] Executing 'ELABORATE' step in 'D:/ECE/FPGA Training NTI/LAB4/LAB4.sim/sim_1/behav/xsim'
"xelab --incr --debug typical --relax --mt 2 -L xil_defaultlib -L unisims_ver -L unimacro_ver -L secureip --snapshot TOP_SYSTEM_tb_behav xil_defaultlib.TOP_SYSTEM_tb xil_defaultlib.glbl -log elaborate.log"
Vivado Simulator v2025.1.0
Copyright 1986-2022 Xilinx, Inc. All Rights Reserved.
Copyright 2022-2025 Advanced Micro Devices, Inc. All Rights Reserved.
Running: C:/Xilinx/2025.1/Vivado/bin/unwrapped/win64.o/xelab.exe --incr --debug typical --relax --mt 2 -L xil_defaultlib -L unisims_ver -L unimacro_ver -L secureip --snapshot TOP_SYSTEM_tb_behav xil_defaultlib.TOP_SYSTEM_tb xil_defaultlib.glbl -log elaborate.log 
Using 2 slave threads.
Starting static elaboration
Pass Through NonSizing Optimizer
Completed static elaboration
Starting simulation data flow analysis
Completed simulation data flow analysis
Time Resolution for simulation is 1ps
Compiling module xil_defaultlib.RAM
Compiling module xil_defaultlib.PISO
Compiling module xil_defaultlib.SIPO
Compiling module xil_defaultlib.ALU
Compiling module xil_defaultlib.TOP_SYSTEM
Compiling module xil_defaultlib.TOP_SYSTEM_tb
Compiling module xil_defaultlib.glbl
Built simulation snapshot TOP_SYSTEM_tb_behav
INFO: [USF-XSim-69] 'elaborate' step finished in '2' seconds
INFO: [USF-XSim-4] XSim::Simulate design
WARNING: [USF-XSim-17] WCFG file does not exist:D:/ECE/FPGA Training NTI/LAB4/TOP_SYSTEM_tb_behav.wcfg
WARNING: [USF-XSim-17] WCFG file does not exist:D:/ECE/FPGA Training NTI/LAB4/TOP_SYSTEM_tb_behav.wcfg
INFO: [USF-XSim-61] Executing 'SIMULATE' step in 'D:/ECE/FPGA Training NTI/LAB4/LAB4.sim/sim_1/behav/xsim'
INFO: [USF-XSim-98] *** Running xsim
   with args "TOP_SYSTEM_tb_behav -key {Behavioral:sim_1:Functional:TOP_SYSTEM_tb} -tclbatch {TOP_SYSTEM_tb.tcl} -log {simulate.log}"
INFO: [USF-XSim-8] Loading simulator feature
Time resolution is 1 ps
source TOP_SYSTEM_tb.tcl
# set curr_wave [current_wave_config]
# if { [string length $curr_wave] == 0 } {
#   if { [llength [get_objects]] > 0} {
#     add_wave /
#     set_property needs_save false [current_wave_config]
#   } else {
#      send_msg_id Add_Wave-1 WARNING "No top level signals found. Simulator will start without a wave window. If you want to open a wave window go to 'File->New Waveform Configuration' or type 'create_wave_config' in the TCL console."
#   }
# }
# run 1000ns

--- Test 1: Write and Process ADD ---
   [PASSED] ALU ADD (10 + 5) | alu_out= 15

--- Test 2: Write and Process SUB ---
   [FAILED] ALU SUB (20 - 10) | alu_out=  0 (Exp: 10) | zero=x (Exp:0)

--- Test 3: Write and Process AND ---
   [FAILED]  AND (0 & 255), a_is_zero flag=1 | alu_out= 10 (Exp:  0) | zero=0 (Exp:1)

>>> 2 TESTS FAILED OUT OF 3 <<<
$stop called at time : 732 ns : File "D:/ECE/FPGA Training NTI/LAB4/LAB4.srcs/sources_1/new/TOP_TB.v" Line 131
INFO: [USF-XSim-96] XSim completed. Design snapshot 'TOP_SYSTEM_tb_behav' loaded.
INFO: [USF-XSim-97] XSim simulation ran for 1000ns
launch_simulation: Time (s): cpu = 00:00:01 ; elapsed = 00:00:06 . Memory (MB): peak = 1679.238 ; gain = 0.000
close_sim
INFO: [Simtcl 6-16] Simulation closed
launch_simulation
Command: launch_simulation 
INFO: [Vivado 12-12493] Simulation top is 'TOP_SYSTEM_tb'
INFO: [Vivado 12-5682] Launching behavioral simulation in 'D:/ECE/FPGA Training NTI/LAB4/LAB4.sim/sim_1/behav/xsim'
INFO: [SIM-utils-51] Simulation object is 'sim_1'
INFO: [SIM-utils-72] Using boost library from 'C:/Xilinx/2025.1/Vivado/tps/boost_1_72_0'
INFO: [SIM-utils-54] Inspecting design source files for 'TOP_SYSTEM_tb' in fileset 'sim_1'...
INFO: [USF-XSim-97] Finding global include files...
INFO: [USF-XSim-100] Fetching design files from 'sources_1'...(this may take a while)...
INFO: [USF-XSim-101] Fetching design files from 'sim_1'...
INFO: [USF-XSim-2] XSim::Compile design
INFO: [USF-XSim-61] Executing 'COMPILE and ANALYZE' step in 'D:/ECE/FPGA Training NTI/LAB4/LAB4.sim/sim_1/behav/xsim'
"xvlog --incr --relax -prj TOP_SYSTEM_tb_vlog.prj"
INFO: [VRFC 10-2263] Analyzing Verilog file "D:/ECE/FPGA Training NTI/LAB3_SIPO_ALU/LAB3_SIPO_ALU.srcs/sources_1/new/ALU.v" into library xil_defaultlib
INFO: [VRFC 10-311] analyzing module ALU
INFO: [VRFC 10-2263] Analyzing Verilog file "D:/ECE/FPGA Training NTI/LAB3_SIPO_ALU/LAB3_SIPO_ALU.srcs/sources_1/new/PISO.v" into library xil_defaultlib
INFO: [VRFC 10-311] analyzing module PISO
INFO: [VRFC 10-2263] Analyzing Verilog file "D:/ECE/FPGA Training NTI/LAB3_SIPO_ALU/LAB3_SIPO_ALU.srcs/sources_1/new/RAM.v" into library xil_defaultlib
INFO: [VRFC 10-311] analyzing module RAM
INFO: [VRFC 10-2263] Analyzing Verilog file "D:/ECE/FPGA Training NTI/LAB3_SIPO_ALU/LAB3_SIPO_ALU.srcs/sources_1/new/SIPO.v" into library xil_defaultlib
INFO: [VRFC 10-311] analyzing module SIPO
INFO: [VRFC 10-2263] Analyzing Verilog file "D:/ECE/FPGA Training NTI/LAB4/LAB4.srcs/sources_1/new/TOP_SYSTEM.v" into library xil_defaultlib
INFO: [VRFC 10-311] analyzing module TOP_SYSTEM
INFO: [VRFC 10-2263] Analyzing Verilog file "D:/ECE/FPGA Training NTI/LAB4/LAB4.srcs/sources_1/new/TOP_TB.v" into library xil_defaultlib
INFO: [VRFC 10-311] analyzing module TOP_SYSTEM_tb
INFO: [USF-XSim-69] 'compile' step finished in '1' seconds
INFO: [USF-XSim-3] XSim::Elaborate design
INFO: [USF-XSim-61] Executing 'ELABORATE' step in 'D:/ECE/FPGA Training NTI/LAB4/LAB4.sim/sim_1/behav/xsim'
"xelab --incr --debug typical --relax --mt 2 -L xil_defaultlib -L unisims_ver -L unimacro_ver -L secureip --snapshot TOP_SYSTEM_tb_behav xil_defaultlib.TOP_SYSTEM_tb xil_defaultlib.glbl -log elaborate.log"
Vivado Simulator v2025.1.0
Copyright 1986-2022 Xilinx, Inc. All Rights Reserved.
Copyright 2022-2025 Advanced Micro Devices, Inc. All Rights Reserved.
Running: C:/Xilinx/2025.1/Vivado/bin/unwrapped/win64.o/xelab.exe --incr --debug typical --relax --mt 2 -L xil_defaultlib -L unisims_ver -L unimacro_ver -L secureip --snapshot TOP_SYSTEM_tb_behav xil_defaultlib.TOP_SYSTEM_tb xil_defaultlib.glbl -log elaborate.log 
Using 2 slave threads.
Starting static elaboration
Pass Through NonSizing Optimizer
Completed static elaboration
Starting simulation data flow analysis
Completed simulation data flow analysis
Time Resolution for simulation is 1ps
Compiling module xil_defaultlib.RAM
Compiling module xil_defaultlib.PISO
Compiling module xil_defaultlib.SIPO
Compiling module xil_defaultlib.ALU
Compiling module xil_defaultlib.TOP_SYSTEM
Compiling module xil_defaultlib.TOP_SYSTEM_tb
Compiling module xil_defaultlib.glbl
Built simulation snapshot TOP_SYSTEM_tb_behav
INFO: [USF-XSim-69] 'elaborate' step finished in '2' seconds
INFO: [USF-XSim-4] XSim::Simulate design
WARNING: [USF-XSim-17] WCFG file does not exist:D:/ECE/FPGA Training NTI/LAB4/TOP_SYSTEM_tb_behav.wcfg
WARNING: [USF-XSim-17] WCFG file does not exist:D:/ECE/FPGA Training NTI/LAB4/TOP_SYSTEM_tb_behav.wcfg
INFO: [USF-XSim-61] Executing 'SIMULATE' step in 'D:/ECE/FPGA Training NTI/LAB4/LAB4.sim/sim_1/behav/xsim'
INFO: [USF-XSim-98] *** Running xsim
   with args "TOP_SYSTEM_tb_behav -key {Behavioral:sim_1:Functional:TOP_SYSTEM_tb} -tclbatch {TOP_SYSTEM_tb.tcl} -log {simulate.log}"
INFO: [USF-XSim-8] Loading simulator feature
Time resolution is 1 ps
source TOP_SYSTEM_tb.tcl
# set curr_wave [current_wave_config]
# if { [string length $curr_wave] == 0 } {
#   if { [llength [get_objects]] > 0} {
#     add_wave /
#     set_property needs_save false [current_wave_config]
#   } else {
#      send_msg_id Add_Wave-1 WARNING "No top level signals found. Simulator will start without a wave window. If you want to open a wave window go to 'File->New Waveform Configuration' or type 'create_wave_config' in the TCL console."
#   }
# }
# run 1000ns

--- Test 1: Write and Process ADD ---
   [FAILED] ALU ADD (10 + 5) | alu_out=  0 (Exp: 15) | zero=0 (Exp:0)

--- Test 2: Write and Process SUB ---
   [FAILED] ALU SUB (20 - 10) | alu_out=  0 (Exp: 10) | zero=0 (Exp:0)

--- Test 3: Write and Process AND ---
INFO: [USF-XSim-96] XSim completed. Design snapshot 'TOP_SYSTEM_tb_behav' loaded.
INFO: [USF-XSim-97] XSim simulation ran for 1000ns
launch_simulation: Time (s): cpu = 00:00:02 ; elapsed = 00:00:08 . Memory (MB): peak = 1679.238 ; gain = 0.000
WARNING: [filemgmt 56-199] Attempt to get parsing info during refresh. "On-the-fly" syntax checking information may be incorrect. [D:\ECE\FPGA Training NTI\LAB4\LAB4.srcs\sources_1\new\TOP_SYSTEM.v:]
WARNING: [filemgmt 56-199] Attempt to get parsing info during refresh. "On-the-fly" syntax checking information may be incorrect. [D:\ECE\FPGA Training NTI\LAB3_SIPO_ALU\LAB3_SIPO_ALU.srcs\sources_1\new\ALU.v:]
WARNING: [filemgmt 56-199] Attempt to get parsing info during refresh. "On-the-fly" syntax checking information may be incorrect. [D:\ECE\FPGA Training NTI\LAB3_SIPO_ALU\LAB3_SIPO_ALU.srcs\sources_1\new\RAM.v:]
WARNING: [filemgmt 56-199] Attempt to get parsing info during refresh. "On-the-fly" syntax checking information may be incorrect. [D:\ECE\FPGA Training NTI\LAB3_SIPO_ALU\LAB3_SIPO_ALU.srcs\sources_1\new\SIPO.v:]
WARNING: [filemgmt 56-199] Attempt to get parsing info during refresh. "On-the-fly" syntax checking information may be incorrect. [D:\ECE\FPGA Training NTI\LAB4\LAB4.srcs\sources_1\new\TOP_TB.v:]
WARNING: [filemgmt 56-199] Attempt to get parsing info during refresh. "On-the-fly" syntax checking information may be incorrect. [D:\ECE\FPGA Training NTI\LAB3_SIPO_ALU\LAB3_SIPO_ALU.srcs\sources_1\new\PISO.v:]
WARNING: [filemgmt 56-199] Attempt to get parsing info during refresh. "On-the-fly" syntax checking information may be incorrect. [D:\ECE\FPGA Training NTI\LAB4\LAB4.srcs\sources_1\new\TOP_TB.v:]
WARNING: [filemgmt 56-199] Attempt to get parsing info during refresh. "On-the-fly" syntax checking information may be incorrect. [D:\ECE\FPGA Training NTI\LAB4\LAB4.srcs\sources_1\new\TOP_TB.v:]
WARNING: [filemgmt 56-199] Attempt to get parsing info during refresh. "On-the-fly" syntax checking information may be incorrect. [D:\ECE\FPGA Training NTI\LAB4\LAB4.srcs\sources_1\new\TOP_SYSTEM.v:]
WARNING: [filemgmt 56-199] Attempt to get parsing info during refresh. "On-the-fly" syntax checking information may be incorrect. [D:\ECE\FPGA Training NTI\LAB3_SIPO_ALU\LAB3_SIPO_ALU.srcs\sources_1\new\ALU.v:]
WARNING: [filemgmt 56-199] Attempt to get parsing info during refresh. "On-the-fly" syntax checking information may be incorrect. [D:\ECE\FPGA Training NTI\LAB3_SIPO_ALU\LAB3_SIPO_ALU.srcs\sources_1\new\RAM.v:]
WARNING: [filemgmt 56-199] Attempt to get parsing info during refresh. "On-the-fly" syntax checking information may be incorrect. [D:\ECE\FPGA Training NTI\LAB3_SIPO_ALU\LAB3_SIPO_ALU.srcs\sources_1\new\SIPO.v:]
WARNING: [filemgmt 56-199] Attempt to get parsing info during refresh. "On-the-fly" syntax checking information may be incorrect. [D:\ECE\FPGA Training NTI\LAB4\LAB4.srcs\sources_1\new\TOP_TB.v:]
WARNING: [filemgmt 56-199] Attempt to get parsing info during refresh. "On-the-fly" syntax checking information may be incorrect. [D:\ECE\FPGA Training NTI\LAB3_SIPO_ALU\LAB3_SIPO_ALU.srcs\sources_1\new\PISO.v:]
WARNING: [filemgmt 56-199] Attempt to get parsing info during refresh. "On-the-fly" syntax checking information may be incorrect. [D:\ECE\FPGA Training NTI\LAB3_SIPO_ALU\LAB3_SIPO_ALU.srcs\sources_1\new\ALU.v:]
WARNING: [filemgmt 56-199] Attempt to get parsing info during refresh. "On-the-fly" syntax checking information may be incorrect. [D:\ECE\FPGA Training NTI\LAB3_SIPO_ALU\LAB3_SIPO_ALU.srcs\sources_1\new\ALU.v:]
WARNING: [filemgmt 56-199] Attempt to get parsing info during refresh. "On-the-fly" syntax checking information may be incorrect. [D:\ECE\FPGA Training NTI\LAB4\LAB4.srcs\sources_1\new\TOP_SYSTEM.v:]
WARNING: [filemgmt 56-199] Attempt to get parsing info during refresh. "On-the-fly" syntax checking information may be incorrect. [D:\ECE\FPGA Training NTI\LAB3_SIPO_ALU\LAB3_SIPO_ALU.srcs\sources_1\new\ALU.v:]
WARNING: [filemgmt 56-199] Attempt to get parsing info during refresh. "On-the-fly" syntax checking information may be incorrect. [D:\ECE\FPGA Training NTI\LAB3_SIPO_ALU\LAB3_SIPO_ALU.srcs\sources_1\new\RAM.v:]
WARNING: [filemgmt 56-199] Attempt to get parsing info during refresh. "On-the-fly" syntax checking information may be incorrect. [D:\ECE\FPGA Training NTI\LAB3_SIPO_ALU\LAB3_SIPO_ALU.srcs\sources_1\new\SIPO.v:]
WARNING: [filemgmt 56-199] Attempt to get parsing info during refresh. "On-the-fly" syntax checking information may be incorrect. [D:\ECE\FPGA Training NTI\LAB4\LAB4.srcs\sources_1\new\TOP_TB.v:]
WARNING: [filemgmt 56-199] Attempt to get parsing info during refresh. "On-the-fly" syntax checking information may be incorrect. [D:\ECE\FPGA Training NTI\LAB3_SIPO_ALU\LAB3_SIPO_ALU.srcs\sources_1\new\PISO.v:]
WARNING: [filemgmt 56-199] Attempt to get parsing info during refresh. "On-the-fly" syntax checking information may be incorrect. [D:\ECE\FPGA Training NTI\LAB3_SIPO_ALU\LAB3_SIPO_ALU.srcs\sources_1\new\RAM.v:]
WARNING: [filemgmt 56-199] Attempt to get parsing info during refresh. "On-the-fly" syntax checking information may be incorrect. [D:\ECE\FPGA Training NTI\LAB3_SIPO_ALU\LAB3_SIPO_ALU.srcs\sources_1\new\RAM.v:]
WARNING: [filemgmt 56-199] Attempt to get parsing info during refresh. "On-the-fly" syntax checking information may be incorrect. [D:\ECE\FPGA Training NTI\LAB4\LAB4.srcs\sources_1\new\TOP_SYSTEM.v:]
WARNING: [filemgmt 56-199] Attempt to get parsing info during refresh. "On-the-fly" syntax checking information may be incorrect. [D:\ECE\FPGA Training NTI\LAB3_SIPO_ALU\LAB3_SIPO_ALU.srcs\sources_1\new\ALU.v:]
WARNING: [filemgmt 56-199] Attempt to get parsing info during refresh. "On-the-fly" syntax checking information may be incorrect. [D:\ECE\FPGA Training NTI\LAB3_SIPO_ALU\LAB3_SIPO_ALU.srcs\sources_1\new\RAM.v:]
WARNING: [filemgmt 56-199] Attempt to get parsing info during refresh. "On-the-fly" syntax checking information may be incorrect. [D:\ECE\FPGA Training NTI\LAB3_SIPO_ALU\LAB3_SIPO_ALU.srcs\sources_1\new\SIPO.v:]
WARNING: [filemgmt 56-199] Attempt to get parsing info during refresh. "On-the-fly" syntax checking information may be incorrect. [D:\ECE\FPGA Training NTI\LAB4\LAB4.srcs\sources_1\new\TOP_TB.v:]
WARNING: [filemgmt 56-199] Attempt to get parsing info during refresh. "On-the-fly" syntax checking information may be incorrect. [D:\ECE\FPGA Training NTI\LAB3_SIPO_ALU\LAB3_SIPO_ALU.srcs\sources_1\new\PISO.v:]
WARNING: [filemgmt 56-199] Attempt to get parsing info during refresh. "On-the-fly" syntax checking information may be incorrect. [D:\ECE\FPGA Training NTI\LAB3_SIPO_ALU\LAB3_SIPO_ALU.srcs\sources_1\new\PISO.v:]
WARNING: [filemgmt 56-199] Attempt to get parsing info during refresh. "On-the-fly" syntax checking information may be incorrect. [D:\ECE\FPGA Training NTI\LAB3_SIPO_ALU\LAB3_SIPO_ALU.srcs\sources_1\new\PISO.v:]
WARNING: [filemgmt 56-199] Attempt to get parsing info during refresh. "On-the-fly" syntax checking information may be incorrect. [D:\ECE\FPGA Training NTI\LAB4\LAB4.srcs\sources_1\new\TOP_SYSTEM.v:]
WARNING: [filemgmt 56-199] Attempt to get parsing info during refresh. "On-the-fly" syntax checking information may be incorrect. [D:\ECE\FPGA Training NTI\LAB3_SIPO_ALU\LAB3_SIPO_ALU.srcs\sources_1\new\ALU.v:]
WARNING: [filemgmt 56-199] Attempt to get parsing info during refresh. "On-the-fly" syntax checking information may be incorrect. [D:\ECE\FPGA Training NTI\LAB3_SIPO_ALU\LAB3_SIPO_ALU.srcs\sources_1\new\RAM.v:]
WARNING: [filemgmt 56-199] Attempt to get parsing info during refresh. "On-the-fly" syntax checking information may be incorrect. [D:\ECE\FPGA Training NTI\LAB3_SIPO_ALU\LAB3_SIPO_ALU.srcs\sources_1\new\SIPO.v:]
WARNING: [filemgmt 56-199] Attempt to get parsing info during refresh. "On-the-fly" syntax checking information may be incorrect. [D:\ECE\FPGA Training NTI\LAB4\LAB4.srcs\sources_1\new\TOP_TB.v:]
WARNING: [filemgmt 56-199] Attempt to get parsing info during refresh. "On-the-fly" syntax checking information may be incorrect. [D:\ECE\FPGA Training NTI\LAB3_SIPO_ALU\LAB3_SIPO_ALU.srcs\sources_1\new\PISO.v:]
WARNING: [filemgmt 56-199] Attempt to get parsing info during refresh. "On-the-fly" syntax checking information may be incorrect. [D:\ECE\FPGA Training NTI\LAB3_SIPO_ALU\LAB3_SIPO_ALU.srcs\sources_1\new\SIPO.v:]
WARNING: [filemgmt 56-199] Attempt to get parsing info during refresh. "On-the-fly" syntax checking information may be incorrect. [D:\ECE\FPGA Training NTI\LAB3_SIPO_ALU\LAB3_SIPO_ALU.srcs\sources_1\new\SIPO.v:]
ERROR: [Common 17-180] Spawn failed: The operation completed successfully.

close_sim
INFO: [Simtcl 6-16] Simulation closed
launch_simulation
Command: launch_simulation 
INFO: [Vivado 12-12493] Simulation top is 'TOP_SYSTEM_tb'
INFO: [Vivado 12-5682] Launching behavioral simulation in 'D:/ECE/FPGA Training NTI/LAB4/LAB4.sim/sim_1/behav/xsim'
INFO: [SIM-utils-51] Simulation object is 'sim_1'
INFO: [SIM-utils-72] Using boost library from 'C:/Xilinx/2025.1/Vivado/tps/boost_1_72_0'
INFO: [SIM-utils-54] Inspecting design source files for 'TOP_SYSTEM_tb' in fileset 'sim_1'...
INFO: [USF-XSim-97] Finding global include files...
INFO: [USF-XSim-100] Fetching design files from 'sources_1'...(this may take a while)...
INFO: [USF-XSim-101] Fetching design files from 'sim_1'...
INFO: [USF-XSim-2] XSim::Compile design
INFO: [USF-XSim-61] Executing 'COMPILE and ANALYZE' step in 'D:/ECE/FPGA Training NTI/LAB4/LAB4.sim/sim_1/behav/xsim'
"xvlog --incr --relax -prj TOP_SYSTEM_tb_vlog.prj"
INFO: [VRFC 10-2263] Analyzing Verilog file "D:/ECE/FPGA Training NTI/LAB3_SIPO_ALU/LAB3_SIPO_ALU.srcs/sources_1/new/ALU.v" into library xil_defaultlib
INFO: [VRFC 10-311] analyzing module ALU
INFO: [VRFC 10-2263] Analyzing Verilog file "D:/ECE/FPGA Training NTI/LAB3_SIPO_ALU/LAB3_SIPO_ALU.srcs/sources_1/new/PISO.v" into library xil_defaultlib
INFO: [VRFC 10-311] analyzing module PISO
INFO: [VRFC 10-2263] Analyzing Verilog file "D:/ECE/FPGA Training NTI/LAB3_SIPO_ALU/LAB3_SIPO_ALU.srcs/sources_1/new/RAM.v" into library xil_defaultlib
INFO: [VRFC 10-311] analyzing module RAM
INFO: [VRFC 10-2263] Analyzing Verilog file "D:/ECE/FPGA Training NTI/LAB3_SIPO_ALU/LAB3_SIPO_ALU.srcs/sources_1/new/SIPO.v" into library xil_defaultlib
INFO: [VRFC 10-311] analyzing module SIPO
INFO: [VRFC 10-2263] Analyzing Verilog file "D:/ECE/FPGA Training NTI/LAB4/LAB4.srcs/sources_1/new/TOP_SYSTEM.v" into library xil_defaultlib
INFO: [VRFC 10-311] analyzing module TOP_SYSTEM
INFO: [VRFC 10-2263] Analyzing Verilog file "D:/ECE/FPGA Training NTI/LAB4/LAB4.srcs/sources_1/new/TOP_TB.v" into library xil_defaultlib
INFO: [VRFC 10-311] analyzing module TOP_SYSTEM_tb
INFO: [USF-XSim-69] 'compile' step finished in '1' seconds
INFO: [USF-XSim-3] XSim::Elaborate design
INFO: [USF-XSim-61] Executing 'ELABORATE' step in 'D:/ECE/FPGA Training NTI/LAB4/LAB4.sim/sim_1/behav/xsim'
"xelab --incr --debug typical --relax --mt 2 -L xil_defaultlib -L unisims_ver -L unimacro_ver -L secureip --snapshot TOP_SYSTEM_tb_behav xil_defaultlib.TOP_SYSTEM_tb xil_defaultlib.glbl -log elaborate.log"
Vivado Simulator v2025.1.0
Copyright 1986-2022 Xilinx, Inc. All Rights Reserved.
Copyright 2022-2025 Advanced Micro Devices, Inc. All Rights Reserved.
Running: C:/Xilinx/2025.1/Vivado/bin/unwrapped/win64.o/xelab.exe --incr --debug typical --relax --mt 2 -L xil_defaultlib -L unisims_ver -L unimacro_ver -L secureip --snapshot TOP_SYSTEM_tb_behav xil_defaultlib.TOP_SYSTEM_tb xil_defaultlib.glbl -log elaborate.log 
Using 2 slave threads.
Starting static elaboration
Pass Through NonSizing Optimizer
Completed static elaboration
Starting simulation data flow analysis
Completed simulation data flow analysis
Time Resolution for simulation is 1ps
Compiling module xil_defaultlib.RAM
Compiling module xil_defaultlib.PISO
Compiling module xil_defaultlib.SIPO
Compiling module xil_defaultlib.ALU
Compiling module xil_defaultlib.TOP_SYSTEM
Compiling module xil_defaultlib.TOP_SYSTEM_tb
Compiling module xil_defaultlib.glbl
Built simulation snapshot TOP_SYSTEM_tb_behav
INFO: [USF-XSim-69] 'elaborate' step finished in '2' seconds
INFO: [USF-XSim-4] XSim::Simulate design
WARNING: [USF-XSim-17] WCFG file does not exist:D:/ECE/FPGA Training NTI/LAB4/TOP_SYSTEM_tb_behav.wcfg
WARNING: [USF-XSim-17] WCFG file does not exist:D:/ECE/FPGA Training NTI/LAB4/TOP_SYSTEM_tb_behav.wcfg
INFO: [USF-XSim-61] Executing 'SIMULATE' step in 'D:/ECE/FPGA Training NTI/LAB4/LAB4.sim/sim_1/behav/xsim'
INFO: [USF-XSim-98] *** Running xsim
   with args "TOP_SYSTEM_tb_behav -key {Behavioral:sim_1:Functional:TOP_SYSTEM_tb} -tclbatch {TOP_SYSTEM_tb.tcl} -log {simulate.log}"
INFO: [USF-XSim-8] Loading simulator feature
Time resolution is 1 ps
source TOP_SYSTEM_tb.tcl
# set curr_wave [current_wave_config]
# if { [string length $curr_wave] == 0 } {
#   if { [llength [get_objects]] > 0} {
#     add_wave /
#     set_property needs_save false [current_wave_config]
#   } else {
#      send_msg_id Add_Wave-1 WARNING "No top level signals found. Simulator will start without a wave window. If you want to open a wave window go to 'File->New Waveform Configuration' or type 'create_wave_config' in the TCL console."
#   }
# }
# run 1000ns

--- Test 1: Write and Process ADD ---
   [FAILED] ALU ADD (10 + 5) | alu_out=  0 (Exp: 15) | zero=0 (Exp:0)

--- Test 2: Write and Process SUB ---
   [FAILED] ALU SUB (20 - 10) | alu_out=  0 (Exp: 10) | zero=0 (Exp:0)

--- Test 3: Write and Process AND ---
   [FAILED]  AND (0 & 255), a_is_zero flag=1 | alu_out=  0 (Exp:  0) | zero=0 (Exp:1)

>>> 3 TESTS FAILED OUT OF 3 <<<
$stop called at time : 852 ns : File "D:/ECE/FPGA Training NTI/LAB4/LAB4.srcs/sources_1/new/TOP_TB.v" Line 131
INFO: [USF-XSim-96] XSim completed. Design snapshot 'TOP_SYSTEM_tb_behav' loaded.
INFO: [USF-XSim-97] XSim simulation ran for 1000ns
launch_simulation: Time (s): cpu = 00:00:02 ; elapsed = 00:00:06 . Memory (MB): peak = 1846.238 ; gain = 12.258
close_sim
WARNING: [filemgmt 56-199] Attempt to get parsing info during refresh. "On-the-fly" syntax checking information may be incorrect. [D:\ECE\FPGA Training NTI\LAB4\LAB4.srcs\sources_1\new\TOP_SYSTEM.v:]
WARNING: [filemgmt 56-199] Attempt to get parsing info during refresh. "On-the-fly" syntax checking information may be incorrect. [D:\ECE\FPGA Training NTI\LAB3_SIPO_ALU\LAB3_SIPO_ALU.srcs\sources_1\new\ALU.v:]
WARNING: [filemgmt 56-199] Attempt to get parsing info during refresh. "On-the-fly" syntax checking information may be incorrect. [D:\ECE\FPGA Training NTI\LAB3_SIPO_ALU\LAB3_SIPO_ALU.srcs\sources_1\new\RAM.v:]
WARNING: [filemgmt 56-199] Attempt to get parsing info during refresh. "On-the-fly" syntax checking information may be incorrect. [D:\ECE\FPGA Training NTI\LAB3_SIPO_ALU\LAB3_SIPO_ALU.srcs\sources_1\new\SIPO.v:]
WARNING: [filemgmt 56-199] Attempt to get parsing info during refresh. "On-the-fly" syntax checking information may be incorrect. [D:\ECE\FPGA Training NTI\LAB4\LAB4.srcs\sources_1\new\TOP_TB.v:]
WARNING: [filemgmt 56-199] Attempt to get parsing info during refresh. "On-the-fly" syntax checking information may be incorrect. [D:\ECE\FPGA Training NTI\LAB3_SIPO_ALU\LAB3_SIPO_ALU.srcs\sources_1\new\PISO.v:]
WARNING: [filemgmt 56-199] Attempt to get parsing info during refresh. "On-the-fly" syntax checking information may be incorrect. [D:\ECE\FPGA Training NTI\LAB4\LAB4.srcs\sources_1\new\TOP_TB.v:]
WARNING: [filemgmt 56-199] Attempt to get parsing info during refresh. "On-the-fly" syntax checking information may be incorrect. [D:\ECE\FPGA Training NTI\LAB4\LAB4.srcs\sources_1\new\TOP_TB.v:]
INFO: [Simtcl 6-16] Simulation closed
launch_simulation
Command: launch_simulation 
INFO: [Vivado 12-12493] Simulation top is 'TOP_SYSTEM_tb'
INFO: [Vivado 12-5682] Launching behavioral simulation in 'D:/ECE/FPGA Training NTI/LAB4/LAB4.sim/sim_1/behav/xsim'
INFO: [SIM-utils-51] Simulation object is 'sim_1'
INFO: [SIM-utils-72] Using boost library from 'C:/Xilinx/2025.1/Vivado/tps/boost_1_72_0'
ERROR: [Common 17-180] Spawn failed: The operation completed successfully.

WARNING: [filemgmt 56-199] Attempt to get parsing info during refresh. "On-the-fly" syntax checking information may be incorrect. [D:\ECE\FPGA Training NTI\LAB4\LAB4.srcs\sources_1\new\TOP_SYSTEM.v:]
WARNING: [filemgmt 56-199] Attempt to get parsing info during refresh. "On-the-fly" syntax checking information may be incorrect. [D:\ECE\FPGA Training NTI\LAB3_SIPO_ALU\LAB3_SIPO_ALU.srcs\sources_1\new\ALU.v:]
WARNING: [filemgmt 56-199] Attempt to get parsing info during refresh. "On-the-fly" syntax checking information may be incorrect. [D:\ECE\FPGA Training NTI\LAB3_SIPO_ALU\LAB3_SIPO_ALU.srcs\sources_1\new\RAM.v:]
WARNING: [filemgmt 56-199] Attempt to get parsing info during refresh. "On-the-fly" syntax checking information may be incorrect. [D:\ECE\FPGA Training NTI\LAB3_SIPO_ALU\LAB3_SIPO_ALU.srcs\sources_1\new\SIPO.v:]
WARNING: [filemgmt 56-199] Attempt to get parsing info during refresh. "On-the-fly" syntax checking information may be incorrect. [D:\ECE\FPGA Training NTI\LAB4\LAB4.srcs\sources_1\new\TOP_TB.v:]
WARNING: [filemgmt 56-199] Attempt to get parsing info during refresh. "On-the-fly" syntax checking information may be incorrect. [D:\ECE\FPGA Training NTI\LAB3_SIPO_ALU\LAB3_SIPO_ALU.srcs\sources_1\new\PISO.v:]
WARNING: [filemgmt 56-199] Attempt to get parsing info during refresh. "On-the-fly" syntax checking information may be incorrect. [D:\ECE\FPGA Training NTI\LAB4\LAB4.srcs\sources_1\new\TOP_SYSTEM.v:]
WARNING: [filemgmt 56-199] Attempt to get parsing info during refresh. "On-the-fly" syntax checking information may be incorrect. [D:\ECE\FPGA Training NTI\LAB4\LAB4.srcs\sources_1\new\TOP_SYSTEM.v:]
WARNING: [filemgmt 56-199] Attempt to get parsing info during refresh. "On-the-fly" syntax checking information may be incorrect. [D:\ECE\FPGA Training NTI\LAB4\LAB4.srcs\sources_1\new\TOP_SYSTEM.v:]
WARNING: [filemgmt 56-199] Attempt to get parsing info during refresh. "On-the-fly" syntax checking information may be incorrect. [D:\ECE\FPGA Training NTI\LAB3_SIPO_ALU\LAB3_SIPO_ALU.srcs\sources_1\new\ALU.v:]
WARNING: [filemgmt 56-199] Attempt to get parsing info during refresh. "On-the-fly" syntax checking information may be incorrect. [D:\ECE\FPGA Training NTI\LAB3_SIPO_ALU\LAB3_SIPO_ALU.srcs\sources_1\new\RAM.v:]
WARNING: [filemgmt 56-199] Attempt to get parsing info during refresh. "On-the-fly" syntax checking information may be incorrect. [D:\ECE\FPGA Training NTI\LAB3_SIPO_ALU\LAB3_SIPO_ALU.srcs\sources_1\new\SIPO.v:]
WARNING: [filemgmt 56-199] Attempt to get parsing info during refresh. "On-the-fly" syntax checking information may be incorrect. [D:\ECE\FPGA Training NTI\LAB4\LAB4.srcs\sources_1\new\TOP_TB.v:]
WARNING: [filemgmt 56-199] Attempt to get parsing info during refresh. "On-the-fly" syntax checking information may be incorrect. [D:\ECE\FPGA Training NTI\LAB3_SIPO_ALU\LAB3_SIPO_ALU.srcs\sources_1\new\PISO.v:]
WARNING: [filemgmt 56-199] Attempt to get parsing info during refresh. "On-the-fly" syntax checking information may be incorrect. [D:\ECE\FPGA Training NTI\LAB3_SIPO_ALU\LAB3_SIPO_ALU.srcs\sources_1\new\PISO.v:]
WARNING: [filemgmt 56-199] Attempt to get parsing info during refresh. "On-the-fly" syntax checking information may be incorrect. [D:\ECE\FPGA Training NTI\LAB3_SIPO_ALU\LAB3_SIPO_ALU.srcs\sources_1\new\PISO.v:]
ERROR: [Common 17-39] 'get_xpm_libraries' failed due to earlier errors.

    while executing
"rdi::get_xpm_libraries"
    (procedure "xcs_get_xpm_libraries" line 14)
    invoked from within
"xcs_get_xpm_libraries"
    (procedure "usf_xsim_setup_simulation" line 50)
    invoked from within
"usf_xsim_setup_simulation"
    (procedure "tclapp::xilinx::xsim::setup" line 29)
    invoked from within
"tclapp::xilinx::xsim::setup { -simset sim_1 -mode behavioral -run_dir {D:/ECE/FPGA Training NTI/LAB4/LAB4.sim/sim_1/behav/xsim} -int_os_type 64 -int_d..."
ERROR: [Vivado 12-4473] Detected error while running simulation. Please correct the issue and retry this operation.
ERROR: [Common 17-39] 'launch_simulation' failed due to earlier errors.
ERROR: [Common 17-180] Spawn failed: The operation completed successfully.

WARNING: [filemgmt 56-199] Attempt to get parsing info during refresh. "On-the-fly" syntax checking information may be incorrect. [D:\ECE\FPGA Training NTI\LAB4\LAB4.srcs\sources_1\new\TOP_SYSTEM.v:]
WARNING: [filemgmt 56-199] Attempt to get parsing info during refresh. "On-the-fly" syntax checking information may be incorrect. [D:\ECE\FPGA Training NTI\LAB3_SIPO_ALU\LAB3_SIPO_ALU.srcs\sources_1\new\ALU.v:]
WARNING: [filemgmt 56-199] Attempt to get parsing info during refresh. "On-the-fly" syntax checking information may be incorrect. [D:\ECE\FPGA Training NTI\LAB3_SIPO_ALU\LAB3_SIPO_ALU.srcs\sources_1\new\RAM.v:]
WARNING: [filemgmt 56-199] Attempt to get parsing info during refresh. "On-the-fly" syntax checking information may be incorrect. [D:\ECE\FPGA Training NTI\LAB3_SIPO_ALU\LAB3_SIPO_ALU.srcs\sources_1\new\SIPO.v:]
WARNING: [filemgmt 56-199] Attempt to get parsing info during refresh. "On-the-fly" syntax checking information may be incorrect. [D:\ECE\FPGA Training NTI\LAB4\LAB4.srcs\sources_1\new\TOP_TB.v:]
WARNING: [filemgmt 56-199] Attempt to get parsing info during refresh. "On-the-fly" syntax checking information may be incorrect. [D:\ECE\FPGA Training NTI\LAB3_SIPO_ALU\LAB3_SIPO_ALU.srcs\sources_1\new\PISO.v:]
WARNING: [filemgmt 56-199] Attempt to get parsing info during refresh. "On-the-fly" syntax checking information may be incorrect. [D:\ECE\FPGA Training NTI\LAB3_SIPO_ALU\LAB3_SIPO_ALU.srcs\sources_1\new\ALU.v:]
WARNING: [filemgmt 56-199] Attempt to get parsing info during refresh. "On-the-fly" syntax checking information may be incorrect. [D:\ECE\FPGA Training NTI\LAB3_SIPO_ALU\LAB3_SIPO_ALU.srcs\sources_1\new\ALU.v:]
WARNING: [filemgmt 56-199] Attempt to get parsing info during refresh. "On-the-fly" syntax checking information may be incorrect. [D:\ECE\FPGA Training NTI\LAB4\LAB4.srcs\sources_1\new\TOP_SYSTEM.v:]
WARNING: [filemgmt 56-199] Attempt to get parsing info during refresh. "On-the-fly" syntax checking information may be incorrect. [D:\ECE\FPGA Training NTI\LAB3_SIPO_ALU\LAB3_SIPO_ALU.srcs\sources_1\new\ALU.v:]
WARNING: [filemgmt 56-199] Attempt to get parsing info during refresh. "On-the-fly" syntax checking information may be incorrect. [D:\ECE\FPGA Training NTI\LAB3_SIPO_ALU\LAB3_SIPO_ALU.srcs\sources_1\new\RAM.v:]
WARNING: [filemgmt 56-199] Attempt to get parsing info during refresh. "On-the-fly" syntax checking information may be incorrect. [D:\ECE\FPGA Training NTI\LAB3_SIPO_ALU\LAB3_SIPO_ALU.srcs\sources_1\new\SIPO.v:]
WARNING: [filemgmt 56-199] Attempt to get parsing info during refresh. "On-the-fly" syntax checking information may be incorrect. [D:\ECE\FPGA Training NTI\LAB4\LAB4.srcs\sources_1\new\TOP_TB.v:]
WARNING: [filemgmt 56-199] Attempt to get parsing info during refresh. "On-the-fly" syntax checking information may be incorrect. [D:\ECE\FPGA Training NTI\LAB3_SIPO_ALU\LAB3_SIPO_ALU.srcs\sources_1\new\PISO.v:]
WARNING: [filemgmt 56-199] Attempt to get parsing info during refresh. "On-the-fly" syntax checking information may be incorrect. [D:\ECE\FPGA Training NTI\LAB3_SIPO_ALU\LAB3_SIPO_ALU.srcs\sources_1\new\SIPO.v:]
WARNING: [filemgmt 56-199] Attempt to get parsing info during refresh. "On-the-fly" syntax checking information may be incorrect. [D:\ECE\FPGA Training NTI\LAB3_SIPO_ALU\LAB3_SIPO_ALU.srcs\sources_1\new\SIPO.v:]
ERROR: [Common 17-180] Spawn failed: The operation completed successfully.

launch_simulation
Command: launch_simulation 
INFO: [Vivado 12-12493] Simulation top is 'TOP_SYSTEM_tb'
INFO: [Vivado 12-5682] Launching behavioral simulation in 'D:/ECE/FPGA Training NTI/LAB4/LAB4.sim/sim_1/behav/xsim'
INFO: [SIM-utils-51] Simulation object is 'sim_1'
INFO: [SIM-utils-72] Using boost library from 'C:/Xilinx/2025.1/Vivado/tps/boost_1_72_0'
INFO: [SIM-utils-54] Inspecting design source files for 'TOP_SYSTEM_tb' in fileset 'sim_1'...
INFO: [USF-XSim-97] Finding global include files...
INFO: [USF-XSim-100] Fetching design files from 'sources_1'...(this may take a while)...
INFO: [USF-XSim-101] Fetching design files from 'sim_1'...
INFO: [USF-XSim-2] XSim::Compile design
INFO: [USF-XSim-61] Executing 'COMPILE and ANALYZE' step in 'D:/ECE/FPGA Training NTI/LAB4/LAB4.sim/sim_1/behav/xsim'
"xvlog --incr --relax -prj TOP_SYSTEM_tb_vlog.prj"
INFO: [VRFC 10-2263] Analyzing Verilog file "D:/ECE/FPGA Training NTI/LAB3_SIPO_ALU/LAB3_SIPO_ALU.srcs/sources_1/new/ALU.v" into library xil_defaultlib
INFO: [VRFC 10-311] analyzing module ALU
INFO: [VRFC 10-2263] Analyzing Verilog file "D:/ECE/FPGA Training NTI/LAB3_SIPO_ALU/LAB3_SIPO_ALU.srcs/sources_1/new/PISO.v" into library xil_defaultlib
INFO: [VRFC 10-311] analyzing module PISO
INFO: [VRFC 10-2263] Analyzing Verilog file "D:/ECE/FPGA Training NTI/LAB3_SIPO_ALU/LAB3_SIPO_ALU.srcs/sources_1/new/RAM.v" into library xil_defaultlib
INFO: [VRFC 10-311] analyzing module RAM
INFO: [VRFC 10-2263] Analyzing Verilog file "D:/ECE/FPGA Training NTI/LAB3_SIPO_ALU/LAB3_SIPO_ALU.srcs/sources_1/new/SIPO.v" into library xil_defaultlib
INFO: [VRFC 10-311] analyzing module SIPO
INFO: [VRFC 10-2263] Analyzing Verilog file "D:/ECE/FPGA Training NTI/LAB4/LAB4.srcs/sources_1/new/TOP_SYSTEM.v" into library xil_defaultlib
INFO: [VRFC 10-311] analyzing module TOP_SYSTEM
INFO: [VRFC 10-2263] Analyzing Verilog file "D:/ECE/FPGA Training NTI/LAB4/LAB4.srcs/sources_1/new/TOP_TB.v" into library xil_defaultlib
INFO: [VRFC 10-311] analyzing module TOP_SYSTEM_tb
INFO: [USF-XSim-69] 'compile' step finished in '1' seconds
INFO: [USF-XSim-3] XSim::Elaborate design
INFO: [USF-XSim-61] Executing 'ELABORATE' step in 'D:/ECE/FPGA Training NTI/LAB4/LAB4.sim/sim_1/behav/xsim'
"xelab --incr --debug typical --relax --mt 2 -L xil_defaultlib -L unisims_ver -L unimacro_ver -L secureip --snapshot TOP_SYSTEM_tb_behav xil_defaultlib.TOP_SYSTEM_tb xil_defaultlib.glbl -log elaborate.log"
Vivado Simulator v2025.1.0
Copyright 1986-2022 Xilinx, Inc. All Rights Reserved.
Copyright 2022-2025 Advanced Micro Devices, Inc. All Rights Reserved.
Running: C:/Xilinx/2025.1/Vivado/bin/unwrapped/win64.o/xelab.exe --incr --debug typical --relax --mt 2 -L xil_defaultlib -L unisims_ver -L unimacro_ver -L secureip --snapshot TOP_SYSTEM_tb_behav xil_defaultlib.TOP_SYSTEM_tb xil_defaultlib.glbl -log elaborate.log 
Using 2 slave threads.
Starting static elaboration
Pass Through NonSizing Optimizer
Completed static elaboration
Starting simulation data flow analysis
Completed simulation data flow analysis
Time Resolution for simulation is 1ps
Compiling module xil_defaultlib.RAM
Compiling module xil_defaultlib.PISO
Compiling module xil_defaultlib.SIPO
Compiling module xil_defaultlib.ALU
Compiling module xil_defaultlib.TOP_SYSTEM
Compiling module xil_defaultlib.TOP_SYSTEM_tb
Compiling module xil_defaultlib.glbl
Built simulation snapshot TOP_SYSTEM_tb_behav
INFO: [USF-XSim-69] 'elaborate' step finished in '2' seconds
INFO: [USF-XSim-4] XSim::Simulate design
WARNING: [USF-XSim-17] WCFG file does not exist:D:/ECE/FPGA Training NTI/LAB4/TOP_SYSTEM_tb_behav.wcfg
WARNING: [USF-XSim-17] WCFG file does not exist:D:/ECE/FPGA Training NTI/LAB4/TOP_SYSTEM_tb_behav.wcfg
INFO: [USF-XSim-61] Executing 'SIMULATE' step in 'D:/ECE/FPGA Training NTI/LAB4/LAB4.sim/sim_1/behav/xsim'
INFO: [USF-XSim-98] *** Running xsim
   with args "TOP_SYSTEM_tb_behav -key {Behavioral:sim_1:Functional:TOP_SYSTEM_tb} -tclbatch {TOP_SYSTEM_tb.tcl} -log {simulate.log}"
INFO: [USF-XSim-8] Loading simulator feature
Time resolution is 1 ps
source TOP_SYSTEM_tb.tcl
# set curr_wave [current_wave_config]
# if { [string length $curr_wave] == 0 } {
#   if { [llength [get_objects]] > 0} {
#     add_wave /
#     set_property needs_save false [current_wave_config]
#   } else {
#      send_msg_id Add_Wave-1 WARNING "No top level signals found. Simulator will start without a wave window. If you want to open a wave window go to 'File->New Waveform Configuration' or type 'create_wave_config' in the TCL console."
#   }
# }
# run 1000ns

--- Test 1: Write and Process ADD ---
   [PASSED] ALU ADD (10 + 5) | alu_out= 15

--- Test 2: Write and Process SUB ---
   [FAILED] ALU SUB (20 - 10) | alu_out=  0 (Exp: 10) | zero=0 (Exp:0)

--- Test 3: Write and Process AND ---
   [FAILED]  AND (0 & 255), a_is_zero flag=1 | alu_out=  0 (Exp:  0) | zero=0 (Exp:1)

>>> 2 TESTS FAILED OUT OF 3 <<<
$stop called at time : 822 ns : File "D:/ECE/FPGA Training NTI/LAB4/LAB4.srcs/sources_1/new/TOP_TB.v" Line 131
INFO: [USF-XSim-96] XSim completed. Design snapshot 'TOP_SYSTEM_tb_behav' loaded.
INFO: [USF-XSim-97] XSim simulation ran for 1000ns
launch_simulation: Time (s): cpu = 00:00:02 ; elapsed = 00:00:06 . Memory (MB): peak = 1846.238 ; gain = 0.000
close_sim
WARNING: [filemgmt 56-199] Attempt to get parsing info during refresh. "On-the-fly" syntax checking information may be incorrect. [D:\ECE\FPGA Training NTI\LAB4\LAB4.srcs\sources_1\new\TOP_SYSTEM.v:]
WARNING: [filemgmt 56-199] Attempt to get parsing info during refresh. "On-the-fly" syntax checking information may be incorrect. [D:\ECE\FPGA Training NTI\LAB3_SIPO_ALU\LAB3_SIPO_ALU.srcs\sources_1\new\ALU.v:]
WARNING: [filemgmt 56-199] Attempt to get parsing info during refresh. "On-the-fly" syntax checking information may be incorrect. [D:\ECE\FPGA Training NTI\LAB3_SIPO_ALU\LAB3_SIPO_ALU.srcs\sources_1\new\RAM.v:]
WARNING: [filemgmt 56-199] Attempt to get parsing info during refresh. "On-the-fly" syntax checking information may be incorrect. [D:\ECE\FPGA Training NTI\LAB3_SIPO_ALU\LAB3_SIPO_ALU.srcs\sources_1\new\SIPO.v:]
WARNING: [filemgmt 56-199] Attempt to get parsing info during refresh. "On-the-fly" syntax checking information may be incorrect. [D:\ECE\FPGA Training NTI\LAB4\LAB4.srcs\sources_1\new\TOP_TB.v:]
WARNING: [filemgmt 56-199] Attempt to get parsing info during refresh. "On-the-fly" syntax checking information may be incorrect. [D:\ECE\FPGA Training NTI\LAB3_SIPO_ALU\LAB3_SIPO_ALU.srcs\sources_1\new\PISO.v:]
WARNING: [filemgmt 56-199] Attempt to get parsing info during refresh. "On-the-fly" syntax checking information may be incorrect. [D:\ECE\FPGA Training NTI\LAB4\LAB4.srcs\sources_1\new\TOP_SYSTEM.v:]
WARNING: [filemgmt 56-199] Attempt to get parsing info during refresh. "On-the-fly" syntax checking information may be incorrect. [D:\ECE\FPGA Training NTI\LAB4\LAB4.srcs\sources_1\new\TOP_SYSTEM.v:]
WARNING: [filemgmt 56-199] Attempt to get parsing info during refresh. "On-the-fly" syntax checking information may be incorrect. [D:\ECE\FPGA Training NTI\LAB4\LAB4.srcs\sources_1\new\TOP_SYSTEM.v:]
WARNING: [filemgmt 56-199] Attempt to get parsing info during refresh. "On-the-fly" syntax checking information may be incorrect. [D:\ECE\FPGA Training NTI\LAB3_SIPO_ALU\LAB3_SIPO_ALU.srcs\sources_1\new\ALU.v:]
WARNING: [filemgmt 56-199] Attempt to get parsing info during refresh. "On-the-fly" syntax checking information may be incorrect. [D:\ECE\FPGA Training NTI\LAB3_SIPO_ALU\LAB3_SIPO_ALU.srcs\sources_1\new\RAM.v:]
WARNING: [filemgmt 56-199] Attempt to get parsing info during refresh. "On-the-fly" syntax checking information may be incorrect. [D:\ECE\FPGA Training NTI\LAB3_SIPO_ALU\LAB3_SIPO_ALU.srcs\sources_1\new\SIPO.v:]
WARNING: [filemgmt 56-199] Attempt to get parsing info during refresh. "On-the-fly" syntax checking information may be incorrect. [D:\ECE\FPGA Training NTI\LAB4\LAB4.srcs\sources_1\new\TOP_TB.v:]
WARNING: [filemgmt 56-199] Attempt to get parsing info during refresh. "On-the-fly" syntax checking information may be incorrect. [D:\ECE\FPGA Training NTI\LAB3_SIPO_ALU\LAB3_SIPO_ALU.srcs\sources_1\new\PISO.v:]
WARNING: [filemgmt 56-199] Attempt to get parsing info during refresh. "On-the-fly" syntax checking information may be incorrect. [D:\ECE\FPGA Training NTI\LAB3_SIPO_ALU\LAB3_SIPO_ALU.srcs\sources_1\new\PISO.v:]
WARNING: [filemgmt 56-199] Attempt to get parsing info during refresh. "On-the-fly" syntax checking information may be incorrect. [D:\ECE\FPGA Training NTI\LAB3_SIPO_ALU\LAB3_SIPO_ALU.srcs\sources_1\new\PISO.v:]
WARNING: [filemgmt 56-199] Attempt to get parsing info during refresh. "On-the-fly" syntax checking information may be incorrect. [D:\ECE\FPGA Training NTI\LAB4\LAB4.srcs\sources_1\new\TOP_SYSTEM.v:]
WARNING: [filemgmt 56-199] Attempt to get parsing info during refresh. "On-the-fly" syntax checking information may be incorrect. [D:\ECE\FPGA Training NTI\LAB3_SIPO_ALU\LAB3_SIPO_ALU.srcs\sources_1\new\ALU.v:]
WARNING: [filemgmt 56-199] Attempt to get parsing info during refresh. "On-the-fly" syntax checking information may be incorrect. [D:\ECE\FPGA Training NTI\LAB3_SIPO_ALU\LAB3_SIPO_ALU.srcs\sources_1\new\RAM.v:]
WARNING: [filemgmt 56-199] Attempt to get parsing info during refresh. "On-the-fly" syntax checking information may be incorrect. [D:\ECE\FPGA Training NTI\LAB3_SIPO_ALU\LAB3_SIPO_ALU.srcs\sources_1\new\SIPO.v:]
WARNING: [filemgmt 56-199] Attempt to get parsing info during refresh. "On-the-fly" syntax checking information may be incorrect. [D:\ECE\FPGA Training NTI\LAB4\LAB4.srcs\sources_1\new\TOP_TB.v:]
WARNING: [filemgmt 56-199] Attempt to get parsing info during refresh. "On-the-fly" syntax checking information may be incorrect. [D:\ECE\FPGA Training NTI\LAB3_SIPO_ALU\LAB3_SIPO_ALU.srcs\sources_1\new\PISO.v:]
WARNING: [filemgmt 56-199] Attempt to get parsing info during refresh. "On-the-fly" syntax checking information may be incorrect. [D:\ECE\FPGA Training NTI\LAB3_SIPO_ALU\LAB3_SIPO_ALU.srcs\sources_1\new\ALU.v:]
WARNING: [filemgmt 56-199] Attempt to get parsing info during refresh. "On-the-fly" syntax checking information may be incorrect. [D:\ECE\FPGA Training NTI\LAB3_SIPO_ALU\LAB3_SIPO_ALU.srcs\sources_1\new\ALU.v:]
INFO: [Simtcl 6-16] Simulation closed
launch_simulation
Command: launch_simulation 
INFO: [Vivado 12-12493] Simulation top is 'TOP_SYSTEM_tb'
INFO: [Vivado 12-5682] Launching behavioral simulation in 'D:/ECE/FPGA Training NTI/LAB4/LAB4.sim/sim_1/behav/xsim'
INFO: [SIM-utils-51] Simulation object is 'sim_1'
INFO: [SIM-utils-72] Using boost library from 'C:/Xilinx/2025.1/Vivado/tps/boost_1_72_0'
ERROR: [Common 17-180] Spawn failed: The operation completed successfully.

WARNING: [filemgmt 56-199] Attempt to get parsing info during refresh. "On-the-fly" syntax checking information may be incorrect. [D:\ECE\FPGA Training NTI\LAB4\LAB4.srcs\sources_1\new\TOP_SYSTEM.v:]
WARNING: [filemgmt 56-199] Attempt to get parsing info during refresh. "On-the-fly" syntax checking information may be incorrect. [D:\ECE\FPGA Training NTI\LAB3_SIPO_ALU\LAB3_SIPO_ALU.srcs\sources_1\new\ALU.v:]
WARNING: [filemgmt 56-199] Attempt to get parsing info during refresh. "On-the-fly" syntax checking information may be incorrect. [D:\ECE\FPGA Training NTI\LAB3_SIPO_ALU\LAB3_SIPO_ALU.srcs\sources_1\new\RAM.v:]
WARNING: [filemgmt 56-199] Attempt to get parsing info during refresh. "On-the-fly" syntax checking information may be incorrect. [D:\ECE\FPGA Training NTI\LAB3_SIPO_ALU\LAB3_SIPO_ALU.srcs\sources_1\new\SIPO.v:]
WARNING: [filemgmt 56-199] Attempt to get parsing info during refresh. "On-the-fly" syntax checking information may be incorrect. [D:\ECE\FPGA Training NTI\LAB4\LAB4.srcs\sources_1\new\TOP_TB.v:]
WARNING: [filemgmt 56-199] Attempt to get parsing info during refresh. "On-the-fly" syntax checking information may be incorrect. [D:\ECE\FPGA Training NTI\LAB3_SIPO_ALU\LAB3_SIPO_ALU.srcs\sources_1\new\PISO.v:]
WARNING: [filemgmt 56-199] Attempt to get parsing info during refresh. "On-the-fly" syntax checking information may be incorrect. [D:\ECE\FPGA Training NTI\LAB4\LAB4.srcs\sources_1\new\TOP_TB.v:]
WARNING: [filemgmt 56-199] Attempt to get parsing info during refresh. "On-the-fly" syntax checking information may be incorrect. [D:\ECE\FPGA Training NTI\LAB4\LAB4.srcs\sources_1\new\TOP_TB.v:]
WARNING: [filemgmt 56-199] Attempt to get parsing info during refresh. "On-the-fly" syntax checking information may be incorrect. [D:\ECE\FPGA Training NTI\LAB4\LAB4.srcs\sources_1\new\TOP_SYSTEM.v:]
WARNING: [filemgmt 56-199] Attempt to get parsing info during refresh. "On-the-fly" syntax checking information may be incorrect. [D:\ECE\FPGA Training NTI\LAB3_SIPO_ALU\LAB3_SIPO_ALU.srcs\sources_1\new\ALU.v:]
WARNING: [filemgmt 56-199] Attempt to get parsing info during refresh. "On-the-fly" syntax checking information may be incorrect. [D:\ECE\FPGA Training NTI\LAB3_SIPO_ALU\LAB3_SIPO_ALU.srcs\sources_1\new\RAM.v:]
WARNING: [filemgmt 56-199] Attempt to get parsing info during refresh. "On-the-fly" syntax checking information may be incorrect. [D:\ECE\FPGA Training NTI\LAB3_SIPO_ALU\LAB3_SIPO_ALU.srcs\sources_1\new\SIPO.v:]
WARNING: [filemgmt 56-199] Attempt to get parsing info during refresh. "On-the-fly" syntax checking information may be incorrect. [D:\ECE\FPGA Training NTI\LAB4\LAB4.srcs\sources_1\new\TOP_TB.v:]
WARNING: [filemgmt 56-199] Attempt to get parsing info during refresh. "On-the-fly" syntax checking information may be incorrect. [D:\ECE\FPGA Training NTI\LAB3_SIPO_ALU\LAB3_SIPO_ALU.srcs\sources_1\new\PISO.v:]
WARNING: [filemgmt 56-199] Attempt to get parsing info during refresh. "On-the-fly" syntax checking information may be incorrect. [D:\ECE\FPGA Training NTI\LAB3_SIPO_ALU\LAB3_SIPO_ALU.srcs\sources_1\new\SIPO.v:]
WARNING: [filemgmt 56-199] Attempt to get parsing info during refresh. "On-the-fly" syntax checking information may be incorrect. [D:\ECE\FPGA Training NTI\LAB3_SIPO_ALU\LAB3_SIPO_ALU.srcs\sources_1\new\SIPO.v:]
ERROR: [Common 17-39] 'get_xpm_libraries' failed due to earlier errors.

    while executing
"rdi::get_xpm_libraries"
    (procedure "xcs_get_xpm_libraries" line 14)
    invoked from within
"xcs_get_xpm_libraries"
    (procedure "usf_xsim_setup_simulation" line 50)
    invoked from within
"usf_xsim_setup_simulation"
    (procedure "tclapp::xilinx::xsim::setup" line 29)
    invoked from within
"tclapp::xilinx::xsim::setup { -simset sim_1 -mode behavioral -run_dir {D:/ECE/FPGA Training NTI/LAB4/LAB4.sim/sim_1/behav/xsim} -int_os_type 64 -int_d..."
ERROR: [Vivado 12-4473] Detected error while running simulation. Please correct the issue and retry this operation.
ERROR: [Common 17-39] 'launch_simulation' failed due to earlier errors.
ERROR: [Common 17-180] Spawn failed: The operation completed successfully.

launch_simulation
Command: launch_simulation 
INFO: [Vivado 12-12493] Simulation top is 'TOP_SYSTEM_tb'
INFO: [Vivado 12-5682] Launching behavioral simulation in 'D:/ECE/FPGA Training NTI/LAB4/LAB4.sim/sim_1/behav/xsim'
INFO: [SIM-utils-51] Simulation object is 'sim_1'
INFO: [SIM-utils-72] Using boost library from 'C:/Xilinx/2025.1/Vivado/tps/boost_1_72_0'
INFO: [SIM-utils-54] Inspecting design source files for 'TOP_SYSTEM_tb' in fileset 'sim_1'...
INFO: [USF-XSim-97] Finding global include files...
INFO: [USF-XSim-100] Fetching design files from 'sources_1'...(this may take a while)...
INFO: [USF-XSim-101] Fetching design files from 'sim_1'...
INFO: [USF-XSim-2] XSim::Compile design
INFO: [USF-XSim-61] Executing 'COMPILE and ANALYZE' step in 'D:/ECE/FPGA Training NTI/LAB4/LAB4.sim/sim_1/behav/xsim'
"xvlog --incr --relax -prj TOP_SYSTEM_tb_vlog.prj"
INFO: [VRFC 10-2263] Analyzing Verilog file "D:/ECE/FPGA Training NTI/LAB3_SIPO_ALU/LAB3_SIPO_ALU.srcs/sources_1/new/ALU.v" into library xil_defaultlib
INFO: [VRFC 10-311] analyzing module ALU
INFO: [VRFC 10-2263] Analyzing Verilog file "D:/ECE/FPGA Training NTI/LAB3_SIPO_ALU/LAB3_SIPO_ALU.srcs/sources_1/new/PISO.v" into library xil_defaultlib
INFO: [VRFC 10-311] analyzing module PISO
INFO: [VRFC 10-2263] Analyzing Verilog file "D:/ECE/FPGA Training NTI/LAB3_SIPO_ALU/LAB3_SIPO_ALU.srcs/sources_1/new/RAM.v" into library xil_defaultlib
INFO: [VRFC 10-311] analyzing module RAM
INFO: [VRFC 10-2263] Analyzing Verilog file "D:/ECE/FPGA Training NTI/LAB3_SIPO_ALU/LAB3_SIPO_ALU.srcs/sources_1/new/SIPO.v" into library xil_defaultlib
INFO: [VRFC 10-311] analyzing module SIPO
INFO: [VRFC 10-2263] Analyzing Verilog file "D:/ECE/FPGA Training NTI/LAB4/LAB4.srcs/sources_1/new/TOP_SYSTEM.v" into library xil_defaultlib
INFO: [VRFC 10-311] analyzing module TOP_SYSTEM
INFO: [VRFC 10-2263] Analyzing Verilog file "D:/ECE/FPGA Training NTI/LAB4/LAB4.srcs/sources_1/new/TOP_TB.v" into library xil_defaultlib
INFO: [VRFC 10-311] analyzing module TOP_SYSTEM_tb
INFO: [USF-XSim-69] 'compile' step finished in '1' seconds
INFO: [USF-XSim-3] XSim::Elaborate design
INFO: [USF-XSim-61] Executing 'ELABORATE' step in 'D:/ECE/FPGA Training NTI/LAB4/LAB4.sim/sim_1/behav/xsim'
"xelab --incr --debug typical --relax --mt 2 -L xil_defaultlib -L unisims_ver -L unimacro_ver -L secureip --snapshot TOP_SYSTEM_tb_behav xil_defaultlib.TOP_SYSTEM_tb xil_defaultlib.glbl -log elaborate.log"
Vivado Simulator v2025.1.0
Copyright 1986-2022 Xilinx, Inc. All Rights Reserved.
Copyright 2022-2025 Advanced Micro Devices, Inc. All Rights Reserved.
Running: C:/Xilinx/2025.1/Vivado/bin/unwrapped/win64.o/xelab.exe --incr --debug typical --relax --mt 2 -L xil_defaultlib -L unisims_ver -L unimacro_ver -L secureip --snapshot TOP_SYSTEM_tb_behav xil_defaultlib.TOP_SYSTEM_tb xil_defaultlib.glbl -log elaborate.log 
Using 2 slave threads.
Starting static elaboration
Pass Through NonSizing Optimizer
Completed static elaboration
Starting simulation data flow analysis
Completed simulation data flow analysis
Time Resolution for simulation is 1ps
Compiling module xil_defaultlib.RAM
Compiling module xil_defaultlib.PISO
Compiling module xil_defaultlib.SIPO
Compiling module xil_defaultlib.ALU
Compiling module xil_defaultlib.TOP_SYSTEM
Compiling module xil_defaultlib.TOP_SYSTEM_tb
Compiling module xil_defaultlib.glbl
Built simulation snapshot TOP_SYSTEM_tb_behav
INFO: [USF-XSim-69] 'elaborate' step finished in '2' seconds
INFO: [USF-XSim-4] XSim::Simulate design
WARNING: [USF-XSim-17] WCFG file does not exist:D:/ECE/FPGA Training NTI/LAB4/TOP_SYSTEM_tb_behav.wcfg
WARNING: [USF-XSim-17] WCFG file does not exist:D:/ECE/FPGA Training NTI/LAB4/TOP_SYSTEM_tb_behav.wcfg
INFO: [USF-XSim-61] Executing 'SIMULATE' step in 'D:/ECE/FPGA Training NTI/LAB4/LAB4.sim/sim_1/behav/xsim'
INFO: [USF-XSim-98] *** Running xsim
   with args "TOP_SYSTEM_tb_behav -key {Behavioral:sim_1:Functional:TOP_SYSTEM_tb} -tclbatch {TOP_SYSTEM_tb.tcl} -log {simulate.log}"
INFO: [USF-XSim-8] Loading simulator feature
Time resolution is 1 ps
source TOP_SYSTEM_tb.tcl
# set curr_wave [current_wave_config]
# if { [string length $curr_wave] == 0 } {
#   if { [llength [get_objects]] > 0} {
#     add_wave /
#     set_property needs_save false [current_wave_config]
#   } else {
#      send_msg_id Add_Wave-1 WARNING "No top level signals found. Simulator will start without a wave window. If you want to open a wave window go to 'File->New Waveform Configuration' or type 'create_wave_config' in the TCL console."
#   }
# }
# run 1000ns

--- Test 1: Write and Process ADD ---
   [PASSED] ALU ADD (10 + 5) | alu_out= 15

--- Test 2: Write and Process SUB ---
INFO: [USF-XSim-96] XSim completed. Design snapshot 'TOP_SYSTEM_tb_behav' loaded.
INFO: [USF-XSim-97] XSim simulation ran for 1000ns
launch_simulation: Time (s): cpu = 00:00:02 ; elapsed = 00:00:06 . Memory (MB): peak = 1846.238 ; gain = 0.000
run all
   [FAILED] ALU SUB (20 - 10) | alu_out=  0 (Exp: 10) | zero=0 (Exp:0)

--- Test 3: Write and Process AND ---
   [FAILED]  AND (0 & 255), a_is_zero flag=1 | alu_out=  0 (Exp:  0) | zero=0 (Exp:1)

>>> 2 TESTS FAILED OUT OF 3 <<<
$stop called at time : 2202 ns : File "D:/ECE/FPGA Training NTI/LAB4/LAB4.srcs/sources_1/new/TOP_TB.v" Line 131
WARNING: [filemgmt 56-199] Attempt to get parsing info during refresh. "On-the-fly" syntax checking information may be incorrect. [D:\ECE\FPGA Training NTI\LAB4\LAB4.srcs\sources_1\new\TOP_SYSTEM.v:]
WARNING: [filemgmt 56-199] Attempt to get parsing info during refresh. "On-the-fly" syntax checking information may be incorrect. [D:\ECE\FPGA Training NTI\LAB3_SIPO_ALU\LAB3_SIPO_ALU.srcs\sources_1\new\ALU.v:]
WARNING: [filemgmt 56-199] Attempt to get parsing info during refresh. "On-the-fly" syntax checking information may be incorrect. [D:\ECE\FPGA Training NTI\LAB3_SIPO_ALU\LAB3_SIPO_ALU.srcs\sources_1\new\RAM.v:]
WARNING: [filemgmt 56-199] Attempt to get parsing info during refresh. "On-the-fly" syntax checking information may be incorrect. [D:\ECE\FPGA Training NTI\LAB3_SIPO_ALU\LAB3_SIPO_ALU.srcs\sources_1\new\SIPO.v:]
WARNING: [filemgmt 56-199] Attempt to get parsing info during refresh. "On-the-fly" syntax checking information may be incorrect. [D:\ECE\FPGA Training NTI\LAB4\LAB4.srcs\sources_1\new\TOP_TB.v:]
WARNING: [filemgmt 56-199] Attempt to get parsing info during refresh. "On-the-fly" syntax checking information may be incorrect. [D:\ECE\FPGA Training NTI\LAB3_SIPO_ALU\LAB3_SIPO_ALU.srcs\sources_1\new\PISO.v:]
WARNING: [filemgmt 56-199] Attempt to get parsing info during refresh. "On-the-fly" syntax checking information may be incorrect. [D:\ECE\FPGA Training NTI\LAB4\LAB4.srcs\sources_1\new\TOP_SYSTEM.v:]
WARNING: [filemgmt 56-199] Attempt to get parsing info during refresh. "On-the-fly" syntax checking information may be incorrect. [D:\ECE\FPGA Training NTI\LAB4\LAB4.srcs\sources_1\new\TOP_SYSTEM.v:]
WARNING: [filemgmt 56-199] Attempt to get parsing info during refresh. "On-the-fly" syntax checking information may be incorrect. [D:\ECE\FPGA Training NTI\LAB4\LAB4.srcs\sources_1\new\TOP_SYSTEM.v:]
WARNING: [filemgmt 56-199] Attempt to get parsing info during refresh. "On-the-fly" syntax checking information may be incorrect. [D:\ECE\FPGA Training NTI\LAB3_SIPO_ALU\LAB3_SIPO_ALU.srcs\sources_1\new\ALU.v:]
WARNING: [filemgmt 56-199] Attempt to get parsing info during refresh. "On-the-fly" syntax checking information may be incorrect. [D:\ECE\FPGA Training NTI\LAB3_SIPO_ALU\LAB3_SIPO_ALU.srcs\sources_1\new\RAM.v:]
WARNING: [filemgmt 56-199] Attempt to get parsing info during refresh. "On-the-fly" syntax checking information may be incorrect. [D:\ECE\FPGA Training NTI\LAB3_SIPO_ALU\LAB3_SIPO_ALU.srcs\sources_1\new\SIPO.v:]
WARNING: [filemgmt 56-199] Attempt to get parsing info during refresh. "On-the-fly" syntax checking information may be incorrect. [D:\ECE\FPGA Training NTI\LAB4\LAB4.srcs\sources_1\new\TOP_TB.v:]
WARNING: [filemgmt 56-199] Attempt to get parsing info during refresh. "On-the-fly" syntax checking information may be incorrect. [D:\ECE\FPGA Training NTI\LAB3_SIPO_ALU\LAB3_SIPO_ALU.srcs\sources_1\new\PISO.v:]
WARNING: [filemgmt 56-199] Attempt to get parsing info during refresh. "On-the-fly" syntax checking information may be incorrect. [D:\ECE\FPGA Training NTI\LAB3_SIPO_ALU\LAB3_SIPO_ALU.srcs\sources_1\new\ALU.v:]
WARNING: [filemgmt 56-199] Attempt to get parsing info during refresh. "On-the-fly" syntax checking information may be incorrect. [D:\ECE\FPGA Training NTI\LAB3_SIPO_ALU\LAB3_SIPO_ALU.srcs\sources_1\new\ALU.v:]
WARNING: [filemgmt 56-199] Attempt to get parsing info during refresh. "On-the-fly" syntax checking information may be incorrect. [D:\ECE\FPGA Training NTI\LAB4\LAB4.srcs\sources_1\new\TOP_SYSTEM.v:]
WARNING: [filemgmt 56-199] Attempt to get parsing info during refresh. "On-the-fly" syntax checking information may be incorrect. [D:\ECE\FPGA Training NTI\LAB3_SIPO_ALU\LAB3_SIPO_ALU.srcs\sources_1\new\ALU.v:]
WARNING: [filemgmt 56-199] Attempt to get parsing info during refresh. "On-the-fly" syntax checking information may be incorrect. [D:\ECE\FPGA Training NTI\LAB3_SIPO_ALU\LAB3_SIPO_ALU.srcs\sources_1\new\RAM.v:]
WARNING: [filemgmt 56-199] Attempt to get parsing info during refresh. "On-the-fly" syntax checking information may be incorrect. [D:\ECE\FPGA Training NTI\LAB3_SIPO_ALU\LAB3_SIPO_ALU.srcs\sources_1\new\SIPO.v:]
WARNING: [filemgmt 56-199] Attempt to get parsing info during refresh. "On-the-fly" syntax checking information may be incorrect. [D:\ECE\FPGA Training NTI\LAB4\LAB4.srcs\sources_1\new\TOP_TB.v:]
WARNING: [filemgmt 56-199] Attempt to get parsing info during refresh. "On-the-fly" syntax checking information may be incorrect. [D:\ECE\FPGA Training NTI\LAB3_SIPO_ALU\LAB3_SIPO_ALU.srcs\sources_1\new\PISO.v:]
WARNING: [filemgmt 56-199] Attempt to get parsing info during refresh. "On-the-fly" syntax checking information may be incorrect. [D:\ECE\FPGA Training NTI\LAB3_SIPO_ALU\LAB3_SIPO_ALU.srcs\sources_1\new\SIPO.v:]
WARNING: [filemgmt 56-199] Attempt to get parsing info during refresh. "On-the-fly" syntax checking information may be incorrect. [D:\ECE\FPGA Training NTI\LAB3_SIPO_ALU\LAB3_SIPO_ALU.srcs\sources_1\new\SIPO.v:]
WARNING: [filemgmt 56-199] Attempt to get parsing info during refresh. "On-the-fly" syntax checking information may be incorrect. [D:\ECE\FPGA Training NTI\LAB4\LAB4.srcs\sources_1\new\TOP_SYSTEM.v:]
WARNING: [filemgmt 56-199] Attempt to get parsing info during refresh. "On-the-fly" syntax checking information may be incorrect. [D:\ECE\FPGA Training NTI\LAB3_SIPO_ALU\LAB3_SIPO_ALU.srcs\sources_1\new\ALU.v:]
WARNING: [filemgmt 56-199] Attempt to get parsing info during refresh. "On-the-fly" syntax checking information may be incorrect. [D:\ECE\FPGA Training NTI\LAB3_SIPO_ALU\LAB3_SIPO_ALU.srcs\sources_1\new\RAM.v:]
WARNING: [filemgmt 56-199] Attempt to get parsing info during refresh. "On-the-fly" syntax checking information may be incorrect. [D:\ECE\FPGA Training NTI\LAB3_SIPO_ALU\LAB3_SIPO_ALU.srcs\sources_1\new\SIPO.v:]
WARNING: [filemgmt 56-199] Attempt to get parsing info during refresh. "On-the-fly" syntax checking information may be incorrect. [D:\ECE\FPGA Training NTI\LAB4\LAB4.srcs\sources_1\new\TOP_TB.v:]
WARNING: [filemgmt 56-199] Attempt to get parsing info during refresh. "On-the-fly" syntax checking information may be incorrect. [D:\ECE\FPGA Training NTI\LAB3_SIPO_ALU\LAB3_SIPO_ALU.srcs\sources_1\new\PISO.v:]
WARNING: [filemgmt 56-199] Attempt to get parsing info during refresh. "On-the-fly" syntax checking information may be incorrect. [D:\ECE\FPGA Training NTI\LAB3_SIPO_ALU\LAB3_SIPO_ALU.srcs\sources_1\new\RAM.v:]
WARNING: [filemgmt 56-199] Attempt to get parsing info during refresh. "On-the-fly" syntax checking information may be incorrect. [D:\ECE\FPGA Training NTI\LAB3_SIPO_ALU\LAB3_SIPO_ALU.srcs\sources_1\new\RAM.v:]
WARNING: [filemgmt 56-199] Attempt to get parsing info during refresh. "On-the-fly" syntax checking information may be incorrect. [D:\ECE\FPGA Training NTI\LAB4\LAB4.srcs\sources_1\new\TOP_SYSTEM.v:]
WARNING: [filemgmt 56-199] Attempt to get parsing info during refresh. "On-the-fly" syntax checking information may be incorrect. [D:\ECE\FPGA Training NTI\LAB3_SIPO_ALU\LAB3_SIPO_ALU.srcs\sources_1\new\ALU.v:]
WARNING: [filemgmt 56-199] Attempt to get parsing info during refresh. "On-the-fly" syntax checking information may be incorrect. [D:\ECE\FPGA Training NTI\LAB3_SIPO_ALU\LAB3_SIPO_ALU.srcs\sources_1\new\RAM.v:]
WARNING: [filemgmt 56-199] Attempt to get parsing info during refresh. "On-the-fly" syntax checking information may be incorrect. [D:\ECE\FPGA Training NTI\LAB3_SIPO_ALU\LAB3_SIPO_ALU.srcs\sources_1\new\SIPO.v:]
WARNING: [filemgmt 56-199] Attempt to get parsing info during refresh. "On-the-fly" syntax checking information may be incorrect. [D:\ECE\FPGA Training NTI\LAB4\LAB4.srcs\sources_1\new\TOP_TB.v:]
WARNING: [filemgmt 56-199] Attempt to get parsing info during refresh. "On-the-fly" syntax checking information may be incorrect. [D:\ECE\FPGA Training NTI\LAB3_SIPO_ALU\LAB3_SIPO_ALU.srcs\sources_1\new\PISO.v:]
WARNING: [filemgmt 56-199] Attempt to get parsing info during refresh. "On-the-fly" syntax checking information may be incorrect. [D:\ECE\FPGA Training NTI\LAB3_SIPO_ALU\LAB3_SIPO_ALU.srcs\sources_1\new\PISO.v:]
WARNING: [filemgmt 56-199] Attempt to get parsing info during refresh. "On-the-fly" syntax checking information may be incorrect. [D:\ECE\FPGA Training NTI\LAB3_SIPO_ALU\LAB3_SIPO_ALU.srcs\sources_1\new\PISO.v:]
ERROR: [Common 17-180] Spawn failed: The operation completed successfully.

relaunch_sim
Command: launch_simulation -step compile -simset sim_1 -mode behavioral
INFO: [Vivado 12-12493] Simulation top is 'TOP_SYSTEM_tb'
INFO: [Vivado 12-5682] Launching behavioral simulation in 'D:/ECE/FPGA Training NTI/LAB4/LAB4.sim/sim_1/behav/xsim'
INFO: [SIM-utils-51] Simulation object is 'sim_1'
INFO: [SIM-utils-72] Using boost library from 'C:/Xilinx/2025.1/Vivado/tps/boost_1_72_0'
INFO: [SIM-utils-54] Inspecting design source files for 'TOP_SYSTEM_tb' in fileset 'sim_1'...
INFO: [USF-XSim-97] Finding global include files...
INFO: [USF-XSim-100] Fetching design files from 'sources_1'...(this may take a while)...
INFO: [USF-XSim-101] Fetching design files from 'sim_1'...
INFO: [USF-XSim-2] XSim::Compile design
INFO: [USF-XSim-61] Executing 'COMPILE and ANALYZE' step in 'D:/ECE/FPGA Training NTI/LAB4/LAB4.sim/sim_1/behav/xsim'
"xvlog --incr --relax -prj TOP_SYSTEM_tb_vlog.prj"
INFO: [VRFC 10-2263] Analyzing Verilog file "D:/ECE/FPGA Training NTI/LAB3_SIPO_ALU/LAB3_SIPO_ALU.srcs/sources_1/new/ALU.v" into library xil_defaultlib
INFO: [VRFC 10-311] analyzing module ALU
INFO: [VRFC 10-2263] Analyzing Verilog file "D:/ECE/FPGA Training NTI/LAB3_SIPO_ALU/LAB3_SIPO_ALU.srcs/sources_1/new/PISO.v" into library xil_defaultlib
INFO: [VRFC 10-311] analyzing module PISO
INFO: [VRFC 10-2263] Analyzing Verilog file "D:/ECE/FPGA Training NTI/LAB3_SIPO_ALU/LAB3_SIPO_ALU.srcs/sources_1/new/RAM.v" into library xil_defaultlib
INFO: [VRFC 10-311] analyzing module RAM
INFO: [VRFC 10-2263] Analyzing Verilog file "D:/ECE/FPGA Training NTI/LAB3_SIPO_ALU/LAB3_SIPO_ALU.srcs/sources_1/new/SIPO.v" into library xil_defaultlib
INFO: [VRFC 10-311] analyzing module SIPO
INFO: [VRFC 10-2263] Analyzing Verilog file "D:/ECE/FPGA Training NTI/LAB4/LAB4.srcs/sources_1/new/TOP_SYSTEM.v" into library xil_defaultlib
INFO: [VRFC 10-311] analyzing module TOP_SYSTEM
INFO: [VRFC 10-2263] Analyzing Verilog file "D:/ECE/FPGA Training NTI/LAB4/LAB4.srcs/sources_1/new/TOP_TB.v" into library xil_defaultlib
INFO: [VRFC 10-311] analyzing module TOP_SYSTEM_tb
INFO: [USF-XSim-69] 'compile' step finished in '2' seconds
Command: launch_simulation -step elaborate -simset sim_1 -mode behavioral
INFO: [Vivado 12-12493] Simulation top is 'TOP_SYSTEM_tb'
INFO: [Vivado 12-5682] Launching behavioral simulation in 'D:/ECE/FPGA Training NTI/LAB4/LAB4.sim/sim_1/behav/xsim'
INFO: [SIM-utils-51] Simulation object is 'sim_1'
INFO: [USF-XSim-3] XSim::Elaborate design
INFO: [USF-XSim-61] Executing 'ELABORATE' step in 'D:/ECE/FPGA Training NTI/LAB4/LAB4.sim/sim_1/behav/xsim'
"xelab --incr --debug typical --relax --mt 2 -L xil_defaultlib -L unisims_ver -L unimacro_ver -L secureip --snapshot TOP_SYSTEM_tb_behav xil_defaultlib.TOP_SYSTEM_tb xil_defaultlib.glbl -log elaborate.log"
Vivado Simulator v2025.1.0
Copyright 1986-2022 Xilinx, Inc. All Rights Reserved.
Copyright 2022-2025 Advanced Micro Devices, Inc. All Rights Reserved.
Running: C:/Xilinx/2025.1/Vivado/bin/unwrapped/win64.o/xelab.exe --incr --debug typical --relax --mt 2 -L xil_defaultlib -L unisims_ver -L unimacro_ver -L secureip --snapshot TOP_SYSTEM_tb_behav xil_defaultlib.TOP_SYSTEM_tb xil_defaultlib.glbl -log elaborate.log 
Using 2 slave threads.
Starting static elaboration
Pass Through NonSizing Optimizer
Completed static elaboration
Starting simulation data flow analysis
Completed simulation data flow analysis
Time Resolution for simulation is 1ps
Compiling module xil_defaultlib.RAM
Compiling module xil_defaultlib.PISO
Compiling module xil_defaultlib.SIPO
Compiling module xil_defaultlib.ALU
Compiling module xil_defaultlib.TOP_SYSTEM
Compiling module xil_defaultlib.TOP_SYSTEM_tb
Compiling module xil_defaultlib.glbl
Built simulation snapshot TOP_SYSTEM_tb_behav
INFO: [USF-XSim-69] 'elaborate' step finished in '2' seconds
Time resolution is 1 ps

--- Test 1: Write and Process ADD ---
relaunch_sim: Time (s): cpu = 00:00:01 ; elapsed = 00:00:06 . Memory (MB): peak = 1846.238 ; gain = 0.000
run all
   [FAILED] ALU ADD (10 + 5) | alu_out=  0 (Exp: 15) | zero=0 (Exp:0)

--- Test 2: Write and Process SUB ---
   [FAILED] ALU SUB (20 - 10) | alu_out=  0 (Exp: 10) | zero=0 (Exp:0)

--- Test 3: Write and Process AND ---
   [FAILED]  AND (0 & 255), a_is_zero flag=1 | alu_out=  0 (Exp:  0) | zero=0 (Exp:1)

>>> 3 TESTS FAILED OUT OF 3 <<<
$stop called at time : 3102 ns : File "D:/ECE/FPGA Training NTI/LAB4/LAB4.srcs/sources_1/new/TOP_TB.v" Line 131
close_sim
INFO: [Simtcl 6-16] Simulation closed
launch_simulation
Command: launch_simulation 
INFO: [Vivado 12-12493] Simulation top is 'TOP_SYSTEM_tb'
INFO: [Vivado 12-5682] Launching behavioral simulation in 'D:/ECE/FPGA Training NTI/LAB4/LAB4.sim/sim_1/behav/xsim'
INFO: [SIM-utils-51] Simulation object is 'sim_1'
INFO: [SIM-utils-72] Using boost library from 'C:/Xilinx/2025.1/Vivado/tps/boost_1_72_0'
INFO: [SIM-utils-54] Inspecting design source files for 'TOP_SYSTEM_tb' in fileset 'sim_1'...
INFO: [USF-XSim-97] Finding global include files...
INFO: [USF-XSim-100] Fetching design files from 'sources_1'...(this may take a while)...
INFO: [USF-XSim-101] Fetching design files from 'sim_1'...
INFO: [USF-XSim-2] XSim::Compile design
INFO: [USF-XSim-61] Executing 'COMPILE and ANALYZE' step in 'D:/ECE/FPGA Training NTI/LAB4/LAB4.sim/sim_1/behav/xsim'
"xvlog --incr --relax -prj TOP_SYSTEM_tb_vlog.prj"
INFO: [VRFC 10-2263] Analyzing Verilog file "D:/ECE/FPGA Training NTI/LAB3_SIPO_ALU/LAB3_SIPO_ALU.srcs/sources_1/new/ALU.v" into library xil_defaultlib
INFO: [VRFC 10-311] analyzing module ALU
INFO: [VRFC 10-2263] Analyzing Verilog file "D:/ECE/FPGA Training NTI/LAB3_SIPO_ALU/LAB3_SIPO_ALU.srcs/sources_1/new/PISO.v" into library xil_defaultlib
INFO: [VRFC 10-311] analyzing module PISO
INFO: [VRFC 10-2263] Analyzing Verilog file "D:/ECE/FPGA Training NTI/LAB3_SIPO_ALU/LAB3_SIPO_ALU.srcs/sources_1/new/RAM.v" into library xil_defaultlib
INFO: [VRFC 10-311] analyzing module RAM
INFO: [VRFC 10-2263] Analyzing Verilog file "D:/ECE/FPGA Training NTI/LAB3_SIPO_ALU/LAB3_SIPO_ALU.srcs/sources_1/new/SIPO.v" into library xil_defaultlib
INFO: [VRFC 10-311] analyzing module SIPO
INFO: [VRFC 10-2263] Analyzing Verilog file "D:/ECE/FPGA Training NTI/LAB4/LAB4.srcs/sources_1/new/TOP_SYSTEM.v" into library xil_defaultlib
INFO: [VRFC 10-311] analyzing module TOP_SYSTEM
INFO: [VRFC 10-2263] Analyzing Verilog file "D:/ECE/FPGA Training NTI/LAB4/LAB4.srcs/sources_1/new/TOP_TB.v" into library xil_defaultlib
INFO: [VRFC 10-311] analyzing module TOP_SYSTEM_tb
INFO: [USF-XSim-69] 'compile' step finished in '1' seconds
INFO: [USF-XSim-3] XSim::Elaborate design
INFO: [USF-XSim-61] Executing 'ELABORATE' step in 'D:/ECE/FPGA Training NTI/LAB4/LAB4.sim/sim_1/behav/xsim'
"xelab --incr --debug typical --relax --mt 2 -L xil_defaultlib -L unisims_ver -L unimacro_ver -L secureip --snapshot TOP_SYSTEM_tb_behav xil_defaultlib.TOP_SYSTEM_tb xil_defaultlib.glbl -log elaborate.log"
Vivado Simulator v2025.1.0
Copyright 1986-2022 Xilinx, Inc. All Rights Reserved.
Copyright 2022-2025 Advanced Micro Devices, Inc. All Rights Reserved.
Running: C:/Xilinx/2025.1/Vivado/bin/unwrapped/win64.o/xelab.exe --incr --debug typical --relax --mt 2 -L xil_defaultlib -L unisims_ver -L unimacro_ver -L secureip --snapshot TOP_SYSTEM_tb_behav xil_defaultlib.TOP_SYSTEM_tb xil_defaultlib.glbl -log elaborate.log 
Using 2 slave threads.
Starting static elaboration
Pass Through NonSizing Optimizer
Completed static elaboration
Starting simulation data flow analysis
Completed simulation data flow analysis
Time Resolution for simulation is 1ps
Compiling module xil_defaultlib.RAM
Compiling module xil_defaultlib.PISO
Compiling module xil_defaultlib.SIPO
Compiling module xil_defaultlib.ALU
Compiling module xil_defaultlib.TOP_SYSTEM
Compiling module xil_defaultlib.TOP_SYSTEM_tb
Compiling module xil_defaultlib.glbl
Built simulation snapshot TOP_SYSTEM_tb_behav
INFO: [USF-XSim-69] 'elaborate' step finished in '2' seconds
INFO: [USF-XSim-4] XSim::Simulate design
WARNING: [USF-XSim-17] WCFG file does not exist:D:/ECE/FPGA Training NTI/LAB4/TOP_SYSTEM_tb_behav.wcfg
WARNING: [USF-XSim-17] WCFG file does not exist:D:/ECE/FPGA Training NTI/LAB4/TOP_SYSTEM_tb_behav.wcfg
INFO: [USF-XSim-61] Executing 'SIMULATE' step in 'D:/ECE/FPGA Training NTI/LAB4/LAB4.sim/sim_1/behav/xsim'
INFO: [USF-XSim-98] *** Running xsim
   with args "TOP_SYSTEM_tb_behav -key {Behavioral:sim_1:Functional:TOP_SYSTEM_tb} -tclbatch {TOP_SYSTEM_tb.tcl} -log {simulate.log}"
INFO: [USF-XSim-8] Loading simulator feature
Time resolution is 1 ps
source TOP_SYSTEM_tb.tcl
# set curr_wave [current_wave_config]
# if { [string length $curr_wave] == 0 } {
#   if { [llength [get_objects]] > 0} {
#     add_wave /
#     set_property needs_save false [current_wave_config]
#   } else {
#      send_msg_id Add_Wave-1 WARNING "No top level signals found. Simulator will start without a wave window. If you want to open a wave window go to 'File->New Waveform Configuration' or type 'create_wave_config' in the TCL console."
#   }
# }
# run 1000ns

--- Test 1: Write and Process ADD ---
   [PASSED] ALU ADD (10 + 5) | alu_out= 15

--- Test 2: Write and Process SUB ---
   [PASSED] ALU SUB (20 - 10) | alu_out= 10

--- Test 3: Write and Process AND ---
   [PASSED]  AND (0 & 255), a_is_zero flag=1 | alu_out=  0

>>> ALL 3 TESTS PASSED <<<
$stop called at time : 707 ns : File "D:/ECE/FPGA Training NTI/LAB4/LAB4.srcs/sources_1/new/TOP_TB.v" Line 131
INFO: [USF-XSim-96] XSim completed. Design snapshot 'TOP_SYSTEM_tb_behav' loaded.
INFO: [USF-XSim-97] XSim simulation ran for 1000ns
launch_simulation: Time (s): cpu = 00:00:02 ; elapsed = 00:00:09 . Memory (MB): peak = 1846.238 ; gain = 0.000
WARNING: [filemgmt 56-199] Attempt to get parsing info during refresh. "On-the-fly" syntax checking information may be incorrect. [D:\ECE\FPGA Training NTI\LAB4\LAB4.srcs\sources_1\new\TOP_SYSTEM.v:]
WARNING: [filemgmt 56-199] Attempt to get parsing info during refresh. "On-the-fly" syntax checking information may be incorrect. [D:\ECE\FPGA Training NTI\LAB3_SIPO_ALU\LAB3_SIPO_ALU.srcs\sources_1\new\ALU.v:]
WARNING: [filemgmt 56-199] Attempt to get parsing info during refresh. "On-the-fly" syntax checking information may be incorrect. [D:\ECE\FPGA Training NTI\LAB3_SIPO_ALU\LAB3_SIPO_ALU.srcs\sources_1\new\RAM.v:]
WARNING: [filemgmt 56-199] Attempt to get parsing info during refresh. "On-the-fly" syntax checking information may be incorrect. [D:\ECE\FPGA Training NTI\LAB3_SIPO_ALU\LAB3_SIPO_ALU.srcs\sources_1\new\SIPO.v:]
WARNING: [filemgmt 56-199] Attempt to get parsing info during refresh. "On-the-fly" syntax checking information may be incorrect. [D:\ECE\FPGA Training NTI\LAB4\LAB4.srcs\sources_1\new\TOP_TB.v:]
WARNING: [filemgmt 56-199] Attempt to get parsing info during refresh. "On-the-fly" syntax checking information may be incorrect. [D:\ECE\FPGA Training NTI\LAB3_SIPO_ALU\LAB3_SIPO_ALU.srcs\sources_1\new\PISO.v:]
WARNING: [filemgmt 56-199] Attempt to get parsing info during refresh. "On-the-fly" syntax checking information may be incorrect. [D:\ECE\FPGA Training NTI\LAB4\LAB4.srcs\sources_1\new\TOP_TB.v:]
WARNING: [filemgmt 56-199] Attempt to get parsing info during refresh. "On-the-fly" syntax checking information may be incorrect. [D:\ECE\FPGA Training NTI\LAB4\LAB4.srcs\sources_1\new\TOP_TB.v:]
WARNING: [filemgmt 56-199] Attempt to get parsing info during refresh. "On-the-fly" syntax checking information may be incorrect. [D:\ECE\FPGA Training NTI\LAB4\LAB4.srcs\sources_1\new\TOP_SYSTEM.v:]
WARNING: [filemgmt 56-199] Attempt to get parsing info during refresh. "On-the-fly" syntax checking information may be incorrect. [D:\ECE\FPGA Training NTI\LAB3_SIPO_ALU\LAB3_SIPO_ALU.srcs\sources_1\new\ALU.v:]
WARNING: [filemgmt 56-199] Attempt to get parsing info during refresh. "On-the-fly" syntax checking information may be incorrect. [D:\ECE\FPGA Training NTI\LAB3_SIPO_ALU\LAB3_SIPO_ALU.srcs\sources_1\new\RAM.v:]
WARNING: [filemgmt 56-199] Attempt to get parsing info during refresh. "On-the-fly" syntax checking information may be incorrect. [D:\ECE\FPGA Training NTI\LAB3_SIPO_ALU\LAB3_SIPO_ALU.srcs\sources_1\new\SIPO.v:]
WARNING: [filemgmt 56-199] Attempt to get parsing info during refresh. "On-the-fly" syntax checking information may be incorrect. [D:\ECE\FPGA Training NTI\LAB4\LAB4.srcs\sources_1\new\TOP_TB.v:]
WARNING: [filemgmt 56-199] Attempt to get parsing info during refresh. "On-the-fly" syntax checking information may be incorrect. [D:\ECE\FPGA Training NTI\LAB3_SIPO_ALU\LAB3_SIPO_ALU.srcs\sources_1\new\PISO.v:]
WARNING: [filemgmt 56-199] Attempt to get parsing info during refresh. "On-the-fly" syntax checking information may be incorrect. [D:\ECE\FPGA Training NTI\LAB3_SIPO_ALU\LAB3_SIPO_ALU.srcs\sources_1\new\PISO.v:]
WARNING: [filemgmt 56-199] Attempt to get parsing info during refresh. "On-the-fly" syntax checking information may be incorrect. [D:\ECE\FPGA Training NTI\LAB3_SIPO_ALU\LAB3_SIPO_ALU.srcs\sources_1\new\PISO.v:]
WARNING: [filemgmt 56-199] Attempt to get parsing info during refresh. "On-the-fly" syntax checking information may be incorrect. [D:\ECE\FPGA Training NTI\LAB4\LAB4.srcs\sources_1\new\TOP_SYSTEM.v:]
WARNING: [filemgmt 56-199] Attempt to get parsing info during refresh. "On-the-fly" syntax checking information may be incorrect. [D:\ECE\FPGA Training NTI\LAB3_SIPO_ALU\LAB3_SIPO_ALU.srcs\sources_1\new\ALU.v:]
WARNING: [filemgmt 56-199] Attempt to get parsing info during refresh. "On-the-fly" syntax checking information may be incorrect. [D:\ECE\FPGA Training NTI\LAB3_SIPO_ALU\LAB3_SIPO_ALU.srcs\sources_1\new\RAM.v:]
WARNING: [filemgmt 56-199] Attempt to get parsing info during refresh. "On-the-fly" syntax checking information may be incorrect. [D:\ECE\FPGA Training NTI\LAB3_SIPO_ALU\LAB3_SIPO_ALU.srcs\sources_1\new\SIPO.v:]
WARNING: [filemgmt 56-199] Attempt to get parsing info during refresh. "On-the-fly" syntax checking information may be incorrect. [D:\ECE\FPGA Training NTI\LAB4\LAB4.srcs\sources_1\new\TOP_TB.v:]
WARNING: [filemgmt 56-199] Attempt to get parsing info during refresh. "On-the-fly" syntax checking information may be incorrect. [D:\ECE\FPGA Training NTI\LAB3_SIPO_ALU\LAB3_SIPO_ALU.srcs\sources_1\new\PISO.v:]
WARNING: [filemgmt 56-199] Attempt to get parsing info during refresh. "On-the-fly" syntax checking information may be incorrect. [D:\ECE\FPGA Training NTI\LAB3_SIPO_ALU\LAB3_SIPO_ALU.srcs\sources_1\new\ALU.v:]
WARNING: [filemgmt 56-199] Attempt to get parsing info during refresh. "On-the-fly" syntax checking information may be incorrect. [D:\ECE\FPGA Training NTI\LAB3_SIPO_ALU\LAB3_SIPO_ALU.srcs\sources_1\new\ALU.v:]
WARNING: [filemgmt 56-199] Attempt to get parsing info during refresh. "On-the-fly" syntax checking information may be incorrect. [D:\ECE\FPGA Training NTI\LAB4\LAB4.srcs\sources_1\new\TOP_SYSTEM.v:]
WARNING: [filemgmt 56-199] Attempt to get parsing info during refresh. "On-the-fly" syntax checking information may be incorrect. [D:\ECE\FPGA Training NTI\LAB3_SIPO_ALU\LAB3_SIPO_ALU.srcs\sources_1\new\ALU.v:]
WARNING: [filemgmt 56-199] Attempt to get parsing info during refresh. "On-the-fly" syntax checking information may be incorrect. [D:\ECE\FPGA Training NTI\LAB3_SIPO_ALU\LAB3_SIPO_ALU.srcs\sources_1\new\RAM.v:]
WARNING: [filemgmt 56-199] Attempt to get parsing info during refresh. "On-the-fly" syntax checking information may be incorrect. [D:\ECE\FPGA Training NTI\LAB3_SIPO_ALU\LAB3_SIPO_ALU.srcs\sources_1\new\SIPO.v:]
WARNING: [filemgmt 56-199] Attempt to get parsing info during refresh. "On-the-fly" syntax checking information may be incorrect. [D:\ECE\FPGA Training NTI\LAB4\LAB4.srcs\sources_1\new\TOP_TB.v:]
WARNING: [filemgmt 56-199] Attempt to get parsing info during refresh. "On-the-fly" syntax checking information may be incorrect. [D:\ECE\FPGA Training NTI\LAB3_SIPO_ALU\LAB3_SIPO_ALU.srcs\sources_1\new\PISO.v:]
WARNING: [filemgmt 56-199] Attempt to get parsing info during refresh. "On-the-fly" syntax checking information may be incorrect. [D:\ECE\FPGA Training NTI\LAB3_SIPO_ALU\LAB3_SIPO_ALU.srcs\sources_1\new\SIPO.v:]
WARNING: [filemgmt 56-199] Attempt to get parsing info during refresh. "On-the-fly" syntax checking information may be incorrect. [D:\ECE\FPGA Training NTI\LAB3_SIPO_ALU\LAB3_SIPO_ALU.srcs\sources_1\new\SIPO.v:]
WARNING: [filemgmt 56-199] Attempt to get parsing info during refresh. "On-the-fly" syntax checking information may be incorrect. [D:\ECE\FPGA Training NTI\LAB4\LAB4.srcs\sources_1\new\TOP_SYSTEM.v:]
WARNING: [filemgmt 56-199] Attempt to get parsing info during refresh. "On-the-fly" syntax checking information may be incorrect. [D:\ECE\FPGA Training NTI\LAB3_SIPO_ALU\LAB3_SIPO_ALU.srcs\sources_1\new\ALU.v:]
WARNING: [filemgmt 56-199] Attempt to get parsing info during refresh. "On-the-fly" syntax checking information may be incorrect. [D:\ECE\FPGA Training NTI\LAB3_SIPO_ALU\LAB3_SIPO_ALU.srcs\sources_1\new\RAM.v:]
WARNING: [filemgmt 56-199] Attempt to get parsing info during refresh. "On-the-fly" syntax checking information may be incorrect. [D:\ECE\FPGA Training NTI\LAB3_SIPO_ALU\LAB3_SIPO_ALU.srcs\sources_1\new\SIPO.v:]
WARNING: [filemgmt 56-199] Attempt to get parsing info during refresh. "On-the-fly" syntax checking information may be incorrect. [D:\ECE\FPGA Training NTI\LAB4\LAB4.srcs\sources_1\new\TOP_TB.v:]
WARNING: [filemgmt 56-199] Attempt to get parsing info during refresh. "On-the-fly" syntax checking information may be incorrect. [D:\ECE\FPGA Training NTI\LAB3_SIPO_ALU\LAB3_SIPO_ALU.srcs\sources_1\new\PISO.v:]
WARNING: [filemgmt 56-199] Attempt to get parsing info during refresh. "On-the-fly" syntax checking information may be incorrect. [D:\ECE\FPGA Training NTI\LAB4\LAB4.srcs\sources_1\new\TOP_SYSTEM.v:]
WARNING: [filemgmt 56-199] Attempt to get parsing info during refresh. "On-the-fly" syntax checking information may be incorrect. [D:\ECE\FPGA Training NTI\LAB4\LAB4.srcs\sources_1\new\TOP_SYSTEM.v:]
close_sim
INFO: [Simtcl 6-16] Simulation closed
launch_simulation
Command: launch_simulation 
INFO: [Vivado 12-12493] Simulation top is 'TOP_SYSTEM_tb'
INFO: [Vivado 12-5682] Launching behavioral simulation in 'D:/ECE/FPGA Training NTI/LAB4/LAB4.sim/sim_1/behav/xsim'
INFO: [SIM-utils-51] Simulation object is 'sim_1'
INFO: [SIM-utils-72] Using boost library from 'C:/Xilinx/2025.1/Vivado/tps/boost_1_72_0'
INFO: [SIM-utils-54] Inspecting design source files for 'TOP_SYSTEM_tb' in fileset 'sim_1'...
INFO: [USF-XSim-97] Finding global include files...
INFO: [USF-XSim-100] Fetching design files from 'sources_1'...(this may take a while)...
INFO: [USF-XSim-101] Fetching design files from 'sim_1'...
INFO: [USF-XSim-2] XSim::Compile design
INFO: [USF-XSim-61] Executing 'COMPILE and ANALYZE' step in 'D:/ECE/FPGA Training NTI/LAB4/LAB4.sim/sim_1/behav/xsim'
"xvlog --incr --relax -prj TOP_SYSTEM_tb_vlog.prj"
INFO: [VRFC 10-2263] Analyzing Verilog file "D:/ECE/FPGA Training NTI/LAB3_SIPO_ALU/LAB3_SIPO_ALU.srcs/sources_1/new/ALU.v" into library xil_defaultlib
INFO: [VRFC 10-311] analyzing module ALU
INFO: [VRFC 10-2263] Analyzing Verilog file "D:/ECE/FPGA Training NTI/LAB3_SIPO_ALU/LAB3_SIPO_ALU.srcs/sources_1/new/PISO.v" into library xil_defaultlib
INFO: [VRFC 10-311] analyzing module PISO
INFO: [VRFC 10-2263] Analyzing Verilog file "D:/ECE/FPGA Training NTI/LAB3_SIPO_ALU/LAB3_SIPO_ALU.srcs/sources_1/new/RAM.v" into library xil_defaultlib
INFO: [VRFC 10-311] analyzing module RAM
INFO: [VRFC 10-2263] Analyzing Verilog file "D:/ECE/FPGA Training NTI/LAB3_SIPO_ALU/LAB3_SIPO_ALU.srcs/sources_1/new/SIPO.v" into library xil_defaultlib
INFO: [VRFC 10-311] analyzing module SIPO
INFO: [VRFC 10-2263] Analyzing Verilog file "D:/ECE/FPGA Training NTI/LAB4/LAB4.srcs/sources_1/new/TOP_SYSTEM.v" into library xil_defaultlib
INFO: [VRFC 10-311] analyzing module TOP_SYSTEM
INFO: [VRFC 10-2263] Analyzing Verilog file "D:/ECE/FPGA Training NTI/LAB4/LAB4.srcs/sources_1/new/TOP_TB.v" into library xil_defaultlib
INFO: [VRFC 10-311] analyzing module TOP_SYSTEM_tb
INFO: [USF-XSim-69] 'compile' step finished in '1' seconds
INFO: [USF-XSim-3] XSim::Elaborate design
INFO: [USF-XSim-61] Executing 'ELABORATE' step in 'D:/ECE/FPGA Training NTI/LAB4/LAB4.sim/sim_1/behav/xsim'
"xelab --incr --debug typical --relax --mt 2 -L xil_defaultlib -L unisims_ver -L unimacro_ver -L secureip --snapshot TOP_SYSTEM_tb_behav xil_defaultlib.TOP_SYSTEM_tb xil_defaultlib.glbl -log elaborate.log"
Vivado Simulator v2025.1.0
Copyright 1986-2022 Xilinx, Inc. All Rights Reserved.
Copyright 2022-2025 Advanced Micro Devices, Inc. All Rights Reserved.
Running: C:/Xilinx/2025.1/Vivado/bin/unwrapped/win64.o/xelab.exe --incr --debug typical --relax --mt 2 -L xil_defaultlib -L unisims_ver -L unimacro_ver -L secureip --snapshot TOP_SYSTEM_tb_behav xil_defaultlib.TOP_SYSTEM_tb xil_defaultlib.glbl -log elaborate.log 
Using 2 slave threads.
Starting static elaboration
Pass Through NonSizing Optimizer
Completed static elaboration
Starting simulation data flow analysis
Completed simulation data flow analysis
Time Resolution for simulation is 1ps
Compiling module xil_defaultlib.RAM
Compiling module xil_defaultlib.PISO
Compiling module xil_defaultlib.SIPO
Compiling module xil_defaultlib.ALU
Compiling module xil_defaultlib.TOP_SYSTEM
Compiling module xil_defaultlib.TOP_SYSTEM_tb
Compiling module xil_defaultlib.glbl
Built simulation snapshot TOP_SYSTEM_tb_behav
INFO: [USF-XSim-69] 'elaborate' step finished in '2' seconds
INFO: [USF-XSim-4] XSim::Simulate design
WARNING: [USF-XSim-17] WCFG file does not exist:D:/ECE/FPGA Training NTI/LAB4/TOP_SYSTEM_tb_behav.wcfg
WARNING: [USF-XSim-17] WCFG file does not exist:D:/ECE/FPGA Training NTI/LAB4/TOP_SYSTEM_tb_behav.wcfg
INFO: [USF-XSim-61] Executing 'SIMULATE' step in 'D:/ECE/FPGA Training NTI/LAB4/LAB4.sim/sim_1/behav/xsim'
INFO: [USF-XSim-98] *** Running xsim
   with args "TOP_SYSTEM_tb_behav -key {Behavioral:sim_1:Functional:TOP_SYSTEM_tb} -tclbatch {TOP_SYSTEM_tb.tcl} -log {simulate.log}"
INFO: [USF-XSim-8] Loading simulator feature
Time resolution is 1 ps
source TOP_SYSTEM_tb.tcl
# set curr_wave [current_wave_config]
# if { [string length $curr_wave] == 0 } {
#   if { [llength [get_objects]] > 0} {
#     add_wave /
#     set_property needs_save false [current_wave_config]
#   } else {
#      send_msg_id Add_Wave-1 WARNING "No top level signals found. Simulator will start without a wave window. If you want to open a wave window go to 'File->New Waveform Configuration' or type 'create_wave_config' in the TCL console."
#   }
# }
# run 1000ns

--- Test 1: Write and Process ADD ---
   [PASSED] ALU ADD (10 + 5) | alu_out= 15

--- Test 2: Write and Process SUB ---
   [PASSED] ALU SUB (20 - 10) | alu_out= 10

--- Test 3: Write and Process AND ---
INFO: [USF-XSim-96] XSim completed. Design snapshot 'TOP_SYSTEM_tb_behav' loaded.
INFO: [USF-XSim-97] XSim simulation ran for 1000ns
launch_simulation: Time (s): cpu = 00:00:01 ; elapsed = 00:00:06 . Memory (MB): peak = 1846.238 ; gain = 0.000
run all
   [PASSED]  AND (0 & 255), a_is_zero flag=1 | alu_out=  0

>>> ALL 3 TESTS PASSED <<<
$stop called at time : 1397 ns : File "D:/ECE/FPGA Training NTI/LAB4/LAB4.srcs/sources_1/new/TOP_TB.v" Line 132
run all
run: Time (s): cpu = 00:00:24 ; elapsed = 00:00:23 . Memory (MB): peak = 1846.238 ; gain = 0.000
close_sim
INFO: xsimkernel Simulation Memory Usage: 19804 KB (Peak: 19804 KB), Simulation CPU Usage: 16030 ms
INFO: [Simtcl 6-16] Simulation closed
exit
INFO: [Common 17-206] Exiting Vivado at Sat Jul 25 06:35:13 2026...
