#-----------------------------------------------------------
# Vivado v2025.1 (64-bit)
# SW Build 6140274 on Thu May 22 00:12:29 MDT 2025
# IP Build 6138677 on Thu May 22 03:10:11 MDT 2025
# SharedData Build 6139179 on Tue May 20 17:58:58 MDT 2025
# Start of session at: Wed Jul 22 00:40:46 2026
# Process ID         : 13976
# Current directory  : D:/ECE/FPGA Training NTI/Sequence_detector_overlapping_nonoverlapping
# Command line       : vivado.exe -gui_launcher_event rodinguilauncherevent19228 D:\ECE\FPGA Training NTI\Sequence_detector_overlapping_nonoverlapping\Sequence_detector_overlapping.xpr
# Log file           : D:/ECE/FPGA Training NTI/Sequence_detector_overlapping_nonoverlapping/vivado.log
# Journal file       : D:/ECE/FPGA Training NTI/Sequence_detector_overlapping_nonoverlapping\vivado.jou
# Running On         : MOHAMMED-SAEED
# Platform           : Windows Server 2016 or Windows 10
# Operating System   : 26200
# Processor Detail   : Intel(R) Core(TM) i7-8850H CPU @ 2.60GHz
# CPU Frequency      : 2592 MHz
# CPU Physical cores : 6
# CPU Logical cores  : 12
# Host memory        : 16960 MB
# Swap memory        : 4831 MB
# Total Virtual      : 21792 MB
# Available Virtual  : 11134 MB
#-----------------------------------------------------------
start_gui
open_project {D:/ECE/FPGA Training NTI/Sequence_detector_overlapping_nonoverlapping/Sequence_detector_overlapping.xpr}
WARNING: [Board 49-26] cannot add Board Part xilinx.com:emb-plus-vpr-4616:part0:1.0 available at C:/Xilinx/2025.1/data/xhub/boards\XilinxBoardStore\boards\Xilinx\emb-plus-vpr-4616\1.0\board.xml as part xcve2302-sfva784-2mp-e-s specified in board_part file is either invalid or not available
WARNING: [Board 49-26] cannot add Board Part xilinx.com:emb-plus-vpr-4616:part0:1.1 available at C:/Xilinx/2025.1/data/xhub/boards\XilinxBoardStore\boards\Xilinx\emb-plus-vpr-4616\1.1\board.xml as part xcve2302-sfva784-2mp-e-s specified in board_part file is either invalid or not available
WARNING: [Board 49-26] cannot add Board Part xilinx.com:k24c:part0:1.0 available at C:/Xilinx/2025.1/data/xhub/boards\XilinxBoardStore\boards\Xilinx\k24c\1.0\board.xml as part xck24-ubva530-2lv-c specified in board_part file is either invalid or not available
WARNING: [Board 49-26] cannot add Board Part xilinx.com:k24c:part0:1.1 available at C:/Xilinx/2025.1/data/xhub/boards\XilinxBoardStore\boards\Xilinx\k24c\1.1\board.xml as part xck24-ubva530-2lv-c specified in board_part file is either invalid or not available
WARNING: [Board 49-26] cannot add Board Part xilinx.com:k24i:part0:1.0 available at C:/Xilinx/2025.1/data/xhub/boards\XilinxBoardStore\boards\Xilinx\k24i\1.0\board.xml as part xck24-ubva530-2lvi-i specified in board_part file is either invalid or not available
WARNING: [Board 49-26] cannot add Board Part xilinx.com:k26c:part0:1.2 available at C:/Xilinx/2025.1/data/xhub/boards\XilinxBoardStore\boards\Xilinx\k26c\1.2\board.xml as part xck26-sfvc784-2lv-c specified in board_part file is either invalid or not available
WARNING: [Board 49-26] cannot add Board Part xilinx.com:k26c:part0:1.3 available at C:/Xilinx/2025.1/data/xhub/boards\XilinxBoardStore\boards\Xilinx\k26c\1.3\board.xml as part xck26-sfvc784-2lv-c specified in board_part file is either invalid or not available
WARNING: [Board 49-26] cannot add Board Part xilinx.com:k26c:part0:1.4 available at C:/Xilinx/2025.1/data/xhub/boards\XilinxBoardStore\boards\Xilinx\k26c\1.4\board.xml as part xck26-sfvc784-2lv-c specified in board_part file is either invalid or not available
WARNING: [Board 49-26] cannot add Board Part xilinx.com:k26i:part0:1.2 available at C:/Xilinx/2025.1/data/xhub/boards\XilinxBoardStore\boards\Xilinx\k26i\1.2\board.xml as part xck26-sfvc784-2lvi-i specified in board_part file is either invalid or not available
WARNING: [Board 49-26] cannot add Board Part xilinx.com:k26i:part0:1.3 available at C:/Xilinx/2025.1/data/xhub/boards\XilinxBoardStore\boards\Xilinx\k26i\1.3\board.xml as part xck26-sfvc784-2lvi-i specified in board_part file is either invalid or not available
WARNING: [Board 49-26] cannot add Board Part xilinx.com:k26i:part0:1.4 available at C:/Xilinx/2025.1/data/xhub/boards\XilinxBoardStore\boards\Xilinx\k26i\1.4\board.xml as part xck26-sfvc784-2lvi-i specified in board_part file is either invalid or not available
WARNING: [Board 49-26] cannot add Board Part xilinx.com:kcu105:part0:1.6 available at C:/Xilinx/2025.1/data/xhub/boards\XilinxBoardStore\boards\Xilinx\kcu105\1.6\board.xml as part xcku040-ffva1156-2-e specified in board_part file is either invalid or not available
WARNING: [Board 49-26] cannot add Board Part xilinx.com:kcu105:part0:1.7 available at C:/Xilinx/2025.1/data/xhub/boards\XilinxBoardStore\boards\Xilinx\kcu105\1.7\board.xml as part xcku040-ffva1156-2-e specified in board_part file is either invalid or not available
WARNING: [Board 49-26] cannot add Board Part xilinx.com:kcu116:part0:1.4 available at C:/Xilinx/2025.1/data/xhub/boards\XilinxBoardStore\boards\Xilinx\kcu116\1.4\board.xml as part xcku5p-ffvb676-2-e specified in board_part file is either invalid or not available
WARNING: [Board 49-26] cannot add Board Part xilinx.com:kcu116:part0:1.5 available at C:/Xilinx/2025.1/data/xhub/boards\XilinxBoardStore\boards\Xilinx\kcu116\1.5\board.xml as part xcku5p-ffvb676-2-e specified in board_part file is either invalid or not available
WARNING: [Board 49-26] cannot add Board Part xilinx.com:kcu1500:part0:1.2 available at C:/Xilinx/2025.1/data/xhub/boards\XilinxBoardStore\boards\Xilinx\kcu1500\1.2\board.xml as part xcku115-flvb2104-2-e specified in board_part file is either invalid or not available
WARNING: [Board 49-26] cannot add Board Part xilinx.com:kd240_som:part0:1.0 available at C:/Xilinx/2025.1/data/xhub/boards\XilinxBoardStore\boards\Xilinx\kd240_som\1.0\board.xml as part xck24-ubva530-2lv-c specified in board_part file is either invalid or not available
WARNING: [Board 49-26] cannot add Board Part xilinx.com:kd240_som:part0:1.1 available at C:/Xilinx/2025.1/data/xhub/boards\XilinxBoardStore\boards\Xilinx\kd240_som\1.1\board.xml as part xck24-ubva530-2lv-c specified in board_part file is either invalid or not available
WARNING: [Board 49-26] cannot add Board Part xilinx.com:kr260_som:part0:1.0 available at C:/Xilinx/2025.1/data/xhub/boards\XilinxBoardStore\boards\Xilinx\kr260_som\1.0\board.xml as part xck26-sfvc784-2lv-c specified in board_part file is either invalid or not available
WARNING: [Board 49-26] cannot add Board Part xilinx.com:kr260_som:part0:1.1 available at C:/Xilinx/2025.1/data/xhub/boards\XilinxBoardStore\boards\Xilinx\kr260_som\1.1\board.xml as part xck26-sfvc784-2lv-c specified in board_part file is either invalid or not available
WARNING: [Board 49-26] cannot add Board Part xilinx.com:kv260_som:part0:1.2 available at C:/Xilinx/2025.1/data/xhub/boards\XilinxBoardStore\boards\Xilinx\kv260_som\1.2\board.xml as part xck26-sfvc784-2lv-c specified in board_part file is either invalid or not available
WARNING: [Board 49-26] cannot add Board Part xilinx.com:kv260_som:part0:1.3 available at C:/Xilinx/2025.1/data/xhub/boards\XilinxBoardStore\boards\Xilinx\kv260_som\1.3\board.xml as part xck26-sfvc784-2lv-c specified in board_part file is either invalid or not available
WARNING: [Board 49-26] cannot add Board Part xilinx.com:kv260_som:part0:1.4 available at C:/Xilinx/2025.1/data/xhub/boards\XilinxBoardStore\boards\Xilinx\kv260_som\1.4\board.xml as part xck26-sfvc784-2lv-c specified in board_part file is either invalid or not available
WARNING: [Board 49-26] cannot add Board Part xilinx.com:scu35:part0:1.0 available at C:/Xilinx/2025.1/data/xhub/boards\XilinxBoardStore\boards\Xilinx\scu35\1.0\board.xml as part xcsu35p-sbvb625-2-e specified in board_part file is either invalid or not available
WARNING: [Board 49-26] cannot add Board Part xilinx.com:v80:part0:1.0 available at C:/Xilinx/2025.1/data/xhub/boards\XilinxBoardStore\boards\Xilinx\v80\1.0\board.xml as part xcv80-lsva4737-2mhp-e-s specified in board_part file is either invalid or not available
WARNING: [Board 49-26] cannot add Board Part xilinx.com:vck190:part0:2.2 available at C:/Xilinx/2025.1/data/xhub/boards\XilinxBoardStore\boards\Xilinx\vck190\production\2.2\board.xml as part xcvc1902-vsva2197-2mp-e-s specified in board_part file is either invalid or not available
WARNING: [Board 49-26] cannot add Board Part xilinx.com:vck190:part0:3.0 available at C:/Xilinx/2025.1/data/xhub/boards\XilinxBoardStore\boards\Xilinx\vck190\production\3.0\board.xml as part xcvc1902-vsva2197-2mp-e-s specified in board_part file is either invalid or not available
WARNING: [Board 49-26] cannot add Board Part xilinx.com:vck190:part0:3.1 available at C:/Xilinx/2025.1/data/xhub/boards\XilinxBoardStore\boards\Xilinx\vck190\production\3.1\board.xml as part xcvc1902-vsva2197-2mp-e-s specified in board_part file is either invalid or not available
WARNING: [Board 49-26] cannot add Board Part xilinx.com:vck190:part0:3.2 available at C:/Xilinx/2025.1/data/xhub/boards\XilinxBoardStore\boards\Xilinx\vck190\production\3.2\board.xml as part xcvc1902-vsva2197-2mp-e-s specified in board_part file is either invalid or not available
WARNING: [Board 49-26] cannot add Board Part xilinx.com:vck190:part0:3.3 available at C:/Xilinx/2025.1/data/xhub/boards\XilinxBoardStore\boards\Xilinx\vck190\production\3.3\board.xml as part xcvc1902-vsva2197-2mp-e-s specified in board_part file is either invalid or not available
WARNING: [Board 49-26] cannot add Board Part xilinx.com:vck190:part0:3.4 available at C:/Xilinx/2025.1/data/xhub/boards\XilinxBoardStore\boards\Xilinx\vck190\production\3.4\board.xml as part xcvc1902-vsva2197-2mp-e-s specified in board_part file is either invalid or not available
INFO: [Project 1-313] Project file moved from 'D:/ECE/FPGA Training NTI/Sequence_detector_overlapping' since last save.
WARNING: [Board 49-26] cannot add Board Part xilinx.com:vck190_newl:part0:1.0 available at C:/Xilinx/2025.1/data/xhub/boards\XilinxBoardStore\boards\Xilinx\vck190_newl\production\1.0\board.xml as part xcvc1902-vsva2197-2mp-e-s specified in board_part file is either invalid or not available
WARNING: [Board 49-26] cannot add Board Part xilinx.com:vck190_newl:part0:1.1 available at C:/Xilinx/2025.1/data/xhub/boards\XilinxBoardStore\boards\Xilinx\vck190_newl\production\1.1\board.xml as part xcvc1902-vsva2197-2mp-e-s specified in board_part file is either invalid or not available
WARNING: [Board 49-26] cannot add Board Part xilinx.com:vck190_newl:part0:1.2 available at C:/Xilinx/2025.1/data/xhub/boards\XilinxBoardStore\boards\Xilinx\vck190_newl\production\1.2\board.xml as part xcvc1902-vsva2197-2mp-e-s specified in board_part file is either invalid or not available
WARNING: [Board 49-26] cannot add Board Part xilinx.com:vck190_newl:part0:1.3 available at C:/Xilinx/2025.1/data/xhub/boards\XilinxBoardStore\boards\Xilinx\vck190_newl\production\1.3\board.xml as part xcvc1902-vsva2197-2mp-e-s specified in board_part file is either invalid or not available
WARNING: [Board 49-26] cannot add Board Part xilinx.com:vcu108:part0:1.6 available at C:/Xilinx/2025.1/data/xhub/boards\XilinxBoardStore\boards\Xilinx\vcu108\1.6\board.xml as part xcvu095-ffva2104-2-e specified in board_part file is either invalid or not available
WARNING: [Board 49-26] cannot add Board Part xilinx.com:vcu108:part0:1.7 available at C:/Xilinx/2025.1/data/xhub/boards\XilinxBoardStore\boards\Xilinx\vcu108\1.7\board.xml as part xcvu095-ffva2104-2-e specified in board_part file is either invalid or not available
WARNING: [Board 49-26] cannot add Board Part xilinx.com:vcu110:part0:1.4 available at C:/Xilinx/2025.1/data/xhub/boards\XilinxBoardStore\boards\Xilinx\vcu110\1.4\board.xml as part xcvu190-flgc2104-2-e specified in board_part file is either invalid or not available
WARNING: [Board 49-26] cannot add Board Part xilinx.com:vcu118:part0:2.0 available at C:/Xilinx/2025.1/data/xhub/boards\XilinxBoardStore\boards\Xilinx\vcu118\2.0\board.xml as part xcvu9p-flga2104-2l-e specified in board_part file is either invalid or not available
WARNING: [Board 49-26] cannot add Board Part xilinx.com:vcu118:part0:2.3 available at C:/Xilinx/2025.1/data/xhub/boards\XilinxBoardStore\boards\Xilinx\vcu118\2.3\board.xml as part xcvu9p-flga2104-2l-e specified in board_part file is either invalid or not available
WARNING: [Board 49-26] cannot add Board Part xilinx.com:vcu118:part0:2.4 available at C:/Xilinx/2025.1/data/xhub/boards\XilinxBoardStore\boards\Xilinx\vcu118\2.4\board.xml as part xcvu9p-flga2104-2l-e specified in board_part file is either invalid or not available
WARNING: [Board 49-26] cannot add Board Part xilinx.com:vcu128:part0:1.0 available at C:/Xilinx/2025.1/data/xhub/boards\XilinxBoardStore\boards\Xilinx\vcu128\production\1.0\board.xml as part xcvu37p-fsvh2892-2l-e specified in board_part file is either invalid or not available
WARNING: [Board 49-26] cannot add Board Part xilinx.com:vcu129:part0:1.0 available at C:/Xilinx/2025.1/data/xhub/boards\XilinxBoardStore\boards\Xilinx\vcu129\production\1.0\board.xml as part xcvu29p-fsga2577-2l-e specified in board_part file is either invalid or not available
WARNING: [Board 49-26] cannot add Board Part xilinx.com:vcu1525:part0:1.3 available at C:/Xilinx/2025.1/data/xhub/boards\XilinxBoardStore\boards\Xilinx\vcu1525\1.3\board.xml as part xcvu9p-fsgd2104-2l-e specified in board_part file is either invalid or not available
WARNING: [Board 49-26] cannot add Board Part xilinx.com:vek280:part0:1.0 available at C:/Xilinx/2025.1/data/xhub/boards\XilinxBoardStore\boards\Xilinx\vek280\production\1.0\board.xml as part xcve2802-vsvh1760-2mp-e-s specified in board_part file is either invalid or not available
WARNING: [Board 49-26] cannot add Board Part xilinx.com:vek280:part0:1.1 available at C:/Xilinx/2025.1/data/xhub/boards\XilinxBoardStore\boards\Xilinx\vek280\production\1.1\board.xml as part xcve2802-vsvh1760-2mp-e-s specified in board_part file is either invalid or not available
WARNING: [Board 49-26] cannot add Board Part xilinx.com:vek280:part0:1.2 available at C:/Xilinx/2025.1/data/xhub/boards\XilinxBoardStore\boards\Xilinx\vek280\production\1.2\board.xml as part xcve2802-vsvh1760-2mp-e-s specified in board_part file is either invalid or not available
WARNING: [Board 49-26] cannot add Board Part xilinx.com:vek385:part0:1.0 available at C:/Xilinx/2025.1/data/xhub/boards\XilinxBoardStore\boards\Xilinx\vek385\1.0\board.xml as part xc2ve3858-ssva2112-2mp-e-s specified in board_part file is either invalid or not available
WARNING: [Board 49-26] cannot add Board Part xilinx.com:vermeo_t1_mpsoc:part0:1.0 available at C:/Xilinx/2025.1/data/xhub/boards\XilinxBoardStore\boards\Xilinx\vermeo_t1_mpsoc\1.0\board.xml as part xczu19eg-ffvd1760-2l-e specified in board_part file is either invalid or not available
WARNING: [Board 49-26] cannot add Board Part xilinx.com:vermeo_t1_rfsoc:part0:1.0 available at C:/Xilinx/2025.1/data/xhub/boards\XilinxBoardStore\boards\Xilinx\vermeo_t1_rfsoc\1.0\board.xml as part xczu21dr-ffvd1156-2l-e specified in board_part file is either invalid or not available
WARNING: [Board 49-26] cannot add Board Part xilinx.com:vhk158:part0:1.0 available at C:/Xilinx/2025.1/data/xhub/boards\XilinxBoardStore\boards\Xilinx\vhk158\production\1.0\board.xml as part xcvh1582-vsva3697-2mp-e-s specified in board_part file is either invalid or not available
WARNING: [Board 49-26] cannot add Board Part xilinx.com:vhk158:part0:1.1 available at C:/Xilinx/2025.1/data/xhub/boards\XilinxBoardStore\boards\Xilinx\vhk158\production\1.1\board.xml as part xcvh1582-vsva3697-2mp-e-s specified in board_part file is either invalid or not available
WARNING: [Board 49-26] cannot add Board Part xilinx.com:vhk158:part0:1.2 available at C:/Xilinx/2025.1/data/xhub/boards\XilinxBoardStore\boards\Xilinx\vhk158\production\1.2\board.xml as part xcvh1582-vsva3697-2mp-e-s specified in board_part file is either invalid or not available
WARNING: [Board 49-26] cannot add Board Part xilinx.com:vmk180:part0:2.2 available at C:/Xilinx/2025.1/data/xhub/boards\XilinxBoardStore\boards\Xilinx\vmk180\production\2.2\board.xml as part xcvm1802-vsva2197-2mp-e-s specified in board_part file is either invalid or not available
WARNING: [Board 49-26] cannot add Board Part xilinx.com:vmk180:part0:3.0 available at C:/Xilinx/2025.1/data/xhub/boards\XilinxBoardStore\boards\Xilinx\vmk180\production\3.0\board.xml as part xcvm1802-vsva2197-2mp-e-s specified in board_part file is either invalid or not available
WARNING: [Board 49-26] cannot add Board Part xilinx.com:vmk180:part0:3.1 available at C:/Xilinx/2025.1/data/xhub/boards\XilinxBoardStore\boards\Xilinx\vmk180\production\3.1\board.xml as part xcvm1802-vsva2197-2mp-e-s specified in board_part file is either invalid or not available
WARNING: [Board 49-26] cannot add Board Part xilinx.com:vmk180:part0:3.2 available at C:/Xilinx/2025.1/data/xhub/boards\XilinxBoardStore\boards\Xilinx\vmk180\production\3.2\board.xml as part xcvm1802-vsva2197-2mp-e-s specified in board_part file is either invalid or not available
WARNING: [Board 49-26] cannot add Board Part xilinx.com:vmk180:part0:3.3 available at C:/Xilinx/2025.1/data/xhub/boards\XilinxBoardStore\boards\Xilinx\vmk180\production\3.3\board.xml as part xcvm1802-vsva2197-2mp-e-s specified in board_part file is either invalid or not available
WARNING: [Board 49-26] cannot add Board Part xilinx.com:vmk180_newl:part0:1.0 available at C:/Xilinx/2025.1/data/xhub/boards\XilinxBoardStore\boards\Xilinx\vmk180_newl\production\1.0\board.xml as part xcvm1802-vsva2197-2mp-e-s specified in board_part file is either invalid or not available
WARNING: [Board 49-26] cannot add Board Part xilinx.com:vmk180_newl:part0:1.1 available at C:/Xilinx/2025.1/data/xhub/boards\XilinxBoardStore\boards\Xilinx\vmk180_newl\production\1.1\board.xml as part xcvm1802-vsva2197-2mp-e-s specified in board_part file is either invalid or not available
WARNING: [Board 49-26] cannot add Board Part xilinx.com:vpk120:part0:1.0 available at C:/Xilinx/2025.1/data/xhub/boards\XilinxBoardStore\boards\Xilinx\vpk120\production\1.0\board.xml as part xcvp1202-vsva2785-2mp-e-s specified in board_part file is either invalid or not available
WARNING: [Board 49-26] cannot add Board Part xilinx.com:vpk120:part0:1.1 available at C:/Xilinx/2025.1/data/xhub/boards\XilinxBoardStore\boards\Xilinx\vpk120\production\1.1\board.xml as part xcvp1202-vsva2785-2mp-e-s specified in board_part file is either invalid or not available
WARNING: [Board 49-26] cannot add Board Part xilinx.com:vpk120:part0:1.2 available at C:/Xilinx/2025.1/data/xhub/boards\XilinxBoardStore\boards\Xilinx\vpk120\production\1.2\board.xml as part xcvp1202-vsva2785-2mp-e-s specified in board_part file is either invalid or not available
WARNING: [Board 49-26] cannot add Board Part xilinx.com:vpk180:part0:1.0 available at C:/Xilinx/2025.1/data/xhub/boards\XilinxBoardStore\boards\Xilinx\vpk180\production\1.0\board.xml as part xcvp1802-lsvc4072-2mp-e-s specified in board_part file is either invalid or not available
WARNING: [Board 49-26] cannot add Board Part xilinx.com:vpk180:part0:1.1 available at C:/Xilinx/2025.1/data/xhub/boards\XilinxBoardStore\boards\Xilinx\vpk180\production\1.1\board.xml as part xcvp1802-lsvc4072-2mp-e-s specified in board_part file is either invalid or not available
WARNING: [Board 49-26] cannot add Board Part xilinx.com:vpk180:part0:1.2 available at C:/Xilinx/2025.1/data/xhub/boards\XilinxBoardStore\boards\Xilinx\vpk180\production\1.2\board.xml as part xcvp1802-lsvc4072-2mp-e-s specified in board_part file is either invalid or not available
WARNING: [Board 49-26] cannot add Board Part xilinx.com:zcu102:part0:3.3 available at C:/Xilinx/2025.1/data/xhub/boards\XilinxBoardStore\boards\Xilinx\zcu102\3.3\board.xml as part xczu9eg-ffvb1156-2-e specified in board_part file is either invalid or not available
WARNING: [Board 49-26] cannot add Board Part xilinx.com:zcu102:part0:3.4 available at C:/Xilinx/2025.1/data/xhub/boards\XilinxBoardStore\boards\Xilinx\zcu102\3.4\board.xml as part xczu9eg-ffvb1156-2-e specified in board_part file is either invalid or not available
WARNING: [Board 49-26] cannot add Board Part xilinx.com:zcu104:part0:1.1 available at C:/Xilinx/2025.1/data/xhub/boards\XilinxBoardStore\boards\Xilinx\zcu104\1.1\board.xml as part xczu7ev-ffvc1156-2-e specified in board_part file is either invalid or not available
WARNING: [Board 49-26] cannot add Board Part xilinx.com:zcu106:part0:2.4 available at C:/Xilinx/2025.1/data/xhub/boards\XilinxBoardStore\boards\Xilinx\zcu106\2.4\board.xml as part xczu7ev-ffvc1156-2-e specified in board_part file is either invalid or not available
INFO: [filemgmt 56-3] Default IP Output Path : Could not find the directory 'D:/ECE/FPGA Training NTI/Sequence_detector_overlapping_nonoverlapping/Sequence_detector_overlapping.gen/sources_1'.
WARNING: [Board 49-26] cannot add Board Part xilinx.com:zcu106:part0:2.5 available at C:/Xilinx/2025.1/data/xhub/boards\XilinxBoardStore\boards\Xilinx\zcu106\2.5\board.xml as part xczu7ev-ffvc1156-2-e specified in board_part file is either invalid or not available
WARNING: [Board 49-26] cannot add Board Part xilinx.com:zcu106:part0:2.6 available at C:/Xilinx/2025.1/data/xhub/boards\XilinxBoardStore\boards\Xilinx\zcu106\2.6\board.xml as part xczu7ev-ffvc1156-2-e specified in board_part file is either invalid or not available
WARNING: [Board 49-26] cannot add Board Part xilinx.com:zcu111:part0:1.2 available at C:/Xilinx/2025.1/data/xhub/boards\XilinxBoardStore\boards\Xilinx\zcu111\1.2\board.xml as part xczu28dr-ffvg1517-2-e specified in board_part file is either invalid or not available
WARNING: [Board 49-26] cannot add Board Part xilinx.com:zcu111:part0:1.3 available at C:/Xilinx/2025.1/data/xhub/boards\XilinxBoardStore\boards\Xilinx\zcu111\1.3\board.xml as part xczu28dr-ffvg1517-2-e specified in board_part file is either invalid or not available
WARNING: [Board 49-26] cannot add Board Part xilinx.com:zcu111:part0:1.4 available at C:/Xilinx/2025.1/data/xhub/boards\XilinxBoardStore\boards\Xilinx\zcu111\1.4\board.xml as part xczu28dr-ffvg1517-2-e specified in board_part file is either invalid or not available
WARNING: [Board 49-26] cannot add Board Part xilinx.com:zcu1275:part0:1.0 available at C:/Xilinx/2025.1/data/xhub/boards\XilinxBoardStore\boards\Xilinx\zcu1275\1.0\board.xml as part xczu29dr-ffvf1760-2-e specified in board_part file is either invalid or not available
WARNING: [Board 49-26] cannot add Board Part xilinx.com:zcu1285:part0:1.0 available at C:/Xilinx/2025.1/data/xhub/boards\XilinxBoardStore\boards\Xilinx\zcu1285\1.0\board.xml as part xczu39dr-ffvf1760-2-i specified in board_part file is either invalid or not available
WARNING: [Board 49-26] cannot add Board Part xilinx.com:zcu208:part0:2.0 available at C:/Xilinx/2025.1/data/xhub/boards\XilinxBoardStore\boards\Xilinx\zcu208\production\2.0\board.xml as part xczu48dr-fsvg1517-2-e specified in board_part file is either invalid or not available
WARNING: [Board 49-26] cannot add Board Part xilinx.com:zcu208ld:part0:2.0 available at C:/Xilinx/2025.1/data/xhub/boards\XilinxBoardStore\boards\Xilinx\zcu208ld\production\2.0\board.xml as part xczu58dr-fsvg1517-2-i specified in board_part file is either invalid or not available
WARNING: [Board 49-26] cannot add Board Part xilinx.com:zcu216:part0:2.0 available at C:/Xilinx/2025.1/data/xhub/boards\XilinxBoardStore\boards\Xilinx\zcu216\production\2.0\board.xml as part xczu49dr-ffvf1760-2-e specified in board_part file is either invalid or not available
WARNING: [Board 49-26] cannot add Board Part xilinx.com:zcu216ld:part0:2.0 available at C:/Xilinx/2025.1/data/xhub/boards\XilinxBoardStore\boards\Xilinx\zcu216ld\production\2.0\board.xml as part xczu59dr-ffvf1760-2-i specified in board_part file is either invalid or not available
WARNING: [Board 49-26] cannot add Board Part xilinx.com:zcu670:part0:2.0 available at C:/Xilinx/2025.1/data/xhub/boards\XilinxBoardStore\boards\Xilinx\zcu670\2.0\board.xml as part xczu67dr-fsve1156-2-i specified in board_part file is either invalid or not available
WARNING: [Board 49-26] cannot add Board Part xilinx.com:zcu670ld:part0:1.0 available at C:/Xilinx/2025.1/data/xhub/boards\XilinxBoardStore\boards\Xilinx\zcu670ld\1.0\board.xml as part xczu57dr-fsve1156-2-i specified in board_part file is either invalid or not available
Scanning sources...
Finished scanning sources
WARNING: [Board 49-26] cannot add Board Part xilinx.com:emb-plus-vpr-4616:part0:1.0 available at C:/Xilinx/2025.1/data/xhub/boards\XilinxBoardStore\boards\Xilinx\emb-plus-vpr-4616\1.0\board.xml as part xcve2302-sfva784-2mp-e-s specified in board_part file is either invalid or not available
WARNING: [Board 49-26] cannot add Board Part xilinx.com:emb-plus-vpr-4616:part0:1.1 available at C:/Xilinx/2025.1/data/xhub/boards\XilinxBoardStore\boards\Xilinx\emb-plus-vpr-4616\1.1\board.xml as part xcve2302-sfva784-2mp-e-s specified in board_part file is either invalid or not available
WARNING: [Board 49-26] cannot add Board Part xilinx.com:k24c:part0:1.0 available at C:/Xilinx/2025.1/data/xhub/boards\XilinxBoardStore\boards\Xilinx\k24c\1.0\board.xml as part xck24-ubva530-2lv-c specified in board_part file is either invalid or not available
WARNING: [Board 49-26] cannot add Board Part xilinx.com:k24c:part0:1.1 available at C:/Xilinx/2025.1/data/xhub/boards\XilinxBoardStore\boards\Xilinx\k24c\1.1\board.xml as part xck24-ubva530-2lv-c specified in board_part file is either invalid or not available
WARNING: [Board 49-26] cannot add Board Part xilinx.com:k24i:part0:1.0 available at C:/Xilinx/2025.1/data/xhub/boards\XilinxBoardStore\boards\Xilinx\k24i\1.0\board.xml as part xck24-ubva530-2lvi-i specified in board_part file is either invalid or not available
WARNING: [Board 49-26] cannot add Board Part xilinx.com:k26c:part0:1.2 available at C:/Xilinx/2025.1/data/xhub/boards\XilinxBoardStore\boards\Xilinx\k26c\1.2\board.xml as part xck26-sfvc784-2lv-c specified in board_part file is either invalid or not available
WARNING: [Board 49-26] cannot add Board Part xilinx.com:k26c:part0:1.3 available at C:/Xilinx/2025.1/data/xhub/boards\XilinxBoardStore\boards\Xilinx\k26c\1.3\board.xml as part xck26-sfvc784-2lv-c specified in board_part file is either invalid or not available
WARNING: [Board 49-26] cannot add Board Part xilinx.com:k26c:part0:1.4 available at C:/Xilinx/2025.1/data/xhub/boards\XilinxBoardStore\boards\Xilinx\k26c\1.4\board.xml as part xck26-sfvc784-2lv-c specified in board_part file is either invalid or not available
WARNING: [Board 49-26] cannot add Board Part xilinx.com:k26i:part0:1.2 available at C:/Xilinx/2025.1/data/xhub/boards\XilinxBoardStore\boards\Xilinx\k26i\1.2\board.xml as part xck26-sfvc784-2lvi-i specified in board_part file is either invalid or not available
WARNING: [Board 49-26] cannot add Board Part xilinx.com:k26i:part0:1.3 available at C:/Xilinx/2025.1/data/xhub/boards\XilinxBoardStore\boards\Xilinx\k26i\1.3\board.xml as part xck26-sfvc784-2lvi-i specified in board_part file is either invalid or not available
WARNING: [Board 49-26] cannot add Board Part xilinx.com:k26i:part0:1.4 available at C:/Xilinx/2025.1/data/xhub/boards\XilinxBoardStore\boards\Xilinx\k26i\1.4\board.xml as part xck26-sfvc784-2lvi-i specified in board_part file is either invalid or not available
WARNING: [Board 49-26] cannot add Board Part xilinx.com:kcu105:part0:1.6 available at C:/Xilinx/2025.1/data/xhub/boards\XilinxBoardStore\boards\Xilinx\kcu105\1.6\board.xml as part xcku040-ffva1156-2-e specified in board_part file is either invalid or not available
WARNING: [Board 49-26] cannot add Board Part xilinx.com:kcu105:part0:1.7 available at C:/Xilinx/2025.1/data/xhub/boards\XilinxBoardStore\boards\Xilinx\kcu105\1.7\board.xml as part xcku040-ffva1156-2-e specified in board_part file is either invalid or not available
WARNING: [Board 49-26] cannot add Board Part xilinx.com:kcu116:part0:1.4 available at C:/Xilinx/2025.1/data/xhub/boards\XilinxBoardStore\boards\Xilinx\kcu116\1.4\board.xml as part xcku5p-ffvb676-2-e specified in board_part file is either invalid or not available
WARNING: [Board 49-26] cannot add Board Part xilinx.com:kcu116:part0:1.5 available at C:/Xilinx/2025.1/data/xhub/boards\XilinxBoardStore\boards\Xilinx\kcu116\1.5\board.xml as part xcku5p-ffvb676-2-e specified in board_part file is either invalid or not available
WARNING: [Board 49-26] cannot add Board Part xilinx.com:kcu1500:part0:1.2 available at C:/Xilinx/2025.1/data/xhub/boards\XilinxBoardStore\boards\Xilinx\kcu1500\1.2\board.xml as part xcku115-flvb2104-2-e specified in board_part file is either invalid or not available
WARNING: [Board 49-26] cannot add Board Part xilinx.com:kd240_som:part0:1.0 available at C:/Xilinx/2025.1/data/xhub/boards\XilinxBoardStore\boards\Xilinx\kd240_som\1.0\board.xml as part xck24-ubva530-2lv-c specified in board_part file is either invalid or not available
INFO: [Common 17-14] Message 'Board 49-26' appears 100 times and further instances of the messages will be disabled. Use the Tcl command set_msg_config to change the current settings.
WARNING: [Project 1-5713] Board part '' set for the project  is not found. BoardPart property will be unset. Please select board from latest repo build 
INFO: [IP_Flow 19-234] Refreshing IP repositories
INFO: [IP_Flow 19-1704] No user IP repositories specified
INFO: [IP_Flow 19-2313] Loaded Vivado IP repository 'C:/Xilinx/2025.1/Vivado/data/ip'.
open_project: Time (s): cpu = 00:00:34 ; elapsed = 00:00:16 . Memory (MB): peak = 1605.980 ; gain = 228.965
update_compile_order -fileset sources_1
WARNING: [filemgmt 56-199] Attempt to get parsing info during refresh. "On-the-fly" syntax checking information may be incorrect. [D:\ECE\FPGA Training NTI\Sequence_detector_overlapping_nonoverlapping\Sequence_detector_overlapping.srcs\sources_1\new\non_overlapping_seq_detector.v:]
WARNING: [filemgmt 56-199] Attempt to get parsing info during refresh. "On-the-fly" syntax checking information may be incorrect. [D:\ECE\FPGA Training NTI\Sequence_detector_overlapping_nonoverlapping\Sequence_detector_overlapping.srcs\sources_1\new\overlapping_seq_detector.v:]
WARNING: [filemgmt 56-199] Attempt to get parsing info during refresh. "On-the-fly" syntax checking information may be incorrect. [D:\ECE\FPGA Training NTI\Sequence_detector_overlapping_nonoverlapping\Sequence_detector_overlapping.srcs\sources_1\new\non_overlapping_seq_detector.v:]
WARNING: [filemgmt 56-199] Attempt to get parsing info during refresh. "On-the-fly" syntax checking information may be incorrect. [D:\ECE\FPGA Training NTI\Sequence_detector_overlapping_nonoverlapping\Sequence_detector_overlapping.srcs\sources_1\new\non_overlapping_seq_detector.v:]
close [ open {D:/ECE/FPGA Training NTI/Sequence_detector_overlapping_nonoverlapping/Sequence_detector_overlapping.srcs/sources_1/new/nonoverlapping_seq_detector_moore.v} w ]
add_files {{D:/ECE/FPGA Training NTI/Sequence_detector_overlapping_nonoverlapping/Sequence_detector_overlapping.srcs/sources_1/new/nonoverlapping_seq_detector_moore.v}}
close [ open {D:/ECE/FPGA Training NTI/Sequence_detector_overlapping_nonoverlapping/Sequence_detector_overlapping.srcs/sources_1/new/overlapping_seq_detector_moore.v} w ]
add_files {{D:/ECE/FPGA Training NTI/Sequence_detector_overlapping_nonoverlapping/Sequence_detector_overlapping.srcs/sources_1/new/overlapping_seq_detector_moore.v}}
WARNING: [filemgmt 56-199] Attempt to get parsing info during refresh. "On-the-fly" syntax checking information may be incorrect. [D:\ECE\FPGA Training NTI\Sequence_detector_overlapping_nonoverlapping\Sequence_detector_overlapping.srcs\sources_1\new\non_overlapping_seq_detector.v:]
WARNING: [filemgmt 56-199] Attempt to get parsing info during refresh. "On-the-fly" syntax checking information may be incorrect. [D:\ECE\FPGA Training NTI\Sequence_detector_overlapping_nonoverlapping\Sequence_detector_overlapping.srcs\sources_1\new\overlapping_seq_detector.v:]
WARNING: [filemgmt 56-199] Attempt to get parsing info during refresh. "On-the-fly" syntax checking information may be incorrect. [D:\ECE\FPGA Training NTI\Sequence_detector_overlapping_nonoverlapping\Sequence_detector_overlapping.srcs\sources_1\new\non_overlapping_seq_detector.v:]
WARNING: [filemgmt 56-199] Attempt to get parsing info during refresh. "On-the-fly" syntax checking information may be incorrect. [D:\ECE\FPGA Training NTI\Sequence_detector_overlapping_nonoverlapping\Sequence_detector_overlapping.srcs\sources_1\new\non_overlapping_seq_detector.v:]
update_compile_order -fileset sources_1
WARNING: [filemgmt 56-199] Attempt to get parsing info during refresh. "On-the-fly" syntax checking information may be incorrect. [D:\ECE\FPGA Training NTI\Sequence_detector_overlapping_nonoverlapping\Sequence_detector_overlapping.srcs\sources_1\new\non_overlapping_seq_detector.v:]
WARNING: [filemgmt 56-199] Attempt to get parsing info during refresh. "On-the-fly" syntax checking information may be incorrect. [D:\ECE\FPGA Training NTI\Sequence_detector_overlapping_nonoverlapping\Sequence_detector_overlapping.srcs\sources_1\new\overlapping_seq_detector.v:]
WARNING: [filemgmt 56-199] Attempt to get parsing info during refresh. "On-the-fly" syntax checking information may be incorrect. [D:\ECE\FPGA Training NTI\Sequence_detector_overlapping_nonoverlapping\Sequence_detector_overlapping.srcs\sources_1\new\non_overlapping_seq_detector.v:]
WARNING: [filemgmt 56-199] Attempt to get parsing info during refresh. "On-the-fly" syntax checking information may be incorrect. [D:\ECE\FPGA Training NTI\Sequence_detector_overlapping_nonoverlapping\Sequence_detector_overlapping.srcs\sources_1\new\non_overlapping_seq_detector.v:]
ERROR: [Common 17-180] Spawn failed: The operation completed successfully.

WARNING: [filemgmt 56-199] Attempt to get parsing info during refresh. "On-the-fly" syntax checking information may be incorrect. [D:\ECE\FPGA Training NTI\Sequence_detector_overlapping_nonoverlapping\Sequence_detector_overlapping.srcs\sources_1\new\nonoverlapping_seq_detector_moore.v:]
WARNING: [filemgmt 56-199] Attempt to get parsing info during refresh. "On-the-fly" syntax checking information may be incorrect. [D:\ECE\FPGA Training NTI\Sequence_detector_overlapping_nonoverlapping\Sequence_detector_overlapping.srcs\sources_1\new\non_overlapping_seq_detector.v:]
WARNING: [filemgmt 56-199] Attempt to get parsing info during refresh. "On-the-fly" syntax checking information may be incorrect. [D:\ECE\FPGA Training NTI\Sequence_detector_overlapping_nonoverlapping\Sequence_detector_overlapping.srcs\sources_1\new\overlapping_seq_detector.v:]
WARNING: [filemgmt 56-199] Attempt to get parsing info during refresh. "On-the-fly" syntax checking information may be incorrect. [D:\ECE\FPGA Training NTI\Sequence_detector_overlapping_nonoverlapping\Sequence_detector_overlapping.srcs\sources_1\new\non_overlapping_seq_detector.v:]
WARNING: [filemgmt 56-199] Attempt to get parsing info during refresh. "On-the-fly" syntax checking information may be incorrect. [D:\ECE\FPGA Training NTI\Sequence_detector_overlapping_nonoverlapping\Sequence_detector_overlapping.srcs\sources_1\new\non_overlapping_seq_detector.v:]
WARNING: [filemgmt 56-199] Attempt to get parsing info during refresh. "On-the-fly" syntax checking information may be incorrect. [D:\ECE\FPGA Training NTI\Sequence_detector_overlapping_nonoverlapping\Sequence_detector_overlapping.srcs\sources_1\new\nonoverlapping_seq_detector_moore.v:]
WARNING: [filemgmt 56-199] Attempt to get parsing info during refresh. "On-the-fly" syntax checking information may be incorrect. [D:\ECE\FPGA Training NTI\Sequence_detector_overlapping_nonoverlapping\Sequence_detector_overlapping.srcs\sources_1\new\non_overlapping_seq_detector.v:]
WARNING: [filemgmt 56-199] Attempt to get parsing info during refresh. "On-the-fly" syntax checking information may be incorrect. [D:\ECE\FPGA Training NTI\Sequence_detector_overlapping_nonoverlapping\Sequence_detector_overlapping.srcs\sources_1\new\overlapping_seq_detector.v:]
WARNING: [filemgmt 56-199] Attempt to get parsing info during refresh. "On-the-fly" syntax checking information may be incorrect. [D:\ECE\FPGA Training NTI\Sequence_detector_overlapping_nonoverlapping\Sequence_detector_overlapping.srcs\sources_1\new\nonoverlapping_seq_detector_moore.v:]
WARNING: [filemgmt 56-199] Attempt to get parsing info during refresh. "On-the-fly" syntax checking information may be incorrect. [D:\ECE\FPGA Training NTI\Sequence_detector_overlapping_nonoverlapping\Sequence_detector_overlapping.srcs\sources_1\new\nonoverlapping_seq_detector_moore.v:]
ERROR: [Common 17-180] Spawn failed: The operation completed successfully.

WARNING: [filemgmt 56-199] Attempt to get parsing info during refresh. "On-the-fly" syntax checking information may be incorrect. [D:\ECE\FPGA Training NTI\Sequence_detector_overlapping_nonoverlapping\Sequence_detector_overlapping.srcs\sources_1\new\nonoverlapping_seq_detector_moore.v:]
WARNING: [filemgmt 56-199] Attempt to get parsing info during refresh. "On-the-fly" syntax checking information may be incorrect. [D:\ECE\FPGA Training NTI\Sequence_detector_overlapping_nonoverlapping\Sequence_detector_overlapping.srcs\sources_1\new\overlapping_seq_detector.v:]
WARNING: [filemgmt 56-199] Attempt to get parsing info during refresh. "On-the-fly" syntax checking information may be incorrect. [D:\ECE\FPGA Training NTI\Sequence_detector_overlapping_nonoverlapping\Sequence_detector_overlapping.srcs\sources_1\new\overlapping_seq_detector.v:]
WARNING: [filemgmt 56-199] Attempt to get parsing info during refresh. "On-the-fly" syntax checking information may be incorrect. [D:\ECE\FPGA Training NTI\Sequence_detector_overlapping_nonoverlapping\Sequence_detector_overlapping.srcs\sources_1\new\overlapping_seq_detector.v:]
ERROR: [Common 17-180] Spawn failed: The operation completed successfully.

WARNING: [filemgmt 56-199] Attempt to get parsing info during refresh. "On-the-fly" syntax checking information may be incorrect. [D:\ECE\FPGA Training NTI\Sequence_detector_overlapping_nonoverlapping\Sequence_detector_overlapping.srcs\sources_1\new\nonoverlapping_seq_detector_moore.v:]
WARNING: [filemgmt 56-199] Attempt to get parsing info during refresh. "On-the-fly" syntax checking information may be incorrect. [D:\ECE\FPGA Training NTI\Sequence_detector_overlapping_nonoverlapping\Sequence_detector_overlapping.srcs\sources_1\new\overlapping_seq_detector_moore.v:]
WARNING: [filemgmt 56-199] Attempt to get parsing info during refresh. "On-the-fly" syntax checking information may be incorrect. [D:\ECE\FPGA Training NTI\Sequence_detector_overlapping_nonoverlapping\Sequence_detector_overlapping.srcs\sources_1\new\non_overlapping_seq_detector.v:]
WARNING: [filemgmt 56-199] Attempt to get parsing info during refresh. "On-the-fly" syntax checking information may be incorrect. [D:\ECE\FPGA Training NTI\Sequence_detector_overlapping_nonoverlapping\Sequence_detector_overlapping.srcs\sources_1\new\overlapping_seq_detector.v:]
WARNING: [filemgmt 56-199] Attempt to get parsing info during refresh. "On-the-fly" syntax checking information may be incorrect. [D:\ECE\FPGA Training NTI\Sequence_detector_overlapping_nonoverlapping\Sequence_detector_overlapping.srcs\sources_1\new\non_overlapping_seq_detector.v:]
WARNING: [filemgmt 56-199] Attempt to get parsing info during refresh. "On-the-fly" syntax checking information may be incorrect. [D:\ECE\FPGA Training NTI\Sequence_detector_overlapping_nonoverlapping\Sequence_detector_overlapping.srcs\sources_1\new\non_overlapping_seq_detector.v:]
WARNING: [filemgmt 56-199] Attempt to get parsing info during refresh. "On-the-fly" syntax checking information may be incorrect. [D:\ECE\FPGA Training NTI\Sequence_detector_overlapping_nonoverlapping\Sequence_detector_overlapping.srcs\sources_1\new\nonoverlapping_seq_detector_moore.v:]
WARNING: [filemgmt 56-199] Attempt to get parsing info during refresh. "On-the-fly" syntax checking information may be incorrect. [D:\ECE\FPGA Training NTI\Sequence_detector_overlapping_nonoverlapping\Sequence_detector_overlapping.srcs\sources_1\new\overlapping_seq_detector_moore.v:]
WARNING: [filemgmt 56-199] Attempt to get parsing info during refresh. "On-the-fly" syntax checking information may be incorrect. [D:\ECE\FPGA Training NTI\Sequence_detector_overlapping_nonoverlapping\Sequence_detector_overlapping.srcs\sources_1\new\non_overlapping_seq_detector.v:]
WARNING: [filemgmt 56-199] Attempt to get parsing info during refresh. "On-the-fly" syntax checking information may be incorrect. [D:\ECE\FPGA Training NTI\Sequence_detector_overlapping_nonoverlapping\Sequence_detector_overlapping.srcs\sources_1\new\overlapping_seq_detector.v:]
WARNING: [filemgmt 56-199] Attempt to get parsing info during refresh. "On-the-fly" syntax checking information may be incorrect. [D:\ECE\FPGA Training NTI\Sequence_detector_overlapping_nonoverlapping\Sequence_detector_overlapping.srcs\sources_1\new\nonoverlapping_seq_detector_moore.v:]
WARNING: [filemgmt 56-199] Attempt to get parsing info during refresh. "On-the-fly" syntax checking information may be incorrect. [D:\ECE\FPGA Training NTI\Sequence_detector_overlapping_nonoverlapping\Sequence_detector_overlapping.srcs\sources_1\new\nonoverlapping_seq_detector_moore.v:]
ERROR: [Common 17-180] Spawn failed: The operation completed successfully.

WARNING: [filemgmt 56-199] Attempt to get parsing info during refresh. "On-the-fly" syntax checking information may be incorrect. [D:\ECE\FPGA Training NTI\Sequence_detector_overlapping_nonoverlapping\Sequence_detector_overlapping.srcs\sources_1\new\nonoverlapping_seq_detector_moore.v:]
WARNING: [filemgmt 56-199] Attempt to get parsing info during refresh. "On-the-fly" syntax checking information may be incorrect. [D:\ECE\FPGA Training NTI\Sequence_detector_overlapping_nonoverlapping\Sequence_detector_overlapping.srcs\sources_1\new\overlapping_seq_detector_moore.v:]
WARNING: [filemgmt 56-199] Attempt to get parsing info during refresh. "On-the-fly" syntax checking information may be incorrect. [D:\ECE\FPGA Training NTI\Sequence_detector_overlapping_nonoverlapping\Sequence_detector_overlapping.srcs\sources_1\new\non_overlapping_seq_detector.v:]
WARNING: [filemgmt 56-199] Attempt to get parsing info during refresh. "On-the-fly" syntax checking information may be incorrect. [D:\ECE\FPGA Training NTI\Sequence_detector_overlapping_nonoverlapping\Sequence_detector_overlapping.srcs\sources_1\new\overlapping_seq_detector.v:]
WARNING: [filemgmt 56-199] Attempt to get parsing info during refresh. "On-the-fly" syntax checking information may be incorrect. [D:\ECE\FPGA Training NTI\Sequence_detector_overlapping_nonoverlapping\Sequence_detector_overlapping.srcs\sources_1\new\overlapping_seq_detector.v:]
WARNING: [filemgmt 56-199] Attempt to get parsing info during refresh. "On-the-fly" syntax checking information may be incorrect. [D:\ECE\FPGA Training NTI\Sequence_detector_overlapping_nonoverlapping\Sequence_detector_overlapping.srcs\sources_1\new\overlapping_seq_detector.v:]
close [ open {D:/ECE/FPGA Training NTI/Sequence_detector_overlapping_nonoverlapping/Sequence_detector_overlapping.srcs/sources_1/new/seq_detector_TB.v} w ]
add_files {{D:/ECE/FPGA Training NTI/Sequence_detector_overlapping_nonoverlapping/Sequence_detector_overlapping.srcs/sources_1/new/seq_detector_TB.v}}
WARNING: [filemgmt 56-199] Attempt to get parsing info during refresh. "On-the-fly" syntax checking information may be incorrect. [D:\ECE\FPGA Training NTI\Sequence_detector_overlapping_nonoverlapping\Sequence_detector_overlapping.srcs\sources_1\new\nonoverlapping_seq_detector_moore.v:]
WARNING: [filemgmt 56-199] Attempt to get parsing info during refresh. "On-the-fly" syntax checking information may be incorrect. [D:\ECE\FPGA Training NTI\Sequence_detector_overlapping_nonoverlapping\Sequence_detector_overlapping.srcs\sources_1\new\overlapping_seq_detector_moore.v:]
WARNING: [filemgmt 56-199] Attempt to get parsing info during refresh. "On-the-fly" syntax checking information may be incorrect. [D:\ECE\FPGA Training NTI\Sequence_detector_overlapping_nonoverlapping\Sequence_detector_overlapping.srcs\sources_1\new\non_overlapping_seq_detector.v:]
WARNING: [filemgmt 56-199] Attempt to get parsing info during refresh. "On-the-fly" syntax checking information may be incorrect. [D:\ECE\FPGA Training NTI\Sequence_detector_overlapping_nonoverlapping\Sequence_detector_overlapping.srcs\sources_1\new\overlapping_seq_detector.v:]
WARNING: [filemgmt 56-199] Attempt to get parsing info during refresh. "On-the-fly" syntax checking information may be incorrect. [D:\ECE\FPGA Training NTI\Sequence_detector_overlapping_nonoverlapping\Sequence_detector_overlapping.srcs\sources_1\new\nonoverlapping_seq_detector_moore.v:]
WARNING: [filemgmt 56-199] Attempt to get parsing info during refresh. "On-the-fly" syntax checking information may be incorrect. [D:\ECE\FPGA Training NTI\Sequence_detector_overlapping_nonoverlapping\Sequence_detector_overlapping.srcs\sources_1\new\nonoverlapping_seq_detector_moore.v:]
WARNING: [filemgmt 56-199] Attempt to get parsing info during refresh. "On-the-fly" syntax checking information may be incorrect. [D:\ECE\FPGA Training NTI\Sequence_detector_overlapping_nonoverlapping\Sequence_detector_overlapping.srcs\sources_1\new\nonoverlapping_seq_detector_moore.v:]
WARNING: [filemgmt 56-199] Attempt to get parsing info during refresh. "On-the-fly" syntax checking information may be incorrect. [D:\ECE\FPGA Training NTI\Sequence_detector_overlapping_nonoverlapping\Sequence_detector_overlapping.srcs\sources_1\new\overlapping_seq_detector_moore.v:]
WARNING: [filemgmt 56-199] Attempt to get parsing info during refresh. "On-the-fly" syntax checking information may be incorrect. [D:\ECE\FPGA Training NTI\Sequence_detector_overlapping_nonoverlapping\Sequence_detector_overlapping.srcs\sources_1\new\non_overlapping_seq_detector.v:]
WARNING: [filemgmt 56-199] Attempt to get parsing info during refresh. "On-the-fly" syntax checking information may be incorrect. [D:\ECE\FPGA Training NTI\Sequence_detector_overlapping_nonoverlapping\Sequence_detector_overlapping.srcs\sources_1\new\overlapping_seq_detector.v:]
WARNING: [filemgmt 56-199] Attempt to get parsing info during refresh. "On-the-fly" syntax checking information may be incorrect. [D:\ECE\FPGA Training NTI\Sequence_detector_overlapping_nonoverlapping\Sequence_detector_overlapping.srcs\sources_1\new\non_overlapping_seq_detector.v:]
WARNING: [filemgmt 56-199] Attempt to get parsing info during refresh. "On-the-fly" syntax checking information may be incorrect. [D:\ECE\FPGA Training NTI\Sequence_detector_overlapping_nonoverlapping\Sequence_detector_overlapping.srcs\sources_1\new\non_overlapping_seq_detector.v:]
WARNING: [filemgmt 56-199] Attempt to get parsing info during refresh. "On-the-fly" syntax checking information may be incorrect. [D:\ECE\FPGA Training NTI\Sequence_detector_overlapping_nonoverlapping\Sequence_detector_overlapping.srcs\sources_1\new\nonoverlapping_seq_detector_moore.v:]
WARNING: [filemgmt 56-199] Attempt to get parsing info during refresh. "On-the-fly" syntax checking information may be incorrect. [D:\ECE\FPGA Training NTI\Sequence_detector_overlapping_nonoverlapping\Sequence_detector_overlapping.srcs\sources_1\new\overlapping_seq_detector_moore.v:]
WARNING: [filemgmt 56-199] Attempt to get parsing info during refresh. "On-the-fly" syntax checking information may be incorrect. [D:\ECE\FPGA Training NTI\Sequence_detector_overlapping_nonoverlapping\Sequence_detector_overlapping.srcs\sources_1\new\non_overlapping_seq_detector.v:]
WARNING: [filemgmt 56-199] Attempt to get parsing info during refresh. "On-the-fly" syntax checking information may be incorrect. [D:\ECE\FPGA Training NTI\Sequence_detector_overlapping_nonoverlapping\Sequence_detector_overlapping.srcs\sources_1\new\overlapping_seq_detector.v:]
WARNING: [filemgmt 56-199] Attempt to get parsing info during refresh. "On-the-fly" syntax checking information may be incorrect. [D:\ECE\FPGA Training NTI\Sequence_detector_overlapping_nonoverlapping\Sequence_detector_overlapping.srcs\sources_1\new\overlapping_seq_detector.v:]
WARNING: [filemgmt 56-199] Attempt to get parsing info during refresh. "On-the-fly" syntax checking information may be incorrect. [D:\ECE\FPGA Training NTI\Sequence_detector_overlapping_nonoverlapping\Sequence_detector_overlapping.srcs\sources_1\new\overlapping_seq_detector.v:]
ERROR: [Common 17-180] Spawn failed: The operation completed successfully.

update_compile_order -fileset sources_1
WARNING: [filemgmt 56-199] Attempt to get parsing info during refresh. "On-the-fly" syntax checking information may be incorrect. [D:\ECE\FPGA Training NTI\Sequence_detector_overlapping_nonoverlapping\Sequence_detector_overlapping.srcs\sources_1\new\nonoverlapping_seq_detector_moore.v:]
WARNING: [filemgmt 56-199] Attempt to get parsing info during refresh. "On-the-fly" syntax checking information may be incorrect. [D:\ECE\FPGA Training NTI\Sequence_detector_overlapping_nonoverlapping\Sequence_detector_overlapping.srcs\sources_1\new\overlapping_seq_detector_moore.v:]
WARNING: [filemgmt 56-199] Attempt to get parsing info during refresh. "On-the-fly" syntax checking information may be incorrect. [D:\ECE\FPGA Training NTI\Sequence_detector_overlapping_nonoverlapping\Sequence_detector_overlapping.srcs\sources_1\new\non_overlapping_seq_detector.v:]
WARNING: [filemgmt 56-199] Attempt to get parsing info during refresh. "On-the-fly" syntax checking information may be incorrect. [D:\ECE\FPGA Training NTI\Sequence_detector_overlapping_nonoverlapping\Sequence_detector_overlapping.srcs\sources_1\new\overlapping_seq_detector.v:]
WARNING: [filemgmt 56-199] Attempt to get parsing info during refresh. "On-the-fly" syntax checking information may be incorrect. [D:\ECE\FPGA Training NTI\Sequence_detector_overlapping_nonoverlapping\Sequence_detector_overlapping.srcs\sources_1\new\overlapping_seq_detector.v:]
WARNING: [filemgmt 56-199] Attempt to get parsing info during refresh. "On-the-fly" syntax checking information may be incorrect. [D:\ECE\FPGA Training NTI\Sequence_detector_overlapping_nonoverlapping\Sequence_detector_overlapping.srcs\sources_1\new\overlapping_seq_detector.v:]
WARNING: [filemgmt 56-199] Attempt to get parsing info during refresh. "On-the-fly" syntax checking information may be incorrect. [D:\ECE\FPGA Training NTI\Sequence_detector_overlapping_nonoverlapping\Sequence_detector_overlapping.srcs\sources_1\new\nonoverlapping_seq_detector_moore.v:]
WARNING: [filemgmt 56-199] Attempt to get parsing info during refresh. "On-the-fly" syntax checking information may be incorrect. [D:\ECE\FPGA Training NTI\Sequence_detector_overlapping_nonoverlapping\Sequence_detector_overlapping.srcs\sources_1\new\overlapping_seq_detector_moore.v:]
WARNING: [filemgmt 56-199] Attempt to get parsing info during refresh. "On-the-fly" syntax checking information may be incorrect. [D:\ECE\FPGA Training NTI\Sequence_detector_overlapping_nonoverlapping\Sequence_detector_overlapping.srcs\sources_1\new\non_overlapping_seq_detector.v:]
WARNING: [filemgmt 56-199] Attempt to get parsing info during refresh. "On-the-fly" syntax checking information may be incorrect. [D:\ECE\FPGA Training NTI\Sequence_detector_overlapping_nonoverlapping\Sequence_detector_overlapping.srcs\sources_1\new\overlapping_seq_detector.v:]
WARNING: [filemgmt 56-199] Attempt to get parsing info during refresh. "On-the-fly" syntax checking information may be incorrect. [D:\ECE\FPGA Training NTI\Sequence_detector_overlapping_nonoverlapping\Sequence_detector_overlapping.srcs\sources_1\new\overlapping_seq_detector_moore.v:]
WARNING: [filemgmt 56-199] Attempt to get parsing info during refresh. "On-the-fly" syntax checking information may be incorrect. [D:\ECE\FPGA Training NTI\Sequence_detector_overlapping_nonoverlapping\Sequence_detector_overlapping.srcs\sources_1\new\overlapping_seq_detector_moore.v:]
ERROR: [Common 17-180] Spawn failed: The operation completed successfully.

WARNING: [filemgmt 56-199] Attempt to get parsing info during refresh. "On-the-fly" syntax checking information may be incorrect. [D:\ECE\FPGA Training NTI\Sequence_detector_overlapping_nonoverlapping\Sequence_detector_overlapping.srcs\sources_1\new\nonoverlapping_seq_detector_moore.v:]
WARNING: [filemgmt 56-199] Attempt to get parsing info during refresh. "On-the-fly" syntax checking information may be incorrect. [D:\ECE\FPGA Training NTI\Sequence_detector_overlapping_nonoverlapping\Sequence_detector_overlapping.srcs\sources_1\new\overlapping_seq_detector_moore.v:]
WARNING: [filemgmt 56-199] Attempt to get parsing info during refresh. "On-the-fly" syntax checking information may be incorrect. [D:\ECE\FPGA Training NTI\Sequence_detector_overlapping_nonoverlapping\Sequence_detector_overlapping.srcs\sources_1\new\non_overlapping_seq_detector.v:]
WARNING: [filemgmt 56-199] Attempt to get parsing info during refresh. "On-the-fly" syntax checking information may be incorrect. [D:\ECE\FPGA Training NTI\Sequence_detector_overlapping_nonoverlapping\Sequence_detector_overlapping.srcs\sources_1\new\seq_detector_TB.v:]
WARNING: [filemgmt 56-199] Attempt to get parsing info during refresh. "On-the-fly" syntax checking information may be incorrect. [D:\ECE\FPGA Training NTI\Sequence_detector_overlapping_nonoverlapping\Sequence_detector_overlapping.srcs\sources_1\new\overlapping_seq_detector.v:]
WARNING: [filemgmt 56-199] Attempt to get parsing info during refresh. "On-the-fly" syntax checking information may be incorrect. [D:\ECE\FPGA Training NTI\Sequence_detector_overlapping_nonoverlapping\Sequence_detector_overlapping.srcs\sources_1\new\nonoverlapping_seq_detector_moore.v:]
WARNING: [filemgmt 56-199] Attempt to get parsing info during refresh. "On-the-fly" syntax checking information may be incorrect. [D:\ECE\FPGA Training NTI\Sequence_detector_overlapping_nonoverlapping\Sequence_detector_overlapping.srcs\sources_1\new\nonoverlapping_seq_detector_moore.v:]
WARNING: [filemgmt 56-199] Attempt to get parsing info during refresh. "On-the-fly" syntax checking information may be incorrect. [D:\ECE\FPGA Training NTI\Sequence_detector_overlapping_nonoverlapping\Sequence_detector_overlapping.srcs\sources_1\new\overlapping_seq_detector_moore.v:]
WARNING: [filemgmt 56-199] Attempt to get parsing info during refresh. "On-the-fly" syntax checking information may be incorrect. [D:\ECE\FPGA Training NTI\Sequence_detector_overlapping_nonoverlapping\Sequence_detector_overlapping.srcs\sources_1\new\non_overlapping_seq_detector.v:]
WARNING: [filemgmt 56-199] Attempt to get parsing info during refresh. "On-the-fly" syntax checking information may be incorrect. [D:\ECE\FPGA Training NTI\Sequence_detector_overlapping_nonoverlapping\Sequence_detector_overlapping.srcs\sources_1\new\seq_detector_TB.v:]
WARNING: [filemgmt 56-199] Attempt to get parsing info during refresh. "On-the-fly" syntax checking information may be incorrect. [D:\ECE\FPGA Training NTI\Sequence_detector_overlapping_nonoverlapping\Sequence_detector_overlapping.srcs\sources_1\new\overlapping_seq_detector.v:]
WARNING: [filemgmt 56-199] Attempt to get parsing info during refresh. "On-the-fly" syntax checking information may be incorrect. [D:\ECE\FPGA Training NTI\Sequence_detector_overlapping_nonoverlapping\Sequence_detector_overlapping.srcs\sources_1\new\non_overlapping_seq_detector.v:]
WARNING: [filemgmt 56-199] Attempt to get parsing info during refresh. "On-the-fly" syntax checking information may be incorrect. [D:\ECE\FPGA Training NTI\Sequence_detector_overlapping_nonoverlapping\Sequence_detector_overlapping.srcs\sources_1\new\non_overlapping_seq_detector.v:]
WARNING: [filemgmt 56-199] Attempt to get parsing info during refresh. "On-the-fly" syntax checking information may be incorrect. [D:\ECE\FPGA Training NTI\Sequence_detector_overlapping_nonoverlapping\Sequence_detector_overlapping.srcs\sources_1\new\nonoverlapping_seq_detector_moore.v:]
WARNING: [filemgmt 56-199] Attempt to get parsing info during refresh. "On-the-fly" syntax checking information may be incorrect. [D:\ECE\FPGA Training NTI\Sequence_detector_overlapping_nonoverlapping\Sequence_detector_overlapping.srcs\sources_1\new\overlapping_seq_detector_moore.v:]
WARNING: [filemgmt 56-199] Attempt to get parsing info during refresh. "On-the-fly" syntax checking information may be incorrect. [D:\ECE\FPGA Training NTI\Sequence_detector_overlapping_nonoverlapping\Sequence_detector_overlapping.srcs\sources_1\new\non_overlapping_seq_detector.v:]
WARNING: [filemgmt 56-199] Attempt to get parsing info during refresh. "On-the-fly" syntax checking information may be incorrect. [D:\ECE\FPGA Training NTI\Sequence_detector_overlapping_nonoverlapping\Sequence_detector_overlapping.srcs\sources_1\new\seq_detector_TB.v:]
WARNING: [filemgmt 56-199] Attempt to get parsing info during refresh. "On-the-fly" syntax checking information may be incorrect. [D:\ECE\FPGA Training NTI\Sequence_detector_overlapping_nonoverlapping\Sequence_detector_overlapping.srcs\sources_1\new\overlapping_seq_detector.v:]
WARNING: [filemgmt 56-199] Attempt to get parsing info during refresh. "On-the-fly" syntax checking information may be incorrect. [D:\ECE\FPGA Training NTI\Sequence_detector_overlapping_nonoverlapping\Sequence_detector_overlapping.srcs\sources_1\new\nonoverlapping_seq_detector_moore.v:]
WARNING: [filemgmt 56-199] Attempt to get parsing info during refresh. "On-the-fly" syntax checking information may be incorrect. [D:\ECE\FPGA Training NTI\Sequence_detector_overlapping_nonoverlapping\Sequence_detector_overlapping.srcs\sources_1\new\nonoverlapping_seq_detector_moore.v:]
WARNING: [filemgmt 56-199] Attempt to get parsing info during refresh. "On-the-fly" syntax checking information may be incorrect. [D:\ECE\FPGA Training NTI\Sequence_detector_overlapping_nonoverlapping\Sequence_detector_overlapping.srcs\sources_1\new\nonoverlapping_seq_detector_moore.v:]
WARNING: [filemgmt 56-199] Attempt to get parsing info during refresh. "On-the-fly" syntax checking information may be incorrect. [D:\ECE\FPGA Training NTI\Sequence_detector_overlapping_nonoverlapping\Sequence_detector_overlapping.srcs\sources_1\new\overlapping_seq_detector_moore.v:]
WARNING: [filemgmt 56-199] Attempt to get parsing info during refresh. "On-the-fly" syntax checking information may be incorrect. [D:\ECE\FPGA Training NTI\Sequence_detector_overlapping_nonoverlapping\Sequence_detector_overlapping.srcs\sources_1\new\non_overlapping_seq_detector.v:]
WARNING: [filemgmt 56-199] Attempt to get parsing info during refresh. "On-the-fly" syntax checking information may be incorrect. [D:\ECE\FPGA Training NTI\Sequence_detector_overlapping_nonoverlapping\Sequence_detector_overlapping.srcs\sources_1\new\seq_detector_TB.v:]
WARNING: [filemgmt 56-199] Attempt to get parsing info during refresh. "On-the-fly" syntax checking information may be incorrect. [D:\ECE\FPGA Training NTI\Sequence_detector_overlapping_nonoverlapping\Sequence_detector_overlapping.srcs\sources_1\new\overlapping_seq_detector.v:]
WARNING: [filemgmt 56-199] Attempt to get parsing info during refresh. "On-the-fly" syntax checking information may be incorrect. [D:\ECE\FPGA Training NTI\Sequence_detector_overlapping_nonoverlapping\Sequence_detector_overlapping.srcs\sources_1\new\overlapping_seq_detector_moore.v:]
WARNING: [filemgmt 56-199] Attempt to get parsing info during refresh. "On-the-fly" syntax checking information may be incorrect. [D:\ECE\FPGA Training NTI\Sequence_detector_overlapping_nonoverlapping\Sequence_detector_overlapping.srcs\sources_1\new\overlapping_seq_detector_moore.v:]
WARNING: [filemgmt 56-199] Attempt to get parsing info during refresh. "On-the-fly" syntax checking information may be incorrect. [D:\ECE\FPGA Training NTI\Sequence_detector_overlapping_nonoverlapping\Sequence_detector_overlapping.srcs\sources_1\new\nonoverlapping_seq_detector_moore.v:]
WARNING: [filemgmt 56-199] Attempt to get parsing info during refresh. "On-the-fly" syntax checking information may be incorrect. [D:\ECE\FPGA Training NTI\Sequence_detector_overlapping_nonoverlapping\Sequence_detector_overlapping.srcs\sources_1\new\overlapping_seq_detector_moore.v:]
WARNING: [filemgmt 56-199] Attempt to get parsing info during refresh. "On-the-fly" syntax checking information may be incorrect. [D:\ECE\FPGA Training NTI\Sequence_detector_overlapping_nonoverlapping\Sequence_detector_overlapping.srcs\sources_1\new\non_overlapping_seq_detector.v:]
WARNING: [filemgmt 56-199] Attempt to get parsing info during refresh. "On-the-fly" syntax checking information may be incorrect. [D:\ECE\FPGA Training NTI\Sequence_detector_overlapping_nonoverlapping\Sequence_detector_overlapping.srcs\sources_1\new\seq_detector_TB.v:]
WARNING: [filemgmt 56-199] Attempt to get parsing info during refresh. "On-the-fly" syntax checking information may be incorrect. [D:\ECE\FPGA Training NTI\Sequence_detector_overlapping_nonoverlapping\Sequence_detector_overlapping.srcs\sources_1\new\overlapping_seq_detector.v:]
WARNING: [filemgmt 56-199] Attempt to get parsing info during refresh. "On-the-fly" syntax checking information may be incorrect. [D:\ECE\FPGA Training NTI\Sequence_detector_overlapping_nonoverlapping\Sequence_detector_overlapping.srcs\sources_1\new\seq_detector_TB.v:]
WARNING: [filemgmt 56-199] Attempt to get parsing info during refresh. "On-the-fly" syntax checking information may be incorrect. [D:\ECE\FPGA Training NTI\Sequence_detector_overlapping_nonoverlapping\Sequence_detector_overlapping.srcs\sources_1\new\seq_detector_TB.v:]
ERROR: [Common 17-180] Spawn failed: The operation completed successfully.

WARNING: [filemgmt 56-199] Attempt to get parsing info during refresh. "On-the-fly" syntax checking information may be incorrect. [D:\ECE\FPGA Training NTI\Sequence_detector_overlapping_nonoverlapping\Sequence_detector_overlapping.srcs\sources_1\new\nonoverlapping_seq_detector_moore.v:]
WARNING: [filemgmt 56-199] Attempt to get parsing info during refresh. "On-the-fly" syntax checking information may be incorrect. [D:\ECE\FPGA Training NTI\Sequence_detector_overlapping_nonoverlapping\Sequence_detector_overlapping.srcs\sources_1\new\overlapping_seq_detector_moore.v:]
WARNING: [filemgmt 56-199] Attempt to get parsing info during refresh. "On-the-fly" syntax checking information may be incorrect. [D:\ECE\FPGA Training NTI\Sequence_detector_overlapping_nonoverlapping\Sequence_detector_overlapping.srcs\sources_1\new\non_overlapping_seq_detector.v:]
WARNING: [filemgmt 56-199] Attempt to get parsing info during refresh. "On-the-fly" syntax checking information may be incorrect. [D:\ECE\FPGA Training NTI\Sequence_detector_overlapping_nonoverlapping\Sequence_detector_overlapping.srcs\sources_1\new\seq_detector_TB.v:]
WARNING: [filemgmt 56-199] Attempt to get parsing info during refresh. "On-the-fly" syntax checking information may be incorrect. [D:\ECE\FPGA Training NTI\Sequence_detector_overlapping_nonoverlapping\Sequence_detector_overlapping.srcs\sources_1\new\overlapping_seq_detector.v:]
WARNING: [filemgmt 56-199] Attempt to get parsing info during refresh. "On-the-fly" syntax checking information may be incorrect. [D:\ECE\FPGA Training NTI\Sequence_detector_overlapping_nonoverlapping\Sequence_detector_overlapping.srcs\sources_1\new\overlapping_seq_detector.v:]
WARNING: [filemgmt 56-199] Attempt to get parsing info during refresh. "On-the-fly" syntax checking information may be incorrect. [D:\ECE\FPGA Training NTI\Sequence_detector_overlapping_nonoverlapping\Sequence_detector_overlapping.srcs\sources_1\new\overlapping_seq_detector.v:]
ERROR: [Common 17-180] Spawn failed: The operation completed successfully.

WARNING: [filemgmt 56-199] Attempt to get parsing info during refresh. "On-the-fly" syntax checking information may be incorrect. [D:\ECE\FPGA Training NTI\Sequence_detector_overlapping_nonoverlapping\Sequence_detector_overlapping.srcs\sources_1\new\nonoverlapping_seq_detector_moore.v:]
WARNING: [filemgmt 56-199] Attempt to get parsing info during refresh. "On-the-fly" syntax checking information may be incorrect. [D:\ECE\FPGA Training NTI\Sequence_detector_overlapping_nonoverlapping\Sequence_detector_overlapping.srcs\sources_1\new\overlapping_seq_detector_moore.v:]
WARNING: [filemgmt 56-199] Attempt to get parsing info during refresh. "On-the-fly" syntax checking information may be incorrect. [D:\ECE\FPGA Training NTI\Sequence_detector_overlapping_nonoverlapping\Sequence_detector_overlapping.srcs\sources_1\new\non_overlapping_seq_detector.v:]
WARNING: [filemgmt 56-199] Attempt to get parsing info during refresh. "On-the-fly" syntax checking information may be incorrect. [D:\ECE\FPGA Training NTI\Sequence_detector_overlapping_nonoverlapping\Sequence_detector_overlapping.srcs\sources_1\new\seq_detector_TB.v:]
WARNING: [filemgmt 56-199] Attempt to get parsing info during refresh. "On-the-fly" syntax checking information may be incorrect. [D:\ECE\FPGA Training NTI\Sequence_detector_overlapping_nonoverlapping\Sequence_detector_overlapping.srcs\sources_1\new\overlapping_seq_detector.v:]
WARNING: [filemgmt 56-199] Attempt to get parsing info during refresh. "On-the-fly" syntax checking information may be incorrect. [D:\ECE\FPGA Training NTI\Sequence_detector_overlapping_nonoverlapping\Sequence_detector_overlapping.srcs\sources_1\new\nonoverlapping_seq_detector_moore.v:]
WARNING: [filemgmt 56-199] Attempt to get parsing info during refresh. "On-the-fly" syntax checking information may be incorrect. [D:\ECE\FPGA Training NTI\Sequence_detector_overlapping_nonoverlapping\Sequence_detector_overlapping.srcs\sources_1\new\nonoverlapping_seq_detector_moore.v:]
update_compile_order -fileset sources_1
WARNING: [filemgmt 56-199] Attempt to get parsing info during refresh. "On-the-fly" syntax checking information may be incorrect. [D:\ECE\FPGA Training NTI\Sequence_detector_overlapping_nonoverlapping\Sequence_detector_overlapping.srcs\sources_1\new\nonoverlapping_seq_detector_moore.v:]
WARNING: [filemgmt 56-199] Attempt to get parsing info during refresh. "On-the-fly" syntax checking information may be incorrect. [D:\ECE\FPGA Training NTI\Sequence_detector_overlapping_nonoverlapping\Sequence_detector_overlapping.srcs\sources_1\new\overlapping_seq_detector_moore.v:]
WARNING: [filemgmt 56-199] Attempt to get parsing info during refresh. "On-the-fly" syntax checking information may be incorrect. [D:\ECE\FPGA Training NTI\Sequence_detector_overlapping_nonoverlapping\Sequence_detector_overlapping.srcs\sources_1\new\non_overlapping_seq_detector.v:]
WARNING: [filemgmt 56-199] Attempt to get parsing info during refresh. "On-the-fly" syntax checking information may be incorrect. [D:\ECE\FPGA Training NTI\Sequence_detector_overlapping_nonoverlapping\Sequence_detector_overlapping.srcs\sources_1\new\seq_detector_TB.v:]
WARNING: [filemgmt 56-199] Attempt to get parsing info during refresh. "On-the-fly" syntax checking information may be incorrect. [D:\ECE\FPGA Training NTI\Sequence_detector_overlapping_nonoverlapping\Sequence_detector_overlapping.srcs\sources_1\new\overlapping_seq_detector.v:]
WARNING: [filemgmt 56-199] Attempt to get parsing info during refresh. "On-the-fly" syntax checking information may be incorrect. [D:\ECE\FPGA Training NTI\Sequence_detector_overlapping_nonoverlapping\Sequence_detector_overlapping.srcs\sources_1\new\overlapping_seq_detector.v:]
WARNING: [filemgmt 56-199] Attempt to get parsing info during refresh. "On-the-fly" syntax checking information may be incorrect. [D:\ECE\FPGA Training NTI\Sequence_detector_overlapping_nonoverlapping\Sequence_detector_overlapping.srcs\sources_1\new\overlapping_seq_detector.v:]
WARNING: [filemgmt 56-199] Attempt to get parsing info during refresh. "On-the-fly" syntax checking information may be incorrect. [D:\ECE\FPGA Training NTI\Sequence_detector_overlapping_nonoverlapping\Sequence_detector_overlapping.srcs\sources_1\new\nonoverlapping_seq_detector_moore.v:]
WARNING: [filemgmt 56-199] Attempt to get parsing info during refresh. "On-the-fly" syntax checking information may be incorrect. [D:\ECE\FPGA Training NTI\Sequence_detector_overlapping_nonoverlapping\Sequence_detector_overlapping.srcs\sources_1\new\overlapping_seq_detector_moore.v:]
WARNING: [filemgmt 56-199] Attempt to get parsing info during refresh. "On-the-fly" syntax checking information may be incorrect. [D:\ECE\FPGA Training NTI\Sequence_detector_overlapping_nonoverlapping\Sequence_detector_overlapping.srcs\sources_1\new\non_overlapping_seq_detector.v:]
WARNING: [filemgmt 56-199] Attempt to get parsing info during refresh. "On-the-fly" syntax checking information may be incorrect. [D:\ECE\FPGA Training NTI\Sequence_detector_overlapping_nonoverlapping\Sequence_detector_overlapping.srcs\sources_1\new\seq_detector_TB.v:]
WARNING: [filemgmt 56-199] Attempt to get parsing info during refresh. "On-the-fly" syntax checking information may be incorrect. [D:\ECE\FPGA Training NTI\Sequence_detector_overlapping_nonoverlapping\Sequence_detector_overlapping.srcs\sources_1\new\overlapping_seq_detector.v:]
WARNING: [filemgmt 56-199] Attempt to get parsing info during refresh. "On-the-fly" syntax checking information may be incorrect. [D:\ECE\FPGA Training NTI\Sequence_detector_overlapping_nonoverlapping\Sequence_detector_overlapping.srcs\sources_1\new\non_overlapping_seq_detector.v:]
WARNING: [filemgmt 56-199] Attempt to get parsing info during refresh. "On-the-fly" syntax checking information may be incorrect. [D:\ECE\FPGA Training NTI\Sequence_detector_overlapping_nonoverlapping\Sequence_detector_overlapping.srcs\sources_1\new\non_overlapping_seq_detector.v:]
ERROR: [Common 17-180] Spawn failed: The operation completed successfully.

WARNING: [filemgmt 56-199] Attempt to get parsing info during refresh. "On-the-fly" syntax checking information may be incorrect. [D:\ECE\FPGA Training NTI\Sequence_detector_overlapping_nonoverlapping\Sequence_detector_overlapping.srcs\sources_1\new\nonoverlapping_seq_detector_moore.v:]
WARNING: [filemgmt 56-199] Attempt to get parsing info during refresh. "On-the-fly" syntax checking information may be incorrect. [D:\ECE\FPGA Training NTI\Sequence_detector_overlapping_nonoverlapping\Sequence_detector_overlapping.srcs\sources_1\new\overlapping_seq_detector_moore.v:]
WARNING: [filemgmt 56-199] Attempt to get parsing info during refresh. "On-the-fly" syntax checking information may be incorrect. [D:\ECE\FPGA Training NTI\Sequence_detector_overlapping_nonoverlapping\Sequence_detector_overlapping.srcs\sources_1\new\non_overlapping_seq_detector.v:]
WARNING: [filemgmt 56-199] Attempt to get parsing info during refresh. "On-the-fly" syntax checking information may be incorrect. [D:\ECE\FPGA Training NTI\Sequence_detector_overlapping_nonoverlapping\Sequence_detector_overlapping.srcs\sources_1\new\seq_detector_TB.v:]
WARNING: [filemgmt 56-199] Attempt to get parsing info during refresh. "On-the-fly" syntax checking information may be incorrect. [D:\ECE\FPGA Training NTI\Sequence_detector_overlapping_nonoverlapping\Sequence_detector_overlapping.srcs\sources_1\new\overlapping_seq_detector.v:]
WARNING: [filemgmt 56-199] Attempt to get parsing info during refresh. "On-the-fly" syntax checking information may be incorrect. [D:\ECE\FPGA Training NTI\Sequence_detector_overlapping_nonoverlapping\Sequence_detector_overlapping.srcs\sources_1\new\overlapping_seq_detector_moore.v:]
WARNING: [filemgmt 56-199] Attempt to get parsing info during refresh. "On-the-fly" syntax checking information may be incorrect. [D:\ECE\FPGA Training NTI\Sequence_detector_overlapping_nonoverlapping\Sequence_detector_overlapping.srcs\sources_1\new\overlapping_seq_detector_moore.v:]
WARNING: [filemgmt 56-199] Attempt to get parsing info during refresh. "On-the-fly" syntax checking information may be incorrect. [D:\ECE\FPGA Training NTI\Sequence_detector_overlapping_nonoverlapping\Sequence_detector_overlapping.srcs\sources_1\new\nonoverlapping_seq_detector_moore.v:]
WARNING: [filemgmt 56-199] Attempt to get parsing info during refresh. "On-the-fly" syntax checking information may be incorrect. [D:\ECE\FPGA Training NTI\Sequence_detector_overlapping_nonoverlapping\Sequence_detector_overlapping.srcs\sources_1\new\overlapping_seq_detector_moore.v:]
WARNING: [filemgmt 56-199] Attempt to get parsing info during refresh. "On-the-fly" syntax checking information may be incorrect. [D:\ECE\FPGA Training NTI\Sequence_detector_overlapping_nonoverlapping\Sequence_detector_overlapping.srcs\sources_1\new\non_overlapping_seq_detector.v:]
WARNING: [filemgmt 56-199] Attempt to get parsing info during refresh. "On-the-fly" syntax checking information may be incorrect. [D:\ECE\FPGA Training NTI\Sequence_detector_overlapping_nonoverlapping\Sequence_detector_overlapping.srcs\sources_1\new\seq_detector_TB.v:]
WARNING: [filemgmt 56-199] Attempt to get parsing info during refresh. "On-the-fly" syntax checking information may be incorrect. [D:\ECE\FPGA Training NTI\Sequence_detector_overlapping_nonoverlapping\Sequence_detector_overlapping.srcs\sources_1\new\overlapping_seq_detector.v:]
WARNING: [filemgmt 56-199] Attempt to get parsing info during refresh. "On-the-fly" syntax checking information may be incorrect. [D:\ECE\FPGA Training NTI\Sequence_detector_overlapping_nonoverlapping\Sequence_detector_overlapping.srcs\sources_1\new\nonoverlapping_seq_detector_moore.v:]
WARNING: [filemgmt 56-199] Attempt to get parsing info during refresh. "On-the-fly" syntax checking information may be incorrect. [D:\ECE\FPGA Training NTI\Sequence_detector_overlapping_nonoverlapping\Sequence_detector_overlapping.srcs\sources_1\new\nonoverlapping_seq_detector_moore.v:]
WARNING: [filemgmt 56-199] Attempt to get parsing info during refresh. "On-the-fly" syntax checking information may be incorrect. [D:\ECE\FPGA Training NTI\Sequence_detector_overlapping_nonoverlapping\Sequence_detector_overlapping.srcs\sources_1\new\nonoverlapping_seq_detector_moore.v:]
WARNING: [filemgmt 56-199] Attempt to get parsing info during refresh. "On-the-fly" syntax checking information may be incorrect. [D:\ECE\FPGA Training NTI\Sequence_detector_overlapping_nonoverlapping\Sequence_detector_overlapping.srcs\sources_1\new\overlapping_seq_detector_moore.v:]
WARNING: [filemgmt 56-199] Attempt to get parsing info during refresh. "On-the-fly" syntax checking information may be incorrect. [D:\ECE\FPGA Training NTI\Sequence_detector_overlapping_nonoverlapping\Sequence_detector_overlapping.srcs\sources_1\new\non_overlapping_seq_detector.v:]
WARNING: [filemgmt 56-199] Attempt to get parsing info during refresh. "On-the-fly" syntax checking information may be incorrect. [D:\ECE\FPGA Training NTI\Sequence_detector_overlapping_nonoverlapping\Sequence_detector_overlapping.srcs\sources_1\new\seq_detector_TB.v:]
WARNING: [filemgmt 56-199] Attempt to get parsing info during refresh. "On-the-fly" syntax checking information may be incorrect. [D:\ECE\FPGA Training NTI\Sequence_detector_overlapping_nonoverlapping\Sequence_detector_overlapping.srcs\sources_1\new\overlapping_seq_detector.v:]
WARNING: [filemgmt 56-199] Attempt to get parsing info during refresh. "On-the-fly" syntax checking information may be incorrect. [D:\ECE\FPGA Training NTI\Sequence_detector_overlapping_nonoverlapping\Sequence_detector_overlapping.srcs\sources_1\new\non_overlapping_seq_detector.v:]
WARNING: [filemgmt 56-199] Attempt to get parsing info during refresh. "On-the-fly" syntax checking information may be incorrect. [D:\ECE\FPGA Training NTI\Sequence_detector_overlapping_nonoverlapping\Sequence_detector_overlapping.srcs\sources_1\new\non_overlapping_seq_detector.v:]
update_compile_order -fileset sources_1
WARNING: [filemgmt 56-199] Attempt to get parsing info during refresh. "On-the-fly" syntax checking information may be incorrect. [D:\ECE\FPGA Training NTI\Sequence_detector_overlapping_nonoverlapping\Sequence_detector_overlapping.srcs\sources_1\new\nonoverlapping_seq_detector_moore.v:]
WARNING: [filemgmt 56-199] Attempt to get parsing info during refresh. "On-the-fly" syntax checking information may be incorrect. [D:\ECE\FPGA Training NTI\Sequence_detector_overlapping_nonoverlapping\Sequence_detector_overlapping.srcs\sources_1\new\overlapping_seq_detector_moore.v:]
WARNING: [filemgmt 56-199] Attempt to get parsing info during refresh. "On-the-fly" syntax checking information may be incorrect. [D:\ECE\FPGA Training NTI\Sequence_detector_overlapping_nonoverlapping\Sequence_detector_overlapping.srcs\sources_1\new\non_overlapping_seq_detector.v:]
WARNING: [filemgmt 56-199] Attempt to get parsing info during refresh. "On-the-fly" syntax checking information may be incorrect. [D:\ECE\FPGA Training NTI\Sequence_detector_overlapping_nonoverlapping\Sequence_detector_overlapping.srcs\sources_1\new\seq_detector_TB.v:]
WARNING: [filemgmt 56-199] Attempt to get parsing info during refresh. "On-the-fly" syntax checking information may be incorrect. [D:\ECE\FPGA Training NTI\Sequence_detector_overlapping_nonoverlapping\Sequence_detector_overlapping.srcs\sources_1\new\overlapping_seq_detector.v:]
WARNING: [filemgmt 56-199] Attempt to get parsing info during refresh. "On-the-fly" syntax checking information may be incorrect. [D:\ECE\FPGA Training NTI\Sequence_detector_overlapping_nonoverlapping\Sequence_detector_overlapping.srcs\sources_1\new\nonoverlapping_seq_detector_moore.v:]
WARNING: [filemgmt 56-199] Attempt to get parsing info during refresh. "On-the-fly" syntax checking information may be incorrect. [D:\ECE\FPGA Training NTI\Sequence_detector_overlapping_nonoverlapping\Sequence_detector_overlapping.srcs\sources_1\new\nonoverlapping_seq_detector_moore.v:]
WARNING: [filemgmt 56-199] Attempt to get parsing info during refresh. "On-the-fly" syntax checking information may be incorrect. [D:\ECE\FPGA Training NTI\Sequence_detector_overlapping_nonoverlapping\Sequence_detector_overlapping.srcs\sources_1\new\nonoverlapping_seq_detector_moore.v:]
WARNING: [filemgmt 56-199] Attempt to get parsing info during refresh. "On-the-fly" syntax checking information may be incorrect. [D:\ECE\FPGA Training NTI\Sequence_detector_overlapping_nonoverlapping\Sequence_detector_overlapping.srcs\sources_1\new\overlapping_seq_detector_moore.v:]
WARNING: [filemgmt 56-199] Attempt to get parsing info during refresh. "On-the-fly" syntax checking information may be incorrect. [D:\ECE\FPGA Training NTI\Sequence_detector_overlapping_nonoverlapping\Sequence_detector_overlapping.srcs\sources_1\new\non_overlapping_seq_detector.v:]
WARNING: [filemgmt 56-199] Attempt to get parsing info during refresh. "On-the-fly" syntax checking information may be incorrect. [D:\ECE\FPGA Training NTI\Sequence_detector_overlapping_nonoverlapping\Sequence_detector_overlapping.srcs\sources_1\new\seq_detector_TB.v:]
WARNING: [filemgmt 56-199] Attempt to get parsing info during refresh. "On-the-fly" syntax checking information may be incorrect. [D:\ECE\FPGA Training NTI\Sequence_detector_overlapping_nonoverlapping\Sequence_detector_overlapping.srcs\sources_1\new\overlapping_seq_detector.v:]
WARNING: [filemgmt 56-199] Attempt to get parsing info during refresh. "On-the-fly" syntax checking information may be incorrect. [D:\ECE\FPGA Training NTI\Sequence_detector_overlapping_nonoverlapping\Sequence_detector_overlapping.srcs\sources_1\new\seq_detector_TB.v:]
WARNING: [filemgmt 56-199] Attempt to get parsing info during refresh. "On-the-fly" syntax checking information may be incorrect. [D:\ECE\FPGA Training NTI\Sequence_detector_overlapping_nonoverlapping\Sequence_detector_overlapping.srcs\sources_1\new\seq_detector_TB.v:]
ERROR: [Common 17-180] Spawn failed: The operation completed successfully.

WARNING: [filemgmt 56-199] Attempt to get parsing info during refresh. "On-the-fly" syntax checking information may be incorrect. [D:\ECE\FPGA Training NTI\Sequence_detector_overlapping_nonoverlapping\Sequence_detector_overlapping.srcs\sources_1\new\nonoverlapping_seq_detector_moore.v:]
WARNING: [filemgmt 56-199] Attempt to get parsing info during refresh. "On-the-fly" syntax checking information may be incorrect. [D:\ECE\FPGA Training NTI\Sequence_detector_overlapping_nonoverlapping\Sequence_detector_overlapping.srcs\sources_1\new\overlapping_seq_detector_moore.v:]
WARNING: [filemgmt 56-199] Attempt to get parsing info during refresh. "On-the-fly" syntax checking information may be incorrect. [D:\ECE\FPGA Training NTI\Sequence_detector_overlapping_nonoverlapping\Sequence_detector_overlapping.srcs\sources_1\new\non_overlapping_seq_detector.v:]
WARNING: [filemgmt 56-199] Attempt to get parsing info during refresh. "On-the-fly" syntax checking information may be incorrect. [D:\ECE\FPGA Training NTI\Sequence_detector_overlapping_nonoverlapping\Sequence_detector_overlapping.srcs\sources_1\new\seq_detector_TB.v:]
WARNING: [filemgmt 56-199] Attempt to get parsing info during refresh. "On-the-fly" syntax checking information may be incorrect. [D:\ECE\FPGA Training NTI\Sequence_detector_overlapping_nonoverlapping\Sequence_detector_overlapping.srcs\sources_1\new\overlapping_seq_detector.v:]
WARNING: [filemgmt 56-199] Attempt to get parsing info during refresh. "On-the-fly" syntax checking information may be incorrect. [D:\ECE\FPGA Training NTI\Sequence_detector_overlapping_nonoverlapping\Sequence_detector_overlapping.srcs\sources_1\new\non_overlapping_seq_detector.v:]
WARNING: [filemgmt 56-199] Attempt to get parsing info during refresh. "On-the-fly" syntax checking information may be incorrect. [D:\ECE\FPGA Training NTI\Sequence_detector_overlapping_nonoverlapping\Sequence_detector_overlapping.srcs\sources_1\new\non_overlapping_seq_detector.v:]
WARNING: [filemgmt 56-199] Attempt to get parsing info during refresh. "On-the-fly" syntax checking information may be incorrect. [D:\ECE\FPGA Training NTI\Sequence_detector_overlapping_nonoverlapping\Sequence_detector_overlapping.srcs\sources_1\new\nonoverlapping_seq_detector_moore.v:]
WARNING: [filemgmt 56-199] Attempt to get parsing info during refresh. "On-the-fly" syntax checking information may be incorrect. [D:\ECE\FPGA Training NTI\Sequence_detector_overlapping_nonoverlapping\Sequence_detector_overlapping.srcs\sources_1\new\overlapping_seq_detector_moore.v:]
WARNING: [filemgmt 56-199] Attempt to get parsing info during refresh. "On-the-fly" syntax checking information may be incorrect. [D:\ECE\FPGA Training NTI\Sequence_detector_overlapping_nonoverlapping\Sequence_detector_overlapping.srcs\sources_1\new\non_overlapping_seq_detector.v:]
WARNING: [filemgmt 56-199] Attempt to get parsing info during refresh. "On-the-fly" syntax checking information may be incorrect. [D:\ECE\FPGA Training NTI\Sequence_detector_overlapping_nonoverlapping\Sequence_detector_overlapping.srcs\sources_1\new\seq_detector_TB.v:]
WARNING: [filemgmt 56-199] Attempt to get parsing info during refresh. "On-the-fly" syntax checking information may be incorrect. [D:\ECE\FPGA Training NTI\Sequence_detector_overlapping_nonoverlapping\Sequence_detector_overlapping.srcs\sources_1\new\nonoverlapping_seq_detector_moore.v:]
WARNING: [filemgmt 56-199] Attempt to get parsing info during refresh. "On-the-fly" syntax checking information may be incorrect. [D:\ECE\FPGA Training NTI\Sequence_detector_overlapping_nonoverlapping\Sequence_detector_overlapping.srcs\sources_1\new\nonoverlapping_seq_detector_moore.v:]
WARNING: [filemgmt 56-199] Attempt to get parsing info during refresh. "On-the-fly" syntax checking information may be incorrect. [D:\ECE\FPGA Training NTI\Sequence_detector_overlapping_nonoverlapping\Sequence_detector_overlapping.srcs\sources_1\new\nonoverlapping_seq_detector_moore.v:]
WARNING: [filemgmt 56-199] Attempt to get parsing info during refresh. "On-the-fly" syntax checking information may be incorrect. [D:\ECE\FPGA Training NTI\Sequence_detector_overlapping_nonoverlapping\Sequence_detector_overlapping.srcs\sources_1\new\overlapping_seq_detector_moore.v:]
WARNING: [filemgmt 56-199] Attempt to get parsing info during refresh. "On-the-fly" syntax checking information may be incorrect. [D:\ECE\FPGA Training NTI\Sequence_detector_overlapping_nonoverlapping\Sequence_detector_overlapping.srcs\sources_1\new\non_overlapping_seq_detector.v:]
WARNING: [filemgmt 56-199] Attempt to get parsing info during refresh. "On-the-fly" syntax checking information may be incorrect. [D:\ECE\FPGA Training NTI\Sequence_detector_overlapping_nonoverlapping\Sequence_detector_overlapping.srcs\sources_1\new\seq_detector_TB.v:]
WARNING: [filemgmt 56-199] Attempt to get parsing info during refresh. "On-the-fly" syntax checking information may be incorrect. [D:\ECE\FPGA Training NTI\Sequence_detector_overlapping_nonoverlapping\Sequence_detector_overlapping.srcs\sources_1\new\overlapping_seq_detector_moore.v:]
WARNING: [filemgmt 56-199] Attempt to get parsing info during refresh. "On-the-fly" syntax checking information may be incorrect. [D:\ECE\FPGA Training NTI\Sequence_detector_overlapping_nonoverlapping\Sequence_detector_overlapping.srcs\sources_1\new\overlapping_seq_detector_moore.v:]
WARNING: [filemgmt 56-199] Attempt to get parsing info during refresh. "On-the-fly" syntax checking information may be incorrect. [D:\ECE\FPGA Training NTI\Sequence_detector_overlapping_nonoverlapping\Sequence_detector_overlapping.srcs\sources_1\new\nonoverlapping_seq_detector_moore.v:]
WARNING: [filemgmt 56-199] Attempt to get parsing info during refresh. "On-the-fly" syntax checking information may be incorrect. [D:\ECE\FPGA Training NTI\Sequence_detector_overlapping_nonoverlapping\Sequence_detector_overlapping.srcs\sources_1\new\overlapping_seq_detector_moore.v:]
WARNING: [filemgmt 56-199] Attempt to get parsing info during refresh. "On-the-fly" syntax checking information may be incorrect. [D:\ECE\FPGA Training NTI\Sequence_detector_overlapping_nonoverlapping\Sequence_detector_overlapping.srcs\sources_1\new\non_overlapping_seq_detector.v:]
WARNING: [filemgmt 56-199] Attempt to get parsing info during refresh. "On-the-fly" syntax checking information may be incorrect. [D:\ECE\FPGA Training NTI\Sequence_detector_overlapping_nonoverlapping\Sequence_detector_overlapping.srcs\sources_1\new\seq_detector_TB.v:]
WARNING: [filemgmt 56-199] Attempt to get parsing info during refresh. "On-the-fly" syntax checking information may be incorrect. [D:\ECE\FPGA Training NTI\Sequence_detector_overlapping_nonoverlapping\Sequence_detector_overlapping.srcs\sources_1\new\seq_detector_TB.v:]
WARNING: [filemgmt 56-199] Attempt to get parsing info during refresh. "On-the-fly" syntax checking information may be incorrect. [D:\ECE\FPGA Training NTI\Sequence_detector_overlapping_nonoverlapping\Sequence_detector_overlapping.srcs\sources_1\new\seq_detector_TB.v:]
update_compile_order -fileset sources_1
WARNING: [filemgmt 56-199] Attempt to get parsing info during refresh. "On-the-fly" syntax checking information may be incorrect. [D:\ECE\FPGA Training NTI\Sequence_detector_overlapping_nonoverlapping\Sequence_detector_overlapping.srcs\sources_1\new\nonoverlapping_seq_detector_moore.v:]
WARNING: [filemgmt 56-199] Attempt to get parsing info during refresh. "On-the-fly" syntax checking information may be incorrect. [D:\ECE\FPGA Training NTI\Sequence_detector_overlapping_nonoverlapping\Sequence_detector_overlapping.srcs\sources_1\new\overlapping_seq_detector_moore.v:]
WARNING: [filemgmt 56-199] Attempt to get parsing info during refresh. "On-the-fly" syntax checking information may be incorrect. [D:\ECE\FPGA Training NTI\Sequence_detector_overlapping_nonoverlapping\Sequence_detector_overlapping.srcs\sources_1\new\non_overlapping_seq_detector.v:]
WARNING: [filemgmt 56-199] Attempt to get parsing info during refresh. "On-the-fly" syntax checking information may be incorrect. [D:\ECE\FPGA Training NTI\Sequence_detector_overlapping_nonoverlapping\Sequence_detector_overlapping.srcs\sources_1\new\seq_detector_TB.v:]
WARNING: [filemgmt 56-199] Attempt to get parsing info during refresh. "On-the-fly" syntax checking information may be incorrect. [D:\ECE\FPGA Training NTI\Sequence_detector_overlapping_nonoverlapping\Sequence_detector_overlapping.srcs\sources_1\new\non_overlapping_seq_detector.v:]
WARNING: [filemgmt 56-199] Attempt to get parsing info during refresh. "On-the-fly" syntax checking information may be incorrect. [D:\ECE\FPGA Training NTI\Sequence_detector_overlapping_nonoverlapping\Sequence_detector_overlapping.srcs\sources_1\new\non_overlapping_seq_detector.v:]
WARNING: [filemgmt 56-199] Attempt to get parsing info during refresh. "On-the-fly" syntax checking information may be incorrect. [D:\ECE\FPGA Training NTI\Sequence_detector_overlapping_nonoverlapping\Sequence_detector_overlapping.srcs\sources_1\new\nonoverlapping_seq_detector_moore.v:]
WARNING: [filemgmt 56-199] Attempt to get parsing info during refresh. "On-the-fly" syntax checking information may be incorrect. [D:\ECE\FPGA Training NTI\Sequence_detector_overlapping_nonoverlapping\Sequence_detector_overlapping.srcs\sources_1\new\overlapping_seq_detector_moore.v:]
WARNING: [filemgmt 56-199] Attempt to get parsing info during refresh. "On-the-fly" syntax checking information may be incorrect. [D:\ECE\FPGA Training NTI\Sequence_detector_overlapping_nonoverlapping\Sequence_detector_overlapping.srcs\sources_1\new\non_overlapping_seq_detector.v:]
WARNING: [filemgmt 56-199] Attempt to get parsing info during refresh. "On-the-fly" syntax checking information may be incorrect. [D:\ECE\FPGA Training NTI\Sequence_detector_overlapping_nonoverlapping\Sequence_detector_overlapping.srcs\sources_1\new\seq_detector_TB.v:]
WARNING: [filemgmt 56-199] Attempt to get parsing info during refresh. "On-the-fly" syntax checking information may be incorrect. [D:\ECE\FPGA Training NTI\Sequence_detector_overlapping_nonoverlapping\Sequence_detector_overlapping.srcs\sources_1\new\seq_detector_TB.v:]
WARNING: [filemgmt 56-199] Attempt to get parsing info during refresh. "On-the-fly" syntax checking information may be incorrect. [D:\ECE\FPGA Training NTI\Sequence_detector_overlapping_nonoverlapping\Sequence_detector_overlapping.srcs\sources_1\new\seq_detector_TB.v:]
ERROR: [Common 17-180] Spawn failed: The operation completed successfully.

launch_simulation
Command: launch_simulation 
INFO: [Vivado 12-12493] Simulation top is 'seq_detector_TB'
INFO: [Vivado 12-5682] Launching behavioral simulation in 'D:/ECE/FPGA Training NTI/Sequence_detector_overlapping_nonoverlapping/Sequence_detector_overlapping.sim/sim_1/behav/xsim'
INFO: [SIM-utils-51] Simulation object is 'sim_1'
INFO: [SIM-utils-72] Using boost library from 'C:/Xilinx/2025.1/Vivado/tps/boost_1_72_0'
WARNING: [filemgmt 56-199] Attempt to get parsing info during refresh. "On-the-fly" syntax checking information may be incorrect. [D:\ECE\FPGA Training NTI\Sequence_detector_overlapping_nonoverlapping\Sequence_detector_overlapping.srcs\sources_1\new\nonoverlapping_seq_detector_moore.v:]
WARNING: [filemgmt 56-199] Attempt to get parsing info during refresh. "On-the-fly" syntax checking information may be incorrect. [D:\ECE\FPGA Training NTI\Sequence_detector_overlapping_nonoverlapping\Sequence_detector_overlapping.srcs\sources_1\new\overlapping_seq_detector_moore.v:]
WARNING: [filemgmt 56-199] Attempt to get parsing info during refresh. "On-the-fly" syntax checking information may be incorrect. [D:\ECE\FPGA Training NTI\Sequence_detector_overlapping_nonoverlapping\Sequence_detector_overlapping.srcs\sources_1\new\non_overlapping_seq_detector.v:]
WARNING: [filemgmt 56-199] Attempt to get parsing info during refresh. "On-the-fly" syntax checking information may be incorrect. [D:\ECE\FPGA Training NTI\Sequence_detector_overlapping_nonoverlapping\Sequence_detector_overlapping.srcs\sources_1\new\seq_detector_TB.v:]
WARNING: [filemgmt 56-199] Attempt to get parsing info during refresh. "On-the-fly" syntax checking information may be incorrect. [D:\ECE\FPGA Training NTI\Sequence_detector_overlapping_nonoverlapping\Sequence_detector_overlapping.srcs\sources_1\new\seq_detector_TB.v:]
WARNING: [filemgmt 56-199] Attempt to get parsing info during refresh. "On-the-fly" syntax checking information may be incorrect. [D:\ECE\FPGA Training NTI\Sequence_detector_overlapping_nonoverlapping\Sequence_detector_overlapping.srcs\sources_1\new\seq_detector_TB.v:]
INFO: [SIM-utils-54] Inspecting design source files for 'seq_detector_TB' in fileset 'sim_1'...
INFO: [USF-XSim-97] Finding global include files...
INFO: [USF-XSim-98] Fetching design files from 'sim_1'...
INFO: [USF-XSim-2] XSim::Compile design
ERROR: [Common 17-180] Spawn failed: The operation completed successfully.

INFO: [USF-XSim-61] Executing 'COMPILE and ANALYZE' step in 'D:/ECE/FPGA Training NTI/Sequence_detector_overlapping_nonoverlapping/Sequence_detector_overlapping.sim/sim_1/behav/xsim'
"xvlog --incr --relax -prj seq_detector_TB_vlog.prj"
INFO: [VRFC 10-2263] Analyzing Verilog file "D:/ECE/FPGA Training NTI/Sequence_detector_overlapping_nonoverlapping/Sequence_detector_overlapping.srcs/sources_1/new/non_overlapping_seq_detector.v" into library xil_defaultlib
INFO: [VRFC 10-311] analyzing module non_overlapping_seq_detector_mealy
INFO: [VRFC 10-2263] Analyzing Verilog file "D:/ECE/FPGA Training NTI/Sequence_detector_overlapping_nonoverlapping/Sequence_detector_overlapping.srcs/sources_1/new/nonoverlapping_seq_detector_moore.v" into library xil_defaultlib
INFO: [VRFC 10-311] analyzing module nonoverlapping_seq_detector_moore
INFO: [VRFC 10-2263] Analyzing Verilog file "D:/ECE/FPGA Training NTI/Sequence_detector_overlapping_nonoverlapping/Sequence_detector_overlapping.srcs/sources_1/new/overlapping_seq_detector.v" into library xil_defaultlib
INFO: [VRFC 10-311] analyzing module overlapping_seq_detector_mealy
INFO: [VRFC 10-2263] Analyzing Verilog file "D:/ECE/FPGA Training NTI/Sequence_detector_overlapping_nonoverlapping/Sequence_detector_overlapping.srcs/sources_1/new/overlapping_seq_detector_moore.v" into library xil_defaultlib
INFO: [VRFC 10-311] analyzing module overlapping_seq_detector_moore
INFO: [VRFC 10-2263] Analyzing Verilog file "D:/ECE/FPGA Training NTI/Sequence_detector_overlapping_nonoverlapping/Sequence_detector_overlapping.srcs/sources_1/new/seq_detector_TB.v" into library xil_defaultlib
INFO: [VRFC 10-311] analyzing module seq_detector_TB
INFO: [VRFC 10-2263] Analyzing Verilog file "D:/ECE/FPGA Training NTI/Sequence_detector_overlapping_nonoverlapping/Sequence_detector_overlapping.sim/sim_1/behav/xsim/glbl.v" into library xil_defaultlib
INFO: [VRFC 10-311] analyzing module glbl
INFO: [USF-XSim-69] 'compile' step finished in '2' seconds
INFO: [USF-XSim-3] XSim::Elaborate design
INFO: [USF-XSim-61] Executing 'ELABORATE' step in 'D:/ECE/FPGA Training NTI/Sequence_detector_overlapping_nonoverlapping/Sequence_detector_overlapping.sim/sim_1/behav/xsim'
"xelab --incr --debug typical --relax --mt 2 -L xil_defaultlib -L unisims_ver -L unimacro_ver -L secureip --snapshot seq_detector_TB_behav xil_defaultlib.seq_detector_TB xil_defaultlib.glbl -log elaborate.log"
Vivado Simulator v2025.1.0
Copyright 1986-2022 Xilinx, Inc. All Rights Reserved.
Copyright 2022-2025 Advanced Micro Devices, Inc. All Rights Reserved.
Running: C:/Xilinx/2025.1/Vivado/bin/unwrapped/win64.o/xelab.exe --incr --debug typical --relax --mt 2 -L xil_defaultlib -L unisims_ver -L unimacro_ver -L secureip --snapshot seq_detector_TB_behav xil_defaultlib.seq_detector_TB xil_defaultlib.glbl -log elaborate.log 
Using 2 slave threads.
Starting static elaboration
Pass Through NonSizing Optimizer
ERROR: [VRFC 10-2989] 'detect' is not declared [D:/ECE/FPGA Training NTI/Sequence_detector_overlapping_nonoverlapping/Sequence_detector_overlapping.srcs/sources_1/new/seq_detector_TB.v:93]
ERROR: [VRFC 10-2989] 'detect' is not declared [D:/ECE/FPGA Training NTI/Sequence_detector_overlapping_nonoverlapping/Sequence_detector_overlapping.srcs/sources_1/new/seq_detector_TB.v:97]
ERROR: [VRFC 10-2989] 'detect' is not declared [D:/ECE/FPGA Training NTI/Sequence_detector_overlapping_nonoverlapping/Sequence_detector_overlapping.srcs/sources_1/new/seq_detector_TB.v:101]
ERROR: [VRFC 10-2989] 'detect' is not declared [D:/ECE/FPGA Training NTI/Sequence_detector_overlapping_nonoverlapping/Sequence_detector_overlapping.srcs/sources_1/new/seq_detector_TB.v:105]
ERROR: [VRFC 10-2989] 'detect' is not declared [D:/ECE/FPGA Training NTI/Sequence_detector_overlapping_nonoverlapping/Sequence_detector_overlapping.srcs/sources_1/new/seq_detector_TB.v:114]
ERROR: [VRFC 10-2989] 'detect' is not declared [D:/ECE/FPGA Training NTI/Sequence_detector_overlapping_nonoverlapping/Sequence_detector_overlapping.srcs/sources_1/new/seq_detector_TB.v:118]
ERROR: [VRFC 10-2989] 'detect' is not declared [D:/ECE/FPGA Training NTI/Sequence_detector_overlapping_nonoverlapping/Sequence_detector_overlapping.srcs/sources_1/new/seq_detector_TB.v:122]
ERROR: [VRFC 10-2989] 'detect' is not declared [D:/ECE/FPGA Training NTI/Sequence_detector_overlapping_nonoverlapping/Sequence_detector_overlapping.srcs/sources_1/new/seq_detector_TB.v:126]
ERROR: [VRFC 10-2989] 'stream_in' is not declared [D:/ECE/FPGA Training NTI/Sequence_detector_overlapping_nonoverlapping/Sequence_detector_overlapping.srcs/sources_1/new/seq_detector_TB.v:137]
ERROR: [XSIM 43-3322] Static elaboration of top level Verilog design unit(s) in library work failed.
INFO: [USF-XSim-69] 'elaborate' step finished in '2' seconds
INFO: [USF-XSim-99] Step results log file:'D:/ECE/FPGA Training NTI/Sequence_detector_overlapping_nonoverlapping/Sequence_detector_overlapping.sim/sim_1/behav/xsim/elaborate.log'
ERROR: [USF-XSim-62] 'elaborate' step failed with error(s). Please check the Tcl console output or 'D:/ECE/FPGA Training NTI/Sequence_detector_overlapping_nonoverlapping/Sequence_detector_overlapping.sim/sim_1/behav/xsim/elaborate.log' file for more information.
ERROR: [Vivado 12-4473] Detected error while running simulation. Please correct the issue and retry this operation.
launch_simulation: Time (s): cpu = 00:00:02 ; elapsed = 00:00:09 . Memory (MB): peak = 1678.414 ; gain = 10.070
ERROR: [Common 17-39] 'launch_simulation' failed due to earlier errors.
WARNING: [filemgmt 56-199] Attempt to get parsing info during refresh. "On-the-fly" syntax checking information may be incorrect. [D:\ECE\FPGA Training NTI\Sequence_detector_overlapping_nonoverlapping\Sequence_detector_overlapping.srcs\sources_1\new\nonoverlapping_seq_detector_moore.v:]
WARNING: [filemgmt 56-199] Attempt to get parsing info during refresh. "On-the-fly" syntax checking information may be incorrect. [D:\ECE\FPGA Training NTI\Sequence_detector_overlapping_nonoverlapping\Sequence_detector_overlapping.srcs\sources_1\new\overlapping_seq_detector_moore.v:]
WARNING: [filemgmt 56-199] Attempt to get parsing info during refresh. "On-the-fly" syntax checking information may be incorrect. [D:\ECE\FPGA Training NTI\Sequence_detector_overlapping_nonoverlapping\Sequence_detector_overlapping.srcs\sources_1\new\non_overlapping_seq_detector.v:]
WARNING: [filemgmt 56-199] Attempt to get parsing info during refresh. "On-the-fly" syntax checking information may be incorrect. [D:\ECE\FPGA Training NTI\Sequence_detector_overlapping_nonoverlapping\Sequence_detector_overlapping.srcs\sources_1\new\seq_detector_TB.v:]
WARNING: [filemgmt 56-199] Attempt to get parsing info during refresh. "On-the-fly" syntax checking information may be incorrect. [D:\ECE\FPGA Training NTI\Sequence_detector_overlapping_nonoverlapping\Sequence_detector_overlapping.srcs\sources_1\new\non_overlapping_seq_detector.v:]
WARNING: [filemgmt 56-199] Attempt to get parsing info during refresh. "On-the-fly" syntax checking information may be incorrect. [D:\ECE\FPGA Training NTI\Sequence_detector_overlapping_nonoverlapping\Sequence_detector_overlapping.srcs\sources_1\new\non_overlapping_seq_detector.v:]
WARNING: [filemgmt 56-199] Attempt to get parsing info during refresh. "On-the-fly" syntax checking information may be incorrect. [D:\ECE\FPGA Training NTI\Sequence_detector_overlapping_nonoverlapping\Sequence_detector_overlapping.srcs\sources_1\new\nonoverlapping_seq_detector_moore.v:]
WARNING: [filemgmt 56-199] Attempt to get parsing info during refresh. "On-the-fly" syntax checking information may be incorrect. [D:\ECE\FPGA Training NTI\Sequence_detector_overlapping_nonoverlapping\Sequence_detector_overlapping.srcs\sources_1\new\overlapping_seq_detector_moore.v:]
WARNING: [filemgmt 56-199] Attempt to get parsing info during refresh. "On-the-fly" syntax checking information may be incorrect. [D:\ECE\FPGA Training NTI\Sequence_detector_overlapping_nonoverlapping\Sequence_detector_overlapping.srcs\sources_1\new\non_overlapping_seq_detector.v:]
WARNING: [filemgmt 56-199] Attempt to get parsing info during refresh. "On-the-fly" syntax checking information may be incorrect. [D:\ECE\FPGA Training NTI\Sequence_detector_overlapping_nonoverlapping\Sequence_detector_overlapping.srcs\sources_1\new\seq_detector_TB.v:]
WARNING: [filemgmt 56-199] Attempt to get parsing info during refresh. "On-the-fly" syntax checking information may be incorrect. [D:\ECE\FPGA Training NTI\Sequence_detector_overlapping_nonoverlapping\Sequence_detector_overlapping.srcs\sources_1\new\seq_detector_TB.v:]
WARNING: [filemgmt 56-199] Attempt to get parsing info during refresh. "On-the-fly" syntax checking information may be incorrect. [D:\ECE\FPGA Training NTI\Sequence_detector_overlapping_nonoverlapping\Sequence_detector_overlapping.srcs\sources_1\new\seq_detector_TB.v:]
ERROR: [Common 17-180] Spawn failed: The operation completed successfully.

WARNING: [filemgmt 56-199] Attempt to get parsing info during refresh. "On-the-fly" syntax checking information may be incorrect. [D:\ECE\FPGA Training NTI\Sequence_detector_overlapping_nonoverlapping\Sequence_detector_overlapping.srcs\sources_1\new\nonoverlapping_seq_detector_moore.v:]
WARNING: [filemgmt 56-199] Attempt to get parsing info during refresh. "On-the-fly" syntax checking information may be incorrect. [D:\ECE\FPGA Training NTI\Sequence_detector_overlapping_nonoverlapping\Sequence_detector_overlapping.srcs\sources_1\new\overlapping_seq_detector_moore.v:]
WARNING: [filemgmt 56-199] Attempt to get parsing info during refresh. "On-the-fly" syntax checking information may be incorrect. [D:\ECE\FPGA Training NTI\Sequence_detector_overlapping_nonoverlapping\Sequence_detector_overlapping.srcs\sources_1\new\non_overlapping_seq_detector.v:]
WARNING: [filemgmt 56-199] Attempt to get parsing info during refresh. "On-the-fly" syntax checking information may be incorrect. [D:\ECE\FPGA Training NTI\Sequence_detector_overlapping_nonoverlapping\Sequence_detector_overlapping.srcs\sources_1\new\seq_detector_TB.v:]
WARNING: [filemgmt 56-199] Attempt to get parsing info during refresh. "On-the-fly" syntax checking information may be incorrect. [D:\ECE\FPGA Training NTI\Sequence_detector_overlapping_nonoverlapping\Sequence_detector_overlapping.srcs\sources_1\new\nonoverlapping_seq_detector_moore.v:]
WARNING: [filemgmt 56-199] Attempt to get parsing info during refresh. "On-the-fly" syntax checking information may be incorrect. [D:\ECE\FPGA Training NTI\Sequence_detector_overlapping_nonoverlapping\Sequence_detector_overlapping.srcs\sources_1\new\nonoverlapping_seq_detector_moore.v:]
launch_simulation
Command: launch_simulation 
INFO: [Vivado 12-12493] Simulation top is 'seq_detector_TB'
INFO: [Vivado 12-5682] Launching behavioral simulation in 'D:/ECE/FPGA Training NTI/Sequence_detector_overlapping_nonoverlapping/Sequence_detector_overlapping.sim/sim_1/behav/xsim'
INFO: [SIM-utils-51] Simulation object is 'sim_1'
INFO: [SIM-utils-72] Using boost library from 'C:/Xilinx/2025.1/Vivado/tps/boost_1_72_0'
INFO: [SIM-utils-54] Inspecting design source files for 'seq_detector_TB' in fileset 'sim_1'...
INFO: [USF-XSim-97] Finding global include files...
INFO: [USF-XSim-98] Fetching design files from 'sim_1'...
INFO: [USF-XSim-2] XSim::Compile design
INFO: [USF-XSim-61] Executing 'COMPILE and ANALYZE' step in 'D:/ECE/FPGA Training NTI/Sequence_detector_overlapping_nonoverlapping/Sequence_detector_overlapping.sim/sim_1/behav/xsim'
"xvlog --incr --relax -prj seq_detector_TB_vlog.prj"
INFO: [VRFC 10-2263] Analyzing Verilog file "D:/ECE/FPGA Training NTI/Sequence_detector_overlapping_nonoverlapping/Sequence_detector_overlapping.srcs/sources_1/new/non_overlapping_seq_detector.v" into library xil_defaultlib
INFO: [VRFC 10-311] analyzing module non_overlapping_seq_detector_mealy
INFO: [VRFC 10-2263] Analyzing Verilog file "D:/ECE/FPGA Training NTI/Sequence_detector_overlapping_nonoverlapping/Sequence_detector_overlapping.srcs/sources_1/new/nonoverlapping_seq_detector_moore.v" into library xil_defaultlib
INFO: [VRFC 10-311] analyzing module nonoverlapping_seq_detector_moore
INFO: [VRFC 10-2263] Analyzing Verilog file "D:/ECE/FPGA Training NTI/Sequence_detector_overlapping_nonoverlapping/Sequence_detector_overlapping.srcs/sources_1/new/overlapping_seq_detector.v" into library xil_defaultlib
INFO: [VRFC 10-311] analyzing module overlapping_seq_detector_mealy
INFO: [VRFC 10-2263] Analyzing Verilog file "D:/ECE/FPGA Training NTI/Sequence_detector_overlapping_nonoverlapping/Sequence_detector_overlapping.srcs/sources_1/new/overlapping_seq_detector_moore.v" into library xil_defaultlib
INFO: [VRFC 10-311] analyzing module overlapping_seq_detector_moore
INFO: [VRFC 10-2263] Analyzing Verilog file "D:/ECE/FPGA Training NTI/Sequence_detector_overlapping_nonoverlapping/Sequence_detector_overlapping.srcs/sources_1/new/seq_detector_TB.v" into library xil_defaultlib
INFO: [VRFC 10-311] analyzing module seq_detector_TB
INFO: [USF-XSim-69] 'compile' step finished in '2' seconds
INFO: [USF-XSim-3] XSim::Elaborate design
INFO: [USF-XSim-61] Executing 'ELABORATE' step in 'D:/ECE/FPGA Training NTI/Sequence_detector_overlapping_nonoverlapping/Sequence_detector_overlapping.sim/sim_1/behav/xsim'
"xelab --incr --debug typical --relax --mt 2 -L xil_defaultlib -L unisims_ver -L unimacro_ver -L secureip --snapshot seq_detector_TB_behav xil_defaultlib.seq_detector_TB xil_defaultlib.glbl -log elaborate.log"
Vivado Simulator v2025.1.0
Copyright 1986-2022 Xilinx, Inc. All Rights Reserved.
Copyright 2022-2025 Advanced Micro Devices, Inc. All Rights Reserved.
Running: C:/Xilinx/2025.1/Vivado/bin/unwrapped/win64.o/xelab.exe --incr --debug typical --relax --mt 2 -L xil_defaultlib -L unisims_ver -L unimacro_ver -L secureip --snapshot seq_detector_TB_behav xil_defaultlib.seq_detector_TB xil_defaultlib.glbl -log elaborate.log 
Using 2 slave threads.
Starting static elaboration
Pass Through NonSizing Optimizer
ERROR: [VRFC 10-2989] 'stream_in' is not declared [D:/ECE/FPGA Training NTI/Sequence_detector_overlapping_nonoverlapping/Sequence_detector_overlapping.srcs/sources_1/new/seq_detector_TB.v:137]
ERROR: [XSIM 43-3322] Static elaboration of top level Verilog design unit(s) in library work failed.
INFO: [USF-XSim-69] 'elaborate' step finished in '1' seconds
INFO: [USF-XSim-99] Step results log file:'D:/ECE/FPGA Training NTI/Sequence_detector_overlapping_nonoverlapping/Sequence_detector_overlapping.sim/sim_1/behav/xsim/elaborate.log'
ERROR: [USF-XSim-62] 'elaborate' step failed with error(s). Please check the Tcl console output or 'D:/ECE/FPGA Training NTI/Sequence_detector_overlapping_nonoverlapping/Sequence_detector_overlapping.sim/sim_1/behav/xsim/elaborate.log' file for more information.
ERROR: [Vivado 12-4473] Detected error while running simulation. Please correct the issue and retry this operation.
ERROR: [Common 17-39] 'launch_simulation' failed due to earlier errors.
launch_simulation
Command: launch_simulation 
INFO: [Vivado 12-12493] Simulation top is 'seq_detector_TB'
INFO: [Vivado 12-5682] Launching behavioral simulation in 'D:/ECE/FPGA Training NTI/Sequence_detector_overlapping_nonoverlapping/Sequence_detector_overlapping.sim/sim_1/behav/xsim'
INFO: [SIM-utils-51] Simulation object is 'sim_1'
INFO: [SIM-utils-72] Using boost library from 'C:/Xilinx/2025.1/Vivado/tps/boost_1_72_0'
INFO: [SIM-utils-54] Inspecting design source files for 'seq_detector_TB' in fileset 'sim_1'...
INFO: [USF-XSim-97] Finding global include files...
INFO: [USF-XSim-98] Fetching design files from 'sim_1'...
INFO: [USF-XSim-2] XSim::Compile design
INFO: [USF-XSim-61] Executing 'COMPILE and ANALYZE' step in 'D:/ECE/FPGA Training NTI/Sequence_detector_overlapping_nonoverlapping/Sequence_detector_overlapping.sim/sim_1/behav/xsim'
"xvlog --incr --relax -prj seq_detector_TB_vlog.prj"
INFO: [VRFC 10-2263] Analyzing Verilog file "D:/ECE/FPGA Training NTI/Sequence_detector_overlapping_nonoverlapping/Sequence_detector_overlapping.srcs/sources_1/new/non_overlapping_seq_detector.v" into library xil_defaultlib
INFO: [VRFC 10-311] analyzing module non_overlapping_seq_detector_mealy
INFO: [VRFC 10-2263] Analyzing Verilog file "D:/ECE/FPGA Training NTI/Sequence_detector_overlapping_nonoverlapping/Sequence_detector_overlapping.srcs/sources_1/new/nonoverlapping_seq_detector_moore.v" into library xil_defaultlib
INFO: [VRFC 10-311] analyzing module nonoverlapping_seq_detector_moore
INFO: [VRFC 10-2263] Analyzing Verilog file "D:/ECE/FPGA Training NTI/Sequence_detector_overlapping_nonoverlapping/Sequence_detector_overlapping.srcs/sources_1/new/overlapping_seq_detector.v" into library xil_defaultlib
INFO: [VRFC 10-311] analyzing module overlapping_seq_detector_mealy
INFO: [VRFC 10-2263] Analyzing Verilog file "D:/ECE/FPGA Training NTI/Sequence_detector_overlapping_nonoverlapping/Sequence_detector_overlapping.srcs/sources_1/new/overlapping_seq_detector_moore.v" into library xil_defaultlib
INFO: [VRFC 10-311] analyzing module overlapping_seq_detector_moore
INFO: [VRFC 10-2263] Analyzing Verilog file "D:/ECE/FPGA Training NTI/Sequence_detector_overlapping_nonoverlapping/Sequence_detector_overlapping.srcs/sources_1/new/seq_detector_TB.v" into library xil_defaultlib
INFO: [VRFC 10-311] analyzing module seq_detector_TB
INFO: [USF-XSim-69] 'compile' step finished in '2' seconds
INFO: [USF-XSim-3] XSim::Elaborate design
INFO: [USF-XSim-61] Executing 'ELABORATE' step in 'D:/ECE/FPGA Training NTI/Sequence_detector_overlapping_nonoverlapping/Sequence_detector_overlapping.sim/sim_1/behav/xsim'
"xelab --incr --debug typical --relax --mt 2 -L xil_defaultlib -L unisims_ver -L unimacro_ver -L secureip --snapshot seq_detector_TB_behav xil_defaultlib.seq_detector_TB xil_defaultlib.glbl -log elaborate.log"
Vivado Simulator v2025.1.0
Copyright 1986-2022 Xilinx, Inc. All Rights Reserved.
Copyright 2022-2025 Advanced Micro Devices, Inc. All Rights Reserved.
Running: C:/Xilinx/2025.1/Vivado/bin/unwrapped/win64.o/xelab.exe --incr --debug typical --relax --mt 2 -L xil_defaultlib -L unisims_ver -L unimacro_ver -L secureip --snapshot seq_detector_TB_behav xil_defaultlib.seq_detector_TB xil_defaultlib.glbl -log elaborate.log 
Using 2 slave threads.
Starting static elaboration
Pass Through NonSizing Optimizer
Completed static elaboration
Starting simulation data flow analysis
Completed simulation data flow analysis
Time Resolution for simulation is 1ps
Compiling module xil_defaultlib.overlapping_seq_detector_mealy
Compiling module xil_defaultlib.non_overlapping_seq_detector_mea...
Compiling module xil_defaultlib.overlapping_seq_detector_moore
Compiling module xil_defaultlib.nonoverlapping_seq_detector_moor...
Compiling module xil_defaultlib.seq_detector_TB
Compiling module xil_defaultlib.glbl
Built simulation snapshot seq_detector_TB_behav
INFO: [USF-XSim-69] 'elaborate' step finished in '3' seconds
INFO: [USF-XSim-4] XSim::Simulate design
INFO: [USF-XSim-61] Executing 'SIMULATE' step in 'D:/ECE/FPGA Training NTI/Sequence_detector_overlapping_nonoverlapping/Sequence_detector_overlapping.sim/sim_1/behav/xsim'
INFO: [USF-XSim-98] *** Running xsim
   with args "seq_detector_TB_behav -key {Behavioral:sim_1:Functional:seq_detector_TB} -tclbatch {seq_detector_TB.tcl} -log {simulate.log}"
INFO: [USF-XSim-8] Loading simulator feature
Time resolution is 1 ps
source seq_detector_TB.tcl
# set curr_wave [current_wave_config]
# if { [string length $curr_wave] == 0 } {
#   if { [llength [get_objects]] > 0} {
#     add_wave /
#     set_property needs_save false [current_wave_config]
#   } else {
#      send_msg_id Add_Wave-1 WARNING "No top level signals found. Simulator will start without a wave window. If you want to open a wave window go to 'File->New Waveform Configuration' or type 'create_wave_config' in the TCL console."
#   }
# }
# run 1000ns
1. DETECTION TEST 

Time=20 | Serial in=0 | Mealy_Over=0 | Moore_Over=0 | Mealy_Non=0 | Moore_Non=0
Time=30 | Serial in=1 | Mealy_Over=0 | Moore_Over=0 | Mealy_Non=0 | Moore_Non=0
Time=50 | Serial in=0 | Mealy_Over=0 | Moore_Over=0 | Mealy_Non=0 | Moore_Non=0
Time=60 | Serial in=1 | Mealy_Over=0 | Moore_Over=0 | Mealy_Non=0 | Moore_Non=0
Time=70 | Serial in=0 | Mealy_Over=0 | Moore_Over=0 | Mealy_Non=0 | Moore_Non=0
Detection Failed , Overlapping detector With mealy Failed 

Detection Failed , Overlapping detector With Moore Failed 

Detection Failed , Non-Overlapping detector With mealy Failed 

Detection Failed , Non-Overlapping detector With Moore Failed 

Time=80 | Serial in=1 | Mealy_Over=1 | Moore_Over=0 | Mealy_Non=1 | Moore_Non=0
Time=85 | Serial in=1 | Mealy_Over=0 | Moore_Over=1 | Mealy_Non=0 | Moore_Non=1
Time=95 | Serial in=1 | Mealy_Over=0 | Moore_Over=0 | Mealy_Non=0 | Moore_Non=0
Time=100 | Serial in=0 | Mealy_Over=0 | Moore_Over=0 | Mealy_Non=0 | Moore_Non=0
Time=110 | Serial in=1 | Mealy_Over=0 | Moore_Over=0 | Mealy_Non=0 | Moore_Non=0
Time=120 | Serial in=0 | Mealy_Over=0 | Moore_Over=0 | Mealy_Non=0 | Moore_Non=0
2. Overlapping DETECTION TEST 

Detection Failed , Overlapping detector With mealy Failed 

Detection Failed , Overlapping detector With Moore Failed 

Detection Failed , Non-Overlapping detector With mealy PASSED 

Detection Failed , Non-Overlapping detector With Moore PASSED 

Time=130 | Serial in=1 | Mealy_Over=0 | Moore_Over=0 | Mealy_Non=0 | Moore_Non=0
 Corner Case Test using Stream of bits
Time=180 | Serial in=0 | Mealy_Over=0 | Moore_Over=0 | Mealy_Non=0 | Moore_Non=0
Time=190 | Serial in=1 | Mealy_Over=0 | Moore_Over=0 | Mealy_Non=0 | Moore_Non=0
Time=210 | Serial in=0 | Mealy_Over=0 | Moore_Over=0 | Mealy_Non=0 | Moore_Non=0
Time=220 | Serial in=1 | Mealy_Over=0 | Moore_Over=0 | Mealy_Non=0 | Moore_Non=0
Time=240 | Serial in=0 | Mealy_Over=0 | Moore_Over=0 | Mealy_Non=0 | Moore_Non=0
Time=250 | Serial in=1 | Mealy_Over=0 | Moore_Over=0 | Mealy_Non=0 | Moore_Non=0
Time=270 | Serial in=0 | Mealy_Over=0 | Moore_Over=0 | Mealy_Non=0 | Moore_Non=0
Time=280 | Serial in=1 | Mealy_Over=0 | Moore_Over=0 | Mealy_Non=0 | Moore_Non=0
Time=300 | Serial in=0 | Mealy_Over=0 | Moore_Over=0 | Mealy_Non=0 | Moore_Non=0
Time=310 | Serial in=1 | Mealy_Over=0 | Moore_Over=0 | Mealy_Non=0 | Moore_Non=0
Time=330 | Serial in=0 | Mealy_Over=0 | Moore_Over=0 | Mealy_Non=0 | Moore_Non=0
Time=340 | Serial in=1 | Mealy_Over=0 | Moore_Over=0 | Mealy_Non=0 | Moore_Non=0
Time=350 | Serial in=0 | Mealy_Over=0 | Moore_Over=0 | Mealy_Non=0 | Moore_Non=0

 Mealy Glitch / Asynchronous Dependence
Time=380 | Serial in=1 | Mealy_Over=0 | Moore_Over=0 | Mealy_Non=0 | Moore_Non=0
Time=400 | Serial in=0 | Mealy_Over=0 | Moore_Over=0 | Mealy_Non=0 | Moore_Non=0
Time=410 | Serial in=1 | Mealy_Over=0 | Moore_Over=0 | Mealy_Non=0 | Moore_Non=0
Time=420 | Serial in=0 | Mealy_Over=0 | Moore_Over=0 | Mealy_Non=0 | Moore_Non=0
Time=422 | Serial in=1 | Mealy_Over=0 | Moore_Over=0 | Mealy_Non=0 | Moore_Non=0
Time=426 | Serial in=0 | Mealy_Over=0 | Moore_Over=0 | Mealy_Non=0 | Moore_Non=0
$stop called at time : 460 ns : File "D:/ECE/FPGA Training NTI/Sequence_detector_overlapping_nonoverlapping/Sequence_detector_overlapping.srcs/sources_1/new/seq_detector_TB.v" Line 156
INFO: [USF-XSim-96] XSim completed. Design snapshot 'seq_detector_TB_behav' loaded.
INFO: [USF-XSim-97] XSim simulation ran for 1000ns
launch_simulation: Time (s): cpu = 00:00:06 ; elapsed = 00:00:10 . Memory (MB): peak = 1709.008 ; gain = 30.594
close_sim
INFO: [Simtcl 6-16] Simulation closed
launch_simulation
Command: launch_simulation 
INFO: [Vivado 12-12493] Simulation top is 'seq_detector_TB'
INFO: [Vivado 12-5682] Launching behavioral simulation in 'D:/ECE/FPGA Training NTI/Sequence_detector_overlapping_nonoverlapping/Sequence_detector_overlapping.sim/sim_1/behav/xsim'
INFO: [SIM-utils-51] Simulation object is 'sim_1'
INFO: [SIM-utils-72] Using boost library from 'C:/Xilinx/2025.1/Vivado/tps/boost_1_72_0'
INFO: [SIM-utils-54] Inspecting design source files for 'seq_detector_TB' in fileset 'sim_1'...
INFO: [USF-XSim-97] Finding global include files...
INFO: [USF-XSim-98] Fetching design files from 'sim_1'...
INFO: [USF-XSim-2] XSim::Compile design
INFO: [USF-XSim-61] Executing 'COMPILE and ANALYZE' step in 'D:/ECE/FPGA Training NTI/Sequence_detector_overlapping_nonoverlapping/Sequence_detector_overlapping.sim/sim_1/behav/xsim'
"xvlog --incr --relax -prj seq_detector_TB_vlog.prj"
INFO: [VRFC 10-2263] Analyzing Verilog file "D:/ECE/FPGA Training NTI/Sequence_detector_overlapping_nonoverlapping/Sequence_detector_overlapping.srcs/sources_1/new/non_overlapping_seq_detector.v" into library xil_defaultlib
INFO: [VRFC 10-311] analyzing module non_overlapping_seq_detector_mealy
INFO: [VRFC 10-2263] Analyzing Verilog file "D:/ECE/FPGA Training NTI/Sequence_detector_overlapping_nonoverlapping/Sequence_detector_overlapping.srcs/sources_1/new/nonoverlapping_seq_detector_moore.v" into library xil_defaultlib
INFO: [VRFC 10-311] analyzing module nonoverlapping_seq_detector_moore
INFO: [VRFC 10-2263] Analyzing Verilog file "D:/ECE/FPGA Training NTI/Sequence_detector_overlapping_nonoverlapping/Sequence_detector_overlapping.srcs/sources_1/new/overlapping_seq_detector.v" into library xil_defaultlib
INFO: [VRFC 10-311] analyzing module overlapping_seq_detector_mealy
INFO: [VRFC 10-2263] Analyzing Verilog file "D:/ECE/FPGA Training NTI/Sequence_detector_overlapping_nonoverlapping/Sequence_detector_overlapping.srcs/sources_1/new/overlapping_seq_detector_moore.v" into library xil_defaultlib
INFO: [VRFC 10-311] analyzing module overlapping_seq_detector_moore
INFO: [VRFC 10-2263] Analyzing Verilog file "D:/ECE/FPGA Training NTI/Sequence_detector_overlapping_nonoverlapping/Sequence_detector_overlapping.srcs/sources_1/new/seq_detector_TB.v" into library xil_defaultlib
INFO: [VRFC 10-311] analyzing module seq_detector_TB
INFO: [USF-XSim-69] 'compile' step finished in '1' seconds
INFO: [USF-XSim-3] XSim::Elaborate design
INFO: [USF-XSim-61] Executing 'ELABORATE' step in 'D:/ECE/FPGA Training NTI/Sequence_detector_overlapping_nonoverlapping/Sequence_detector_overlapping.sim/sim_1/behav/xsim'
"xelab --incr --debug typical --relax --mt 2 -L xil_defaultlib -L unisims_ver -L unimacro_ver -L secureip --snapshot seq_detector_TB_behav xil_defaultlib.seq_detector_TB xil_defaultlib.glbl -log elaborate.log"
Vivado Simulator v2025.1.0
Copyright 1986-2022 Xilinx, Inc. All Rights Reserved.
Copyright 2022-2025 Advanced Micro Devices, Inc. All Rights Reserved.
Running: C:/Xilinx/2025.1/Vivado/bin/unwrapped/win64.o/xelab.exe --incr --debug typical --relax --mt 2 -L xil_defaultlib -L unisims_ver -L unimacro_ver -L secureip --snapshot seq_detector_TB_behav xil_defaultlib.seq_detector_TB xil_defaultlib.glbl -log elaborate.log 
Using 2 slave threads.
Starting static elaboration
Pass Through NonSizing Optimizer
Completed static elaboration
Starting simulation data flow analysis
Completed simulation data flow analysis
Time Resolution for simulation is 1ps
Compiling module xil_defaultlib.overlapping_seq_detector_mealy
Compiling module xil_defaultlib.non_overlapping_seq_detector_mea...
Compiling module xil_defaultlib.overlapping_seq_detector_moore
Compiling module xil_defaultlib.nonoverlapping_seq_detector_moor...
Compiling module xil_defaultlib.seq_detector_TB
Compiling module xil_defaultlib.glbl
Built simulation snapshot seq_detector_TB_behav
INFO: [USF-XSim-69] 'elaborate' step finished in '3' seconds
INFO: [USF-XSim-4] XSim::Simulate design
INFO: [USF-XSim-61] Executing 'SIMULATE' step in 'D:/ECE/FPGA Training NTI/Sequence_detector_overlapping_nonoverlapping/Sequence_detector_overlapping.sim/sim_1/behav/xsim'
INFO: [USF-XSim-98] *** Running xsim
   with args "seq_detector_TB_behav -key {Behavioral:sim_1:Functional:seq_detector_TB} -tclbatch {seq_detector_TB.tcl} -log {simulate.log}"
INFO: [USF-XSim-8] Loading simulator feature
Time resolution is 1 ps
source seq_detector_TB.tcl
# set curr_wave [current_wave_config]
# if { [string length $curr_wave] == 0 } {
#   if { [llength [get_objects]] > 0} {
#     add_wave /
#     set_property needs_save false [current_wave_config]
#   } else {
#      send_msg_id Add_Wave-1 WARNING "No top level signals found. Simulator will start without a wave window. If you want to open a wave window go to 'File->New Waveform Configuration' or type 'create_wave_config' in the TCL console."
#   }
# }
# run 1000ns
1. DETECTION TEST 

Time=20 | Serial in=1 | Mealy_Over=0 | Moore_Over=0 | Mealy_Non=0 | Moore_Non=0
Time=40 | Serial in=0 | Mealy_Over=0 | Moore_Over=0 | Mealy_Non=0 | Moore_Non=0
Time=50 | Serial in=1 | Mealy_Over=0 | Moore_Over=0 | Mealy_Non=0 | Moore_Non=0
Time=60 | Serial in=0 | Mealy_Over=0 | Moore_Over=0 | Mealy_Non=0 | Moore_Non=0
Time=70 | Serial in=1 | Mealy_Over=1 | Moore_Over=0 | Mealy_Non=1 | Moore_Non=0
Time=75 | Serial in=1 | Mealy_Over=0 | Moore_Over=1 | Mealy_Non=0 | Moore_Non=1
Detection Failed , Overlapping detector With mealy Failed 

Detection Success , Overlapping detector With Moore PASSED 
 
Detection Failed , Non-Overlapping detector With mealy Failed 

Detection Success , Non-Overlapping detector With Moore PASSED 

Time=85 | Serial in=1 | Mealy_Over=0 | Moore_Over=0 | Mealy_Non=0 | Moore_Non=0
Time=90 | Serial in=0 | Mealy_Over=0 | Moore_Over=0 | Mealy_Non=0 | Moore_Non=0
Time=100 | Serial in=1 | Mealy_Over=0 | Moore_Over=0 | Mealy_Non=0 | Moore_Non=0
Time=110 | Serial in=0 | Mealy_Over=0 | Moore_Over=0 | Mealy_Non=0 | Moore_Non=0
Time=120 | Serial in=1 | Mealy_Over=1 | Moore_Over=0 | Mealy_Non=0 | Moore_Non=0
Time=125 | Serial in=1 | Mealy_Over=0 | Moore_Over=1 | Mealy_Non=0 | Moore_Non=0
2. Overlapping DETECTION TEST 

Detection Failed , Overlapping detector With mealy Failed 

Detection Success , Overlapping detector With Moore PASSED 
 
Detection Failed , Non-Overlapping detector With mealy PASSED 

Detection Failed , Non-Overlapping detector With Moore PASSED 

Time=130 | Serial in=1 | Mealy_Over=0 | Moore_Over=0 | Mealy_Non=0 | Moore_Non=0
 Corner Case Test using Stream of bits
Time=180 | Serial in=0 | Mealy_Over=0 | Moore_Over=0 | Mealy_Non=0 | Moore_Non=0
Time=190 | Serial in=1 | Mealy_Over=0 | Moore_Over=0 | Mealy_Non=0 | Moore_Non=0
Time=210 | Serial in=0 | Mealy_Over=0 | Moore_Over=0 | Mealy_Non=0 | Moore_Non=0
Time=220 | Serial in=1 | Mealy_Over=0 | Moore_Over=0 | Mealy_Non=0 | Moore_Non=0
Time=240 | Serial in=0 | Mealy_Over=0 | Moore_Over=0 | Mealy_Non=0 | Moore_Non=0
Time=250 | Serial in=1 | Mealy_Over=0 | Moore_Over=0 | Mealy_Non=0 | Moore_Non=0
Time=270 | Serial in=0 | Mealy_Over=0 | Moore_Over=0 | Mealy_Non=0 | Moore_Non=0
Time=280 | Serial in=1 | Mealy_Over=0 | Moore_Over=0 | Mealy_Non=0 | Moore_Non=0
Time=300 | Serial in=0 | Mealy_Over=0 | Moore_Over=0 | Mealy_Non=0 | Moore_Non=0
Time=310 | Serial in=1 | Mealy_Over=0 | Moore_Over=0 | Mealy_Non=0 | Moore_Non=0
Time=330 | Serial in=0 | Mealy_Over=0 | Moore_Over=0 | Mealy_Non=0 | Moore_Non=0
Time=340 | Serial in=1 | Mealy_Over=0 | Moore_Over=0 | Mealy_Non=0 | Moore_Non=0
Time=350 | Serial in=0 | Mealy_Over=0 | Moore_Over=0 | Mealy_Non=0 | Moore_Non=0

 Mealy Glitch / Asynchronous Dependence
Time=380 | Serial in=1 | Mealy_Over=0 | Moore_Over=0 | Mealy_Non=0 | Moore_Non=0
Time=390 | Serial in=0 | Mealy_Over=0 | Moore_Over=0 | Mealy_Non=0 | Moore_Non=0
Time=400 | Serial in=1 | Mealy_Over=0 | Moore_Over=0 | Mealy_Non=0 | Moore_Non=0
Time=410 | Serial in=0 | Mealy_Over=0 | Moore_Over=0 | Mealy_Non=0 | Moore_Non=0
Time=422 | Serial in=1 | Mealy_Over=0 | Moore_Over=0 | Mealy_Non=0 | Moore_Non=0
Time=426 | Serial in=0 | Mealy_Over=0 | Moore_Over=0 | Mealy_Non=0 | Moore_Non=0
$stop called at time : 460 ns : File "D:/ECE/FPGA Training NTI/Sequence_detector_overlapping_nonoverlapping/Sequence_detector_overlapping.srcs/sources_1/new/seq_detector_TB.v" Line 156
INFO: [USF-XSim-96] XSim completed. Design snapshot 'seq_detector_TB_behav' loaded.
INFO: [USF-XSim-97] XSim simulation ran for 1000ns
launch_simulation: Time (s): cpu = 00:00:04 ; elapsed = 00:00:08 . Memory (MB): peak = 1709.008 ; gain = 0.000
WARNING: [filemgmt 56-199] Attempt to get parsing info during refresh. "On-the-fly" syntax checking information may be incorrect. [D:\ECE\FPGA Training NTI\Sequence_detector_overlapping_nonoverlapping\Sequence_detector_overlapping.srcs\sources_1\new\nonoverlapping_seq_detector_moore.v:]
WARNING: [filemgmt 56-199] Attempt to get parsing info during refresh. "On-the-fly" syntax checking information may be incorrect. [D:\ECE\FPGA Training NTI\Sequence_detector_overlapping_nonoverlapping\Sequence_detector_overlapping.srcs\sources_1\new\overlapping_seq_detector_moore.v:]
WARNING: [filemgmt 56-199] Attempt to get parsing info during refresh. "On-the-fly" syntax checking information may be incorrect. [D:\ECE\FPGA Training NTI\Sequence_detector_overlapping_nonoverlapping\Sequence_detector_overlapping.srcs\sources_1\new\non_overlapping_seq_detector.v:]
WARNING: [filemgmt 56-199] Attempt to get parsing info during refresh. "On-the-fly" syntax checking information may be incorrect. [D:\ECE\FPGA Training NTI\Sequence_detector_overlapping_nonoverlapping\Sequence_detector_overlapping.srcs\sources_1\new\seq_detector_TB.v:]
WARNING: [filemgmt 56-199] Attempt to get parsing info during refresh. "On-the-fly" syntax checking information may be incorrect. [D:\ECE\FPGA Training NTI\Sequence_detector_overlapping_nonoverlapping\Sequence_detector_overlapping.srcs\sources_1\new\overlapping_seq_detector_moore.v:]
WARNING: [filemgmt 56-199] Attempt to get parsing info during refresh. "On-the-fly" syntax checking information may be incorrect. [D:\ECE\FPGA Training NTI\Sequence_detector_overlapping_nonoverlapping\Sequence_detector_overlapping.srcs\sources_1\new\overlapping_seq_detector_moore.v:]
WARNING: [filemgmt 56-199] Attempt to get parsing info during refresh. "On-the-fly" syntax checking information may be incorrect. [D:\ECE\FPGA Training NTI\Sequence_detector_overlapping_nonoverlapping\Sequence_detector_overlapping.srcs\sources_1\new\nonoverlapping_seq_detector_moore.v:]
WARNING: [filemgmt 56-199] Attempt to get parsing info during refresh. "On-the-fly" syntax checking information may be incorrect. [D:\ECE\FPGA Training NTI\Sequence_detector_overlapping_nonoverlapping\Sequence_detector_overlapping.srcs\sources_1\new\overlapping_seq_detector_moore.v:]
WARNING: [filemgmt 56-199] Attempt to get parsing info during refresh. "On-the-fly" syntax checking information may be incorrect. [D:\ECE\FPGA Training NTI\Sequence_detector_overlapping_nonoverlapping\Sequence_detector_overlapping.srcs\sources_1\new\non_overlapping_seq_detector.v:]
WARNING: [filemgmt 56-199] Attempt to get parsing info during refresh. "On-the-fly" syntax checking information may be incorrect. [D:\ECE\FPGA Training NTI\Sequence_detector_overlapping_nonoverlapping\Sequence_detector_overlapping.srcs\sources_1\new\seq_detector_TB.v:]
WARNING: [filemgmt 56-199] Attempt to get parsing info during refresh. "On-the-fly" syntax checking information may be incorrect. [D:\ECE\FPGA Training NTI\Sequence_detector_overlapping_nonoverlapping\Sequence_detector_overlapping.srcs\sources_1\new\seq_detector_TB.v:]
WARNING: [filemgmt 56-199] Attempt to get parsing info during refresh. "On-the-fly" syntax checking information may be incorrect. [D:\ECE\FPGA Training NTI\Sequence_detector_overlapping_nonoverlapping\Sequence_detector_overlapping.srcs\sources_1\new\seq_detector_TB.v:]
ERROR: [Common 17-180] Spawn failed: The operation completed successfully.

close_sim
INFO: [Simtcl 6-16] Simulation closed
launch_simulation
Command: launch_simulation 
INFO: [Vivado 12-12493] Simulation top is 'seq_detector_TB'
INFO: [Vivado 12-5682] Launching behavioral simulation in 'D:/ECE/FPGA Training NTI/Sequence_detector_overlapping_nonoverlapping/Sequence_detector_overlapping.sim/sim_1/behav/xsim'
INFO: [SIM-utils-51] Simulation object is 'sim_1'
INFO: [SIM-utils-72] Using boost library from 'C:/Xilinx/2025.1/Vivado/tps/boost_1_72_0'
INFO: [SIM-utils-54] Inspecting design source files for 'seq_detector_TB' in fileset 'sim_1'...
INFO: [USF-XSim-97] Finding global include files...
INFO: [USF-XSim-98] Fetching design files from 'sim_1'...
INFO: [USF-XSim-2] XSim::Compile design
INFO: [USF-XSim-61] Executing 'COMPILE and ANALYZE' step in 'D:/ECE/FPGA Training NTI/Sequence_detector_overlapping_nonoverlapping/Sequence_detector_overlapping.sim/sim_1/behav/xsim'
"xvlog --incr --relax -prj seq_detector_TB_vlog.prj"
INFO: [VRFC 10-2263] Analyzing Verilog file "D:/ECE/FPGA Training NTI/Sequence_detector_overlapping_nonoverlapping/Sequence_detector_overlapping.srcs/sources_1/new/non_overlapping_seq_detector.v" into library xil_defaultlib
INFO: [VRFC 10-311] analyzing module non_overlapping_seq_detector_mealy
INFO: [VRFC 10-2263] Analyzing Verilog file "D:/ECE/FPGA Training NTI/Sequence_detector_overlapping_nonoverlapping/Sequence_detector_overlapping.srcs/sources_1/new/nonoverlapping_seq_detector_moore.v" into library xil_defaultlib
INFO: [VRFC 10-311] analyzing module nonoverlapping_seq_detector_moore
INFO: [VRFC 10-2263] Analyzing Verilog file "D:/ECE/FPGA Training NTI/Sequence_detector_overlapping_nonoverlapping/Sequence_detector_overlapping.srcs/sources_1/new/overlapping_seq_detector.v" into library xil_defaultlib
INFO: [VRFC 10-311] analyzing module overlapping_seq_detector_mealy
INFO: [VRFC 10-2263] Analyzing Verilog file "D:/ECE/FPGA Training NTI/Sequence_detector_overlapping_nonoverlapping/Sequence_detector_overlapping.srcs/sources_1/new/overlapping_seq_detector_moore.v" into library xil_defaultlib
INFO: [VRFC 10-311] analyzing module overlapping_seq_detector_moore
INFO: [VRFC 10-2263] Analyzing Verilog file "D:/ECE/FPGA Training NTI/Sequence_detector_overlapping_nonoverlapping/Sequence_detector_overlapping.srcs/sources_1/new/seq_detector_TB.v" into library xil_defaultlib
INFO: [VRFC 10-311] analyzing module seq_detector_TB
INFO: [USF-XSim-69] 'compile' step finished in '2' seconds
INFO: [USF-XSim-3] XSim::Elaborate design
INFO: [USF-XSim-61] Executing 'ELABORATE' step in 'D:/ECE/FPGA Training NTI/Sequence_detector_overlapping_nonoverlapping/Sequence_detector_overlapping.sim/sim_1/behav/xsim'
"xelab --incr --debug typical --relax --mt 2 -L xil_defaultlib -L unisims_ver -L unimacro_ver -L secureip --snapshot seq_detector_TB_behav xil_defaultlib.seq_detector_TB xil_defaultlib.glbl -log elaborate.log"
Vivado Simulator v2025.1.0
Copyright 1986-2022 Xilinx, Inc. All Rights Reserved.
Copyright 2022-2025 Advanced Micro Devices, Inc. All Rights Reserved.
Running: C:/Xilinx/2025.1/Vivado/bin/unwrapped/win64.o/xelab.exe --incr --debug typical --relax --mt 2 -L xil_defaultlib -L unisims_ver -L unimacro_ver -L secureip --snapshot seq_detector_TB_behav xil_defaultlib.seq_detector_TB xil_defaultlib.glbl -log elaborate.log 
Using 2 slave threads.
Starting static elaboration
Pass Through NonSizing Optimizer
Completed static elaboration
Starting simulation data flow analysis
Completed simulation data flow analysis
Time Resolution for simulation is 1ps
Compiling module xil_defaultlib.overlapping_seq_detector_mealy
Compiling module xil_defaultlib.non_overlapping_seq_detector_mea...
Compiling module xil_defaultlib.overlapping_seq_detector_moore
Compiling module xil_defaultlib.nonoverlapping_seq_detector_moor...
Compiling module xil_defaultlib.seq_detector_TB
Compiling module xil_defaultlib.glbl
Built simulation snapshot seq_detector_TB_behav
INFO: [USF-XSim-69] 'elaborate' step finished in '3' seconds
INFO: [USF-XSim-4] XSim::Simulate design
INFO: [USF-XSim-61] Executing 'SIMULATE' step in 'D:/ECE/FPGA Training NTI/Sequence_detector_overlapping_nonoverlapping/Sequence_detector_overlapping.sim/sim_1/behav/xsim'
INFO: [USF-XSim-98] *** Running xsim
   with args "seq_detector_TB_behav -key {Behavioral:sim_1:Functional:seq_detector_TB} -tclbatch {seq_detector_TB.tcl} -log {simulate.log}"
INFO: [USF-XSim-8] Loading simulator feature
Time resolution is 1 ps
source seq_detector_TB.tcl
# set curr_wave [current_wave_config]
# if { [string length $curr_wave] == 0 } {
#   if { [llength [get_objects]] > 0} {
#     add_wave /
#     set_property needs_save false [current_wave_config]
#   } else {
#      send_msg_id Add_Wave-1 WARNING "No top level signals found. Simulator will start without a wave window. If you want to open a wave window go to 'File->New Waveform Configuration' or type 'create_wave_config' in the TCL console."
#   }
# }
# run 1000ns
1. DETECTION TEST 

Time=20 | Serial in=1 | Mealy_Over=0 | Moore_Over=0 | Mealy_Non=0 | Moore_Non=0
Time=40 | Serial in=0 | Mealy_Over=0 | Moore_Over=0 | Mealy_Non=0 | Moore_Non=0
Time=50 | Serial in=1 | Mealy_Over=0 | Moore_Over=0 | Mealy_Non=0 | Moore_Non=0
Time=60 | Serial in=0 | Mealy_Over=0 | Moore_Over=0 | Mealy_Non=0 | Moore_Non=0
Time=70 | Serial in=1 | Mealy_Over=1 | Moore_Over=0 | Mealy_Non=1 | Moore_Non=0
Time=75 | Serial in=1 | Mealy_Over=0 | Moore_Over=1 | Mealy_Non=0 | Moore_Non=1
Detection Failed , Overlapping detector With mealy Failed 

Detection Success , Overlapping detector With Moore PASSED 
 
Detection Failed , Non-Overlapping detector With mealy Failed 

Detection Success , Non-Overlapping detector With Moore PASSED 

Time=85 | Serial in=1 | Mealy_Over=0 | Moore_Over=0 | Mealy_Non=0 | Moore_Non=0
Time=90 | Serial in=0 | Mealy_Over=0 | Moore_Over=0 | Mealy_Non=0 | Moore_Non=0
Time=100 | Serial in=1 | Mealy_Over=0 | Moore_Over=0 | Mealy_Non=0 | Moore_Non=0
Time=110 | Serial in=0 | Mealy_Over=0 | Moore_Over=0 | Mealy_Non=0 | Moore_Non=0
Time=120 | Serial in=1 | Mealy_Over=1 | Moore_Over=0 | Mealy_Non=0 | Moore_Non=0
Time=125 | Serial in=1 | Mealy_Over=0 | Moore_Over=1 | Mealy_Non=0 | Moore_Non=0
2. Overlapping DETECTION TEST 

Detection Failed , Overlapping detector With mealy Failed 

Detection Success , Overlapping detector With Moore PASSED 
 
Detection Failed , Non-Overlapping detector With mealy PASSED 

Detection Failed , Non-Overlapping detector With Moore PASSED 

Time=130 | Serial in=1 | Mealy_Over=0 | Moore_Over=0 | Mealy_Non=0 | Moore_Non=0
 Corner Case Test using Stream of bits
Time=170 | Serial in=0 | Mealy_Over=0 | Moore_Over=0 | Mealy_Non=0 | Moore_Non=0
Time=180 | Serial in=1 | Mealy_Over=0 | Moore_Over=0 | Mealy_Non=0 | Moore_Non=0
Time=200 | Serial in=0 | Mealy_Over=0 | Moore_Over=0 | Mealy_Non=0 | Moore_Non=0
Time=210 | Serial in=1 | Mealy_Over=0 | Moore_Over=0 | Mealy_Non=0 | Moore_Non=0
Time=230 | Serial in=0 | Mealy_Over=0 | Moore_Over=0 | Mealy_Non=0 | Moore_Non=0
Time=240 | Serial in=1 | Mealy_Over=0 | Moore_Over=0 | Mealy_Non=0 | Moore_Non=0
Time=260 | Serial in=0 | Mealy_Over=0 | Moore_Over=0 | Mealy_Non=0 | Moore_Non=0
Time=270 | Serial in=1 | Mealy_Over=0 | Moore_Over=0 | Mealy_Non=0 | Moore_Non=0
Time=290 | Serial in=0 | Mealy_Over=0 | Moore_Over=0 | Mealy_Non=0 | Moore_Non=0
Time=300 | Serial in=1 | Mealy_Over=0 | Moore_Over=0 | Mealy_Non=0 | Moore_Non=0
Time=320 | Serial in=0 | Mealy_Over=0 | Moore_Over=0 | Mealy_Non=0 | Moore_Non=0
Time=330 | Serial in=1 | Mealy_Over=0 | Moore_Over=0 | Mealy_Non=0 | Moore_Non=0
Time=340 | Serial in=0 | Mealy_Over=0 | Moore_Over=0 | Mealy_Non=0 | Moore_Non=0

 Mealy Glitch / Asynchronous Dependence
Time=380 | Serial in=1 | Mealy_Over=0 | Moore_Over=0 | Mealy_Non=0 | Moore_Non=0
Time=390 | Serial in=0 | Mealy_Over=0 | Moore_Over=0 | Mealy_Non=0 | Moore_Non=0
Time=400 | Serial in=1 | Mealy_Over=0 | Moore_Over=0 | Mealy_Non=0 | Moore_Non=0
Time=410 | Serial in=0 | Mealy_Over=0 | Moore_Over=0 | Mealy_Non=0 | Moore_Non=0
Time=422 | Serial in=1 | Mealy_Over=0 | Moore_Over=0 | Mealy_Non=0 | Moore_Non=0
Time=426 | Serial in=0 | Mealy_Over=0 | Moore_Over=0 | Mealy_Non=0 | Moore_Non=0
$stop called at time : 460 ns : File "D:/ECE/FPGA Training NTI/Sequence_detector_overlapping_nonoverlapping/Sequence_detector_overlapping.srcs/sources_1/new/seq_detector_TB.v" Line 157
INFO: [USF-XSim-96] XSim completed. Design snapshot 'seq_detector_TB_behav' loaded.
INFO: [USF-XSim-97] XSim simulation ran for 1000ns
launch_simulation: Time (s): cpu = 00:00:12 ; elapsed = 00:00:09 . Memory (MB): peak = 1738.562 ; gain = 8.660
WARNING: [filemgmt 56-199] Attempt to get parsing info during refresh. "On-the-fly" syntax checking information may be incorrect. [D:\ECE\FPGA Training NTI\Sequence_detector_overlapping_nonoverlapping\Sequence_detector_overlapping.srcs\sources_1\new\nonoverlapping_seq_detector_moore.v:]
WARNING: [filemgmt 56-199] Attempt to get parsing info during refresh. "On-the-fly" syntax checking information may be incorrect. [D:\ECE\FPGA Training NTI\Sequence_detector_overlapping_nonoverlapping\Sequence_detector_overlapping.srcs\sources_1\new\overlapping_seq_detector_moore.v:]
WARNING: [filemgmt 56-199] Attempt to get parsing info during refresh. "On-the-fly" syntax checking information may be incorrect. [D:\ECE\FPGA Training NTI\Sequence_detector_overlapping_nonoverlapping\Sequence_detector_overlapping.srcs\sources_1\new\non_overlapping_seq_detector.v:]
WARNING: [filemgmt 56-199] Attempt to get parsing info during refresh. "On-the-fly" syntax checking information may be incorrect. [D:\ECE\FPGA Training NTI\Sequence_detector_overlapping_nonoverlapping\Sequence_detector_overlapping.srcs\sources_1\new\seq_detector_TB.v:]
WARNING: [filemgmt 56-199] Attempt to get parsing info during refresh. "On-the-fly" syntax checking information may be incorrect. [D:\ECE\FPGA Training NTI\Sequence_detector_overlapping_nonoverlapping\Sequence_detector_overlapping.srcs\sources_1\new\non_overlapping_seq_detector.v:]
WARNING: [filemgmt 56-199] Attempt to get parsing info during refresh. "On-the-fly" syntax checking information may be incorrect. [D:\ECE\FPGA Training NTI\Sequence_detector_overlapping_nonoverlapping\Sequence_detector_overlapping.srcs\sources_1\new\non_overlapping_seq_detector.v:]
WARNING: [filemgmt 56-199] Attempt to get parsing info during refresh. "On-the-fly" syntax checking information may be incorrect. [D:\ECE\FPGA Training NTI\Sequence_detector_overlapping_nonoverlapping\Sequence_detector_overlapping.srcs\sources_1\new\nonoverlapping_seq_detector_moore.v:]
WARNING: [filemgmt 56-199] Attempt to get parsing info during refresh. "On-the-fly" syntax checking information may be incorrect. [D:\ECE\FPGA Training NTI\Sequence_detector_overlapping_nonoverlapping\Sequence_detector_overlapping.srcs\sources_1\new\overlapping_seq_detector_moore.v:]
WARNING: [filemgmt 56-199] Attempt to get parsing info during refresh. "On-the-fly" syntax checking information may be incorrect. [D:\ECE\FPGA Training NTI\Sequence_detector_overlapping_nonoverlapping\Sequence_detector_overlapping.srcs\sources_1\new\non_overlapping_seq_detector.v:]
WARNING: [filemgmt 56-199] Attempt to get parsing info during refresh. "On-the-fly" syntax checking information may be incorrect. [D:\ECE\FPGA Training NTI\Sequence_detector_overlapping_nonoverlapping\Sequence_detector_overlapping.srcs\sources_1\new\seq_detector_TB.v:]
WARNING: [filemgmt 56-199] Attempt to get parsing info during refresh. "On-the-fly" syntax checking information may be incorrect. [D:\ECE\FPGA Training NTI\Sequence_detector_overlapping_nonoverlapping\Sequence_detector_overlapping.srcs\sources_1\new\overlapping_seq_detector_moore.v:]
WARNING: [filemgmt 56-199] Attempt to get parsing info during refresh. "On-the-fly" syntax checking information may be incorrect. [D:\ECE\FPGA Training NTI\Sequence_detector_overlapping_nonoverlapping\Sequence_detector_overlapping.srcs\sources_1\new\overlapping_seq_detector_moore.v:]
WARNING: [filemgmt 56-199] Attempt to get parsing info during refresh. "On-the-fly" syntax checking information may be incorrect. [D:\ECE\FPGA Training NTI\Sequence_detector_overlapping_nonoverlapping\Sequence_detector_overlapping.srcs\sources_1\new\nonoverlapping_seq_detector_moore.v:]
WARNING: [filemgmt 56-199] Attempt to get parsing info during refresh. "On-the-fly" syntax checking information may be incorrect. [D:\ECE\FPGA Training NTI\Sequence_detector_overlapping_nonoverlapping\Sequence_detector_overlapping.srcs\sources_1\new\overlapping_seq_detector_moore.v:]
WARNING: [filemgmt 56-199] Attempt to get parsing info during refresh. "On-the-fly" syntax checking information may be incorrect. [D:\ECE\FPGA Training NTI\Sequence_detector_overlapping_nonoverlapping\Sequence_detector_overlapping.srcs\sources_1\new\non_overlapping_seq_detector.v:]
WARNING: [filemgmt 56-199] Attempt to get parsing info during refresh. "On-the-fly" syntax checking information may be incorrect. [D:\ECE\FPGA Training NTI\Sequence_detector_overlapping_nonoverlapping\Sequence_detector_overlapping.srcs\sources_1\new\seq_detector_TB.v:]
WARNING: [filemgmt 56-199] Attempt to get parsing info during refresh. "On-the-fly" syntax checking information may be incorrect. [D:\ECE\FPGA Training NTI\Sequence_detector_overlapping_nonoverlapping\Sequence_detector_overlapping.srcs\sources_1\new\seq_detector_TB.v:]
WARNING: [filemgmt 56-199] Attempt to get parsing info during refresh. "On-the-fly" syntax checking information may be incorrect. [D:\ECE\FPGA Training NTI\Sequence_detector_overlapping_nonoverlapping\Sequence_detector_overlapping.srcs\sources_1\new\seq_detector_TB.v:]
ERROR: [Common 17-180] Spawn failed: The operation completed successfully.

close_sim
INFO: [Simtcl 6-16] Simulation closed
launch_simulation
Command: launch_simulation 
INFO: [Vivado 12-12493] Simulation top is 'seq_detector_TB'
INFO: [Vivado 12-5682] Launching behavioral simulation in 'D:/ECE/FPGA Training NTI/Sequence_detector_overlapping_nonoverlapping/Sequence_detector_overlapping.sim/sim_1/behav/xsim'
INFO: [SIM-utils-51] Simulation object is 'sim_1'
INFO: [SIM-utils-72] Using boost library from 'C:/Xilinx/2025.1/Vivado/tps/boost_1_72_0'
INFO: [SIM-utils-54] Inspecting design source files for 'seq_detector_TB' in fileset 'sim_1'...
INFO: [USF-XSim-97] Finding global include files...
INFO: [USF-XSim-98] Fetching design files from 'sim_1'...
INFO: [USF-XSim-2] XSim::Compile design
INFO: [USF-XSim-61] Executing 'COMPILE and ANALYZE' step in 'D:/ECE/FPGA Training NTI/Sequence_detector_overlapping_nonoverlapping/Sequence_detector_overlapping.sim/sim_1/behav/xsim'
"xvlog --incr --relax -prj seq_detector_TB_vlog.prj"
INFO: [VRFC 10-2263] Analyzing Verilog file "D:/ECE/FPGA Training NTI/Sequence_detector_overlapping_nonoverlapping/Sequence_detector_overlapping.srcs/sources_1/new/non_overlapping_seq_detector.v" into library xil_defaultlib
INFO: [VRFC 10-311] analyzing module non_overlapping_seq_detector_mealy
INFO: [VRFC 10-2263] Analyzing Verilog file "D:/ECE/FPGA Training NTI/Sequence_detector_overlapping_nonoverlapping/Sequence_detector_overlapping.srcs/sources_1/new/nonoverlapping_seq_detector_moore.v" into library xil_defaultlib
INFO: [VRFC 10-311] analyzing module nonoverlapping_seq_detector_moore
INFO: [VRFC 10-2263] Analyzing Verilog file "D:/ECE/FPGA Training NTI/Sequence_detector_overlapping_nonoverlapping/Sequence_detector_overlapping.srcs/sources_1/new/overlapping_seq_detector.v" into library xil_defaultlib
INFO: [VRFC 10-311] analyzing module overlapping_seq_detector_mealy
INFO: [VRFC 10-2263] Analyzing Verilog file "D:/ECE/FPGA Training NTI/Sequence_detector_overlapping_nonoverlapping/Sequence_detector_overlapping.srcs/sources_1/new/overlapping_seq_detector_moore.v" into library xil_defaultlib
INFO: [VRFC 10-311] analyzing module overlapping_seq_detector_moore
INFO: [VRFC 10-2263] Analyzing Verilog file "D:/ECE/FPGA Training NTI/Sequence_detector_overlapping_nonoverlapping/Sequence_detector_overlapping.srcs/sources_1/new/seq_detector_TB.v" into library xil_defaultlib
INFO: [VRFC 10-311] analyzing module seq_detector_TB
INFO: [USF-XSim-69] 'compile' step finished in '2' seconds
INFO: [USF-XSim-3] XSim::Elaborate design
INFO: [USF-XSim-61] Executing 'ELABORATE' step in 'D:/ECE/FPGA Training NTI/Sequence_detector_overlapping_nonoverlapping/Sequence_detector_overlapping.sim/sim_1/behav/xsim'
"xelab --incr --debug typical --relax --mt 2 -L xil_defaultlib -L unisims_ver -L unimacro_ver -L secureip --snapshot seq_detector_TB_behav xil_defaultlib.seq_detector_TB xil_defaultlib.glbl -log elaborate.log"
Vivado Simulator v2025.1.0
Copyright 1986-2022 Xilinx, Inc. All Rights Reserved.
Copyright 2022-2025 Advanced Micro Devices, Inc. All Rights Reserved.
Running: C:/Xilinx/2025.1/Vivado/bin/unwrapped/win64.o/xelab.exe --incr --debug typical --relax --mt 2 -L xil_defaultlib -L unisims_ver -L unimacro_ver -L secureip --snapshot seq_detector_TB_behav xil_defaultlib.seq_detector_TB xil_defaultlib.glbl -log elaborate.log 
Using 2 slave threads.
Starting static elaboration
Pass Through NonSizing Optimizer
Completed static elaboration
Starting simulation data flow analysis
Completed simulation data flow analysis
Time Resolution for simulation is 1ps
Compiling module xil_defaultlib.overlapping_seq_detector_mealy
Compiling module xil_defaultlib.non_overlapping_seq_detector_mea...
Compiling module xil_defaultlib.overlapping_seq_detector_moore
Compiling module xil_defaultlib.nonoverlapping_seq_detector_moor...
Compiling module xil_defaultlib.seq_detector_TB
Compiling module xil_defaultlib.glbl
Built simulation snapshot seq_detector_TB_behav
INFO: [USF-XSim-69] 'elaborate' step finished in '2' seconds
INFO: [USF-XSim-4] XSim::Simulate design
INFO: [USF-XSim-61] Executing 'SIMULATE' step in 'D:/ECE/FPGA Training NTI/Sequence_detector_overlapping_nonoverlapping/Sequence_detector_overlapping.sim/sim_1/behav/xsim'
INFO: [USF-XSim-98] *** Running xsim
   with args "seq_detector_TB_behav -key {Behavioral:sim_1:Functional:seq_detector_TB} -tclbatch {seq_detector_TB.tcl} -log {simulate.log}"
INFO: [USF-XSim-8] Loading simulator feature
Time resolution is 1 ps
source seq_detector_TB.tcl
# set curr_wave [current_wave_config]
# if { [string length $curr_wave] == 0 } {
#   if { [llength [get_objects]] > 0} {
#     add_wave /
#     set_property needs_save false [current_wave_config]
#   } else {
#      send_msg_id Add_Wave-1 WARNING "No top level signals found. Simulator will start without a wave window. If you want to open a wave window go to 'File->New Waveform Configuration' or type 'create_wave_config' in the TCL console."
#   }
# }
# run 1000ns
1. DETECTION TEST 

Detection Failed , Overlapping detector With mealy Failed 

Detection Failed , Non-Overlapping detector With mealy Failed 

Time=20 | Serial in=1 | Mealy_Over=0 | Moore_Over=0 | Mealy_Non=0 | Moore_Non=0
Detection Failed , Overlapping detector With Moore Failed 

Detection Failed , Non-Overlapping detector With Moore Failed 

2. Overlapping DETECTION TEST 

Detection Failed , Overlapping detector With mealy Failed 

Detection Failed , Overlapping detector With Moore Failed 

Detection Failed , Non-Overlapping detector With mealy PASSED 

Detection Failed , Non-Overlapping detector With Moore PASSED 

 Corner Case Test using Stream of bits
Time=70 | Serial in=0 | Mealy_Over=0 | Moore_Over=0 | Mealy_Non=0 | Moore_Non=0
Time=80 | Serial in=1 | Mealy_Over=0 | Moore_Over=0 | Mealy_Non=0 | Moore_Non=0
Time=100 | Serial in=0 | Mealy_Over=0 | Moore_Over=0 | Mealy_Non=0 | Moore_Non=0
Time=110 | Serial in=1 | Mealy_Over=0 | Moore_Over=0 | Mealy_Non=0 | Moore_Non=0
Time=130 | Serial in=0 | Mealy_Over=0 | Moore_Over=0 | Mealy_Non=0 | Moore_Non=0
Time=140 | Serial in=1 | Mealy_Over=0 | Moore_Over=0 | Mealy_Non=0 | Moore_Non=0
Time=160 | Serial in=0 | Mealy_Over=0 | Moore_Over=0 | Mealy_Non=0 | Moore_Non=0
Time=170 | Serial in=1 | Mealy_Over=0 | Moore_Over=0 | Mealy_Non=0 | Moore_Non=0
Time=190 | Serial in=0 | Mealy_Over=0 | Moore_Over=0 | Mealy_Non=0 | Moore_Non=0
Time=200 | Serial in=1 | Mealy_Over=0 | Moore_Over=0 | Mealy_Non=0 | Moore_Non=0
Time=220 | Serial in=0 | Mealy_Over=0 | Moore_Over=0 | Mealy_Non=0 | Moore_Non=0
Time=230 | Serial in=1 | Mealy_Over=0 | Moore_Over=0 | Mealy_Non=0 | Moore_Non=0
Time=240 | Serial in=0 | Mealy_Over=0 | Moore_Over=0 | Mealy_Non=0 | Moore_Non=0

 Mealy Glitch / Asynchronous Dependence
Time=282 | Serial in=1 | Mealy_Over=0 | Moore_Over=0 | Mealy_Non=0 | Moore_Non=0
Time=286 | Serial in=0 | Mealy_Over=0 | Moore_Over=0 | Mealy_Non=0 | Moore_Non=0
$stop called at time : 320 ns : File "D:/ECE/FPGA Training NTI/Sequence_detector_overlapping_nonoverlapping/Sequence_detector_overlapping.srcs/sources_1/new/seq_detector_TB.v" Line 158
INFO: [USF-XSim-96] XSim completed. Design snapshot 'seq_detector_TB_behav' loaded.
INFO: [USF-XSim-97] XSim simulation ran for 1000ns
launch_simulation: Time (s): cpu = 00:00:06 ; elapsed = 00:00:07 . Memory (MB): peak = 1738.898 ; gain = 0.000
WARNING: [filemgmt 56-199] Attempt to get parsing info during refresh. "On-the-fly" syntax checking information may be incorrect. [D:\ECE\FPGA Training NTI\Sequence_detector_overlapping_nonoverlapping\Sequence_detector_overlapping.srcs\sources_1\new\nonoverlapping_seq_detector_moore.v:]
WARNING: [filemgmt 56-199] Attempt to get parsing info during refresh. "On-the-fly" syntax checking information may be incorrect. [D:\ECE\FPGA Training NTI\Sequence_detector_overlapping_nonoverlapping\Sequence_detector_overlapping.srcs\sources_1\new\overlapping_seq_detector_moore.v:]
WARNING: [filemgmt 56-199] Attempt to get parsing info during refresh. "On-the-fly" syntax checking information may be incorrect. [D:\ECE\FPGA Training NTI\Sequence_detector_overlapping_nonoverlapping\Sequence_detector_overlapping.srcs\sources_1\new\non_overlapping_seq_detector.v:]
WARNING: [filemgmt 56-199] Attempt to get parsing info during refresh. "On-the-fly" syntax checking information may be incorrect. [D:\ECE\FPGA Training NTI\Sequence_detector_overlapping_nonoverlapping\Sequence_detector_overlapping.srcs\sources_1\new\seq_detector_TB.v:]
WARNING: [filemgmt 56-199] Attempt to get parsing info during refresh. "On-the-fly" syntax checking information may be incorrect. [D:\ECE\FPGA Training NTI\Sequence_detector_overlapping_nonoverlapping\Sequence_detector_overlapping.srcs\sources_1\new\nonoverlapping_seq_detector_moore.v:]
WARNING: [filemgmt 56-199] Attempt to get parsing info during refresh. "On-the-fly" syntax checking information may be incorrect. [D:\ECE\FPGA Training NTI\Sequence_detector_overlapping_nonoverlapping\Sequence_detector_overlapping.srcs\sources_1\new\nonoverlapping_seq_detector_moore.v:]
WARNING: [filemgmt 56-199] Attempt to get parsing info during refresh. "On-the-fly" syntax checking information may be incorrect. [D:\ECE\FPGA Training NTI\Sequence_detector_overlapping_nonoverlapping\Sequence_detector_overlapping.srcs\sources_1\new\nonoverlapping_seq_detector_moore.v:]
WARNING: [filemgmt 56-199] Attempt to get parsing info during refresh. "On-the-fly" syntax checking information may be incorrect. [D:\ECE\FPGA Training NTI\Sequence_detector_overlapping_nonoverlapping\Sequence_detector_overlapping.srcs\sources_1\new\overlapping_seq_detector_moore.v:]
WARNING: [filemgmt 56-199] Attempt to get parsing info during refresh. "On-the-fly" syntax checking information may be incorrect. [D:\ECE\FPGA Training NTI\Sequence_detector_overlapping_nonoverlapping\Sequence_detector_overlapping.srcs\sources_1\new\non_overlapping_seq_detector.v:]
WARNING: [filemgmt 56-199] Attempt to get parsing info during refresh. "On-the-fly" syntax checking information may be incorrect. [D:\ECE\FPGA Training NTI\Sequence_detector_overlapping_nonoverlapping\Sequence_detector_overlapping.srcs\sources_1\new\seq_detector_TB.v:]
WARNING: [filemgmt 56-199] Attempt to get parsing info during refresh. "On-the-fly" syntax checking information may be incorrect. [D:\ECE\FPGA Training NTI\Sequence_detector_overlapping_nonoverlapping\Sequence_detector_overlapping.srcs\sources_1\new\overlapping_seq_detector_moore.v:]
WARNING: [filemgmt 56-199] Attempt to get parsing info during refresh. "On-the-fly" syntax checking information may be incorrect. [D:\ECE\FPGA Training NTI\Sequence_detector_overlapping_nonoverlapping\Sequence_detector_overlapping.srcs\sources_1\new\overlapping_seq_detector_moore.v:]
ERROR: [Common 17-180] Spawn failed: The operation completed successfully.

WARNING: [filemgmt 56-199] Attempt to get parsing info during refresh. "On-the-fly" syntax checking information may be incorrect. [D:\ECE\FPGA Training NTI\Sequence_detector_overlapping_nonoverlapping\Sequence_detector_overlapping.srcs\sources_1\new\nonoverlapping_seq_detector_moore.v:]
WARNING: [filemgmt 56-199] Attempt to get parsing info during refresh. "On-the-fly" syntax checking information may be incorrect. [D:\ECE\FPGA Training NTI\Sequence_detector_overlapping_nonoverlapping\Sequence_detector_overlapping.srcs\sources_1\new\overlapping_seq_detector_moore.v:]
WARNING: [filemgmt 56-199] Attempt to get parsing info during refresh. "On-the-fly" syntax checking information may be incorrect. [D:\ECE\FPGA Training NTI\Sequence_detector_overlapping_nonoverlapping\Sequence_detector_overlapping.srcs\sources_1\new\non_overlapping_seq_detector.v:]
WARNING: [filemgmt 56-199] Attempt to get parsing info during refresh. "On-the-fly" syntax checking information may be incorrect. [D:\ECE\FPGA Training NTI\Sequence_detector_overlapping_nonoverlapping\Sequence_detector_overlapping.srcs\sources_1\new\seq_detector_TB.v:]
WARNING: [filemgmt 56-199] Attempt to get parsing info during refresh. "On-the-fly" syntax checking information may be incorrect. [D:\ECE\FPGA Training NTI\Sequence_detector_overlapping_nonoverlapping\Sequence_detector_overlapping.srcs\sources_1\new\non_overlapping_seq_detector.v:]
WARNING: [filemgmt 56-199] Attempt to get parsing info during refresh. "On-the-fly" syntax checking information may be incorrect. [D:\ECE\FPGA Training NTI\Sequence_detector_overlapping_nonoverlapping\Sequence_detector_overlapping.srcs\sources_1\new\non_overlapping_seq_detector.v:]
close_sim
INFO: [Simtcl 6-16] Simulation closed
launch_simulation
Command: launch_simulation 
INFO: [Vivado 12-12493] Simulation top is 'seq_detector_TB'
INFO: [Vivado 12-5682] Launching behavioral simulation in 'D:/ECE/FPGA Training NTI/Sequence_detector_overlapping_nonoverlapping/Sequence_detector_overlapping.sim/sim_1/behav/xsim'
INFO: [SIM-utils-51] Simulation object is 'sim_1'
INFO: [SIM-utils-72] Using boost library from 'C:/Xilinx/2025.1/Vivado/tps/boost_1_72_0'
INFO: [SIM-utils-54] Inspecting design source files for 'seq_detector_TB' in fileset 'sim_1'...
INFO: [USF-XSim-97] Finding global include files...
INFO: [USF-XSim-98] Fetching design files from 'sim_1'...
INFO: [USF-XSim-2] XSim::Compile design
INFO: [USF-XSim-61] Executing 'COMPILE and ANALYZE' step in 'D:/ECE/FPGA Training NTI/Sequence_detector_overlapping_nonoverlapping/Sequence_detector_overlapping.sim/sim_1/behav/xsim'
"xvlog --incr --relax -prj seq_detector_TB_vlog.prj"
INFO: [VRFC 10-2263] Analyzing Verilog file "D:/ECE/FPGA Training NTI/Sequence_detector_overlapping_nonoverlapping/Sequence_detector_overlapping.srcs/sources_1/new/non_overlapping_seq_detector.v" into library xil_defaultlib
INFO: [VRFC 10-311] analyzing module non_overlapping_seq_detector_mealy
INFO: [VRFC 10-2263] Analyzing Verilog file "D:/ECE/FPGA Training NTI/Sequence_detector_overlapping_nonoverlapping/Sequence_detector_overlapping.srcs/sources_1/new/nonoverlapping_seq_detector_moore.v" into library xil_defaultlib
INFO: [VRFC 10-311] analyzing module nonoverlapping_seq_detector_moore
INFO: [VRFC 10-2263] Analyzing Verilog file "D:/ECE/FPGA Training NTI/Sequence_detector_overlapping_nonoverlapping/Sequence_detector_overlapping.srcs/sources_1/new/overlapping_seq_detector.v" into library xil_defaultlib
INFO: [VRFC 10-311] analyzing module overlapping_seq_detector_mealy
INFO: [VRFC 10-2263] Analyzing Verilog file "D:/ECE/FPGA Training NTI/Sequence_detector_overlapping_nonoverlapping/Sequence_detector_overlapping.srcs/sources_1/new/overlapping_seq_detector_moore.v" into library xil_defaultlib
INFO: [VRFC 10-311] analyzing module overlapping_seq_detector_moore
INFO: [VRFC 10-2263] Analyzing Verilog file "D:/ECE/FPGA Training NTI/Sequence_detector_overlapping_nonoverlapping/Sequence_detector_overlapping.srcs/sources_1/new/seq_detector_TB.v" into library xil_defaultlib
INFO: [VRFC 10-311] analyzing module seq_detector_TB
INFO: [USF-XSim-69] 'compile' step finished in '1' seconds
INFO: [USF-XSim-3] XSim::Elaborate design
INFO: [USF-XSim-61] Executing 'ELABORATE' step in 'D:/ECE/FPGA Training NTI/Sequence_detector_overlapping_nonoverlapping/Sequence_detector_overlapping.sim/sim_1/behav/xsim'
"xelab --incr --debug typical --relax --mt 2 -L xil_defaultlib -L unisims_ver -L unimacro_ver -L secureip --snapshot seq_detector_TB_behav xil_defaultlib.seq_detector_TB xil_defaultlib.glbl -log elaborate.log"
Vivado Simulator v2025.1.0
Copyright 1986-2022 Xilinx, Inc. All Rights Reserved.
Copyright 2022-2025 Advanced Micro Devices, Inc. All Rights Reserved.
Running: C:/Xilinx/2025.1/Vivado/bin/unwrapped/win64.o/xelab.exe --incr --debug typical --relax --mt 2 -L xil_defaultlib -L unisims_ver -L unimacro_ver -L secureip --snapshot seq_detector_TB_behav xil_defaultlib.seq_detector_TB xil_defaultlib.glbl -log elaborate.log 
Using 2 slave threads.
Starting static elaboration
Pass Through NonSizing Optimizer
Completed static elaboration
Starting simulation data flow analysis
Completed simulation data flow analysis
Time Resolution for simulation is 1ps
Compiling module xil_defaultlib.overlapping_seq_detector_mealy
Compiling module xil_defaultlib.non_overlapping_seq_detector_mea...
Compiling module xil_defaultlib.overlapping_seq_detector_moore
Compiling module xil_defaultlib.nonoverlapping_seq_detector_moor...
Compiling module xil_defaultlib.seq_detector_TB
Compiling module xil_defaultlib.glbl
Built simulation snapshot seq_detector_TB_behav
INFO: [USF-XSim-69] 'elaborate' step finished in '3' seconds
INFO: [USF-XSim-4] XSim::Simulate design
INFO: [USF-XSim-61] Executing 'SIMULATE' step in 'D:/ECE/FPGA Training NTI/Sequence_detector_overlapping_nonoverlapping/Sequence_detector_overlapping.sim/sim_1/behav/xsim'
INFO: [USF-XSim-98] *** Running xsim
   with args "seq_detector_TB_behav -key {Behavioral:sim_1:Functional:seq_detector_TB} -tclbatch {seq_detector_TB.tcl} -log {simulate.log}"
INFO: [USF-XSim-8] Loading simulator feature
Time resolution is 1 ps
source seq_detector_TB.tcl
# set curr_wave [current_wave_config]
# if { [string length $curr_wave] == 0 } {
#   if { [llength [get_objects]] > 0} {
#     add_wave /
#     set_property needs_save false [current_wave_config]
#   } else {
#      send_msg_id Add_Wave-1 WARNING "No top level signals found. Simulator will start without a wave window. If you want to open a wave window go to 'File->New Waveform Configuration' or type 'create_wave_config' in the TCL console."
#   }
# }
# run 1000ns
1. DETECTION TEST 

Time=20 | Serial in=1 | Mealy_Over=0 | Moore_Over=0 | Mealy_Non=0 | Moore_Non=0
Time=40 | Serial in=0 | Mealy_Over=0 | Moore_Over=0 | Mealy_Non=0 | Moore_Non=0
Time=50 | Serial in=1 | Mealy_Over=0 | Moore_Over=0 | Mealy_Non=0 | Moore_Non=0
Time=60 | Serial in=0 | Mealy_Over=0 | Moore_Over=0 | Mealy_Non=0 | Moore_Non=0
Time=70 | Serial in=1 | Mealy_Over=1 | Moore_Over=0 | Mealy_Non=1 | Moore_Non=0
Time=75 | Serial in=1 | Mealy_Over=0 | Moore_Over=1 | Mealy_Non=0 | Moore_Non=1
Detection Failed , Overlapping detector With mealy Failed 

Detection Failed , Non-Overlapping detector With mealy Failed 

Time=85 | Serial in=1 | Mealy_Over=0 | Moore_Over=0 | Mealy_Non=0 | Moore_Non=0
Detection Failed , Overlapping detector With Moore Failed 

Detection Failed , Non-Overlapping detector With Moore Failed 

Time=100 | Serial in=0 | Mealy_Over=0 | Moore_Over=0 | Mealy_Non=0 | Moore_Non=0
Time=110 | Serial in=1 | Mealy_Over=0 | Moore_Over=0 | Mealy_Non=0 | Moore_Non=0
Time=120 | Serial in=0 | Mealy_Over=0 | Moore_Over=0 | Mealy_Non=0 | Moore_Non=0
Time=130 | Serial in=1 | Mealy_Over=1 | Moore_Over=0 | Mealy_Non=1 | Moore_Non=0
Time=135 | Serial in=1 | Mealy_Over=0 | Moore_Over=1 | Mealy_Non=0 | Moore_Non=1
2. Overlapping DETECTION TEST 

Detection Failed , Overlapping detector With mealy Failed 

Detection Success , Overlapping detector With Moore PASSED 
 
Detection Failed , Non-Overlapping detector With mealy PASSED 

Detection Success , Non-Overlapping detector With Moore Failed 

Time=140 | Serial in=1 | Mealy_Over=0 | Moore_Over=0 | Mealy_Non=0 | Moore_Non=0
 Corner Case Test using Stream of bits
Time=180 | Serial in=0 | Mealy_Over=0 | Moore_Over=0 | Mealy_Non=0 | Moore_Non=0
Time=190 | Serial in=1 | Mealy_Over=0 | Moore_Over=0 | Mealy_Non=0 | Moore_Non=0
Time=210 | Serial in=0 | Mealy_Over=0 | Moore_Over=0 | Mealy_Non=0 | Moore_Non=0
Time=220 | Serial in=1 | Mealy_Over=0 | Moore_Over=0 | Mealy_Non=0 | Moore_Non=0
Time=240 | Serial in=0 | Mealy_Over=0 | Moore_Over=0 | Mealy_Non=0 | Moore_Non=0
Time=250 | Serial in=1 | Mealy_Over=0 | Moore_Over=0 | Mealy_Non=0 | Moore_Non=0
Time=270 | Serial in=0 | Mealy_Over=0 | Moore_Over=0 | Mealy_Non=0 | Moore_Non=0
Time=280 | Serial in=1 | Mealy_Over=0 | Moore_Over=0 | Mealy_Non=0 | Moore_Non=0
Time=300 | Serial in=0 | Mealy_Over=0 | Moore_Over=0 | Mealy_Non=0 | Moore_Non=0
Time=310 | Serial in=1 | Mealy_Over=0 | Moore_Over=0 | Mealy_Non=0 | Moore_Non=0
Time=330 | Serial in=0 | Mealy_Over=0 | Moore_Over=0 | Mealy_Non=0 | Moore_Non=0
Time=340 | Serial in=1 | Mealy_Over=0 | Moore_Over=0 | Mealy_Non=0 | Moore_Non=0
Time=350 | Serial in=0 | Mealy_Over=0 | Moore_Over=0 | Mealy_Non=0 | Moore_Non=0

 Mealy Glitch / Asynchronous Dependence
Time=390 | Serial in=1 | Mealy_Over=0 | Moore_Over=0 | Mealy_Non=0 | Moore_Non=0
Time=400 | Serial in=0 | Mealy_Over=0 | Moore_Over=0 | Mealy_Non=0 | Moore_Non=0
Time=410 | Serial in=1 | Mealy_Over=0 | Moore_Over=0 | Mealy_Non=0 | Moore_Non=0
Time=420 | Serial in=0 | Mealy_Over=0 | Moore_Over=0 | Mealy_Non=0 | Moore_Non=0
Time=432 | Serial in=1 | Mealy_Over=0 | Moore_Over=0 | Mealy_Non=0 | Moore_Non=0
Time=436 | Serial in=0 | Mealy_Over=0 | Moore_Over=0 | Mealy_Non=0 | Moore_Non=0
$stop called at time : 470 ns : File "D:/ECE/FPGA Training NTI/Sequence_detector_overlapping_nonoverlapping/Sequence_detector_overlapping.srcs/sources_1/new/seq_detector_TB.v" Line 159
INFO: [USF-XSim-96] XSim completed. Design snapshot 'seq_detector_TB_behav' loaded.
INFO: [USF-XSim-97] XSim simulation ran for 1000ns
launch_simulation: Time (s): cpu = 00:00:03 ; elapsed = 00:00:07 . Memory (MB): peak = 1738.898 ; gain = 0.000
close_sim
INFO: [Simtcl 6-16] Simulation closed
launch_simulation
Command: launch_simulation 
INFO: [Vivado 12-12493] Simulation top is 'seq_detector_TB'
INFO: [Vivado 12-5682] Launching behavioral simulation in 'D:/ECE/FPGA Training NTI/Sequence_detector_overlapping_nonoverlapping/Sequence_detector_overlapping.sim/sim_1/behav/xsim'
INFO: [SIM-utils-51] Simulation object is 'sim_1'
INFO: [SIM-utils-72] Using boost library from 'C:/Xilinx/2025.1/Vivado/tps/boost_1_72_0'
INFO: [SIM-utils-54] Inspecting design source files for 'seq_detector_TB' in fileset 'sim_1'...
INFO: [USF-XSim-97] Finding global include files...
INFO: [USF-XSim-98] Fetching design files from 'sim_1'...
INFO: [USF-XSim-2] XSim::Compile design
INFO: [USF-XSim-61] Executing 'COMPILE and ANALYZE' step in 'D:/ECE/FPGA Training NTI/Sequence_detector_overlapping_nonoverlapping/Sequence_detector_overlapping.sim/sim_1/behav/xsim'
"xvlog --incr --relax -prj seq_detector_TB_vlog.prj"
INFO: [VRFC 10-2263] Analyzing Verilog file "D:/ECE/FPGA Training NTI/Sequence_detector_overlapping_nonoverlapping/Sequence_detector_overlapping.srcs/sources_1/new/non_overlapping_seq_detector.v" into library xil_defaultlib
INFO: [VRFC 10-311] analyzing module non_overlapping_seq_detector_mealy
INFO: [VRFC 10-2263] Analyzing Verilog file "D:/ECE/FPGA Training NTI/Sequence_detector_overlapping_nonoverlapping/Sequence_detector_overlapping.srcs/sources_1/new/nonoverlapping_seq_detector_moore.v" into library xil_defaultlib
INFO: [VRFC 10-311] analyzing module nonoverlapping_seq_detector_moore
INFO: [VRFC 10-2263] Analyzing Verilog file "D:/ECE/FPGA Training NTI/Sequence_detector_overlapping_nonoverlapping/Sequence_detector_overlapping.srcs/sources_1/new/overlapping_seq_detector.v" into library xil_defaultlib
INFO: [VRFC 10-311] analyzing module overlapping_seq_detector_mealy
INFO: [VRFC 10-2263] Analyzing Verilog file "D:/ECE/FPGA Training NTI/Sequence_detector_overlapping_nonoverlapping/Sequence_detector_overlapping.srcs/sources_1/new/overlapping_seq_detector_moore.v" into library xil_defaultlib
INFO: [VRFC 10-311] analyzing module overlapping_seq_detector_moore
INFO: [VRFC 10-2263] Analyzing Verilog file "D:/ECE/FPGA Training NTI/Sequence_detector_overlapping_nonoverlapping/Sequence_detector_overlapping.srcs/sources_1/new/seq_detector_TB.v" into library xil_defaultlib
INFO: [VRFC 10-311] analyzing module seq_detector_TB
INFO: [USF-XSim-69] 'compile' step finished in '2' seconds
INFO: [USF-XSim-3] XSim::Elaborate design
INFO: [USF-XSim-61] Executing 'ELABORATE' step in 'D:/ECE/FPGA Training NTI/Sequence_detector_overlapping_nonoverlapping/Sequence_detector_overlapping.sim/sim_1/behav/xsim'
"xelab --incr --debug typical --relax --mt 2 -L xil_defaultlib -L unisims_ver -L unimacro_ver -L secureip --snapshot seq_detector_TB_behav xil_defaultlib.seq_detector_TB xil_defaultlib.glbl -log elaborate.log"
Vivado Simulator v2025.1.0
Copyright 1986-2022 Xilinx, Inc. All Rights Reserved.
Copyright 2022-2025 Advanced Micro Devices, Inc. All Rights Reserved.
Running: C:/Xilinx/2025.1/Vivado/bin/unwrapped/win64.o/xelab.exe --incr --debug typical --relax --mt 2 -L xil_defaultlib -L unisims_ver -L unimacro_ver -L secureip --snapshot seq_detector_TB_behav xil_defaultlib.seq_detector_TB xil_defaultlib.glbl -log elaborate.log 
Using 2 slave threads.
Starting static elaboration
Pass Through NonSizing Optimizer
Completed static elaboration
Starting simulation data flow analysis
Completed simulation data flow analysis
Time Resolution for simulation is 1ps
Compiling module xil_defaultlib.overlapping_seq_detector_mealy
Compiling module xil_defaultlib.non_overlapping_seq_detector_mea...
Compiling module xil_defaultlib.overlapping_seq_detector_moore
Compiling module xil_defaultlib.nonoverlapping_seq_detector_moor...
Compiling module xil_defaultlib.seq_detector_TB
Compiling module xil_defaultlib.glbl
Built simulation snapshot seq_detector_TB_behav
INFO: [USF-XSim-69] 'elaborate' step finished in '3' seconds
INFO: [USF-XSim-4] XSim::Simulate design
INFO: [USF-XSim-61] Executing 'SIMULATE' step in 'D:/ECE/FPGA Training NTI/Sequence_detector_overlapping_nonoverlapping/Sequence_detector_overlapping.sim/sim_1/behav/xsim'
INFO: [USF-XSim-98] *** Running xsim
   with args "seq_detector_TB_behav -key {Behavioral:sim_1:Functional:seq_detector_TB} -tclbatch {seq_detector_TB.tcl} -log {simulate.log}"
INFO: [USF-XSim-8] Loading simulator feature
Time resolution is 1 ps
source seq_detector_TB.tcl
# set curr_wave [current_wave_config]
# if { [string length $curr_wave] == 0 } {
#   if { [llength [get_objects]] > 0} {
#     add_wave /
#     set_property needs_save false [current_wave_config]
#   } else {
#      send_msg_id Add_Wave-1 WARNING "No top level signals found. Simulator will start without a wave window. If you want to open a wave window go to 'File->New Waveform Configuration' or type 'create_wave_config' in the TCL console."
#   }
# }
# run 1000ns
1. DETECTION TEST 

Time=20 | Serial in=1 | Mealy_Over=0 | Moore_Over=0 | Mealy_Non=0 | Moore_Non=0
Time=40 | Serial in=0 | Mealy_Over=0 | Moore_Over=0 | Mealy_Non=0 | Moore_Non=0
Time=50 | Serial in=1 | Mealy_Over=0 | Moore_Over=0 | Mealy_Non=0 | Moore_Non=0
Time=60 | Serial in=0 | Mealy_Over=0 | Moore_Over=0 | Mealy_Non=0 | Moore_Non=0
Time=70 | Serial in=1 | Mealy_Over=1 | Moore_Over=0 | Mealy_Non=1 | Moore_Non=0
Time=75 | Serial in=1 | Mealy_Over=0 | Moore_Over=1 | Mealy_Non=0 | Moore_Non=1
Detection Success , Overlapping detector With Moore PASSED 
 
Detection Success , Non-Overlapping detector With Moore PASSED 

Time=85 | Serial in=1 | Mealy_Over=0 | Moore_Over=0 | Mealy_Non=0 | Moore_Non=0
Detection Failed , Overlapping detector With mealy Failed 

Detection Failed , Non-Overlapping detector With mealy Failed 

Time=100 | Serial in=0 | Mealy_Over=0 | Moore_Over=0 | Mealy_Non=0 | Moore_Non=0
Time=110 | Serial in=1 | Mealy_Over=0 | Moore_Over=0 | Mealy_Non=0 | Moore_Non=0
Time=120 | Serial in=0 | Mealy_Over=0 | Moore_Over=0 | Mealy_Non=0 | Moore_Non=0
Time=130 | Serial in=1 | Mealy_Over=1 | Moore_Over=0 | Mealy_Non=1 | Moore_Non=0
Time=135 | Serial in=1 | Mealy_Over=0 | Moore_Over=1 | Mealy_Non=0 | Moore_Non=1
2. Overlapping DETECTION TEST 

Detection Failed , Overlapping detector With mealy Failed 

Detection Success , Overlapping detector With Moore PASSED 
 
Detection Failed , Non-Overlapping detector With mealy PASSED 

Detection Success , Non-Overlapping detector With Moore Failed 

Time=140 | Serial in=1 | Mealy_Over=0 | Moore_Over=0 | Mealy_Non=0 | Moore_Non=0
 Corner Case Test using Stream of bits
Time=180 | Serial in=0 | Mealy_Over=0 | Moore_Over=0 | Mealy_Non=0 | Moore_Non=0
Time=190 | Serial in=1 | Mealy_Over=0 | Moore_Over=0 | Mealy_Non=0 | Moore_Non=0
Time=210 | Serial in=0 | Mealy_Over=0 | Moore_Over=0 | Mealy_Non=0 | Moore_Non=0
Time=220 | Serial in=1 | Mealy_Over=0 | Moore_Over=0 | Mealy_Non=0 | Moore_Non=0
Time=240 | Serial in=0 | Mealy_Over=0 | Moore_Over=0 | Mealy_Non=0 | Moore_Non=0
Time=250 | Serial in=1 | Mealy_Over=0 | Moore_Over=0 | Mealy_Non=0 | Moore_Non=0
Time=270 | Serial in=0 | Mealy_Over=0 | Moore_Over=0 | Mealy_Non=0 | Moore_Non=0
Time=280 | Serial in=1 | Mealy_Over=0 | Moore_Over=0 | Mealy_Non=0 | Moore_Non=0
Time=300 | Serial in=0 | Mealy_Over=0 | Moore_Over=0 | Mealy_Non=0 | Moore_Non=0
Time=310 | Serial in=1 | Mealy_Over=0 | Moore_Over=0 | Mealy_Non=0 | Moore_Non=0
Time=330 | Serial in=0 | Mealy_Over=0 | Moore_Over=0 | Mealy_Non=0 | Moore_Non=0
Time=340 | Serial in=1 | Mealy_Over=0 | Moore_Over=0 | Mealy_Non=0 | Moore_Non=0
Time=350 | Serial in=0 | Mealy_Over=0 | Moore_Over=0 | Mealy_Non=0 | Moore_Non=0

 Mealy Glitch / Asynchronous Dependence
Time=390 | Serial in=1 | Mealy_Over=0 | Moore_Over=0 | Mealy_Non=0 | Moore_Non=0
Time=400 | Serial in=0 | Mealy_Over=0 | Moore_Over=0 | Mealy_Non=0 | Moore_Non=0
Time=410 | Serial in=1 | Mealy_Over=0 | Moore_Over=0 | Mealy_Non=0 | Moore_Non=0
Time=420 | Serial in=0 | Mealy_Over=0 | Moore_Over=0 | Mealy_Non=0 | Moore_Non=0
Time=432 | Serial in=1 | Mealy_Over=0 | Moore_Over=0 | Mealy_Non=0 | Moore_Non=0
Time=436 | Serial in=0 | Mealy_Over=0 | Moore_Over=0 | Mealy_Non=0 | Moore_Non=0
$stop called at time : 470 ns : File "D:/ECE/FPGA Training NTI/Sequence_detector_overlapping_nonoverlapping/Sequence_detector_overlapping.srcs/sources_1/new/seq_detector_TB.v" Line 161
INFO: [USF-XSim-96] XSim completed. Design snapshot 'seq_detector_TB_behav' loaded.
INFO: [USF-XSim-97] XSim simulation ran for 1000ns
launch_simulation: Time (s): cpu = 00:00:02 ; elapsed = 00:00:07 . Memory (MB): peak = 1738.898 ; gain = 0.000
WARNING: [filemgmt 56-199] Attempt to get parsing info during refresh. "On-the-fly" syntax checking information may be incorrect. [D:\ECE\FPGA Training NTI\Sequence_detector_overlapping_nonoverlapping\Sequence_detector_overlapping.srcs\sources_1\new\nonoverlapping_seq_detector_moore.v:]
WARNING: [filemgmt 56-199] Attempt to get parsing info during refresh. "On-the-fly" syntax checking information may be incorrect. [D:\ECE\FPGA Training NTI\Sequence_detector_overlapping_nonoverlapping\Sequence_detector_overlapping.srcs\sources_1\new\overlapping_seq_detector_moore.v:]
WARNING: [filemgmt 56-199] Attempt to get parsing info during refresh. "On-the-fly" syntax checking information may be incorrect. [D:\ECE\FPGA Training NTI\Sequence_detector_overlapping_nonoverlapping\Sequence_detector_overlapping.srcs\sources_1\new\non_overlapping_seq_detector.v:]
WARNING: [filemgmt 56-199] Attempt to get parsing info during refresh. "On-the-fly" syntax checking information may be incorrect. [D:\ECE\FPGA Training NTI\Sequence_detector_overlapping_nonoverlapping\Sequence_detector_overlapping.srcs\sources_1\new\seq_detector_TB.v:]
WARNING: [filemgmt 56-199] Attempt to get parsing info during refresh. "On-the-fly" syntax checking information may be incorrect. [D:\ECE\FPGA Training NTI\Sequence_detector_overlapping_nonoverlapping\Sequence_detector_overlapping.srcs\sources_1\new\non_overlapping_seq_detector.v:]
WARNING: [filemgmt 56-199] Attempt to get parsing info during refresh. "On-the-fly" syntax checking information may be incorrect. [D:\ECE\FPGA Training NTI\Sequence_detector_overlapping_nonoverlapping\Sequence_detector_overlapping.srcs\sources_1\new\non_overlapping_seq_detector.v:]
WARNING: [filemgmt 56-199] Attempt to get parsing info during refresh. "On-the-fly" syntax checking information may be incorrect. [D:\ECE\FPGA Training NTI\Sequence_detector_overlapping_nonoverlapping\Sequence_detector_overlapping.srcs\sources_1\new\nonoverlapping_seq_detector_moore.v:]
WARNING: [filemgmt 56-199] Attempt to get parsing info during refresh. "On-the-fly" syntax checking information may be incorrect. [D:\ECE\FPGA Training NTI\Sequence_detector_overlapping_nonoverlapping\Sequence_detector_overlapping.srcs\sources_1\new\overlapping_seq_detector_moore.v:]
WARNING: [filemgmt 56-199] Attempt to get parsing info during refresh. "On-the-fly" syntax checking information may be incorrect. [D:\ECE\FPGA Training NTI\Sequence_detector_overlapping_nonoverlapping\Sequence_detector_overlapping.srcs\sources_1\new\non_overlapping_seq_detector.v:]
WARNING: [filemgmt 56-199] Attempt to get parsing info during refresh. "On-the-fly" syntax checking information may be incorrect. [D:\ECE\FPGA Training NTI\Sequence_detector_overlapping_nonoverlapping\Sequence_detector_overlapping.srcs\sources_1\new\seq_detector_TB.v:]
WARNING: [filemgmt 56-199] Attempt to get parsing info during refresh. "On-the-fly" syntax checking information may be incorrect. [D:\ECE\FPGA Training NTI\Sequence_detector_overlapping_nonoverlapping\Sequence_detector_overlapping.srcs\sources_1\new\overlapping_seq_detector_moore.v:]
WARNING: [filemgmt 56-199] Attempt to get parsing info during refresh. "On-the-fly" syntax checking information may be incorrect. [D:\ECE\FPGA Training NTI\Sequence_detector_overlapping_nonoverlapping\Sequence_detector_overlapping.srcs\sources_1\new\overlapping_seq_detector_moore.v:]
ERROR: [Common 17-180] Spawn failed: The operation completed successfully.

WARNING: [filemgmt 56-199] Attempt to get parsing info during refresh. "On-the-fly" syntax checking information may be incorrect. [D:\ECE\FPGA Training NTI\Sequence_detector_overlapping_nonoverlapping\Sequence_detector_overlapping.srcs\sources_1\new\nonoverlapping_seq_detector_moore.v:]
WARNING: [filemgmt 56-199] Attempt to get parsing info during refresh. "On-the-fly" syntax checking information may be incorrect. [D:\ECE\FPGA Training NTI\Sequence_detector_overlapping_nonoverlapping\Sequence_detector_overlapping.srcs\sources_1\new\overlapping_seq_detector_moore.v:]
WARNING: [filemgmt 56-199] Attempt to get parsing info during refresh. "On-the-fly" syntax checking information may be incorrect. [D:\ECE\FPGA Training NTI\Sequence_detector_overlapping_nonoverlapping\Sequence_detector_overlapping.srcs\sources_1\new\non_overlapping_seq_detector.v:]
WARNING: [filemgmt 56-199] Attempt to get parsing info during refresh. "On-the-fly" syntax checking information may be incorrect. [D:\ECE\FPGA Training NTI\Sequence_detector_overlapping_nonoverlapping\Sequence_detector_overlapping.srcs\sources_1\new\seq_detector_TB.v:]
WARNING: [filemgmt 56-199] Attempt to get parsing info during refresh. "On-the-fly" syntax checking information may be incorrect. [D:\ECE\FPGA Training NTI\Sequence_detector_overlapping_nonoverlapping\Sequence_detector_overlapping.srcs\sources_1\new\nonoverlapping_seq_detector_moore.v:]
WARNING: [filemgmt 56-199] Attempt to get parsing info during refresh. "On-the-fly" syntax checking information may be incorrect. [D:\ECE\FPGA Training NTI\Sequence_detector_overlapping_nonoverlapping\Sequence_detector_overlapping.srcs\sources_1\new\nonoverlapping_seq_detector_moore.v:]
ERROR: [Common 17-180] Spawn failed: The operation completed successfully.

close_sim
INFO: [Simtcl 6-16] Simulation closed
launch_simulation
Command: launch_simulation 
INFO: [Vivado 12-12493] Simulation top is 'seq_detector_TB'
INFO: [Vivado 12-5682] Launching behavioral simulation in 'D:/ECE/FPGA Training NTI/Sequence_detector_overlapping_nonoverlapping/Sequence_detector_overlapping.sim/sim_1/behav/xsim'
INFO: [SIM-utils-51] Simulation object is 'sim_1'
INFO: [SIM-utils-72] Using boost library from 'C:/Xilinx/2025.1/Vivado/tps/boost_1_72_0'
INFO: [SIM-utils-54] Inspecting design source files for 'seq_detector_TB' in fileset 'sim_1'...
INFO: [USF-XSim-97] Finding global include files...
INFO: [USF-XSim-98] Fetching design files from 'sim_1'...
INFO: [USF-XSim-2] XSim::Compile design
INFO: [USF-XSim-61] Executing 'COMPILE and ANALYZE' step in 'D:/ECE/FPGA Training NTI/Sequence_detector_overlapping_nonoverlapping/Sequence_detector_overlapping.sim/sim_1/behav/xsim'
"xvlog --incr --relax -prj seq_detector_TB_vlog.prj"
INFO: [VRFC 10-2263] Analyzing Verilog file "D:/ECE/FPGA Training NTI/Sequence_detector_overlapping_nonoverlapping/Sequence_detector_overlapping.srcs/sources_1/new/non_overlapping_seq_detector.v" into library xil_defaultlib
INFO: [VRFC 10-311] analyzing module non_overlapping_seq_detector_mealy
INFO: [VRFC 10-2263] Analyzing Verilog file "D:/ECE/FPGA Training NTI/Sequence_detector_overlapping_nonoverlapping/Sequence_detector_overlapping.srcs/sources_1/new/nonoverlapping_seq_detector_moore.v" into library xil_defaultlib
INFO: [VRFC 10-311] analyzing module nonoverlapping_seq_detector_moore
INFO: [VRFC 10-2263] Analyzing Verilog file "D:/ECE/FPGA Training NTI/Sequence_detector_overlapping_nonoverlapping/Sequence_detector_overlapping.srcs/sources_1/new/overlapping_seq_detector.v" into library xil_defaultlib
INFO: [VRFC 10-311] analyzing module overlapping_seq_detector_mealy
INFO: [VRFC 10-2263] Analyzing Verilog file "D:/ECE/FPGA Training NTI/Sequence_detector_overlapping_nonoverlapping/Sequence_detector_overlapping.srcs/sources_1/new/overlapping_seq_detector_moore.v" into library xil_defaultlib
INFO: [VRFC 10-311] analyzing module overlapping_seq_detector_moore
INFO: [VRFC 10-2263] Analyzing Verilog file "D:/ECE/FPGA Training NTI/Sequence_detector_overlapping_nonoverlapping/Sequence_detector_overlapping.srcs/sources_1/new/seq_detector_TB.v" into library xil_defaultlib
INFO: [VRFC 10-311] analyzing module seq_detector_TB
INFO: [USF-XSim-69] 'compile' step finished in '1' seconds
INFO: [USF-XSim-3] XSim::Elaborate design
INFO: [USF-XSim-61] Executing 'ELABORATE' step in 'D:/ECE/FPGA Training NTI/Sequence_detector_overlapping_nonoverlapping/Sequence_detector_overlapping.sim/sim_1/behav/xsim'
"xelab --incr --debug typical --relax --mt 2 -L xil_defaultlib -L unisims_ver -L unimacro_ver -L secureip --snapshot seq_detector_TB_behav xil_defaultlib.seq_detector_TB xil_defaultlib.glbl -log elaborate.log"
Vivado Simulator v2025.1.0
Copyright 1986-2022 Xilinx, Inc. All Rights Reserved.
Copyright 2022-2025 Advanced Micro Devices, Inc. All Rights Reserved.
Running: C:/Xilinx/2025.1/Vivado/bin/unwrapped/win64.o/xelab.exe --incr --debug typical --relax --mt 2 -L xil_defaultlib -L unisims_ver -L unimacro_ver -L secureip --snapshot seq_detector_TB_behav xil_defaultlib.seq_detector_TB xil_defaultlib.glbl -log elaborate.log 
Using 2 slave threads.
Starting static elaboration
Pass Through NonSizing Optimizer
Completed static elaboration
Starting simulation data flow analysis
Completed simulation data flow analysis
Time Resolution for simulation is 1ps
Compiling module xil_defaultlib.overlapping_seq_detector_mealy
Compiling module xil_defaultlib.non_overlapping_seq_detector_mea...
Compiling module xil_defaultlib.overlapping_seq_detector_moore
Compiling module xil_defaultlib.nonoverlapping_seq_detector_moor...
Compiling module xil_defaultlib.seq_detector_TB
Compiling module xil_defaultlib.glbl
Built simulation snapshot seq_detector_TB_behav
INFO: [USF-XSim-69] 'elaborate' step finished in '3' seconds
INFO: [USF-XSim-4] XSim::Simulate design
INFO: [USF-XSim-61] Executing 'SIMULATE' step in 'D:/ECE/FPGA Training NTI/Sequence_detector_overlapping_nonoverlapping/Sequence_detector_overlapping.sim/sim_1/behav/xsim'
INFO: [USF-XSim-98] *** Running xsim
   with args "seq_detector_TB_behav -key {Behavioral:sim_1:Functional:seq_detector_TB} -tclbatch {seq_detector_TB.tcl} -log {simulate.log}"
INFO: [USF-XSim-8] Loading simulator feature
Time resolution is 1 ps
source seq_detector_TB.tcl
# set curr_wave [current_wave_config]
# if { [string length $curr_wave] == 0 } {
#   if { [llength [get_objects]] > 0} {
#     add_wave /
#     set_property needs_save false [current_wave_config]
#   } else {
#      send_msg_id Add_Wave-1 WARNING "No top level signals found. Simulator will start without a wave window. If you want to open a wave window go to 'File->New Waveform Configuration' or type 'create_wave_config' in the TCL console."
#   }
# }
# run 1000ns
1. DETECTION TEST 

Time=20 | Serial in=0 | Mealy_Over=0 | Moore_Over=0 | Mealy_Non=0 | Moore_Non=0
Time=30 | Serial in=1 | Mealy_Over=0 | Moore_Over=0 | Mealy_Non=0 | Moore_Non=0
Time=50 | Serial in=0 | Mealy_Over=0 | Moore_Over=0 | Mealy_Non=0 | Moore_Non=0
Time=60 | Serial in=1 | Mealy_Over=0 | Moore_Over=0 | Mealy_Non=0 | Moore_Non=0
Time=70 | Serial in=0 | Mealy_Over=0 | Moore_Over=0 | Mealy_Non=0 | Moore_Non=0
Detection Failed , Overlapping detector With Moore Failed 

Detection Failed , Non-Overlapping detector With Moore Failed 

Time=80 | Serial in=1 | Mealy_Over=1 | Moore_Over=0 | Mealy_Non=1 | Moore_Non=0
Time=85 | Serial in=1 | Mealy_Over=0 | Moore_Over=1 | Mealy_Non=0 | Moore_Non=1
Detection Failed , Overlapping detector With mealy Failed 

Detection Failed , Non-Overlapping detector With mealy Failed 

Time=95 | Serial in=1 | Mealy_Over=0 | Moore_Over=0 | Mealy_Non=0 | Moore_Non=0
Time=110 | Serial in=0 | Mealy_Over=0 | Moore_Over=0 | Mealy_Non=0 | Moore_Non=0
Time=120 | Serial in=1 | Mealy_Over=0 | Moore_Over=0 | Mealy_Non=0 | Moore_Non=0
Time=130 | Serial in=0 | Mealy_Over=0 | Moore_Over=0 | Mealy_Non=0 | Moore_Non=0
2. Overlapping DETECTION TEST 

Detection Failed , Overlapping detector With mealy Failed 

Detection Failed , Overlapping detector With Moore Failed 

Detection Failed , Non-Overlapping detector With mealy PASSED 

Detection Failed , Non-Overlapping detector With Moore PASSED 

Time=140 | Serial in=1 | Mealy_Over=0 | Moore_Over=0 | Mealy_Non=0 | Moore_Non=0
 Corner Case Test using Stream of bits
Time=190 | Serial in=0 | Mealy_Over=0 | Moore_Over=0 | Mealy_Non=0 | Moore_Non=0
Time=200 | Serial in=1 | Mealy_Over=0 | Moore_Over=0 | Mealy_Non=0 | Moore_Non=0
Time=220 | Serial in=0 | Mealy_Over=0 | Moore_Over=0 | Mealy_Non=0 | Moore_Non=0
Time=230 | Serial in=1 | Mealy_Over=0 | Moore_Over=0 | Mealy_Non=0 | Moore_Non=0
Time=250 | Serial in=0 | Mealy_Over=0 | Moore_Over=0 | Mealy_Non=0 | Moore_Non=0
Time=260 | Serial in=1 | Mealy_Over=0 | Moore_Over=0 | Mealy_Non=0 | Moore_Non=0
Time=280 | Serial in=0 | Mealy_Over=0 | Moore_Over=0 | Mealy_Non=0 | Moore_Non=0
Time=290 | Serial in=1 | Mealy_Over=0 | Moore_Over=0 | Mealy_Non=0 | Moore_Non=0
Time=310 | Serial in=0 | Mealy_Over=0 | Moore_Over=0 | Mealy_Non=0 | Moore_Non=0
Time=320 | Serial in=1 | Mealy_Over=0 | Moore_Over=0 | Mealy_Non=0 | Moore_Non=0
Time=340 | Serial in=0 | Mealy_Over=0 | Moore_Over=0 | Mealy_Non=0 | Moore_Non=0
Time=350 | Serial in=1 | Mealy_Over=0 | Moore_Over=0 | Mealy_Non=0 | Moore_Non=0
Time=360 | Serial in=0 | Mealy_Over=0 | Moore_Over=0 | Mealy_Non=0 | Moore_Non=0

 Mealy Glitch / Asynchronous Dependence
Time=390 | Serial in=1 | Mealy_Over=0 | Moore_Over=0 | Mealy_Non=0 | Moore_Non=0
Time=410 | Serial in=0 | Mealy_Over=0 | Moore_Over=0 | Mealy_Non=0 | Moore_Non=0
Time=420 | Serial in=1 | Mealy_Over=0 | Moore_Over=0 | Mealy_Non=0 | Moore_Non=0
Time=430 | Serial in=0 | Mealy_Over=0 | Moore_Over=0 | Mealy_Non=0 | Moore_Non=0
Time=432 | Serial in=1 | Mealy_Over=0 | Moore_Over=0 | Mealy_Non=0 | Moore_Non=0
Time=436 | Serial in=0 | Mealy_Over=0 | Moore_Over=0 | Mealy_Non=0 | Moore_Non=0
$stop called at time : 470 ns : File "D:/ECE/FPGA Training NTI/Sequence_detector_overlapping_nonoverlapping/Sequence_detector_overlapping.srcs/sources_1/new/seq_detector_TB.v" Line 161
xsim: Time (s): cpu = 00:00:03 ; elapsed = 00:00:07 . Memory (MB): peak = 1738.898 ; gain = 0.000
INFO: [USF-XSim-96] XSim completed. Design snapshot 'seq_detector_TB_behav' loaded.
INFO: [USF-XSim-97] XSim simulation ran for 1000ns
launch_simulation: Time (s): cpu = 00:00:04 ; elapsed = 00:00:12 . Memory (MB): peak = 1738.898 ; gain = 0.000
WARNING: [filemgmt 56-199] Attempt to get parsing info during refresh. "On-the-fly" syntax checking information may be incorrect. [D:\ECE\FPGA Training NTI\Sequence_detector_overlapping_nonoverlapping\Sequence_detector_overlapping.srcs\sources_1\new\nonoverlapping_seq_detector_moore.v:]
WARNING: [filemgmt 56-199] Attempt to get parsing info during refresh. "On-the-fly" syntax checking information may be incorrect. [D:\ECE\FPGA Training NTI\Sequence_detector_overlapping_nonoverlapping\Sequence_detector_overlapping.srcs\sources_1\new\overlapping_seq_detector_moore.v:]
WARNING: [filemgmt 56-199] Attempt to get parsing info during refresh. "On-the-fly" syntax checking information may be incorrect. [D:\ECE\FPGA Training NTI\Sequence_detector_overlapping_nonoverlapping\Sequence_detector_overlapping.srcs\sources_1\new\non_overlapping_seq_detector.v:]
WARNING: [filemgmt 56-199] Attempt to get parsing info during refresh. "On-the-fly" syntax checking information may be incorrect. [D:\ECE\FPGA Training NTI\Sequence_detector_overlapping_nonoverlapping\Sequence_detector_overlapping.srcs\sources_1\new\seq_detector_TB.v:]
WARNING: [filemgmt 56-199] Attempt to get parsing info during refresh. "On-the-fly" syntax checking information may be incorrect. [D:\ECE\FPGA Training NTI\Sequence_detector_overlapping_nonoverlapping\Sequence_detector_overlapping.srcs\sources_1\new\overlapping_seq_detector_moore.v:]
WARNING: [filemgmt 56-199] Attempt to get parsing info during refresh. "On-the-fly" syntax checking information may be incorrect. [D:\ECE\FPGA Training NTI\Sequence_detector_overlapping_nonoverlapping\Sequence_detector_overlapping.srcs\sources_1\new\overlapping_seq_detector_moore.v:]
WARNING: [filemgmt 56-199] Attempt to get parsing info during refresh. "On-the-fly" syntax checking information may be incorrect. [D:\ECE\FPGA Training NTI\Sequence_detector_overlapping_nonoverlapping\Sequence_detector_overlapping.srcs\sources_1\new\nonoverlapping_seq_detector_moore.v:]
WARNING: [filemgmt 56-199] Attempt to get parsing info during refresh. "On-the-fly" syntax checking information may be incorrect. [D:\ECE\FPGA Training NTI\Sequence_detector_overlapping_nonoverlapping\Sequence_detector_overlapping.srcs\sources_1\new\overlapping_seq_detector_moore.v:]
WARNING: [filemgmt 56-199] Attempt to get parsing info during refresh. "On-the-fly" syntax checking information may be incorrect. [D:\ECE\FPGA Training NTI\Sequence_detector_overlapping_nonoverlapping\Sequence_detector_overlapping.srcs\sources_1\new\non_overlapping_seq_detector.v:]
WARNING: [filemgmt 56-199] Attempt to get parsing info during refresh. "On-the-fly" syntax checking information may be incorrect. [D:\ECE\FPGA Training NTI\Sequence_detector_overlapping_nonoverlapping\Sequence_detector_overlapping.srcs\sources_1\new\seq_detector_TB.v:]
WARNING: [filemgmt 56-199] Attempt to get parsing info during refresh. "On-the-fly" syntax checking information may be incorrect. [D:\ECE\FPGA Training NTI\Sequence_detector_overlapping_nonoverlapping\Sequence_detector_overlapping.srcs\sources_1\new\seq_detector_TB.v:]
WARNING: [filemgmt 56-199] Attempt to get parsing info during refresh. "On-the-fly" syntax checking information may be incorrect. [D:\ECE\FPGA Training NTI\Sequence_detector_overlapping_nonoverlapping\Sequence_detector_overlapping.srcs\sources_1\new\seq_detector_TB.v:]
ERROR: [Common 17-180] Spawn failed: The operation completed successfully.

close_sim
INFO: [Simtcl 6-16] Simulation closed
launch_simulation
Command: launch_simulation 
INFO: [Vivado 12-12493] Simulation top is 'seq_detector_TB'
INFO: [Vivado 12-5682] Launching behavioral simulation in 'D:/ECE/FPGA Training NTI/Sequence_detector_overlapping_nonoverlapping/Sequence_detector_overlapping.sim/sim_1/behav/xsim'
INFO: [SIM-utils-51] Simulation object is 'sim_1'
INFO: [SIM-utils-72] Using boost library from 'C:/Xilinx/2025.1/Vivado/tps/boost_1_72_0'
INFO: [SIM-utils-54] Inspecting design source files for 'seq_detector_TB' in fileset 'sim_1'...
INFO: [USF-XSim-97] Finding global include files...
INFO: [USF-XSim-98] Fetching design files from 'sim_1'...
INFO: [USF-XSim-2] XSim::Compile design
INFO: [USF-XSim-61] Executing 'COMPILE and ANALYZE' step in 'D:/ECE/FPGA Training NTI/Sequence_detector_overlapping_nonoverlapping/Sequence_detector_overlapping.sim/sim_1/behav/xsim'
"xvlog --incr --relax -prj seq_detector_TB_vlog.prj"
INFO: [VRFC 10-2263] Analyzing Verilog file "D:/ECE/FPGA Training NTI/Sequence_detector_overlapping_nonoverlapping/Sequence_detector_overlapping.srcs/sources_1/new/non_overlapping_seq_detector.v" into library xil_defaultlib
INFO: [VRFC 10-311] analyzing module non_overlapping_seq_detector_mealy
INFO: [VRFC 10-2263] Analyzing Verilog file "D:/ECE/FPGA Training NTI/Sequence_detector_overlapping_nonoverlapping/Sequence_detector_overlapping.srcs/sources_1/new/nonoverlapping_seq_detector_moore.v" into library xil_defaultlib
INFO: [VRFC 10-311] analyzing module nonoverlapping_seq_detector_moore
INFO: [VRFC 10-2263] Analyzing Verilog file "D:/ECE/FPGA Training NTI/Sequence_detector_overlapping_nonoverlapping/Sequence_detector_overlapping.srcs/sources_1/new/overlapping_seq_detector.v" into library xil_defaultlib
INFO: [VRFC 10-311] analyzing module overlapping_seq_detector_mealy
INFO: [VRFC 10-2263] Analyzing Verilog file "D:/ECE/FPGA Training NTI/Sequence_detector_overlapping_nonoverlapping/Sequence_detector_overlapping.srcs/sources_1/new/overlapping_seq_detector_moore.v" into library xil_defaultlib
INFO: [VRFC 10-311] analyzing module overlapping_seq_detector_moore
INFO: [VRFC 10-2263] Analyzing Verilog file "D:/ECE/FPGA Training NTI/Sequence_detector_overlapping_nonoverlapping/Sequence_detector_overlapping.srcs/sources_1/new/seq_detector_TB.v" into library xil_defaultlib
INFO: [VRFC 10-311] analyzing module seq_detector_TB
INFO: [USF-XSim-69] 'compile' step finished in '2' seconds
INFO: [USF-XSim-3] XSim::Elaborate design
INFO: [USF-XSim-61] Executing 'ELABORATE' step in 'D:/ECE/FPGA Training NTI/Sequence_detector_overlapping_nonoverlapping/Sequence_detector_overlapping.sim/sim_1/behav/xsim'
"xelab --incr --debug typical --relax --mt 2 -L xil_defaultlib -L unisims_ver -L unimacro_ver -L secureip --snapshot seq_detector_TB_behav xil_defaultlib.seq_detector_TB xil_defaultlib.glbl -log elaborate.log"
Vivado Simulator v2025.1.0
Copyright 1986-2022 Xilinx, Inc. All Rights Reserved.
Copyright 2022-2025 Advanced Micro Devices, Inc. All Rights Reserved.
Running: C:/Xilinx/2025.1/Vivado/bin/unwrapped/win64.o/xelab.exe --incr --debug typical --relax --mt 2 -L xil_defaultlib -L unisims_ver -L unimacro_ver -L secureip --snapshot seq_detector_TB_behav xil_defaultlib.seq_detector_TB xil_defaultlib.glbl -log elaborate.log 
Using 2 slave threads.
Starting static elaboration
Pass Through NonSizing Optimizer
Completed static elaboration
Starting simulation data flow analysis
Completed simulation data flow analysis
Time Resolution for simulation is 1ps
Compiling module xil_defaultlib.overlapping_seq_detector_mealy
Compiling module xil_defaultlib.non_overlapping_seq_detector_mea...
Compiling module xil_defaultlib.overlapping_seq_detector_moore
Compiling module xil_defaultlib.nonoverlapping_seq_detector_moor...
Compiling module xil_defaultlib.seq_detector_TB
Compiling module xil_defaultlib.glbl
Built simulation snapshot seq_detector_TB_behav
INFO: [USF-XSim-69] 'elaborate' step finished in '2' seconds
INFO: [USF-XSim-4] XSim::Simulate design
INFO: [USF-XSim-61] Executing 'SIMULATE' step in 'D:/ECE/FPGA Training NTI/Sequence_detector_overlapping_nonoverlapping/Sequence_detector_overlapping.sim/sim_1/behav/xsim'
INFO: [USF-XSim-98] *** Running xsim
   with args "seq_detector_TB_behav -key {Behavioral:sim_1:Functional:seq_detector_TB} -tclbatch {seq_detector_TB.tcl} -log {simulate.log}"
INFO: [USF-XSim-8] Loading simulator feature
Time resolution is 1 ps
source seq_detector_TB.tcl
# set curr_wave [current_wave_config]
# if { [string length $curr_wave] == 0 } {
#   if { [llength [get_objects]] > 0} {
#     add_wave /
#     set_property needs_save false [current_wave_config]
#   } else {
#      send_msg_id Add_Wave-1 WARNING "No top level signals found. Simulator will start without a wave window. If you want to open a wave window go to 'File->New Waveform Configuration' or type 'create_wave_config' in the TCL console."
#   }
# }
# run 1000ns
1. DETECTION TEST 

Time=20 | Serial in=0 | Mealy_Over=0 | Moore_Over=0 | Mealy_Non=0 | Moore_Non=0
Time=30 | Serial in=1 | Mealy_Over=0 | Moore_Over=0 | Mealy_Non=0 | Moore_Non=0
Time=50 | Serial in=0 | Mealy_Over=0 | Moore_Over=0 | Mealy_Non=0 | Moore_Non=0
Time=60 | Serial in=1 | Mealy_Over=0 | Moore_Over=0 | Mealy_Non=0 | Moore_Non=0
Time=70 | Serial in=0 | Mealy_Over=0 | Moore_Over=0 | Mealy_Non=0 | Moore_Non=0
Detection Failed , Overlapping detector With mealy Failed 

Detection Failed , Non-Overlapping detector With mealy Failed 

Time=80 | Serial in=1 | Mealy_Over=1 | Moore_Over=0 | Mealy_Non=1 | Moore_Non=0
Time=85 | Serial in=1 | Mealy_Over=0 | Moore_Over=1 | Mealy_Non=0 | Moore_Non=1
Detection Success , Overlapping detector With Moore PASSED 
 
Detection Success , Non-Overlapping detector With Moore PASSED 

Time=95 | Serial in=1 | Mealy_Over=0 | Moore_Over=0 | Mealy_Non=0 | Moore_Non=0
Time=110 | Serial in=0 | Mealy_Over=0 | Moore_Over=0 | Mealy_Non=0 | Moore_Non=0
Time=120 | Serial in=1 | Mealy_Over=0 | Moore_Over=0 | Mealy_Non=0 | Moore_Non=0
Time=130 | Serial in=0 | Mealy_Over=0 | Moore_Over=0 | Mealy_Non=0 | Moore_Non=0
2. Overlapping DETECTION TEST 

Detection Failed , Overlapping detector With mealy Failed 

Detection Failed , Overlapping detector With Moore Failed 

Detection Failed , Non-Overlapping detector With mealy PASSED 

Detection Failed , Non-Overlapping detector With Moore PASSED 

Time=140 | Serial in=1 | Mealy_Over=0 | Moore_Over=0 | Mealy_Non=0 | Moore_Non=0
 Corner Case Test using Stream of bits
Time=190 | Serial in=0 | Mealy_Over=0 | Moore_Over=0 | Mealy_Non=0 | Moore_Non=0
Time=200 | Serial in=1 | Mealy_Over=0 | Moore_Over=0 | Mealy_Non=0 | Moore_Non=0
Time=220 | Serial in=0 | Mealy_Over=0 | Moore_Over=0 | Mealy_Non=0 | Moore_Non=0
Time=230 | Serial in=1 | Mealy_Over=0 | Moore_Over=0 | Mealy_Non=0 | Moore_Non=0
Time=250 | Serial in=0 | Mealy_Over=0 | Moore_Over=0 | Mealy_Non=0 | Moore_Non=0
Time=260 | Serial in=1 | Mealy_Over=0 | Moore_Over=0 | Mealy_Non=0 | Moore_Non=0
Time=280 | Serial in=0 | Mealy_Over=0 | Moore_Over=0 | Mealy_Non=0 | Moore_Non=0
Time=290 | Serial in=1 | Mealy_Over=0 | Moore_Over=0 | Mealy_Non=0 | Moore_Non=0
Time=310 | Serial in=0 | Mealy_Over=0 | Moore_Over=0 | Mealy_Non=0 | Moore_Non=0
Time=320 | Serial in=1 | Mealy_Over=0 | Moore_Over=0 | Mealy_Non=0 | Moore_Non=0
Time=340 | Serial in=0 | Mealy_Over=0 | Moore_Over=0 | Mealy_Non=0 | Moore_Non=0
Time=350 | Serial in=1 | Mealy_Over=0 | Moore_Over=0 | Mealy_Non=0 | Moore_Non=0
Time=360 | Serial in=0 | Mealy_Over=0 | Moore_Over=0 | Mealy_Non=0 | Moore_Non=0

 Mealy Glitch / Asynchronous Dependence
Time=390 | Serial in=1 | Mealy_Over=0 | Moore_Over=0 | Mealy_Non=0 | Moore_Non=0
Time=410 | Serial in=0 | Mealy_Over=0 | Moore_Over=0 | Mealy_Non=0 | Moore_Non=0
Time=420 | Serial in=1 | Mealy_Over=0 | Moore_Over=0 | Mealy_Non=0 | Moore_Non=0
Time=430 | Serial in=0 | Mealy_Over=0 | Moore_Over=0 | Mealy_Non=0 | Moore_Non=0
Time=432 | Serial in=1 | Mealy_Over=0 | Moore_Over=0 | Mealy_Non=0 | Moore_Non=0
Time=436 | Serial in=0 | Mealy_Over=0 | Moore_Over=0 | Mealy_Non=0 | Moore_Non=0
$stop called at time : 470 ns : File "D:/ECE/FPGA Training NTI/Sequence_detector_overlapping_nonoverlapping/Sequence_detector_overlapping.srcs/sources_1/new/seq_detector_TB.v" Line 162
INFO: [USF-XSim-96] XSim completed. Design snapshot 'seq_detector_TB_behav' loaded.
INFO: [USF-XSim-97] XSim simulation ran for 1000ns
launch_simulation: Time (s): cpu = 00:00:02 ; elapsed = 00:00:07 . Memory (MB): peak = 1738.898 ; gain = 0.000
WARNING: [filemgmt 56-199] Attempt to get parsing info during refresh. "On-the-fly" syntax checking information may be incorrect. [D:\ECE\FPGA Training NTI\Sequence_detector_overlapping_nonoverlapping\Sequence_detector_overlapping.srcs\sources_1\new\nonoverlapping_seq_detector_moore.v:]
WARNING: [filemgmt 56-199] Attempt to get parsing info during refresh. "On-the-fly" syntax checking information may be incorrect. [D:\ECE\FPGA Training NTI\Sequence_detector_overlapping_nonoverlapping\Sequence_detector_overlapping.srcs\sources_1\new\overlapping_seq_detector_moore.v:]
WARNING: [filemgmt 56-199] Attempt to get parsing info during refresh. "On-the-fly" syntax checking information may be incorrect. [D:\ECE\FPGA Training NTI\Sequence_detector_overlapping_nonoverlapping\Sequence_detector_overlapping.srcs\sources_1\new\non_overlapping_seq_detector.v:]
WARNING: [filemgmt 56-199] Attempt to get parsing info during refresh. "On-the-fly" syntax checking information may be incorrect. [D:\ECE\FPGA Training NTI\Sequence_detector_overlapping_nonoverlapping\Sequence_detector_overlapping.srcs\sources_1\new\seq_detector_TB.v:]
WARNING: [filemgmt 56-199] Attempt to get parsing info during refresh. "On-the-fly" syntax checking information may be incorrect. [D:\ECE\FPGA Training NTI\Sequence_detector_overlapping_nonoverlapping\Sequence_detector_overlapping.srcs\sources_1\new\non_overlapping_seq_detector.v:]
WARNING: [filemgmt 56-199] Attempt to get parsing info during refresh. "On-the-fly" syntax checking information may be incorrect. [D:\ECE\FPGA Training NTI\Sequence_detector_overlapping_nonoverlapping\Sequence_detector_overlapping.srcs\sources_1\new\non_overlapping_seq_detector.v:]
WARNING: [filemgmt 56-199] Attempt to get parsing info during refresh. "On-the-fly" syntax checking information may be incorrect. [D:\ECE\FPGA Training NTI\Sequence_detector_overlapping_nonoverlapping\Sequence_detector_overlapping.srcs\sources_1\new\nonoverlapping_seq_detector_moore.v:]
WARNING: [filemgmt 56-199] Attempt to get parsing info during refresh. "On-the-fly" syntax checking information may be incorrect. [D:\ECE\FPGA Training NTI\Sequence_detector_overlapping_nonoverlapping\Sequence_detector_overlapping.srcs\sources_1\new\overlapping_seq_detector_moore.v:]
WARNING: [filemgmt 56-199] Attempt to get parsing info during refresh. "On-the-fly" syntax checking information may be incorrect. [D:\ECE\FPGA Training NTI\Sequence_detector_overlapping_nonoverlapping\Sequence_detector_overlapping.srcs\sources_1\new\non_overlapping_seq_detector.v:]
WARNING: [filemgmt 56-199] Attempt to get parsing info during refresh. "On-the-fly" syntax checking information may be incorrect. [D:\ECE\FPGA Training NTI\Sequence_detector_overlapping_nonoverlapping\Sequence_detector_overlapping.srcs\sources_1\new\seq_detector_TB.v:]
WARNING: [filemgmt 56-199] Attempt to get parsing info during refresh. "On-the-fly" syntax checking information may be incorrect. [D:\ECE\FPGA Training NTI\Sequence_detector_overlapping_nonoverlapping\Sequence_detector_overlapping.srcs\sources_1\new\overlapping_seq_detector_moore.v:]
WARNING: [filemgmt 56-199] Attempt to get parsing info during refresh. "On-the-fly" syntax checking information may be incorrect. [D:\ECE\FPGA Training NTI\Sequence_detector_overlapping_nonoverlapping\Sequence_detector_overlapping.srcs\sources_1\new\overlapping_seq_detector_moore.v:]
WARNING: [filemgmt 56-199] Attempt to get parsing info during refresh. "On-the-fly" syntax checking information may be incorrect. [D:\ECE\FPGA Training NTI\Sequence_detector_overlapping_nonoverlapping\Sequence_detector_overlapping.srcs\sources_1\new\nonoverlapping_seq_detector_moore.v:]
WARNING: [filemgmt 56-199] Attempt to get parsing info during refresh. "On-the-fly" syntax checking information may be incorrect. [D:\ECE\FPGA Training NTI\Sequence_detector_overlapping_nonoverlapping\Sequence_detector_overlapping.srcs\sources_1\new\overlapping_seq_detector_moore.v:]
WARNING: [filemgmt 56-199] Attempt to get parsing info during refresh. "On-the-fly" syntax checking information may be incorrect. [D:\ECE\FPGA Training NTI\Sequence_detector_overlapping_nonoverlapping\Sequence_detector_overlapping.srcs\sources_1\new\non_overlapping_seq_detector.v:]
WARNING: [filemgmt 56-199] Attempt to get parsing info during refresh. "On-the-fly" syntax checking information may be incorrect. [D:\ECE\FPGA Training NTI\Sequence_detector_overlapping_nonoverlapping\Sequence_detector_overlapping.srcs\sources_1\new\seq_detector_TB.v:]
WARNING: [filemgmt 56-199] Attempt to get parsing info during refresh. "On-the-fly" syntax checking information may be incorrect. [D:\ECE\FPGA Training NTI\Sequence_detector_overlapping_nonoverlapping\Sequence_detector_overlapping.srcs\sources_1\new\seq_detector_TB.v:]
WARNING: [filemgmt 56-199] Attempt to get parsing info during refresh. "On-the-fly" syntax checking information may be incorrect. [D:\ECE\FPGA Training NTI\Sequence_detector_overlapping_nonoverlapping\Sequence_detector_overlapping.srcs\sources_1\new\seq_detector_TB.v:]
ERROR: [Common 17-180] Spawn failed: The operation completed successfully.

close_sim
INFO: [Simtcl 6-16] Simulation closed
launch_simulation
Command: launch_simulation 
INFO: [Vivado 12-12493] Simulation top is 'seq_detector_TB'
INFO: [Vivado 12-5682] Launching behavioral simulation in 'D:/ECE/FPGA Training NTI/Sequence_detector_overlapping_nonoverlapping/Sequence_detector_overlapping.sim/sim_1/behav/xsim'
INFO: [SIM-utils-51] Simulation object is 'sim_1'
INFO: [SIM-utils-72] Using boost library from 'C:/Xilinx/2025.1/Vivado/tps/boost_1_72_0'
INFO: [SIM-utils-54] Inspecting design source files for 'seq_detector_TB' in fileset 'sim_1'...
INFO: [USF-XSim-97] Finding global include files...
INFO: [USF-XSim-98] Fetching design files from 'sim_1'...
INFO: [USF-XSim-2] XSim::Compile design
INFO: [USF-XSim-61] Executing 'COMPILE and ANALYZE' step in 'D:/ECE/FPGA Training NTI/Sequence_detector_overlapping_nonoverlapping/Sequence_detector_overlapping.sim/sim_1/behav/xsim'
"xvlog --incr --relax -prj seq_detector_TB_vlog.prj"
INFO: [VRFC 10-2263] Analyzing Verilog file "D:/ECE/FPGA Training NTI/Sequence_detector_overlapping_nonoverlapping/Sequence_detector_overlapping.srcs/sources_1/new/non_overlapping_seq_detector.v" into library xil_defaultlib
INFO: [VRFC 10-311] analyzing module non_overlapping_seq_detector_mealy
INFO: [VRFC 10-2263] Analyzing Verilog file "D:/ECE/FPGA Training NTI/Sequence_detector_overlapping_nonoverlapping/Sequence_detector_overlapping.srcs/sources_1/new/nonoverlapping_seq_detector_moore.v" into library xil_defaultlib
INFO: [VRFC 10-311] analyzing module nonoverlapping_seq_detector_moore
INFO: [VRFC 10-2263] Analyzing Verilog file "D:/ECE/FPGA Training NTI/Sequence_detector_overlapping_nonoverlapping/Sequence_detector_overlapping.srcs/sources_1/new/overlapping_seq_detector.v" into library xil_defaultlib
INFO: [VRFC 10-311] analyzing module overlapping_seq_detector_mealy
INFO: [VRFC 10-2263] Analyzing Verilog file "D:/ECE/FPGA Training NTI/Sequence_detector_overlapping_nonoverlapping/Sequence_detector_overlapping.srcs/sources_1/new/overlapping_seq_detector_moore.v" into library xil_defaultlib
INFO: [VRFC 10-311] analyzing module overlapping_seq_detector_moore
INFO: [VRFC 10-2263] Analyzing Verilog file "D:/ECE/FPGA Training NTI/Sequence_detector_overlapping_nonoverlapping/Sequence_detector_overlapping.srcs/sources_1/new/seq_detector_TB.v" into library xil_defaultlib
INFO: [VRFC 10-311] analyzing module seq_detector_TB
INFO: [USF-XSim-69] 'compile' step finished in '2' seconds
INFO: [USF-XSim-3] XSim::Elaborate design
INFO: [USF-XSim-61] Executing 'ELABORATE' step in 'D:/ECE/FPGA Training NTI/Sequence_detector_overlapping_nonoverlapping/Sequence_detector_overlapping.sim/sim_1/behav/xsim'
"xelab --incr --debug typical --relax --mt 2 -L xil_defaultlib -L unisims_ver -L unimacro_ver -L secureip --snapshot seq_detector_TB_behav xil_defaultlib.seq_detector_TB xil_defaultlib.glbl -log elaborate.log"
Vivado Simulator v2025.1.0
Copyright 1986-2022 Xilinx, Inc. All Rights Reserved.
Copyright 2022-2025 Advanced Micro Devices, Inc. All Rights Reserved.
Running: C:/Xilinx/2025.1/Vivado/bin/unwrapped/win64.o/xelab.exe --incr --debug typical --relax --mt 2 -L xil_defaultlib -L unisims_ver -L unimacro_ver -L secureip --snapshot seq_detector_TB_behav xil_defaultlib.seq_detector_TB xil_defaultlib.glbl -log elaborate.log 
Using 2 slave threads.
Starting static elaboration
Pass Through NonSizing Optimizer
Completed static elaboration
Starting simulation data flow analysis
Completed simulation data flow analysis
Time Resolution for simulation is 1ps
Compiling module xil_defaultlib.overlapping_seq_detector_mealy
Compiling module xil_defaultlib.non_overlapping_seq_detector_mea...
Compiling module xil_defaultlib.overlapping_seq_detector_moore
Compiling module xil_defaultlib.nonoverlapping_seq_detector_moor...
Compiling module xil_defaultlib.seq_detector_TB
Compiling module xil_defaultlib.glbl
Built simulation snapshot seq_detector_TB_behav
INFO: [USF-XSim-69] 'elaborate' step finished in '2' seconds
INFO: [USF-XSim-4] XSim::Simulate design
INFO: [USF-XSim-61] Executing 'SIMULATE' step in 'D:/ECE/FPGA Training NTI/Sequence_detector_overlapping_nonoverlapping/Sequence_detector_overlapping.sim/sim_1/behav/xsim'
INFO: [USF-XSim-98] *** Running xsim
   with args "seq_detector_TB_behav -key {Behavioral:sim_1:Functional:seq_detector_TB} -tclbatch {seq_detector_TB.tcl} -log {simulate.log}"
INFO: [USF-XSim-8] Loading simulator feature
Time resolution is 1 ps
source seq_detector_TB.tcl
# set curr_wave [current_wave_config]
# if { [string length $curr_wave] == 0 } {
#   if { [llength [get_objects]] > 0} {
#     add_wave /
#     set_property needs_save false [current_wave_config]
#   } else {
#      send_msg_id Add_Wave-1 WARNING "No top level signals found. Simulator will start without a wave window. If you want to open a wave window go to 'File->New Waveform Configuration' or type 'create_wave_config' in the TCL console."
#   }
# }
# run 1000ns
1. DETECTION TEST 

Time=20 | Serial in=0 | Mealy_Over=0 | Moore_Over=0 | Mealy_Non=0 | Moore_Non=0
Time=30 | Serial in=1 | Mealy_Over=0 | Moore_Over=0 | Mealy_Non=0 | Moore_Non=0
Time=50 | Serial in=0 | Mealy_Over=0 | Moore_Over=0 | Mealy_Non=0 | Moore_Non=0
Time=60 | Serial in=1 | Mealy_Over=0 | Moore_Over=0 | Mealy_Non=0 | Moore_Non=0
Time=70 | Serial in=0 | Mealy_Over=0 | Moore_Over=0 | Mealy_Non=0 | Moore_Non=0
Time=80 | Serial in=1 | Mealy_Over=1 | Moore_Over=0 | Mealy_Non=1 | Moore_Non=0
Detection Success , Overlapping detector With mealy PASSED 

Detection Success , Non-Overlapping detector With mealy PASSED 

Time=85 | Serial in=1 | Mealy_Over=0 | Moore_Over=1 | Mealy_Non=0 | Moore_Non=1
Detection Success , Overlapping detector With Moore PASSED 
 
Detection Success , Non-Overlapping detector With Moore PASSED 

Time=95 | Serial in=1 | Mealy_Over=0 | Moore_Over=0 | Mealy_Non=0 | Moore_Non=0
Time=110 | Serial in=0 | Mealy_Over=0 | Moore_Over=0 | Mealy_Non=0 | Moore_Non=0
Time=120 | Serial in=1 | Mealy_Over=0 | Moore_Over=0 | Mealy_Non=0 | Moore_Non=0
Time=130 | Serial in=0 | Mealy_Over=0 | Moore_Over=0 | Mealy_Non=0 | Moore_Non=0
2. Overlapping DETECTION TEST 

Detection Failed , Overlapping detector With mealy Failed 

Detection Failed , Overlapping detector With Moore Failed 

Detection Failed , Non-Overlapping detector With mealy PASSED 

Detection Failed , Non-Overlapping detector With Moore PASSED 

Time=140 | Serial in=1 | Mealy_Over=0 | Moore_Over=0 | Mealy_Non=0 | Moore_Non=0
 Corner Case Test using Stream of bits
Time=190 | Serial in=0 | Mealy_Over=0 | Moore_Over=0 | Mealy_Non=0 | Moore_Non=0
Time=200 | Serial in=1 | Mealy_Over=0 | Moore_Over=0 | Mealy_Non=0 | Moore_Non=0
Time=220 | Serial in=0 | Mealy_Over=0 | Moore_Over=0 | Mealy_Non=0 | Moore_Non=0
Time=230 | Serial in=1 | Mealy_Over=0 | Moore_Over=0 | Mealy_Non=0 | Moore_Non=0
Time=250 | Serial in=0 | Mealy_Over=0 | Moore_Over=0 | Mealy_Non=0 | Moore_Non=0
Time=260 | Serial in=1 | Mealy_Over=0 | Moore_Over=0 | Mealy_Non=0 | Moore_Non=0
Time=280 | Serial in=0 | Mealy_Over=0 | Moore_Over=0 | Mealy_Non=0 | Moore_Non=0
Time=290 | Serial in=1 | Mealy_Over=0 | Moore_Over=0 | Mealy_Non=0 | Moore_Non=0
Time=310 | Serial in=0 | Mealy_Over=0 | Moore_Over=0 | Mealy_Non=0 | Moore_Non=0
Time=320 | Serial in=1 | Mealy_Over=0 | Moore_Over=0 | Mealy_Non=0 | Moore_Non=0
Time=340 | Serial in=0 | Mealy_Over=0 | Moore_Over=0 | Mealy_Non=0 | Moore_Non=0
Time=350 | Serial in=1 | Mealy_Over=0 | Moore_Over=0 | Mealy_Non=0 | Moore_Non=0
Time=360 | Serial in=0 | Mealy_Over=0 | Moore_Over=0 | Mealy_Non=0 | Moore_Non=0

 Mealy Glitch / Asynchronous Dependence
Time=390 | Serial in=1 | Mealy_Over=0 | Moore_Over=0 | Mealy_Non=0 | Moore_Non=0
Time=410 | Serial in=0 | Mealy_Over=0 | Moore_Over=0 | Mealy_Non=0 | Moore_Non=0
Time=420 | Serial in=1 | Mealy_Over=0 | Moore_Over=0 | Mealy_Non=0 | Moore_Non=0
Time=430 | Serial in=0 | Mealy_Over=0 | Moore_Over=0 | Mealy_Non=0 | Moore_Non=0
Time=432 | Serial in=1 | Mealy_Over=0 | Moore_Over=0 | Mealy_Non=0 | Moore_Non=0
Time=436 | Serial in=0 | Mealy_Over=0 | Moore_Over=0 | Mealy_Non=0 | Moore_Non=0
$stop called at time : 470 ns : File "D:/ECE/FPGA Training NTI/Sequence_detector_overlapping_nonoverlapping/Sequence_detector_overlapping.srcs/sources_1/new/seq_detector_TB.v" Line 162
INFO: [USF-XSim-96] XSim completed. Design snapshot 'seq_detector_TB_behav' loaded.
INFO: [USF-XSim-97] XSim simulation ran for 1000ns
launch_simulation: Time (s): cpu = 00:00:03 ; elapsed = 00:00:07 . Memory (MB): peak = 1738.898 ; gain = 0.000
close_sim
WARNING: [filemgmt 56-199] Attempt to get parsing info during refresh. "On-the-fly" syntax checking information may be incorrect. [D:\ECE\FPGA Training NTI\Sequence_detector_overlapping_nonoverlapping\Sequence_detector_overlapping.srcs\sources_1\new\nonoverlapping_seq_detector_moore.v:]
WARNING: [filemgmt 56-199] Attempt to get parsing info during refresh. "On-the-fly" syntax checking information may be incorrect. [D:\ECE\FPGA Training NTI\Sequence_detector_overlapping_nonoverlapping\Sequence_detector_overlapping.srcs\sources_1\new\overlapping_seq_detector_moore.v:]
WARNING: [filemgmt 56-199] Attempt to get parsing info during refresh. "On-the-fly" syntax checking information may be incorrect. [D:\ECE\FPGA Training NTI\Sequence_detector_overlapping_nonoverlapping\Sequence_detector_overlapping.srcs\sources_1\new\non_overlapping_seq_detector.v:]
WARNING: [filemgmt 56-199] Attempt to get parsing info during refresh. "On-the-fly" syntax checking information may be incorrect. [D:\ECE\FPGA Training NTI\Sequence_detector_overlapping_nonoverlapping\Sequence_detector_overlapping.srcs\sources_1\new\seq_detector_TB.v:]
WARNING: [filemgmt 56-199] Attempt to get parsing info during refresh. "On-the-fly" syntax checking information may be incorrect. [D:\ECE\FPGA Training NTI\Sequence_detector_overlapping_nonoverlapping\Sequence_detector_overlapping.srcs\sources_1\new\nonoverlapping_seq_detector_moore.v:]
WARNING: [filemgmt 56-199] Attempt to get parsing info during refresh. "On-the-fly" syntax checking information may be incorrect. [D:\ECE\FPGA Training NTI\Sequence_detector_overlapping_nonoverlapping\Sequence_detector_overlapping.srcs\sources_1\new\nonoverlapping_seq_detector_moore.v:]
WARNING: [filemgmt 56-199] Attempt to get parsing info during refresh. "On-the-fly" syntax checking information may be incorrect. [D:\ECE\FPGA Training NTI\Sequence_detector_overlapping_nonoverlapping\Sequence_detector_overlapping.srcs\sources_1\new\nonoverlapping_seq_detector_moore.v:]
WARNING: [filemgmt 56-199] Attempt to get parsing info during refresh. "On-the-fly" syntax checking information may be incorrect. [D:\ECE\FPGA Training NTI\Sequence_detector_overlapping_nonoverlapping\Sequence_detector_overlapping.srcs\sources_1\new\overlapping_seq_detector_moore.v:]
WARNING: [filemgmt 56-199] Attempt to get parsing info during refresh. "On-the-fly" syntax checking information may be incorrect. [D:\ECE\FPGA Training NTI\Sequence_detector_overlapping_nonoverlapping\Sequence_detector_overlapping.srcs\sources_1\new\non_overlapping_seq_detector.v:]
WARNING: [filemgmt 56-199] Attempt to get parsing info during refresh. "On-the-fly" syntax checking information may be incorrect. [D:\ECE\FPGA Training NTI\Sequence_detector_overlapping_nonoverlapping\Sequence_detector_overlapping.srcs\sources_1\new\seq_detector_TB.v:]
WARNING: [filemgmt 56-199] Attempt to get parsing info during refresh. "On-the-fly" syntax checking information may be incorrect. [D:\ECE\FPGA Training NTI\Sequence_detector_overlapping_nonoverlapping\Sequence_detector_overlapping.srcs\sources_1\new\overlapping_seq_detector_moore.v:]
WARNING: [filemgmt 56-199] Attempt to get parsing info during refresh. "On-the-fly" syntax checking information may be incorrect. [D:\ECE\FPGA Training NTI\Sequence_detector_overlapping_nonoverlapping\Sequence_detector_overlapping.srcs\sources_1\new\overlapping_seq_detector_moore.v:]
WARNING: [filemgmt 56-199] Attempt to get parsing info during refresh. "On-the-fly" syntax checking information may be incorrect. [D:\ECE\FPGA Training NTI\Sequence_detector_overlapping_nonoverlapping\Sequence_detector_overlapping.srcs\sources_1\new\nonoverlapping_seq_detector_moore.v:]
WARNING: [filemgmt 56-199] Attempt to get parsing info during refresh. "On-the-fly" syntax checking information may be incorrect. [D:\ECE\FPGA Training NTI\Sequence_detector_overlapping_nonoverlapping\Sequence_detector_overlapping.srcs\sources_1\new\overlapping_seq_detector_moore.v:]
WARNING: [filemgmt 56-199] Attempt to get parsing info during refresh. "On-the-fly" syntax checking information may be incorrect. [D:\ECE\FPGA Training NTI\Sequence_detector_overlapping_nonoverlapping\Sequence_detector_overlapping.srcs\sources_1\new\non_overlapping_seq_detector.v:]
WARNING: [filemgmt 56-199] Attempt to get parsing info during refresh. "On-the-fly" syntax checking information may be incorrect. [D:\ECE\FPGA Training NTI\Sequence_detector_overlapping_nonoverlapping\Sequence_detector_overlapping.srcs\sources_1\new\seq_detector_TB.v:]
WARNING: [filemgmt 56-199] Attempt to get parsing info during refresh. "On-the-fly" syntax checking information may be incorrect. [D:\ECE\FPGA Training NTI\Sequence_detector_overlapping_nonoverlapping\Sequence_detector_overlapping.srcs\sources_1\new\seq_detector_TB.v:]
WARNING: [filemgmt 56-199] Attempt to get parsing info during refresh. "On-the-fly" syntax checking information may be incorrect. [D:\ECE\FPGA Training NTI\Sequence_detector_overlapping_nonoverlapping\Sequence_detector_overlapping.srcs\sources_1\new\seq_detector_TB.v:]
INFO: [Simtcl 6-16] Simulation closed
ERROR: [Common 17-180] Spawn failed: The operation completed successfully.

launch_simulation
Command: launch_simulation 
INFO: [Vivado 12-12493] Simulation top is 'seq_detector_TB'
INFO: [Vivado 12-5682] Launching behavioral simulation in 'D:/ECE/FPGA Training NTI/Sequence_detector_overlapping_nonoverlapping/Sequence_detector_overlapping.sim/sim_1/behav/xsim'
INFO: [SIM-utils-51] Simulation object is 'sim_1'
INFO: [SIM-utils-72] Using boost library from 'C:/Xilinx/2025.1/Vivado/tps/boost_1_72_0'
INFO: [SIM-utils-54] Inspecting design source files for 'seq_detector_TB' in fileset 'sim_1'...
INFO: [USF-XSim-97] Finding global include files...
INFO: [USF-XSim-98] Fetching design files from 'sim_1'...
INFO: [USF-XSim-2] XSim::Compile design
INFO: [USF-XSim-61] Executing 'COMPILE and ANALYZE' step in 'D:/ECE/FPGA Training NTI/Sequence_detector_overlapping_nonoverlapping/Sequence_detector_overlapping.sim/sim_1/behav/xsim'
"xvlog --incr --relax -prj seq_detector_TB_vlog.prj"
INFO: [VRFC 10-2263] Analyzing Verilog file "D:/ECE/FPGA Training NTI/Sequence_detector_overlapping_nonoverlapping/Sequence_detector_overlapping.srcs/sources_1/new/non_overlapping_seq_detector.v" into library xil_defaultlib
INFO: [VRFC 10-311] analyzing module non_overlapping_seq_detector_mealy
INFO: [VRFC 10-2263] Analyzing Verilog file "D:/ECE/FPGA Training NTI/Sequence_detector_overlapping_nonoverlapping/Sequence_detector_overlapping.srcs/sources_1/new/nonoverlapping_seq_detector_moore.v" into library xil_defaultlib
INFO: [VRFC 10-311] analyzing module nonoverlapping_seq_detector_moore
INFO: [VRFC 10-2263] Analyzing Verilog file "D:/ECE/FPGA Training NTI/Sequence_detector_overlapping_nonoverlapping/Sequence_detector_overlapping.srcs/sources_1/new/overlapping_seq_detector.v" into library xil_defaultlib
INFO: [VRFC 10-311] analyzing module overlapping_seq_detector_mealy
INFO: [VRFC 10-2263] Analyzing Verilog file "D:/ECE/FPGA Training NTI/Sequence_detector_overlapping_nonoverlapping/Sequence_detector_overlapping.srcs/sources_1/new/overlapping_seq_detector_moore.v" into library xil_defaultlib
INFO: [VRFC 10-311] analyzing module overlapping_seq_detector_moore
INFO: [VRFC 10-2263] Analyzing Verilog file "D:/ECE/FPGA Training NTI/Sequence_detector_overlapping_nonoverlapping/Sequence_detector_overlapping.srcs/sources_1/new/seq_detector_TB.v" into library xil_defaultlib
INFO: [VRFC 10-311] analyzing module seq_detector_TB
INFO: [USF-XSim-69] 'compile' step finished in '2' seconds
INFO: [USF-XSim-3] XSim::Elaborate design
INFO: [USF-XSim-61] Executing 'ELABORATE' step in 'D:/ECE/FPGA Training NTI/Sequence_detector_overlapping_nonoverlapping/Sequence_detector_overlapping.sim/sim_1/behav/xsim'
"xelab --incr --debug typical --relax --mt 2 -L xil_defaultlib -L unisims_ver -L unimacro_ver -L secureip --snapshot seq_detector_TB_behav xil_defaultlib.seq_detector_TB xil_defaultlib.glbl -log elaborate.log"
Vivado Simulator v2025.1.0
Copyright 1986-2022 Xilinx, Inc. All Rights Reserved.
Copyright 2022-2025 Advanced Micro Devices, Inc. All Rights Reserved.
Running: C:/Xilinx/2025.1/Vivado/bin/unwrapped/win64.o/xelab.exe --incr --debug typical --relax --mt 2 -L xil_defaultlib -L unisims_ver -L unimacro_ver -L secureip --snapshot seq_detector_TB_behav xil_defaultlib.seq_detector_TB xil_defaultlib.glbl -log elaborate.log 
Using 2 slave threads.
Starting static elaboration
Pass Through NonSizing Optimizer
Completed static elaboration
Starting simulation data flow analysis
Completed simulation data flow analysis
Time Resolution for simulation is 1ps
Compiling module xil_defaultlib.overlapping_seq_detector_mealy
Compiling module xil_defaultlib.non_overlapping_seq_detector_mea...
Compiling module xil_defaultlib.overlapping_seq_detector_moore
Compiling module xil_defaultlib.nonoverlapping_seq_detector_moor...
Compiling module xil_defaultlib.seq_detector_TB
Compiling module xil_defaultlib.glbl
Built simulation snapshot seq_detector_TB_behav
INFO: [USF-XSim-69] 'elaborate' step finished in '2' seconds
INFO: [USF-XSim-4] XSim::Simulate design
INFO: [USF-XSim-61] Executing 'SIMULATE' step in 'D:/ECE/FPGA Training NTI/Sequence_detector_overlapping_nonoverlapping/Sequence_detector_overlapping.sim/sim_1/behav/xsim'
INFO: [USF-XSim-98] *** Running xsim
   with args "seq_detector_TB_behav -key {Behavioral:sim_1:Functional:seq_detector_TB} -tclbatch {seq_detector_TB.tcl} -log {simulate.log}"
INFO: [USF-XSim-8] Loading simulator feature
Time resolution is 1 ps
source seq_detector_TB.tcl
# set curr_wave [current_wave_config]
# if { [string length $curr_wave] == 0 } {
#   if { [llength [get_objects]] > 0} {
#     add_wave /
#     set_property needs_save false [current_wave_config]
#   } else {
#      send_msg_id Add_Wave-1 WARNING "No top level signals found. Simulator will start without a wave window. If you want to open a wave window go to 'File->New Waveform Configuration' or type 'create_wave_config' in the TCL console."
#   }
# }
# run 1000ns
1. DETECTION TEST 

Time=20 | Serial in=0 | Mealy_Over=0 | Moore_Over=0 | Mealy_Non=0 | Moore_Non=0
Time=30 | Serial in=1 | Mealy_Over=0 | Moore_Over=0 | Mealy_Non=0 | Moore_Non=0
Time=50 | Serial in=0 | Mealy_Over=0 | Moore_Over=0 | Mealy_Non=0 | Moore_Non=0
Time=60 | Serial in=1 | Mealy_Over=0 | Moore_Over=0 | Mealy_Non=0 | Moore_Non=0
Time=70 | Serial in=0 | Mealy_Over=0 | Moore_Over=0 | Mealy_Non=0 | Moore_Non=0
Time=80 | Serial in=1 | Mealy_Over=1 | Moore_Over=0 | Mealy_Non=1 | Moore_Non=0
Detection Success , Overlapping detector With mealy PASSED 

Detection Success , Non-Overlapping detector With mealy PASSED 

Time=85 | Serial in=1 | Mealy_Over=0 | Moore_Over=1 | Mealy_Non=0 | Moore_Non=1
Detection Success , Overlapping detector With Moore PASSED 
 
Detection Success , Non-Overlapping detector With Moore PASSED 

2. Overlapping DETECTION TEST 

Time=95 | Serial in=1 | Mealy_Over=0 | Moore_Over=0 | Mealy_Non=0 | Moore_Non=0
Time=110 | Serial in=0 | Mealy_Over=0 | Moore_Over=0 | Mealy_Non=0 | Moore_Non=0
Time=120 | Serial in=1 | Mealy_Over=0 | Moore_Over=0 | Mealy_Non=0 | Moore_Non=0
Time=130 | Serial in=0 | Mealy_Over=0 | Moore_Over=0 | Mealy_Non=0 | Moore_Non=0
Time=140 | Serial in=1 | Mealy_Over=1 | Moore_Over=0 | Mealy_Non=1 | Moore_Non=0
Detection Success , Overlapping detector With mealy PASSED 

Detection Success , Non-Overlapping detector With mealy Failed 

Time=145 | Serial in=1 | Mealy_Over=0 | Moore_Over=1 | Mealy_Non=0 | Moore_Non=1
Detection Success , Overlapping detector With Moore PASSED 
 
Detection Success , Non-Overlapping detector With Moore Failed 

Time=150 | Serial in=1 | Mealy_Over=0 | Moore_Over=0 | Mealy_Non=0 | Moore_Non=0
 Corner Case Test using Stream of bits
Time=200 | Serial in=0 | Mealy_Over=0 | Moore_Over=0 | Mealy_Non=0 | Moore_Non=0
Time=210 | Serial in=1 | Mealy_Over=0 | Moore_Over=0 | Mealy_Non=0 | Moore_Non=0
Time=230 | Serial in=0 | Mealy_Over=0 | Moore_Over=0 | Mealy_Non=0 | Moore_Non=0
Time=240 | Serial in=1 | Mealy_Over=0 | Moore_Over=0 | Mealy_Non=0 | Moore_Non=0
Time=260 | Serial in=0 | Mealy_Over=0 | Moore_Over=0 | Mealy_Non=0 | Moore_Non=0
Time=270 | Serial in=1 | Mealy_Over=0 | Moore_Over=0 | Mealy_Non=0 | Moore_Non=0
Time=290 | Serial in=0 | Mealy_Over=0 | Moore_Over=0 | Mealy_Non=0 | Moore_Non=0
Time=300 | Serial in=1 | Mealy_Over=0 | Moore_Over=0 | Mealy_Non=0 | Moore_Non=0
Time=320 | Serial in=0 | Mealy_Over=0 | Moore_Over=0 | Mealy_Non=0 | Moore_Non=0
Time=330 | Serial in=1 | Mealy_Over=0 | Moore_Over=0 | Mealy_Non=0 | Moore_Non=0
Time=350 | Serial in=0 | Mealy_Over=0 | Moore_Over=0 | Mealy_Non=0 | Moore_Non=0
Time=360 | Serial in=1 | Mealy_Over=0 | Moore_Over=0 | Mealy_Non=0 | Moore_Non=0
Time=370 | Serial in=0 | Mealy_Over=0 | Moore_Over=0 | Mealy_Non=0 | Moore_Non=0

 Mealy Glitch / Asynchronous Dependence
Time=400 | Serial in=1 | Mealy_Over=0 | Moore_Over=0 | Mealy_Non=0 | Moore_Non=0
Time=420 | Serial in=0 | Mealy_Over=0 | Moore_Over=0 | Mealy_Non=0 | Moore_Non=0
Time=430 | Serial in=1 | Mealy_Over=0 | Moore_Over=0 | Mealy_Non=0 | Moore_Non=0
Time=440 | Serial in=0 | Mealy_Over=0 | Moore_Over=0 | Mealy_Non=0 | Moore_Non=0
Time=442 | Serial in=1 | Mealy_Over=0 | Moore_Over=0 | Mealy_Non=0 | Moore_Non=0
Time=446 | Serial in=0 | Mealy_Over=0 | Moore_Over=0 | Mealy_Non=0 | Moore_Non=0
$stop called at time : 480 ns : File "D:/ECE/FPGA Training NTI/Sequence_detector_overlapping_nonoverlapping/Sequence_detector_overlapping.srcs/sources_1/new/seq_detector_TB.v" Line 165
INFO: [USF-XSim-96] XSim completed. Design snapshot 'seq_detector_TB_behav' loaded.
INFO: [USF-XSim-97] XSim simulation ran for 1000ns
launch_simulation: Time (s): cpu = 00:00:03 ; elapsed = 00:00:08 . Memory (MB): peak = 1738.898 ; gain = 0.000
WARNING: [filemgmt 56-199] Attempt to get parsing info during refresh. "On-the-fly" syntax checking information may be incorrect. [D:\ECE\FPGA Training NTI\Sequence_detector_overlapping_nonoverlapping\Sequence_detector_overlapping.srcs\sources_1\new\nonoverlapping_seq_detector_moore.v:]
WARNING: [filemgmt 56-199] Attempt to get parsing info during refresh. "On-the-fly" syntax checking information may be incorrect. [D:\ECE\FPGA Training NTI\Sequence_detector_overlapping_nonoverlapping\Sequence_detector_overlapping.srcs\sources_1\new\overlapping_seq_detector_moore.v:]
WARNING: [filemgmt 56-199] Attempt to get parsing info during refresh. "On-the-fly" syntax checking information may be incorrect. [D:\ECE\FPGA Training NTI\Sequence_detector_overlapping_nonoverlapping\Sequence_detector_overlapping.srcs\sources_1\new\non_overlapping_seq_detector.v:]
WARNING: [filemgmt 56-199] Attempt to get parsing info during refresh. "On-the-fly" syntax checking information may be incorrect. [D:\ECE\FPGA Training NTI\Sequence_detector_overlapping_nonoverlapping\Sequence_detector_overlapping.srcs\sources_1\new\seq_detector_TB.v:]
WARNING: [filemgmt 56-199] Attempt to get parsing info during refresh. "On-the-fly" syntax checking information may be incorrect. [D:\ECE\FPGA Training NTI\Sequence_detector_overlapping_nonoverlapping\Sequence_detector_overlapping.srcs\sources_1\new\nonoverlapping_seq_detector_moore.v:]
WARNING: [filemgmt 56-199] Attempt to get parsing info during refresh. "On-the-fly" syntax checking information may be incorrect. [D:\ECE\FPGA Training NTI\Sequence_detector_overlapping_nonoverlapping\Sequence_detector_overlapping.srcs\sources_1\new\nonoverlapping_seq_detector_moore.v:]
WARNING: [filemgmt 56-199] Attempt to get parsing info during refresh. "On-the-fly" syntax checking information may be incorrect. [D:\ECE\FPGA Training NTI\Sequence_detector_overlapping_nonoverlapping\Sequence_detector_overlapping.srcs\sources_1\new\nonoverlapping_seq_detector_moore.v:]
WARNING: [filemgmt 56-199] Attempt to get parsing info during refresh. "On-the-fly" syntax checking information may be incorrect. [D:\ECE\FPGA Training NTI\Sequence_detector_overlapping_nonoverlapping\Sequence_detector_overlapping.srcs\sources_1\new\overlapping_seq_detector_moore.v:]
WARNING: [filemgmt 56-199] Attempt to get parsing info during refresh. "On-the-fly" syntax checking information may be incorrect. [D:\ECE\FPGA Training NTI\Sequence_detector_overlapping_nonoverlapping\Sequence_detector_overlapping.srcs\sources_1\new\non_overlapping_seq_detector.v:]
WARNING: [filemgmt 56-199] Attempt to get parsing info during refresh. "On-the-fly" syntax checking information may be incorrect. [D:\ECE\FPGA Training NTI\Sequence_detector_overlapping_nonoverlapping\Sequence_detector_overlapping.srcs\sources_1\new\seq_detector_TB.v:]
WARNING: [filemgmt 56-199] Attempt to get parsing info during refresh. "On-the-fly" syntax checking information may be incorrect. [D:\ECE\FPGA Training NTI\Sequence_detector_overlapping_nonoverlapping\Sequence_detector_overlapping.srcs\sources_1\new\overlapping_seq_detector_moore.v:]
WARNING: [filemgmt 56-199] Attempt to get parsing info during refresh. "On-the-fly" syntax checking information may be incorrect. [D:\ECE\FPGA Training NTI\Sequence_detector_overlapping_nonoverlapping\Sequence_detector_overlapping.srcs\sources_1\new\overlapping_seq_detector_moore.v:]
WARNING: [filemgmt 56-199] Attempt to get parsing info during refresh. "On-the-fly" syntax checking information may be incorrect. [D:\ECE\FPGA Training NTI\Sequence_detector_overlapping_nonoverlapping\Sequence_detector_overlapping.srcs\sources_1\new\nonoverlapping_seq_detector_moore.v:]
WARNING: [filemgmt 56-199] Attempt to get parsing info during refresh. "On-the-fly" syntax checking information may be incorrect. [D:\ECE\FPGA Training NTI\Sequence_detector_overlapping_nonoverlapping\Sequence_detector_overlapping.srcs\sources_1\new\overlapping_seq_detector_moore.v:]
WARNING: [filemgmt 56-199] Attempt to get parsing info during refresh. "On-the-fly" syntax checking information may be incorrect. [D:\ECE\FPGA Training NTI\Sequence_detector_overlapping_nonoverlapping\Sequence_detector_overlapping.srcs\sources_1\new\non_overlapping_seq_detector.v:]
WARNING: [filemgmt 56-199] Attempt to get parsing info during refresh. "On-the-fly" syntax checking information may be incorrect. [D:\ECE\FPGA Training NTI\Sequence_detector_overlapping_nonoverlapping\Sequence_detector_overlapping.srcs\sources_1\new\seq_detector_TB.v:]
WARNING: [filemgmt 56-199] Attempt to get parsing info during refresh. "On-the-fly" syntax checking information may be incorrect. [D:\ECE\FPGA Training NTI\Sequence_detector_overlapping_nonoverlapping\Sequence_detector_overlapping.srcs\sources_1\new\seq_detector_TB.v:]
WARNING: [filemgmt 56-199] Attempt to get parsing info during refresh. "On-the-fly" syntax checking information may be incorrect. [D:\ECE\FPGA Training NTI\Sequence_detector_overlapping_nonoverlapping\Sequence_detector_overlapping.srcs\sources_1\new\seq_detector_TB.v:]
ERROR: [Common 17-180] Spawn failed: The operation completed successfully.

close_sim
INFO: [Simtcl 6-16] Simulation closed
launch_simulation
Command: launch_simulation 
INFO: [Vivado 12-12493] Simulation top is 'seq_detector_TB'
INFO: [Vivado 12-5682] Launching behavioral simulation in 'D:/ECE/FPGA Training NTI/Sequence_detector_overlapping_nonoverlapping/Sequence_detector_overlapping.sim/sim_1/behav/xsim'
INFO: [SIM-utils-51] Simulation object is 'sim_1'
INFO: [SIM-utils-72] Using boost library from 'C:/Xilinx/2025.1/Vivado/tps/boost_1_72_0'
INFO: [SIM-utils-54] Inspecting design source files for 'seq_detector_TB' in fileset 'sim_1'...
INFO: [USF-XSim-97] Finding global include files...
INFO: [USF-XSim-98] Fetching design files from 'sim_1'...
INFO: [USF-XSim-2] XSim::Compile design
INFO: [USF-XSim-61] Executing 'COMPILE and ANALYZE' step in 'D:/ECE/FPGA Training NTI/Sequence_detector_overlapping_nonoverlapping/Sequence_detector_overlapping.sim/sim_1/behav/xsim'
"xvlog --incr --relax -prj seq_detector_TB_vlog.prj"
INFO: [VRFC 10-2263] Analyzing Verilog file "D:/ECE/FPGA Training NTI/Sequence_detector_overlapping_nonoverlapping/Sequence_detector_overlapping.srcs/sources_1/new/non_overlapping_seq_detector.v" into library xil_defaultlib
INFO: [VRFC 10-311] analyzing module non_overlapping_seq_detector_mealy
INFO: [VRFC 10-2263] Analyzing Verilog file "D:/ECE/FPGA Training NTI/Sequence_detector_overlapping_nonoverlapping/Sequence_detector_overlapping.srcs/sources_1/new/nonoverlapping_seq_detector_moore.v" into library xil_defaultlib
INFO: [VRFC 10-311] analyzing module nonoverlapping_seq_detector_moore
INFO: [VRFC 10-2263] Analyzing Verilog file "D:/ECE/FPGA Training NTI/Sequence_detector_overlapping_nonoverlapping/Sequence_detector_overlapping.srcs/sources_1/new/overlapping_seq_detector.v" into library xil_defaultlib
INFO: [VRFC 10-311] analyzing module overlapping_seq_detector_mealy
INFO: [VRFC 10-2263] Analyzing Verilog file "D:/ECE/FPGA Training NTI/Sequence_detector_overlapping_nonoverlapping/Sequence_detector_overlapping.srcs/sources_1/new/overlapping_seq_detector_moore.v" into library xil_defaultlib
INFO: [VRFC 10-311] analyzing module overlapping_seq_detector_moore
INFO: [VRFC 10-2263] Analyzing Verilog file "D:/ECE/FPGA Training NTI/Sequence_detector_overlapping_nonoverlapping/Sequence_detector_overlapping.srcs/sources_1/new/seq_detector_TB.v" into library xil_defaultlib
INFO: [VRFC 10-311] analyzing module seq_detector_TB
INFO: [USF-XSim-69] 'compile' step finished in '2' seconds
INFO: [USF-XSim-3] XSim::Elaborate design
INFO: [USF-XSim-61] Executing 'ELABORATE' step in 'D:/ECE/FPGA Training NTI/Sequence_detector_overlapping_nonoverlapping/Sequence_detector_overlapping.sim/sim_1/behav/xsim'
"xelab --incr --debug typical --relax --mt 2 -L xil_defaultlib -L unisims_ver -L unimacro_ver -L secureip --snapshot seq_detector_TB_behav xil_defaultlib.seq_detector_TB xil_defaultlib.glbl -log elaborate.log"
Vivado Simulator v2025.1.0
Copyright 1986-2022 Xilinx, Inc. All Rights Reserved.
Copyright 2022-2025 Advanced Micro Devices, Inc. All Rights Reserved.
Running: C:/Xilinx/2025.1/Vivado/bin/unwrapped/win64.o/xelab.exe --incr --debug typical --relax --mt 2 -L xil_defaultlib -L unisims_ver -L unimacro_ver -L secureip --snapshot seq_detector_TB_behav xil_defaultlib.seq_detector_TB xil_defaultlib.glbl -log elaborate.log 
Using 2 slave threads.
Starting static elaboration
Pass Through NonSizing Optimizer
Completed static elaboration
Starting simulation data flow analysis
Completed simulation data flow analysis
Time Resolution for simulation is 1ps
Compiling module xil_defaultlib.overlapping_seq_detector_mealy
Compiling module xil_defaultlib.non_overlapping_seq_detector_mea...
Compiling module xil_defaultlib.overlapping_seq_detector_moore
Compiling module xil_defaultlib.nonoverlapping_seq_detector_moor...
Compiling module xil_defaultlib.seq_detector_TB
Compiling module xil_defaultlib.glbl
Built simulation snapshot seq_detector_TB_behav
INFO: [USF-XSim-69] 'elaborate' step finished in '2' seconds
INFO: [USF-XSim-4] XSim::Simulate design
INFO: [USF-XSim-61] Executing 'SIMULATE' step in 'D:/ECE/FPGA Training NTI/Sequence_detector_overlapping_nonoverlapping/Sequence_detector_overlapping.sim/sim_1/behav/xsim'
INFO: [USF-XSim-98] *** Running xsim
   with args "seq_detector_TB_behav -key {Behavioral:sim_1:Functional:seq_detector_TB} -tclbatch {seq_detector_TB.tcl} -log {simulate.log}"
INFO: [USF-XSim-8] Loading simulator feature
Time resolution is 1 ps
source seq_detector_TB.tcl
# set curr_wave [current_wave_config]
# if { [string length $curr_wave] == 0 } {
#   if { [llength [get_objects]] > 0} {
#     add_wave /
#     set_property needs_save false [current_wave_config]
#   } else {
#      send_msg_id Add_Wave-1 WARNING "No top level signals found. Simulator will start without a wave window. If you want to open a wave window go to 'File->New Waveform Configuration' or type 'create_wave_config' in the TCL console."
#   }
# }
# run 1000ns
1. DETECTION TEST 

Time=20 | Serial in=0 | Mealy_Over=0 | Moore_Over=0 | Mealy_Non=0 | Moore_Non=0
Time=30 | Serial in=1 | Mealy_Over=0 | Moore_Over=0 | Mealy_Non=0 | Moore_Non=0
Time=50 | Serial in=0 | Mealy_Over=0 | Moore_Over=0 | Mealy_Non=0 | Moore_Non=0
Time=60 | Serial in=1 | Mealy_Over=0 | Moore_Over=0 | Mealy_Non=0 | Moore_Non=0
Time=70 | Serial in=0 | Mealy_Over=0 | Moore_Over=0 | Mealy_Non=0 | Moore_Non=0
Detection Failed , Non-Overlapping detector With Moore Failed 

Detection Failed , Non-Overlapping detector With mealy Failed 

Time=80 | Serial in=1 | Mealy_Over=1 | Moore_Over=0 | Mealy_Non=1 | Moore_Non=0
Detection Success , Overlapping detector With mealy PASSED 

Time=85 | Serial in=1 | Mealy_Over=0 | Moore_Over=1 | Mealy_Non=0 | Moore_Non=1
Detection Success , Overlapping detector With Moore PASSED 
 
2. Overlapping DETECTION TEST 

Time=95 | Serial in=1 | Mealy_Over=0 | Moore_Over=0 | Mealy_Non=0 | Moore_Non=0
Time=110 | Serial in=0 | Mealy_Over=0 | Moore_Over=0 | Mealy_Non=0 | Moore_Non=0
Time=120 | Serial in=1 | Mealy_Over=0 | Moore_Over=0 | Mealy_Non=0 | Moore_Non=0
Time=130 | Serial in=0 | Mealy_Over=0 | Moore_Over=0 | Mealy_Non=0 | Moore_Non=0
Time=140 | Serial in=1 | Mealy_Over=1 | Moore_Over=0 | Mealy_Non=1 | Moore_Non=0
Detection Success , Overlapping detector With mealy PASSED 

Detection Success , Non-Overlapping detector With mealy Failed 

Time=145 | Serial in=1 | Mealy_Over=0 | Moore_Over=1 | Mealy_Non=0 | Moore_Non=1
Detection Success , Overlapping detector With Moore PASSED 
 
Detection Success , Non-Overlapping detector With Moore Failed 

Time=150 | Serial in=1 | Mealy_Over=0 | Moore_Over=0 | Mealy_Non=0 | Moore_Non=0
 Corner Case Test using Stream of bits
Time=200 | Serial in=0 | Mealy_Over=0 | Moore_Over=0 | Mealy_Non=0 | Moore_Non=0
Time=210 | Serial in=1 | Mealy_Over=0 | Moore_Over=0 | Mealy_Non=0 | Moore_Non=0
Time=230 | Serial in=0 | Mealy_Over=0 | Moore_Over=0 | Mealy_Non=0 | Moore_Non=0
Time=240 | Serial in=1 | Mealy_Over=0 | Moore_Over=0 | Mealy_Non=0 | Moore_Non=0
Time=260 | Serial in=0 | Mealy_Over=0 | Moore_Over=0 | Mealy_Non=0 | Moore_Non=0
Time=270 | Serial in=1 | Mealy_Over=0 | Moore_Over=0 | Mealy_Non=0 | Moore_Non=0
Time=290 | Serial in=0 | Mealy_Over=0 | Moore_Over=0 | Mealy_Non=0 | Moore_Non=0
Time=300 | Serial in=1 | Mealy_Over=0 | Moore_Over=0 | Mealy_Non=0 | Moore_Non=0
Time=320 | Serial in=0 | Mealy_Over=0 | Moore_Over=0 | Mealy_Non=0 | Moore_Non=0
Time=330 | Serial in=1 | Mealy_Over=0 | Moore_Over=0 | Mealy_Non=0 | Moore_Non=0
Time=350 | Serial in=0 | Mealy_Over=0 | Moore_Over=0 | Mealy_Non=0 | Moore_Non=0
Time=360 | Serial in=1 | Mealy_Over=0 | Moore_Over=0 | Mealy_Non=0 | Moore_Non=0
Time=370 | Serial in=0 | Mealy_Over=0 | Moore_Over=0 | Mealy_Non=0 | Moore_Non=0

 Mealy Glitch / Asynchronous Dependence
Time=400 | Serial in=1 | Mealy_Over=0 | Moore_Over=0 | Mealy_Non=0 | Moore_Non=0
Time=420 | Serial in=0 | Mealy_Over=0 | Moore_Over=0 | Mealy_Non=0 | Moore_Non=0
Time=430 | Serial in=1 | Mealy_Over=0 | Moore_Over=0 | Mealy_Non=0 | Moore_Non=0
Time=440 | Serial in=0 | Mealy_Over=0 | Moore_Over=0 | Mealy_Non=0 | Moore_Non=0
Time=442 | Serial in=1 | Mealy_Over=0 | Moore_Over=0 | Mealy_Non=0 | Moore_Non=0
Time=446 | Serial in=0 | Mealy_Over=0 | Moore_Over=0 | Mealy_Non=0 | Moore_Non=0
$stop called at time : 480 ns : File "D:/ECE/FPGA Training NTI/Sequence_detector_overlapping_nonoverlapping/Sequence_detector_overlapping.srcs/sources_1/new/seq_detector_TB.v" Line 168
INFO: [USF-XSim-96] XSim completed. Design snapshot 'seq_detector_TB_behav' loaded.
INFO: [USF-XSim-97] XSim simulation ran for 1000ns
launch_simulation: Time (s): cpu = 00:00:03 ; elapsed = 00:00:07 . Memory (MB): peak = 1738.898 ; gain = 0.000
WARNING: [filemgmt 56-199] Attempt to get parsing info during refresh. "On-the-fly" syntax checking information may be incorrect. [D:\ECE\FPGA Training NTI\Sequence_detector_overlapping_nonoverlapping\Sequence_detector_overlapping.srcs\sources_1\new\nonoverlapping_seq_detector_moore.v:]
WARNING: [filemgmt 56-199] Attempt to get parsing info during refresh. "On-the-fly" syntax checking information may be incorrect. [D:\ECE\FPGA Training NTI\Sequence_detector_overlapping_nonoverlapping\Sequence_detector_overlapping.srcs\sources_1\new\overlapping_seq_detector_moore.v:]
WARNING: [filemgmt 56-199] Attempt to get parsing info during refresh. "On-the-fly" syntax checking information may be incorrect. [D:\ECE\FPGA Training NTI\Sequence_detector_overlapping_nonoverlapping\Sequence_detector_overlapping.srcs\sources_1\new\non_overlapping_seq_detector.v:]
WARNING: [filemgmt 56-199] Attempt to get parsing info during refresh. "On-the-fly" syntax checking information may be incorrect. [D:\ECE\FPGA Training NTI\Sequence_detector_overlapping_nonoverlapping\Sequence_detector_overlapping.srcs\sources_1\new\seq_detector_TB.v:]
WARNING: [filemgmt 56-199] Attempt to get parsing info during refresh. "On-the-fly" syntax checking information may be incorrect. [D:\ECE\FPGA Training NTI\Sequence_detector_overlapping_nonoverlapping\Sequence_detector_overlapping.srcs\sources_1\new\overlapping_seq_detector_moore.v:]
WARNING: [filemgmt 56-199] Attempt to get parsing info during refresh. "On-the-fly" syntax checking information may be incorrect. [D:\ECE\FPGA Training NTI\Sequence_detector_overlapping_nonoverlapping\Sequence_detector_overlapping.srcs\sources_1\new\overlapping_seq_detector_moore.v:]
ERROR: [Common 17-180] Spawn failed: The operation completed successfully.

close_sim
INFO: [Simtcl 6-16] Simulation closed
launch_simulation
Command: launch_simulation 
INFO: [Vivado 12-12493] Simulation top is 'seq_detector_TB'
INFO: [Vivado 12-5682] Launching behavioral simulation in 'D:/ECE/FPGA Training NTI/Sequence_detector_overlapping_nonoverlapping/Sequence_detector_overlapping.sim/sim_1/behav/xsim'
INFO: [SIM-utils-51] Simulation object is 'sim_1'
INFO: [SIM-utils-72] Using boost library from 'C:/Xilinx/2025.1/Vivado/tps/boost_1_72_0'
INFO: [SIM-utils-54] Inspecting design source files for 'seq_detector_TB' in fileset 'sim_1'...
INFO: [USF-XSim-97] Finding global include files...
INFO: [USF-XSim-98] Fetching design files from 'sim_1'...
INFO: [USF-XSim-2] XSim::Compile design
INFO: [USF-XSim-61] Executing 'COMPILE and ANALYZE' step in 'D:/ECE/FPGA Training NTI/Sequence_detector_overlapping_nonoverlapping/Sequence_detector_overlapping.sim/sim_1/behav/xsim'
"xvlog --incr --relax -prj seq_detector_TB_vlog.prj"
INFO: [VRFC 10-2263] Analyzing Verilog file "D:/ECE/FPGA Training NTI/Sequence_detector_overlapping_nonoverlapping/Sequence_detector_overlapping.srcs/sources_1/new/non_overlapping_seq_detector.v" into library xil_defaultlib
INFO: [VRFC 10-311] analyzing module non_overlapping_seq_detector_mealy
INFO: [VRFC 10-2263] Analyzing Verilog file "D:/ECE/FPGA Training NTI/Sequence_detector_overlapping_nonoverlapping/Sequence_detector_overlapping.srcs/sources_1/new/nonoverlapping_seq_detector_moore.v" into library xil_defaultlib
INFO: [VRFC 10-311] analyzing module nonoverlapping_seq_detector_moore
INFO: [VRFC 10-2263] Analyzing Verilog file "D:/ECE/FPGA Training NTI/Sequence_detector_overlapping_nonoverlapping/Sequence_detector_overlapping.srcs/sources_1/new/overlapping_seq_detector.v" into library xil_defaultlib
INFO: [VRFC 10-311] analyzing module overlapping_seq_detector_mealy
INFO: [VRFC 10-2263] Analyzing Verilog file "D:/ECE/FPGA Training NTI/Sequence_detector_overlapping_nonoverlapping/Sequence_detector_overlapping.srcs/sources_1/new/overlapping_seq_detector_moore.v" into library xil_defaultlib
INFO: [VRFC 10-311] analyzing module overlapping_seq_detector_moore
INFO: [VRFC 10-2263] Analyzing Verilog file "D:/ECE/FPGA Training NTI/Sequence_detector_overlapping_nonoverlapping/Sequence_detector_overlapping.srcs/sources_1/new/seq_detector_TB.v" into library xil_defaultlib
INFO: [VRFC 10-311] analyzing module seq_detector_TB
INFO: [USF-XSim-69] 'compile' step finished in '2' seconds
INFO: [USF-XSim-3] XSim::Elaborate design
INFO: [USF-XSim-61] Executing 'ELABORATE' step in 'D:/ECE/FPGA Training NTI/Sequence_detector_overlapping_nonoverlapping/Sequence_detector_overlapping.sim/sim_1/behav/xsim'
"xelab --incr --debug typical --relax --mt 2 -L xil_defaultlib -L unisims_ver -L unimacro_ver -L secureip --snapshot seq_detector_TB_behav xil_defaultlib.seq_detector_TB xil_defaultlib.glbl -log elaborate.log"
Vivado Simulator v2025.1.0
Copyright 1986-2022 Xilinx, Inc. All Rights Reserved.
Copyright 2022-2025 Advanced Micro Devices, Inc. All Rights Reserved.
Running: C:/Xilinx/2025.1/Vivado/bin/unwrapped/win64.o/xelab.exe --incr --debug typical --relax --mt 2 -L xil_defaultlib -L unisims_ver -L unimacro_ver -L secureip --snapshot seq_detector_TB_behav xil_defaultlib.seq_detector_TB xil_defaultlib.glbl -log elaborate.log 
Using 2 slave threads.
Starting static elaboration
Pass Through NonSizing Optimizer
Completed static elaboration
Starting simulation data flow analysis
Completed simulation data flow analysis
Time Resolution for simulation is 1ps
Compiling module xil_defaultlib.overlapping_seq_detector_mealy
Compiling module xil_defaultlib.non_overlapping_seq_detector_mea...
Compiling module xil_defaultlib.overlapping_seq_detector_moore
Compiling module xil_defaultlib.nonoverlapping_seq_detector_moor...
Compiling module xil_defaultlib.seq_detector_TB
Compiling module xil_defaultlib.glbl
Built simulation snapshot seq_detector_TB_behav
INFO: [USF-XSim-69] 'elaborate' step finished in '2' seconds
INFO: [USF-XSim-4] XSim::Simulate design
INFO: [USF-XSim-61] Executing 'SIMULATE' step in 'D:/ECE/FPGA Training NTI/Sequence_detector_overlapping_nonoverlapping/Sequence_detector_overlapping.sim/sim_1/behav/xsim'
INFO: [USF-XSim-98] *** Running xsim
   with args "seq_detector_TB_behav -key {Behavioral:sim_1:Functional:seq_detector_TB} -tclbatch {seq_detector_TB.tcl} -log {simulate.log}"
INFO: [USF-XSim-8] Loading simulator feature
Time resolution is 1 ps
source seq_detector_TB.tcl
# set curr_wave [current_wave_config]
# if { [string length $curr_wave] == 0 } {
#   if { [llength [get_objects]] > 0} {
#     add_wave /
#     set_property needs_save false [current_wave_config]
#   } else {
#      send_msg_id Add_Wave-1 WARNING "No top level signals found. Simulator will start without a wave window. If you want to open a wave window go to 'File->New Waveform Configuration' or type 'create_wave_config' in the TCL console."
#   }
# }
# run 1000ns
1. DETECTION TEST 

Time=20 | Serial in=0 | Mealy_Over=0 | Moore_Over=0 | Mealy_Non=0 | Moore_Non=0
Time=30 | Serial in=1 | Mealy_Over=0 | Moore_Over=0 | Mealy_Non=0 | Moore_Non=0
Time=50 | Serial in=0 | Mealy_Over=0 | Moore_Over=0 | Mealy_Non=0 | Moore_Non=0
Time=60 | Serial in=1 | Mealy_Over=0 | Moore_Over=0 | Mealy_Non=0 | Moore_Non=0
Time=70 | Serial in=0 | Mealy_Over=0 | Moore_Over=0 | Mealy_Non=0 | Moore_Non=0
Time=80 | Serial in=1 | Mealy_Over=1 | Moore_Over=0 | Mealy_Non=1 | Moore_Non=0
Detection Success , Overlapping detector With mealy PASSED 

Detection Success , Non-Overlapping detector With mealy PASSED 

Time=85 | Serial in=1 | Mealy_Over=0 | Moore_Over=1 | Mealy_Non=0 | Moore_Non=1
Detection Success , Overlapping detector With Moore PASSED 
 
Detection Success , Non-Overlapping detector With Moore PASSED 

2. Overlapping DETECTION TEST 

Time=95 | Serial in=1 | Mealy_Over=0 | Moore_Over=0 | Mealy_Non=0 | Moore_Non=0
Time=110 | Serial in=0 | Mealy_Over=0 | Moore_Over=0 | Mealy_Non=0 | Moore_Non=0
Time=120 | Serial in=1 | Mealy_Over=0 | Moore_Over=0 | Mealy_Non=0 | Moore_Non=0
Time=130 | Serial in=0 | Mealy_Over=0 | Moore_Over=0 | Mealy_Non=0 | Moore_Non=0
Detection Failed , Non-Overlapping detector With mealy PASSED 

Detection Failed , Non-Overlapping detector With Moore PASSED 

Time=140 | Serial in=1 | Mealy_Over=1 | Moore_Over=0 | Mealy_Non=1 | Moore_Non=0
Detection Success , Overlapping detector With mealy PASSED 

Time=145 | Serial in=1 | Mealy_Over=0 | Moore_Over=1 | Mealy_Non=0 | Moore_Non=1
Detection Success , Overlapping detector With Moore PASSED 
 
Time=150 | Serial in=1 | Mealy_Over=0 | Moore_Over=0 | Mealy_Non=0 | Moore_Non=0
 Corner Case Test using Stream of bits
Time=200 | Serial in=0 | Mealy_Over=0 | Moore_Over=0 | Mealy_Non=0 | Moore_Non=0
Time=210 | Serial in=1 | Mealy_Over=0 | Moore_Over=0 | Mealy_Non=0 | Moore_Non=0
Time=230 | Serial in=0 | Mealy_Over=0 | Moore_Over=0 | Mealy_Non=0 | Moore_Non=0
Time=240 | Serial in=1 | Mealy_Over=0 | Moore_Over=0 | Mealy_Non=0 | Moore_Non=0
Time=260 | Serial in=0 | Mealy_Over=0 | Moore_Over=0 | Mealy_Non=0 | Moore_Non=0
Time=270 | Serial in=1 | Mealy_Over=0 | Moore_Over=0 | Mealy_Non=0 | Moore_Non=0
Time=290 | Serial in=0 | Mealy_Over=0 | Moore_Over=0 | Mealy_Non=0 | Moore_Non=0
Time=300 | Serial in=1 | Mealy_Over=0 | Moore_Over=0 | Mealy_Non=0 | Moore_Non=0
Time=320 | Serial in=0 | Mealy_Over=0 | Moore_Over=0 | Mealy_Non=0 | Moore_Non=0
Time=330 | Serial in=1 | Mealy_Over=0 | Moore_Over=0 | Mealy_Non=0 | Moore_Non=0
Time=350 | Serial in=0 | Mealy_Over=0 | Moore_Over=0 | Mealy_Non=0 | Moore_Non=0
Time=360 | Serial in=1 | Mealy_Over=0 | Moore_Over=0 | Mealy_Non=0 | Moore_Non=0
Time=370 | Serial in=0 | Mealy_Over=0 | Moore_Over=0 | Mealy_Non=0 | Moore_Non=0

 Mealy Glitch / Asynchronous Dependence
Time=400 | Serial in=1 | Mealy_Over=0 | Moore_Over=0 | Mealy_Non=0 | Moore_Non=0
Time=420 | Serial in=0 | Mealy_Over=0 | Moore_Over=0 | Mealy_Non=0 | Moore_Non=0
Time=430 | Serial in=1 | Mealy_Over=0 | Moore_Over=0 | Mealy_Non=0 | Moore_Non=0
Time=440 | Serial in=0 | Mealy_Over=0 | Moore_Over=0 | Mealy_Non=0 | Moore_Non=0
Time=442 | Serial in=1 | Mealy_Over=0 | Moore_Over=0 | Mealy_Non=0 | Moore_Non=0
Time=446 | Serial in=0 | Mealy_Over=0 | Moore_Over=0 | Mealy_Non=0 | Moore_Non=0
$stop called at time : 480 ns : File "D:/ECE/FPGA Training NTI/Sequence_detector_overlapping_nonoverlapping/Sequence_detector_overlapping.srcs/sources_1/new/seq_detector_TB.v" Line 174
INFO: [USF-XSim-96] XSim completed. Design snapshot 'seq_detector_TB_behav' loaded.
INFO: [USF-XSim-97] XSim simulation ran for 1000ns
launch_simulation: Time (s): cpu = 00:00:03 ; elapsed = 00:00:07 . Memory (MB): peak = 1738.898 ; gain = 0.000
WARNING: [filemgmt 56-199] Attempt to get parsing info during refresh. "On-the-fly" syntax checking information may be incorrect. [D:\ECE\FPGA Training NTI\Sequence_detector_overlapping_nonoverlapping\Sequence_detector_overlapping.srcs\sources_1\new\nonoverlapping_seq_detector_moore.v:]
WARNING: [filemgmt 56-199] Attempt to get parsing info during refresh. "On-the-fly" syntax checking information may be incorrect. [D:\ECE\FPGA Training NTI\Sequence_detector_overlapping_nonoverlapping\Sequence_detector_overlapping.srcs\sources_1\new\overlapping_seq_detector_moore.v:]
WARNING: [filemgmt 56-199] Attempt to get parsing info during refresh. "On-the-fly" syntax checking information may be incorrect. [D:\ECE\FPGA Training NTI\Sequence_detector_overlapping_nonoverlapping\Sequence_detector_overlapping.srcs\sources_1\new\non_overlapping_seq_detector.v:]
WARNING: [filemgmt 56-199] Attempt to get parsing info during refresh. "On-the-fly" syntax checking information may be incorrect. [D:\ECE\FPGA Training NTI\Sequence_detector_overlapping_nonoverlapping\Sequence_detector_overlapping.srcs\sources_1\new\seq_detector_TB.v:]
WARNING: [filemgmt 56-199] Attempt to get parsing info during refresh. "On-the-fly" syntax checking information may be incorrect. [D:\ECE\FPGA Training NTI\Sequence_detector_overlapping_nonoverlapping\Sequence_detector_overlapping.srcs\sources_1\new\nonoverlapping_seq_detector_moore.v:]
WARNING: [filemgmt 56-199] Attempt to get parsing info during refresh. "On-the-fly" syntax checking information may be incorrect. [D:\ECE\FPGA Training NTI\Sequence_detector_overlapping_nonoverlapping\Sequence_detector_overlapping.srcs\sources_1\new\nonoverlapping_seq_detector_moore.v:]
WARNING: [filemgmt 56-199] Attempt to get parsing info during refresh. "On-the-fly" syntax checking information may be incorrect. [D:\ECE\FPGA Training NTI\Sequence_detector_overlapping_nonoverlapping\Sequence_detector_overlapping.srcs\sources_1\new\nonoverlapping_seq_detector_moore.v:]
WARNING: [filemgmt 56-199] Attempt to get parsing info during refresh. "On-the-fly" syntax checking information may be incorrect. [D:\ECE\FPGA Training NTI\Sequence_detector_overlapping_nonoverlapping\Sequence_detector_overlapping.srcs\sources_1\new\overlapping_seq_detector_moore.v:]
WARNING: [filemgmt 56-199] Attempt to get parsing info during refresh. "On-the-fly" syntax checking information may be incorrect. [D:\ECE\FPGA Training NTI\Sequence_detector_overlapping_nonoverlapping\Sequence_detector_overlapping.srcs\sources_1\new\non_overlapping_seq_detector.v:]
WARNING: [filemgmt 56-199] Attempt to get parsing info during refresh. "On-the-fly" syntax checking information may be incorrect. [D:\ECE\FPGA Training NTI\Sequence_detector_overlapping_nonoverlapping\Sequence_detector_overlapping.srcs\sources_1\new\seq_detector_TB.v:]
WARNING: [filemgmt 56-199] Attempt to get parsing info during refresh. "On-the-fly" syntax checking information may be incorrect. [D:\ECE\FPGA Training NTI\Sequence_detector_overlapping_nonoverlapping\Sequence_detector_overlapping.srcs\sources_1\new\seq_detector_TB.v:]
WARNING: [filemgmt 56-199] Attempt to get parsing info during refresh. "On-the-fly" syntax checking information may be incorrect. [D:\ECE\FPGA Training NTI\Sequence_detector_overlapping_nonoverlapping\Sequence_detector_overlapping.srcs\sources_1\new\seq_detector_TB.v:]
ERROR: [Common 17-180] Spawn failed: The operation completed successfully.

WARNING: [filemgmt 56-199] Attempt to get parsing info during refresh. "On-the-fly" syntax checking information may be incorrect. [D:\ECE\FPGA Training NTI\Sequence_detector_overlapping_nonoverlapping\Sequence_detector_overlapping.srcs\sources_1\new\nonoverlapping_seq_detector_moore.v:]
WARNING: [filemgmt 56-199] Attempt to get parsing info during refresh. "On-the-fly" syntax checking information may be incorrect. [D:\ECE\FPGA Training NTI\Sequence_detector_overlapping_nonoverlapping\Sequence_detector_overlapping.srcs\sources_1\new\overlapping_seq_detector_moore.v:]
WARNING: [filemgmt 56-199] Attempt to get parsing info during refresh. "On-the-fly" syntax checking information may be incorrect. [D:\ECE\FPGA Training NTI\Sequence_detector_overlapping_nonoverlapping\Sequence_detector_overlapping.srcs\sources_1\new\non_overlapping_seq_detector.v:]
WARNING: [filemgmt 56-199] Attempt to get parsing info during refresh. "On-the-fly" syntax checking information may be incorrect. [D:\ECE\FPGA Training NTI\Sequence_detector_overlapping_nonoverlapping\Sequence_detector_overlapping.srcs\sources_1\new\seq_detector_TB.v:]
WARNING: [filemgmt 56-199] Attempt to get parsing info during refresh. "On-the-fly" syntax checking information may be incorrect. [D:\ECE\FPGA Training NTI\Sequence_detector_overlapping_nonoverlapping\Sequence_detector_overlapping.srcs\sources_1\new\non_overlapping_seq_detector.v:]
WARNING: [filemgmt 56-199] Attempt to get parsing info during refresh. "On-the-fly" syntax checking information may be incorrect. [D:\ECE\FPGA Training NTI\Sequence_detector_overlapping_nonoverlapping\Sequence_detector_overlapping.srcs\sources_1\new\non_overlapping_seq_detector.v:]
close_sim
INFO: [Simtcl 6-16] Simulation closed
launch_simulation
Command: launch_simulation 
INFO: [Vivado 12-12493] Simulation top is 'seq_detector_TB'
INFO: [Vivado 12-5682] Launching behavioral simulation in 'D:/ECE/FPGA Training NTI/Sequence_detector_overlapping_nonoverlapping/Sequence_detector_overlapping.sim/sim_1/behav/xsim'
INFO: [SIM-utils-51] Simulation object is 'sim_1'
INFO: [SIM-utils-72] Using boost library from 'C:/Xilinx/2025.1/Vivado/tps/boost_1_72_0'
INFO: [SIM-utils-54] Inspecting design source files for 'seq_detector_TB' in fileset 'sim_1'...
INFO: [USF-XSim-97] Finding global include files...
INFO: [USF-XSim-98] Fetching design files from 'sim_1'...
INFO: [USF-XSim-2] XSim::Compile design
INFO: [USF-XSim-61] Executing 'COMPILE and ANALYZE' step in 'D:/ECE/FPGA Training NTI/Sequence_detector_overlapping_nonoverlapping/Sequence_detector_overlapping.sim/sim_1/behav/xsim'
"xvlog --incr --relax -prj seq_detector_TB_vlog.prj"
INFO: [VRFC 10-2263] Analyzing Verilog file "D:/ECE/FPGA Training NTI/Sequence_detector_overlapping_nonoverlapping/Sequence_detector_overlapping.srcs/sources_1/new/non_overlapping_seq_detector.v" into library xil_defaultlib
INFO: [VRFC 10-311] analyzing module non_overlapping_seq_detector_mealy
INFO: [VRFC 10-2263] Analyzing Verilog file "D:/ECE/FPGA Training NTI/Sequence_detector_overlapping_nonoverlapping/Sequence_detector_overlapping.srcs/sources_1/new/nonoverlapping_seq_detector_moore.v" into library xil_defaultlib
INFO: [VRFC 10-311] analyzing module nonoverlapping_seq_detector_moore
INFO: [VRFC 10-2263] Analyzing Verilog file "D:/ECE/FPGA Training NTI/Sequence_detector_overlapping_nonoverlapping/Sequence_detector_overlapping.srcs/sources_1/new/overlapping_seq_detector.v" into library xil_defaultlib
INFO: [VRFC 10-311] analyzing module overlapping_seq_detector_mealy
INFO: [VRFC 10-2263] Analyzing Verilog file "D:/ECE/FPGA Training NTI/Sequence_detector_overlapping_nonoverlapping/Sequence_detector_overlapping.srcs/sources_1/new/overlapping_seq_detector_moore.v" into library xil_defaultlib
INFO: [VRFC 10-311] analyzing module overlapping_seq_detector_moore
INFO: [VRFC 10-2263] Analyzing Verilog file "D:/ECE/FPGA Training NTI/Sequence_detector_overlapping_nonoverlapping/Sequence_detector_overlapping.srcs/sources_1/new/seq_detector_TB.v" into library xil_defaultlib
INFO: [VRFC 10-311] analyzing module seq_detector_TB
INFO: [USF-XSim-69] 'compile' step finished in '1' seconds
INFO: [USF-XSim-3] XSim::Elaborate design
INFO: [USF-XSim-61] Executing 'ELABORATE' step in 'D:/ECE/FPGA Training NTI/Sequence_detector_overlapping_nonoverlapping/Sequence_detector_overlapping.sim/sim_1/behav/xsim'
"xelab --incr --debug typical --relax --mt 2 -L xil_defaultlib -L unisims_ver -L unimacro_ver -L secureip --snapshot seq_detector_TB_behav xil_defaultlib.seq_detector_TB xil_defaultlib.glbl -log elaborate.log"
Vivado Simulator v2025.1.0
Copyright 1986-2022 Xilinx, Inc. All Rights Reserved.
Copyright 2022-2025 Advanced Micro Devices, Inc. All Rights Reserved.
Running: C:/Xilinx/2025.1/Vivado/bin/unwrapped/win64.o/xelab.exe --incr --debug typical --relax --mt 2 -L xil_defaultlib -L unisims_ver -L unimacro_ver -L secureip --snapshot seq_detector_TB_behav xil_defaultlib.seq_detector_TB xil_defaultlib.glbl -log elaborate.log 
Using 2 slave threads.
Starting static elaboration
Pass Through NonSizing Optimizer
Completed static elaboration
Starting simulation data flow analysis
Completed simulation data flow analysis
Time Resolution for simulation is 1ps
Compiling module xil_defaultlib.overlapping_seq_detector_mealy
Compiling module xil_defaultlib.non_overlapping_seq_detector_mea...
Compiling module xil_defaultlib.overlapping_seq_detector_moore
Compiling module xil_defaultlib.nonoverlapping_seq_detector_moor...
Compiling module xil_defaultlib.seq_detector_TB
Compiling module xil_defaultlib.glbl
Built simulation snapshot seq_detector_TB_behav
INFO: [USF-XSim-69] 'elaborate' step finished in '3' seconds
INFO: [USF-XSim-4] XSim::Simulate design
INFO: [USF-XSim-61] Executing 'SIMULATE' step in 'D:/ECE/FPGA Training NTI/Sequence_detector_overlapping_nonoverlapping/Sequence_detector_overlapping.sim/sim_1/behav/xsim'
INFO: [USF-XSim-98] *** Running xsim
   with args "seq_detector_TB_behav -key {Behavioral:sim_1:Functional:seq_detector_TB} -tclbatch {seq_detector_TB.tcl} -log {simulate.log}"
INFO: [USF-XSim-8] Loading simulator feature
Time resolution is 1 ps
source seq_detector_TB.tcl
# set curr_wave [current_wave_config]
# if { [string length $curr_wave] == 0 } {
#   if { [llength [get_objects]] > 0} {
#     add_wave /
#     set_property needs_save false [current_wave_config]
#   } else {
#      send_msg_id Add_Wave-1 WARNING "No top level signals found. Simulator will start without a wave window. If you want to open a wave window go to 'File->New Waveform Configuration' or type 'create_wave_config' in the TCL console."
#   }
# }
# run 1000ns
1. DETECTION TEST 

Time=20 | Serial in=0 | Mealy_Over=0 | Moore_Over=0 | Mealy_Non=0 | Moore_Non=0
Time=30 | Serial in=1 | Mealy_Over=0 | Moore_Over=0 | Mealy_Non=0 | Moore_Non=0
Time=50 | Serial in=0 | Mealy_Over=0 | Moore_Over=0 | Mealy_Non=0 | Moore_Non=0
Time=60 | Serial in=1 | Mealy_Over=0 | Moore_Over=0 | Mealy_Non=0 | Moore_Non=0
Time=70 | Serial in=0 | Mealy_Over=0 | Moore_Over=0 | Mealy_Non=0 | Moore_Non=0
Time=80 | Serial in=1 | Mealy_Over=1 | Moore_Over=0 | Mealy_Non=1 | Moore_Non=0
Detection Success , Overlapping detector With mealy PASSED 

Detection Success , Non-Overlapping detector With mealy PASSED 

Time=85 | Serial in=1 | Mealy_Over=0 | Moore_Over=1 | Mealy_Non=0 | Moore_Non=1
Detection Success , Overlapping detector With Moore PASSED 
 
Detection Success , Non-Overlapping detector With Moore PASSED 

2. Overlapping DETECTION TEST 

Time=95 | Serial in=1 | Mealy_Over=0 | Moore_Over=0 | Mealy_Non=0 | Moore_Non=0
Time=110 | Serial in=0 | Mealy_Over=0 | Moore_Over=0 | Mealy_Non=0 | Moore_Non=0
Time=120 | Serial in=1 | Mealy_Over=0 | Moore_Over=0 | Mealy_Non=0 | Moore_Non=0
Time=130 | Serial in=0 | Mealy_Over=0 | Moore_Over=0 | Mealy_Non=0 | Moore_Non=0
Detection Failed , Non-Overlapping detector With mealy PASSED 

Detection Failed , Non-Overlapping detector With Moore PASSED 

Time=140 | Serial in=1 | Mealy_Over=1 | Moore_Over=0 | Mealy_Non=1 | Moore_Non=0
Detection Success , Overlapping detector With mealy PASSED 

Time=145 | Serial in=1 | Mealy_Over=0 | Moore_Over=1 | Mealy_Non=0 | Moore_Non=1
Detection Success , Overlapping detector With Moore PASSED 
 
Time=150 | Serial in=1 | Mealy_Over=0 | Moore_Over=0 | Mealy_Non=0 | Moore_Non=0
 Corner Case Test of S4 to S2
Time=200 | Serial in=0 | Mealy_Over=0 | Moore_Over=0 | Mealy_Non=0 | Moore_Non=0
Time=210 | Serial in=1 | Mealy_Over=0 | Moore_Over=0 | Mealy_Non=0 | Moore_Non=0

 Mealy Glitch / Asynchronous Dependence
Time=270 | Serial in=0 | Mealy_Over=0 | Moore_Over=0 | Mealy_Non=0 | Moore_Non=0
Time=280 | Serial in=1 | Mealy_Over=0 | Moore_Over=0 | Mealy_Non=0 | Moore_Non=0
Time=290 | Serial in=0 | Mealy_Over=0 | Moore_Over=0 | Mealy_Non=0 | Moore_Non=0
Time=292 | Serial in=1 | Mealy_Over=0 | Moore_Over=0 | Mealy_Non=0 | Moore_Non=0
Time=296 | Serial in=0 | Mealy_Over=0 | Moore_Over=0 | Mealy_Non=0 | Moore_Non=0
$stop called at time : 330 ns : File "D:/ECE/FPGA Training NTI/Sequence_detector_overlapping_nonoverlapping/Sequence_detector_overlapping.srcs/sources_1/new/seq_detector_TB.v" Line 174
INFO: [USF-XSim-96] XSim completed. Design snapshot 'seq_detector_TB_behav' loaded.
INFO: [USF-XSim-97] XSim simulation ran for 1000ns
launch_simulation: Time (s): cpu = 00:00:02 ; elapsed = 00:00:07 . Memory (MB): peak = 1738.898 ; gain = 0.000
WARNING: [filemgmt 56-199] Attempt to get parsing info during refresh. "On-the-fly" syntax checking information may be incorrect. [D:\ECE\FPGA Training NTI\Sequence_detector_overlapping_nonoverlapping\Sequence_detector_overlapping.srcs\sources_1\new\nonoverlapping_seq_detector_moore.v:]
WARNING: [filemgmt 56-199] Attempt to get parsing info during refresh. "On-the-fly" syntax checking information may be incorrect. [D:\ECE\FPGA Training NTI\Sequence_detector_overlapping_nonoverlapping\Sequence_detector_overlapping.srcs\sources_1\new\overlapping_seq_detector_moore.v:]
WARNING: [filemgmt 56-199] Attempt to get parsing info during refresh. "On-the-fly" syntax checking information may be incorrect. [D:\ECE\FPGA Training NTI\Sequence_detector_overlapping_nonoverlapping\Sequence_detector_overlapping.srcs\sources_1\new\non_overlapping_seq_detector.v:]
WARNING: [filemgmt 56-199] Attempt to get parsing info during refresh. "On-the-fly" syntax checking information may be incorrect. [D:\ECE\FPGA Training NTI\Sequence_detector_overlapping_nonoverlapping\Sequence_detector_overlapping.srcs\sources_1\new\seq_detector_TB.v:]
WARNING: [filemgmt 56-199] Attempt to get parsing info during refresh. "On-the-fly" syntax checking information may be incorrect. [D:\ECE\FPGA Training NTI\Sequence_detector_overlapping_nonoverlapping\Sequence_detector_overlapping.srcs\sources_1\new\nonoverlapping_seq_detector_moore.v:]
WARNING: [filemgmt 56-199] Attempt to get parsing info during refresh. "On-the-fly" syntax checking information may be incorrect. [D:\ECE\FPGA Training NTI\Sequence_detector_overlapping_nonoverlapping\Sequence_detector_overlapping.srcs\sources_1\new\nonoverlapping_seq_detector_moore.v:]
WARNING: [filemgmt 56-199] Attempt to get parsing info during refresh. "On-the-fly" syntax checking information may be incorrect. [D:\ECE\FPGA Training NTI\Sequence_detector_overlapping_nonoverlapping\Sequence_detector_overlapping.srcs\sources_1\new\nonoverlapping_seq_detector_moore.v:]
WARNING: [filemgmt 56-199] Attempt to get parsing info during refresh. "On-the-fly" syntax checking information may be incorrect. [D:\ECE\FPGA Training NTI\Sequence_detector_overlapping_nonoverlapping\Sequence_detector_overlapping.srcs\sources_1\new\overlapping_seq_detector_moore.v:]
WARNING: [filemgmt 56-199] Attempt to get parsing info during refresh. "On-the-fly" syntax checking information may be incorrect. [D:\ECE\FPGA Training NTI\Sequence_detector_overlapping_nonoverlapping\Sequence_detector_overlapping.srcs\sources_1\new\non_overlapping_seq_detector.v:]
WARNING: [filemgmt 56-199] Attempt to get parsing info during refresh. "On-the-fly" syntax checking information may be incorrect. [D:\ECE\FPGA Training NTI\Sequence_detector_overlapping_nonoverlapping\Sequence_detector_overlapping.srcs\sources_1\new\seq_detector_TB.v:]
WARNING: [filemgmt 56-199] Attempt to get parsing info during refresh. "On-the-fly" syntax checking information may be incorrect. [D:\ECE\FPGA Training NTI\Sequence_detector_overlapping_nonoverlapping\Sequence_detector_overlapping.srcs\sources_1\new\overlapping_seq_detector_moore.v:]
WARNING: [filemgmt 56-199] Attempt to get parsing info during refresh. "On-the-fly" syntax checking information may be incorrect. [D:\ECE\FPGA Training NTI\Sequence_detector_overlapping_nonoverlapping\Sequence_detector_overlapping.srcs\sources_1\new\overlapping_seq_detector_moore.v:]
ERROR: [Common 17-180] Spawn failed: The operation completed successfully.

WARNING: [filemgmt 56-199] Attempt to get parsing info during refresh. "On-the-fly" syntax checking information may be incorrect. [D:\ECE\FPGA Training NTI\Sequence_detector_overlapping_nonoverlapping\Sequence_detector_overlapping.srcs\sources_1\new\nonoverlapping_seq_detector_moore.v:]
WARNING: [filemgmt 56-199] Attempt to get parsing info during refresh. "On-the-fly" syntax checking information may be incorrect. [D:\ECE\FPGA Training NTI\Sequence_detector_overlapping_nonoverlapping\Sequence_detector_overlapping.srcs\sources_1\new\overlapping_seq_detector_moore.v:]
WARNING: [filemgmt 56-199] Attempt to get parsing info during refresh. "On-the-fly" syntax checking information may be incorrect. [D:\ECE\FPGA Training NTI\Sequence_detector_overlapping_nonoverlapping\Sequence_detector_overlapping.srcs\sources_1\new\non_overlapping_seq_detector.v:]
WARNING: [filemgmt 56-199] Attempt to get parsing info during refresh. "On-the-fly" syntax checking information may be incorrect. [D:\ECE\FPGA Training NTI\Sequence_detector_overlapping_nonoverlapping\Sequence_detector_overlapping.srcs\sources_1\new\seq_detector_TB.v:]
WARNING: [filemgmt 56-199] Attempt to get parsing info during refresh. "On-the-fly" syntax checking information may be incorrect. [D:\ECE\FPGA Training NTI\Sequence_detector_overlapping_nonoverlapping\Sequence_detector_overlapping.srcs\sources_1\new\non_overlapping_seq_detector.v:]
WARNING: [filemgmt 56-199] Attempt to get parsing info during refresh. "On-the-fly" syntax checking information may be incorrect. [D:\ECE\FPGA Training NTI\Sequence_detector_overlapping_nonoverlapping\Sequence_detector_overlapping.srcs\sources_1\new\non_overlapping_seq_detector.v:]
ERROR: [Common 17-180] Spawn failed: The operation completed successfully.

close_sim
INFO: [Simtcl 6-16] Simulation closed
launch_simulation
Command: launch_simulation 
INFO: [Vivado 12-12493] Simulation top is 'seq_detector_TB'
INFO: [Vivado 12-5682] Launching behavioral simulation in 'D:/ECE/FPGA Training NTI/Sequence_detector_overlapping_nonoverlapping/Sequence_detector_overlapping.sim/sim_1/behav/xsim'
INFO: [SIM-utils-51] Simulation object is 'sim_1'
INFO: [SIM-utils-72] Using boost library from 'C:/Xilinx/2025.1/Vivado/tps/boost_1_72_0'
INFO: [SIM-utils-54] Inspecting design source files for 'seq_detector_TB' in fileset 'sim_1'...
INFO: [USF-XSim-97] Finding global include files...
INFO: [USF-XSim-98] Fetching design files from 'sim_1'...
INFO: [USF-XSim-2] XSim::Compile design
INFO: [USF-XSim-61] Executing 'COMPILE and ANALYZE' step in 'D:/ECE/FPGA Training NTI/Sequence_detector_overlapping_nonoverlapping/Sequence_detector_overlapping.sim/sim_1/behav/xsim'
"xvlog --incr --relax -prj seq_detector_TB_vlog.prj"
INFO: [VRFC 10-2263] Analyzing Verilog file "D:/ECE/FPGA Training NTI/Sequence_detector_overlapping_nonoverlapping/Sequence_detector_overlapping.srcs/sources_1/new/non_overlapping_seq_detector.v" into library xil_defaultlib
INFO: [VRFC 10-311] analyzing module non_overlapping_seq_detector_mealy
INFO: [VRFC 10-2263] Analyzing Verilog file "D:/ECE/FPGA Training NTI/Sequence_detector_overlapping_nonoverlapping/Sequence_detector_overlapping.srcs/sources_1/new/nonoverlapping_seq_detector_moore.v" into library xil_defaultlib
INFO: [VRFC 10-311] analyzing module nonoverlapping_seq_detector_moore
INFO: [VRFC 10-2263] Analyzing Verilog file "D:/ECE/FPGA Training NTI/Sequence_detector_overlapping_nonoverlapping/Sequence_detector_overlapping.srcs/sources_1/new/overlapping_seq_detector.v" into library xil_defaultlib
INFO: [VRFC 10-311] analyzing module overlapping_seq_detector_mealy
INFO: [VRFC 10-2263] Analyzing Verilog file "D:/ECE/FPGA Training NTI/Sequence_detector_overlapping_nonoverlapping/Sequence_detector_overlapping.srcs/sources_1/new/overlapping_seq_detector_moore.v" into library xil_defaultlib
INFO: [VRFC 10-311] analyzing module overlapping_seq_detector_moore
INFO: [VRFC 10-2263] Analyzing Verilog file "D:/ECE/FPGA Training NTI/Sequence_detector_overlapping_nonoverlapping/Sequence_detector_overlapping.srcs/sources_1/new/seq_detector_TB.v" into library xil_defaultlib
INFO: [VRFC 10-311] analyzing module seq_detector_TB
INFO: [USF-XSim-69] 'compile' step finished in '1' seconds
INFO: [USF-XSim-3] XSim::Elaborate design
INFO: [USF-XSim-61] Executing 'ELABORATE' step in 'D:/ECE/FPGA Training NTI/Sequence_detector_overlapping_nonoverlapping/Sequence_detector_overlapping.sim/sim_1/behav/xsim'
"xelab --incr --debug typical --relax --mt 2 -L xil_defaultlib -L unisims_ver -L unimacro_ver -L secureip --snapshot seq_detector_TB_behav xil_defaultlib.seq_detector_TB xil_defaultlib.glbl -log elaborate.log"
Vivado Simulator v2025.1.0
Copyright 1986-2022 Xilinx, Inc. All Rights Reserved.
Copyright 2022-2025 Advanced Micro Devices, Inc. All Rights Reserved.
Running: C:/Xilinx/2025.1/Vivado/bin/unwrapped/win64.o/xelab.exe --incr --debug typical --relax --mt 2 -L xil_defaultlib -L unisims_ver -L unimacro_ver -L secureip --snapshot seq_detector_TB_behav xil_defaultlib.seq_detector_TB xil_defaultlib.glbl -log elaborate.log 
Using 2 slave threads.
Starting static elaboration
Pass Through NonSizing Optimizer
ERROR: [VRFC 10-2989] 'present_state' is not declared [D:/ECE/FPGA Training NTI/Sequence_detector_overlapping_nonoverlapping/Sequence_detector_overlapping.srcs/sources_1/new/seq_detector_TB.v:88]
ERROR: [XSIM 43-3322] Static elaboration of top level Verilog design unit(s) in library work failed.
INFO: [USF-XSim-69] 'elaborate' step finished in '2' seconds
INFO: [USF-XSim-99] Step results log file:'D:/ECE/FPGA Training NTI/Sequence_detector_overlapping_nonoverlapping/Sequence_detector_overlapping.sim/sim_1/behav/xsim/elaborate.log'
ERROR: [USF-XSim-62] 'elaborate' step failed with error(s). Please check the Tcl console output or 'D:/ECE/FPGA Training NTI/Sequence_detector_overlapping_nonoverlapping/Sequence_detector_overlapping.sim/sim_1/behav/xsim/elaborate.log' file for more information.
ERROR: [Vivado 12-4473] Detected error while running simulation. Please correct the issue and retry this operation.
ERROR: [Common 17-39] 'launch_simulation' failed due to earlier errors.
WARNING: [filemgmt 56-199] Attempt to get parsing info during refresh. "On-the-fly" syntax checking information may be incorrect. [D:\ECE\FPGA Training NTI\Sequence_detector_overlapping_nonoverlapping\Sequence_detector_overlapping.srcs\sources_1\new\nonoverlapping_seq_detector_moore.v:]
WARNING: [filemgmt 56-199] Attempt to get parsing info during refresh. "On-the-fly" syntax checking information may be incorrect. [D:\ECE\FPGA Training NTI\Sequence_detector_overlapping_nonoverlapping\Sequence_detector_overlapping.srcs\sources_1\new\overlapping_seq_detector_moore.v:]
WARNING: [filemgmt 56-199] Attempt to get parsing info during refresh. "On-the-fly" syntax checking information may be incorrect. [D:\ECE\FPGA Training NTI\Sequence_detector_overlapping_nonoverlapping\Sequence_detector_overlapping.srcs\sources_1\new\non_overlapping_seq_detector.v:]
WARNING: [filemgmt 56-199] Attempt to get parsing info during refresh. "On-the-fly" syntax checking information may be incorrect. [D:\ECE\FPGA Training NTI\Sequence_detector_overlapping_nonoverlapping\Sequence_detector_overlapping.srcs\sources_1\new\seq_detector_TB.v:]
WARNING: [filemgmt 56-199] Attempt to get parsing info during refresh. "On-the-fly" syntax checking information may be incorrect. [D:\ECE\FPGA Training NTI\Sequence_detector_overlapping_nonoverlapping\Sequence_detector_overlapping.srcs\sources_1\new\non_overlapping_seq_detector.v:]
WARNING: [filemgmt 56-199] Attempt to get parsing info during refresh. "On-the-fly" syntax checking information may be incorrect. [D:\ECE\FPGA Training NTI\Sequence_detector_overlapping_nonoverlapping\Sequence_detector_overlapping.srcs\sources_1\new\non_overlapping_seq_detector.v:]
ERROR: [Common 17-180] Spawn failed: The operation completed successfully.

WARNING: [filemgmt 56-199] Attempt to get parsing info during refresh. "On-the-fly" syntax checking information may be incorrect. [D:\ECE\FPGA Training NTI\Sequence_detector_overlapping_nonoverlapping\Sequence_detector_overlapping.srcs\sources_1\new\nonoverlapping_seq_detector_moore.v:]
WARNING: [filemgmt 56-199] Attempt to get parsing info during refresh. "On-the-fly" syntax checking information may be incorrect. [D:\ECE\FPGA Training NTI\Sequence_detector_overlapping_nonoverlapping\Sequence_detector_overlapping.srcs\sources_1\new\overlapping_seq_detector_moore.v:]
WARNING: [filemgmt 56-199] Attempt to get parsing info during refresh. "On-the-fly" syntax checking information may be incorrect. [D:\ECE\FPGA Training NTI\Sequence_detector_overlapping_nonoverlapping\Sequence_detector_overlapping.srcs\sources_1\new\non_overlapping_seq_detector.v:]
WARNING: [filemgmt 56-199] Attempt to get parsing info during refresh. "On-the-fly" syntax checking information may be incorrect. [D:\ECE\FPGA Training NTI\Sequence_detector_overlapping_nonoverlapping\Sequence_detector_overlapping.srcs\sources_1\new\seq_detector_TB.v:]
WARNING: [filemgmt 56-199] Attempt to get parsing info during refresh. "On-the-fly" syntax checking information may be incorrect. [D:\ECE\FPGA Training NTI\Sequence_detector_overlapping_nonoverlapping\Sequence_detector_overlapping.srcs\sources_1\new\nonoverlapping_seq_detector_moore.v:]
WARNING: [filemgmt 56-199] Attempt to get parsing info during refresh. "On-the-fly" syntax checking information may be incorrect. [D:\ECE\FPGA Training NTI\Sequence_detector_overlapping_nonoverlapping\Sequence_detector_overlapping.srcs\sources_1\new\nonoverlapping_seq_detector_moore.v:]
WARNING: [filemgmt 56-199] Attempt to get parsing info during refresh. "On-the-fly" syntax checking information may be incorrect. [D:\ECE\FPGA Training NTI\Sequence_detector_overlapping_nonoverlapping\Sequence_detector_overlapping.srcs\sources_1\new\overlapping_seq_detector_moore.v:]
WARNING: [filemgmt 56-199] Attempt to get parsing info during refresh. "On-the-fly" syntax checking information may be incorrect. [D:\ECE\FPGA Training NTI\Sequence_detector_overlapping_nonoverlapping\Sequence_detector_overlapping.srcs\sources_1\new\overlapping_seq_detector_moore.v:]
launch_simulation
Command: launch_simulation 
INFO: [Vivado 12-12493] Simulation top is 'seq_detector_TB'
INFO: [Vivado 12-5682] Launching behavioral simulation in 'D:/ECE/FPGA Training NTI/Sequence_detector_overlapping_nonoverlapping/Sequence_detector_overlapping.sim/sim_1/behav/xsim'
INFO: [SIM-utils-51] Simulation object is 'sim_1'
INFO: [SIM-utils-72] Using boost library from 'C:/Xilinx/2025.1/Vivado/tps/boost_1_72_0'
INFO: [SIM-utils-54] Inspecting design source files for 'seq_detector_TB' in fileset 'sim_1'...
INFO: [USF-XSim-97] Finding global include files...
INFO: [USF-XSim-98] Fetching design files from 'sim_1'...
INFO: [USF-XSim-2] XSim::Compile design
INFO: [USF-XSim-61] Executing 'COMPILE and ANALYZE' step in 'D:/ECE/FPGA Training NTI/Sequence_detector_overlapping_nonoverlapping/Sequence_detector_overlapping.sim/sim_1/behav/xsim'
"xvlog --incr --relax -prj seq_detector_TB_vlog.prj"
INFO: [VRFC 10-2263] Analyzing Verilog file "D:/ECE/FPGA Training NTI/Sequence_detector_overlapping_nonoverlapping/Sequence_detector_overlapping.srcs/sources_1/new/non_overlapping_seq_detector.v" into library xil_defaultlib
INFO: [VRFC 10-311] analyzing module non_overlapping_seq_detector_mealy
INFO: [VRFC 10-2263] Analyzing Verilog file "D:/ECE/FPGA Training NTI/Sequence_detector_overlapping_nonoverlapping/Sequence_detector_overlapping.srcs/sources_1/new/nonoverlapping_seq_detector_moore.v" into library xil_defaultlib
INFO: [VRFC 10-311] analyzing module nonoverlapping_seq_detector_moore
INFO: [VRFC 10-2263] Analyzing Verilog file "D:/ECE/FPGA Training NTI/Sequence_detector_overlapping_nonoverlapping/Sequence_detector_overlapping.srcs/sources_1/new/overlapping_seq_detector.v" into library xil_defaultlib
INFO: [VRFC 10-311] analyzing module overlapping_seq_detector_mealy
INFO: [VRFC 10-2263] Analyzing Verilog file "D:/ECE/FPGA Training NTI/Sequence_detector_overlapping_nonoverlapping/Sequence_detector_overlapping.srcs/sources_1/new/overlapping_seq_detector_moore.v" into library xil_defaultlib
INFO: [VRFC 10-311] analyzing module overlapping_seq_detector_moore
INFO: [VRFC 10-2263] Analyzing Verilog file "D:/ECE/FPGA Training NTI/Sequence_detector_overlapping_nonoverlapping/Sequence_detector_overlapping.srcs/sources_1/new/seq_detector_TB.v" into library xil_defaultlib
INFO: [VRFC 10-311] analyzing module seq_detector_TB
WARNING: [VRFC 10-3522] missing or empty argument against format specification for 'monitor' [D:/ECE/FPGA Training NTI/Sequence_detector_overlapping_nonoverlapping/Sequence_detector_overlapping.srcs/sources_1/new/seq_detector_TB.v:90]
INFO: [USF-XSim-69] 'compile' step finished in '2' seconds
INFO: [USF-XSim-3] XSim::Elaborate design
INFO: [USF-XSim-61] Executing 'ELABORATE' step in 'D:/ECE/FPGA Training NTI/Sequence_detector_overlapping_nonoverlapping/Sequence_detector_overlapping.sim/sim_1/behav/xsim'
"xelab --incr --debug typical --relax --mt 2 -L xil_defaultlib -L unisims_ver -L unimacro_ver -L secureip --snapshot seq_detector_TB_behav xil_defaultlib.seq_detector_TB xil_defaultlib.glbl -log elaborate.log"
Vivado Simulator v2025.1.0
Copyright 1986-2022 Xilinx, Inc. All Rights Reserved.
Copyright 2022-2025 Advanced Micro Devices, Inc. All Rights Reserved.
Running: C:/Xilinx/2025.1/Vivado/bin/unwrapped/win64.o/xelab.exe --incr --debug typical --relax --mt 2 -L xil_defaultlib -L unisims_ver -L unimacro_ver -L secureip --snapshot seq_detector_TB_behav xil_defaultlib.seq_detector_TB xil_defaultlib.glbl -log elaborate.log 
Using 2 slave threads.
Starting static elaboration
Pass Through NonSizing Optimizer
ERROR: [VRFC 10-2989] 'moore_over_nextstate' is not declared [D:/ECE/FPGA Training NTI/Sequence_detector_overlapping_nonoverlapping/Sequence_detector_overlapping.srcs/sources_1/new/seq_detector_TB.v:91]
ERROR: [XSIM 43-3322] Static elaboration of top level Verilog design unit(s) in library work failed.
INFO: [USF-XSim-69] 'elaborate' step finished in '1' seconds
INFO: [USF-XSim-99] Step results log file:'D:/ECE/FPGA Training NTI/Sequence_detector_overlapping_nonoverlapping/Sequence_detector_overlapping.sim/sim_1/behav/xsim/elaborate.log'
ERROR: [USF-XSim-62] 'elaborate' step failed with error(s). Please check the Tcl console output or 'D:/ECE/FPGA Training NTI/Sequence_detector_overlapping_nonoverlapping/Sequence_detector_overlapping.sim/sim_1/behav/xsim/elaborate.log' file for more information.
ERROR: [Vivado 12-4473] Detected error while running simulation. Please correct the issue and retry this operation.
ERROR: [Common 17-39] 'launch_simulation' failed due to earlier errors.
WARNING: [filemgmt 56-199] Attempt to get parsing info during refresh. "On-the-fly" syntax checking information may be incorrect. [D:\ECE\FPGA Training NTI\Sequence_detector_overlapping_nonoverlapping\Sequence_detector_overlapping.srcs\sources_1\new\nonoverlapping_seq_detector_moore.v:]
WARNING: [filemgmt 56-199] Attempt to get parsing info during refresh. "On-the-fly" syntax checking information may be incorrect. [D:\ECE\FPGA Training NTI\Sequence_detector_overlapping_nonoverlapping\Sequence_detector_overlapping.srcs\sources_1\new\overlapping_seq_detector_moore.v:]
WARNING: [filemgmt 56-199] Attempt to get parsing info during refresh. "On-the-fly" syntax checking information may be incorrect. [D:\ECE\FPGA Training NTI\Sequence_detector_overlapping_nonoverlapping\Sequence_detector_overlapping.srcs\sources_1\new\non_overlapping_seq_detector.v:]
WARNING: [filemgmt 56-199] Attempt to get parsing info during refresh. "On-the-fly" syntax checking information may be incorrect. [D:\ECE\FPGA Training NTI\Sequence_detector_overlapping_nonoverlapping\Sequence_detector_overlapping.srcs\sources_1\new\seq_detector_TB.v:]
WARNING: [filemgmt 56-199] Attempt to get parsing info during refresh. "On-the-fly" syntax checking information may be incorrect. [D:\ECE\FPGA Training NTI\Sequence_detector_overlapping_nonoverlapping\Sequence_detector_overlapping.srcs\sources_1\new\overlapping_seq_detector_moore.v:]
WARNING: [filemgmt 56-199] Attempt to get parsing info during refresh. "On-the-fly" syntax checking information may be incorrect. [D:\ECE\FPGA Training NTI\Sequence_detector_overlapping_nonoverlapping\Sequence_detector_overlapping.srcs\sources_1\new\overlapping_seq_detector_moore.v:]
WARNING: [filemgmt 56-199] Attempt to get parsing info during refresh. "On-the-fly" syntax checking information may be incorrect. [D:\ECE\FPGA Training NTI\Sequence_detector_overlapping_nonoverlapping\Sequence_detector_overlapping.srcs\sources_1\new\nonoverlapping_seq_detector_moore.v:]
WARNING: [filemgmt 56-199] Attempt to get parsing info during refresh. "On-the-fly" syntax checking information may be incorrect. [D:\ECE\FPGA Training NTI\Sequence_detector_overlapping_nonoverlapping\Sequence_detector_overlapping.srcs\sources_1\new\overlapping_seq_detector_moore.v:]
WARNING: [filemgmt 56-199] Attempt to get parsing info during refresh. "On-the-fly" syntax checking information may be incorrect. [D:\ECE\FPGA Training NTI\Sequence_detector_overlapping_nonoverlapping\Sequence_detector_overlapping.srcs\sources_1\new\non_overlapping_seq_detector.v:]
WARNING: [filemgmt 56-199] Attempt to get parsing info during refresh. "On-the-fly" syntax checking information may be incorrect. [D:\ECE\FPGA Training NTI\Sequence_detector_overlapping_nonoverlapping\Sequence_detector_overlapping.srcs\sources_1\new\seq_detector_TB.v:]
WARNING: [filemgmt 56-199] Attempt to get parsing info during refresh. "On-the-fly" syntax checking information may be incorrect. [D:\ECE\FPGA Training NTI\Sequence_detector_overlapping_nonoverlapping\Sequence_detector_overlapping.srcs\sources_1\new\non_overlapping_seq_detector.v:]
WARNING: [filemgmt 56-199] Attempt to get parsing info during refresh. "On-the-fly" syntax checking information may be incorrect. [D:\ECE\FPGA Training NTI\Sequence_detector_overlapping_nonoverlapping\Sequence_detector_overlapping.srcs\sources_1\new\non_overlapping_seq_detector.v:]
ERROR: [Common 17-180] Spawn failed: The operation completed successfully.

WARNING: [filemgmt 56-199] Attempt to get parsing info during refresh. "On-the-fly" syntax checking information may be incorrect. [D:\ECE\FPGA Training NTI\Sequence_detector_overlapping_nonoverlapping\Sequence_detector_overlapping.srcs\sources_1\new\nonoverlapping_seq_detector_moore.v:]
WARNING: [filemgmt 56-199] Attempt to get parsing info during refresh. "On-the-fly" syntax checking information may be incorrect. [D:\ECE\FPGA Training NTI\Sequence_detector_overlapping_nonoverlapping\Sequence_detector_overlapping.srcs\sources_1\new\overlapping_seq_detector_moore.v:]
WARNING: [filemgmt 56-199] Attempt to get parsing info during refresh. "On-the-fly" syntax checking information may be incorrect. [D:\ECE\FPGA Training NTI\Sequence_detector_overlapping_nonoverlapping\Sequence_detector_overlapping.srcs\sources_1\new\non_overlapping_seq_detector.v:]
WARNING: [filemgmt 56-199] Attempt to get parsing info during refresh. "On-the-fly" syntax checking information may be incorrect. [D:\ECE\FPGA Training NTI\Sequence_detector_overlapping_nonoverlapping\Sequence_detector_overlapping.srcs\sources_1\new\seq_detector_TB.v:]
WARNING: [filemgmt 56-199] Attempt to get parsing info during refresh. "On-the-fly" syntax checking information may be incorrect. [D:\ECE\FPGA Training NTI\Sequence_detector_overlapping_nonoverlapping\Sequence_detector_overlapping.srcs\sources_1\new\nonoverlapping_seq_detector_moore.v:]
WARNING: [filemgmt 56-199] Attempt to get parsing info during refresh. "On-the-fly" syntax checking information may be incorrect. [D:\ECE\FPGA Training NTI\Sequence_detector_overlapping_nonoverlapping\Sequence_detector_overlapping.srcs\sources_1\new\nonoverlapping_seq_detector_moore.v:]
launch_simulation
Command: launch_simulation 
INFO: [Vivado 12-12493] Simulation top is 'seq_detector_TB'
INFO: [Vivado 12-5682] Launching behavioral simulation in 'D:/ECE/FPGA Training NTI/Sequence_detector_overlapping_nonoverlapping/Sequence_detector_overlapping.sim/sim_1/behav/xsim'
INFO: [SIM-utils-51] Simulation object is 'sim_1'
INFO: [SIM-utils-72] Using boost library from 'C:/Xilinx/2025.1/Vivado/tps/boost_1_72_0'
INFO: [SIM-utils-54] Inspecting design source files for 'seq_detector_TB' in fileset 'sim_1'...
INFO: [USF-XSim-97] Finding global include files...
INFO: [USF-XSim-98] Fetching design files from 'sim_1'...
INFO: [USF-XSim-2] XSim::Compile design
INFO: [USF-XSim-61] Executing 'COMPILE and ANALYZE' step in 'D:/ECE/FPGA Training NTI/Sequence_detector_overlapping_nonoverlapping/Sequence_detector_overlapping.sim/sim_1/behav/xsim'
"xvlog --incr --relax -prj seq_detector_TB_vlog.prj"
INFO: [VRFC 10-2263] Analyzing Verilog file "D:/ECE/FPGA Training NTI/Sequence_detector_overlapping_nonoverlapping/Sequence_detector_overlapping.srcs/sources_1/new/non_overlapping_seq_detector.v" into library xil_defaultlib
INFO: [VRFC 10-311] analyzing module non_overlapping_seq_detector_mealy
INFO: [VRFC 10-2263] Analyzing Verilog file "D:/ECE/FPGA Training NTI/Sequence_detector_overlapping_nonoverlapping/Sequence_detector_overlapping.srcs/sources_1/new/nonoverlapping_seq_detector_moore.v" into library xil_defaultlib
INFO: [VRFC 10-311] analyzing module nonoverlapping_seq_detector_moore
INFO: [VRFC 10-2263] Analyzing Verilog file "D:/ECE/FPGA Training NTI/Sequence_detector_overlapping_nonoverlapping/Sequence_detector_overlapping.srcs/sources_1/new/overlapping_seq_detector.v" into library xil_defaultlib
INFO: [VRFC 10-311] analyzing module overlapping_seq_detector_mealy
INFO: [VRFC 10-2263] Analyzing Verilog file "D:/ECE/FPGA Training NTI/Sequence_detector_overlapping_nonoverlapping/Sequence_detector_overlapping.srcs/sources_1/new/overlapping_seq_detector_moore.v" into library xil_defaultlib
INFO: [VRFC 10-311] analyzing module overlapping_seq_detector_moore
INFO: [VRFC 10-2263] Analyzing Verilog file "D:/ECE/FPGA Training NTI/Sequence_detector_overlapping_nonoverlapping/Sequence_detector_overlapping.srcs/sources_1/new/seq_detector_TB.v" into library xil_defaultlib
INFO: [VRFC 10-311] analyzing module seq_detector_TB
INFO: [USF-XSim-69] 'compile' step finished in '2' seconds
INFO: [USF-XSim-3] XSim::Elaborate design
INFO: [USF-XSim-61] Executing 'ELABORATE' step in 'D:/ECE/FPGA Training NTI/Sequence_detector_overlapping_nonoverlapping/Sequence_detector_overlapping.sim/sim_1/behav/xsim'
"xelab --incr --debug typical --relax --mt 2 -L xil_defaultlib -L unisims_ver -L unimacro_ver -L secureip --snapshot seq_detector_TB_behav xil_defaultlib.seq_detector_TB xil_defaultlib.glbl -log elaborate.log"
Vivado Simulator v2025.1.0
Copyright 1986-2022 Xilinx, Inc. All Rights Reserved.
Copyright 2022-2025 Advanced Micro Devices, Inc. All Rights Reserved.
Running: C:/Xilinx/2025.1/Vivado/bin/unwrapped/win64.o/xelab.exe --incr --debug typical --relax --mt 2 -L xil_defaultlib -L unisims_ver -L unimacro_ver -L secureip --snapshot seq_detector_TB_behav xil_defaultlib.seq_detector_TB xil_defaultlib.glbl -log elaborate.log 
Using 2 slave threads.
Starting static elaboration
Pass Through NonSizing Optimizer
ERROR: [VRFC 10-2989] 'moore_over_nextstate' is not declared [D:/ECE/FPGA Training NTI/Sequence_detector_overlapping_nonoverlapping/Sequence_detector_overlapping.srcs/sources_1/new/seq_detector_TB.v:91]
ERROR: [XSIM 43-3322] Static elaboration of top level Verilog design unit(s) in library work failed.
INFO: [USF-XSim-69] 'elaborate' step finished in '2' seconds
INFO: [USF-XSim-99] Step results log file:'D:/ECE/FPGA Training NTI/Sequence_detector_overlapping_nonoverlapping/Sequence_detector_overlapping.sim/sim_1/behav/xsim/elaborate.log'
ERROR: [USF-XSim-62] 'elaborate' step failed with error(s). Please check the Tcl console output or 'D:/ECE/FPGA Training NTI/Sequence_detector_overlapping_nonoverlapping/Sequence_detector_overlapping.sim/sim_1/behav/xsim/elaborate.log' file for more information.
ERROR: [Vivado 12-4473] Detected error while running simulation. Please correct the issue and retry this operation.
ERROR: [Common 17-39] 'launch_simulation' failed due to earlier errors.
WARNING: [filemgmt 56-199] Attempt to get parsing info during refresh. "On-the-fly" syntax checking information may be incorrect. [D:\ECE\FPGA Training NTI\Sequence_detector_overlapping_nonoverlapping\Sequence_detector_overlapping.srcs\sources_1\new\nonoverlapping_seq_detector_moore.v:]
WARNING: [filemgmt 56-199] Attempt to get parsing info during refresh. "On-the-fly" syntax checking information may be incorrect. [D:\ECE\FPGA Training NTI\Sequence_detector_overlapping_nonoverlapping\Sequence_detector_overlapping.srcs\sources_1\new\overlapping_seq_detector_moore.v:]
WARNING: [filemgmt 56-199] Attempt to get parsing info during refresh. "On-the-fly" syntax checking information may be incorrect. [D:\ECE\FPGA Training NTI\Sequence_detector_overlapping_nonoverlapping\Sequence_detector_overlapping.srcs\sources_1\new\non_overlapping_seq_detector.v:]
WARNING: [filemgmt 56-199] Attempt to get parsing info during refresh. "On-the-fly" syntax checking information may be incorrect. [D:\ECE\FPGA Training NTI\Sequence_detector_overlapping_nonoverlapping\Sequence_detector_overlapping.srcs\sources_1\new\seq_detector_TB.v:]
WARNING: [filemgmt 56-199] Attempt to get parsing info during refresh. "On-the-fly" syntax checking information may be incorrect. [D:\ECE\FPGA Training NTI\Sequence_detector_overlapping_nonoverlapping\Sequence_detector_overlapping.srcs\sources_1\new\seq_detector_TB.v:]
WARNING: [filemgmt 56-199] Attempt to get parsing info during refresh. "On-the-fly" syntax checking information may be incorrect. [D:\ECE\FPGA Training NTI\Sequence_detector_overlapping_nonoverlapping\Sequence_detector_overlapping.srcs\sources_1\new\seq_detector_TB.v:]
WARNING: [filemgmt 56-199] Attempt to get parsing info during refresh. "On-the-fly" syntax checking information may be incorrect. [D:\ECE\FPGA Training NTI\Sequence_detector_overlapping_nonoverlapping\Sequence_detector_overlapping.srcs\sources_1\new\nonoverlapping_seq_detector_moore.v:]
WARNING: [filemgmt 56-199] Attempt to get parsing info during refresh. "On-the-fly" syntax checking information may be incorrect. [D:\ECE\FPGA Training NTI\Sequence_detector_overlapping_nonoverlapping\Sequence_detector_overlapping.srcs\sources_1\new\overlapping_seq_detector_moore.v:]
WARNING: [filemgmt 56-199] Attempt to get parsing info during refresh. "On-the-fly" syntax checking information may be incorrect. [D:\ECE\FPGA Training NTI\Sequence_detector_overlapping_nonoverlapping\Sequence_detector_overlapping.srcs\sources_1\new\non_overlapping_seq_detector.v:]
WARNING: [filemgmt 56-199] Attempt to get parsing info during refresh. "On-the-fly" syntax checking information may be incorrect. [D:\ECE\FPGA Training NTI\Sequence_detector_overlapping_nonoverlapping\Sequence_detector_overlapping.srcs\sources_1\new\seq_detector_TB.v:]
WARNING: [filemgmt 56-199] Attempt to get parsing info during refresh. "On-the-fly" syntax checking information may be incorrect. [D:\ECE\FPGA Training NTI\Sequence_detector_overlapping_nonoverlapping\Sequence_detector_overlapping.srcs\sources_1\new\overlapping_seq_detector_moore.v:]
WARNING: [filemgmt 56-199] Attempt to get parsing info during refresh. "On-the-fly" syntax checking information may be incorrect. [D:\ECE\FPGA Training NTI\Sequence_detector_overlapping_nonoverlapping\Sequence_detector_overlapping.srcs\sources_1\new\overlapping_seq_detector_moore.v:]
launch_simulation
Command: launch_simulation 
INFO: [Vivado 12-12493] Simulation top is 'seq_detector_TB'
INFO: [Vivado 12-5682] Launching behavioral simulation in 'D:/ECE/FPGA Training NTI/Sequence_detector_overlapping_nonoverlapping/Sequence_detector_overlapping.sim/sim_1/behav/xsim'
INFO: [SIM-utils-51] Simulation object is 'sim_1'
INFO: [SIM-utils-72] Using boost library from 'C:/Xilinx/2025.1/Vivado/tps/boost_1_72_0'
INFO: [SIM-utils-54] Inspecting design source files for 'seq_detector_TB' in fileset 'sim_1'...
INFO: [USF-XSim-97] Finding global include files...
INFO: [USF-XSim-98] Fetching design files from 'sim_1'...
INFO: [USF-XSim-2] XSim::Compile design
INFO: [USF-XSim-61] Executing 'COMPILE and ANALYZE' step in 'D:/ECE/FPGA Training NTI/Sequence_detector_overlapping_nonoverlapping/Sequence_detector_overlapping.sim/sim_1/behav/xsim'
"xvlog --incr --relax -prj seq_detector_TB_vlog.prj"
INFO: [VRFC 10-2263] Analyzing Verilog file "D:/ECE/FPGA Training NTI/Sequence_detector_overlapping_nonoverlapping/Sequence_detector_overlapping.srcs/sources_1/new/non_overlapping_seq_detector.v" into library xil_defaultlib
INFO: [VRFC 10-311] analyzing module non_overlapping_seq_detector_mealy
INFO: [VRFC 10-2263] Analyzing Verilog file "D:/ECE/FPGA Training NTI/Sequence_detector_overlapping_nonoverlapping/Sequence_detector_overlapping.srcs/sources_1/new/nonoverlapping_seq_detector_moore.v" into library xil_defaultlib
INFO: [VRFC 10-311] analyzing module nonoverlapping_seq_detector_moore
INFO: [VRFC 10-2263] Analyzing Verilog file "D:/ECE/FPGA Training NTI/Sequence_detector_overlapping_nonoverlapping/Sequence_detector_overlapping.srcs/sources_1/new/overlapping_seq_detector.v" into library xil_defaultlib
INFO: [VRFC 10-311] analyzing module overlapping_seq_detector_mealy
INFO: [VRFC 10-2263] Analyzing Verilog file "D:/ECE/FPGA Training NTI/Sequence_detector_overlapping_nonoverlapping/Sequence_detector_overlapping.srcs/sources_1/new/overlapping_seq_detector_moore.v" into library xil_defaultlib
INFO: [VRFC 10-311] analyzing module overlapping_seq_detector_moore
INFO: [VRFC 10-2263] Analyzing Verilog file "D:/ECE/FPGA Training NTI/Sequence_detector_overlapping_nonoverlapping/Sequence_detector_overlapping.srcs/sources_1/new/seq_detector_TB.v" into library xil_defaultlib
INFO: [VRFC 10-311] analyzing module seq_detector_TB
INFO: [USF-XSim-69] 'compile' step finished in '1' seconds
INFO: [USF-XSim-3] XSim::Elaborate design
INFO: [USF-XSim-61] Executing 'ELABORATE' step in 'D:/ECE/FPGA Training NTI/Sequence_detector_overlapping_nonoverlapping/Sequence_detector_overlapping.sim/sim_1/behav/xsim'
"xelab --incr --debug typical --relax --mt 2 -L xil_defaultlib -L unisims_ver -L unimacro_ver -L secureip --snapshot seq_detector_TB_behav xil_defaultlib.seq_detector_TB xil_defaultlib.glbl -log elaborate.log"
Vivado Simulator v2025.1.0
Copyright 1986-2022 Xilinx, Inc. All Rights Reserved.
Copyright 2022-2025 Advanced Micro Devices, Inc. All Rights Reserved.
Running: C:/Xilinx/2025.1/Vivado/bin/unwrapped/win64.o/xelab.exe --incr --debug typical --relax --mt 2 -L xil_defaultlib -L unisims_ver -L unimacro_ver -L secureip --snapshot seq_detector_TB_behav xil_defaultlib.seq_detector_TB xil_defaultlib.glbl -log elaborate.log 
Using 2 slave threads.
Starting static elaboration
Pass Through NonSizing Optimizer
ERROR: [VRFC 10-2991] 'nextstate' is not declared under prefix 'moore_over' [D:/ECE/FPGA Training NTI/Sequence_detector_overlapping_nonoverlapping/Sequence_detector_overlapping.srcs/sources_1/new/seq_detector_TB.v:91]
ERROR: [XSIM 43-3322] Static elaboration of top level Verilog design unit(s) in library work failed.
INFO: [USF-XSim-69] 'elaborate' step finished in '2' seconds
INFO: [USF-XSim-99] Step results log file:'D:/ECE/FPGA Training NTI/Sequence_detector_overlapping_nonoverlapping/Sequence_detector_overlapping.sim/sim_1/behav/xsim/elaborate.log'
ERROR: [USF-XSim-62] 'elaborate' step failed with error(s). Please check the Tcl console output or 'D:/ECE/FPGA Training NTI/Sequence_detector_overlapping_nonoverlapping/Sequence_detector_overlapping.sim/sim_1/behav/xsim/elaborate.log' file for more information.
ERROR: [Vivado 12-4473] Detected error while running simulation. Please correct the issue and retry this operation.
ERROR: [Common 17-39] 'launch_simulation' failed due to earlier errors.
launch_simulation
Command: launch_simulation 
INFO: [Vivado 12-12493] Simulation top is 'seq_detector_TB'
INFO: [Vivado 12-5682] Launching behavioral simulation in 'D:/ECE/FPGA Training NTI/Sequence_detector_overlapping_nonoverlapping/Sequence_detector_overlapping.sim/sim_1/behav/xsim'
INFO: [SIM-utils-51] Simulation object is 'sim_1'
INFO: [SIM-utils-72] Using boost library from 'C:/Xilinx/2025.1/Vivado/tps/boost_1_72_0'
INFO: [SIM-utils-54] Inspecting design source files for 'seq_detector_TB' in fileset 'sim_1'...
INFO: [USF-XSim-97] Finding global include files...
INFO: [USF-XSim-98] Fetching design files from 'sim_1'...
INFO: [USF-XSim-2] XSim::Compile design
INFO: [USF-XSim-61] Executing 'COMPILE and ANALYZE' step in 'D:/ECE/FPGA Training NTI/Sequence_detector_overlapping_nonoverlapping/Sequence_detector_overlapping.sim/sim_1/behav/xsim'
"xvlog --incr --relax -prj seq_detector_TB_vlog.prj"
INFO: [VRFC 10-2263] Analyzing Verilog file "D:/ECE/FPGA Training NTI/Sequence_detector_overlapping_nonoverlapping/Sequence_detector_overlapping.srcs/sources_1/new/non_overlapping_seq_detector.v" into library xil_defaultlib
INFO: [VRFC 10-311] analyzing module non_overlapping_seq_detector_mealy
INFO: [VRFC 10-2263] Analyzing Verilog file "D:/ECE/FPGA Training NTI/Sequence_detector_overlapping_nonoverlapping/Sequence_detector_overlapping.srcs/sources_1/new/nonoverlapping_seq_detector_moore.v" into library xil_defaultlib
INFO: [VRFC 10-311] analyzing module nonoverlapping_seq_detector_moore
INFO: [VRFC 10-2263] Analyzing Verilog file "D:/ECE/FPGA Training NTI/Sequence_detector_overlapping_nonoverlapping/Sequence_detector_overlapping.srcs/sources_1/new/overlapping_seq_detector.v" into library xil_defaultlib
INFO: [VRFC 10-311] analyzing module overlapping_seq_detector_mealy
INFO: [VRFC 10-2263] Analyzing Verilog file "D:/ECE/FPGA Training NTI/Sequence_detector_overlapping_nonoverlapping/Sequence_detector_overlapping.srcs/sources_1/new/overlapping_seq_detector_moore.v" into library xil_defaultlib
INFO: [VRFC 10-311] analyzing module overlapping_seq_detector_moore
INFO: [VRFC 10-2263] Analyzing Verilog file "D:/ECE/FPGA Training NTI/Sequence_detector_overlapping_nonoverlapping/Sequence_detector_overlapping.srcs/sources_1/new/seq_detector_TB.v" into library xil_defaultlib
INFO: [VRFC 10-311] analyzing module seq_detector_TB
INFO: [USF-XSim-69] 'compile' step finished in '2' seconds
INFO: [USF-XSim-3] XSim::Elaborate design
INFO: [USF-XSim-61] Executing 'ELABORATE' step in 'D:/ECE/FPGA Training NTI/Sequence_detector_overlapping_nonoverlapping/Sequence_detector_overlapping.sim/sim_1/behav/xsim'
"xelab --incr --debug typical --relax --mt 2 -L xil_defaultlib -L unisims_ver -L unimacro_ver -L secureip --snapshot seq_detector_TB_behav xil_defaultlib.seq_detector_TB xil_defaultlib.glbl -log elaborate.log"
Vivado Simulator v2025.1.0
Copyright 1986-2022 Xilinx, Inc. All Rights Reserved.
Copyright 2022-2025 Advanced Micro Devices, Inc. All Rights Reserved.
Running: C:/Xilinx/2025.1/Vivado/bin/unwrapped/win64.o/xelab.exe --incr --debug typical --relax --mt 2 -L xil_defaultlib -L unisims_ver -L unimacro_ver -L secureip --snapshot seq_detector_TB_behav xil_defaultlib.seq_detector_TB xil_defaultlib.glbl -log elaborate.log 
Using 2 slave threads.
Starting static elaboration
Pass Through NonSizing Optimizer
Completed static elaboration
Starting simulation data flow analysis
Completed simulation data flow analysis
Time Resolution for simulation is 1ps
Compiling module xil_defaultlib.overlapping_seq_detector_mealy
Compiling module xil_defaultlib.non_overlapping_seq_detector_mea...
Compiling module xil_defaultlib.overlapping_seq_detector_moore
Compiling module xil_defaultlib.nonoverlapping_seq_detector_moor...
Compiling module xil_defaultlib.seq_detector_TB
Compiling module xil_defaultlib.glbl
Built simulation snapshot seq_detector_TB_behav
INFO: [USF-XSim-69] 'elaborate' step finished in '2' seconds
INFO: [USF-XSim-4] XSim::Simulate design
INFO: [USF-XSim-61] Executing 'SIMULATE' step in 'D:/ECE/FPGA Training NTI/Sequence_detector_overlapping_nonoverlapping/Sequence_detector_overlapping.sim/sim_1/behav/xsim'
INFO: [USF-XSim-98] *** Running xsim
   with args "seq_detector_TB_behav -key {Behavioral:sim_1:Functional:seq_detector_TB} -tclbatch {seq_detector_TB.tcl} -log {simulate.log}"
INFO: [USF-XSim-8] Loading simulator feature
Time resolution is 1 ps
source seq_detector_TB.tcl
# set curr_wave [current_wave_config]
# if { [string length $curr_wave] == 0 } {
#   if { [llength [get_objects]] > 0} {
#     add_wave /
#     set_property needs_save false [current_wave_config]
#   } else {
#      send_msg_id Add_Wave-1 WARNING "No top level signals found. Simulator will start without a wave window. If you want to open a wave window go to 'File->New Waveform Configuration' or type 'create_wave_config' in the TCL console."
#   }
# }
# run 1000ns
1. DETECTION TEST 

Time=20 | Serial in=0  | Mealy_Over=0 | Moore_Over=0 | Mealy_Non=0 | Moore_Non=0
Present state_mealy_over: 000 >> Next State_mealy_over: 000 | Present state_mealy_nonover: 000 >> Next State_mealy_nonover: 000 | Present state_moore_over: 000 >> Next State_moore_over: 000  | Present state_moore_nonover: 000 >> Next State_moore_nonover: 000
Time=30 | Serial in=1  | Mealy_Over=0 | Moore_Over=0 | Mealy_Non=0 | Moore_Non=0
Present state_mealy_over: 000 >> Next State_mealy_over: 001 | Present state_mealy_nonover: 000 >> Next State_mealy_nonover: 001 | Present state_moore_over: 000 >> Next State_moore_over: 001  | Present state_moore_nonover: 000 >> Next State_moore_nonover: 001
Present state_mealy_over: 001 >> Next State_mealy_over: 010 | Present state_mealy_nonover: 001 >> Next State_mealy_nonover: 010 | Present state_moore_over: 001 >> Next State_moore_over: 010  | Present state_moore_nonover: 001 >> Next State_moore_nonover: 010
Present state_mealy_over: 010 >> Next State_mealy_over: 010 | Present state_mealy_nonover: 010 >> Next State_mealy_nonover: 010 | Present state_moore_over: 010 >> Next State_moore_over: 010  | Present state_moore_nonover: 010 >> Next State_moore_nonover: 010
Time=50 | Serial in=0  | Mealy_Over=0 | Moore_Over=0 | Mealy_Non=0 | Moore_Non=0
Present state_mealy_over: 010 >> Next State_mealy_over: 011 | Present state_mealy_nonover: 010 >> Next State_mealy_nonover: 011 | Present state_moore_over: 010 >> Next State_moore_over: 011  | Present state_moore_nonover: 010 >> Next State_moore_nonover: 011
Present state_mealy_over: 011 >> Next State_mealy_over: 000 | Present state_mealy_nonover: 011 >> Next State_mealy_nonover: 000 | Present state_moore_over: 011 >> Next State_moore_over: 000  | Present state_moore_nonover: 011 >> Next State_moore_nonover: 000
Time=60 | Serial in=1  | Mealy_Over=0 | Moore_Over=0 | Mealy_Non=0 | Moore_Non=0
Present state_mealy_over: 011 >> Next State_mealy_over: 100 | Present state_mealy_nonover: 011 >> Next State_mealy_nonover: 100 | Present state_moore_over: 011 >> Next State_moore_over: 100  | Present state_moore_nonover: 011 >> Next State_moore_nonover: 100
Present state_mealy_over: 100 >> Next State_mealy_over: 010 | Present state_mealy_nonover: 100 >> Next State_mealy_nonover: 010 | Present state_moore_over: 100 >> Next State_moore_over: 010  | Present state_moore_nonover: 100 >> Next State_moore_nonover: 010
Time=70 | Serial in=0  | Mealy_Over=0 | Moore_Over=0 | Mealy_Non=0 | Moore_Non=0
Present state_mealy_over: 100 >> Next State_mealy_over: 101 | Present state_mealy_nonover: 100 >> Next State_mealy_nonover: 101 | Present state_moore_over: 100 >> Next State_moore_over: 101  | Present state_moore_nonover: 100 >> Next State_moore_nonover: 101
Present state_mealy_over: 101 >> Next State_mealy_over: 000 | Present state_mealy_nonover: 101 >> Next State_mealy_nonover: 000 | Present state_moore_over: 101 >> Next State_moore_over: 000  | Present state_moore_nonover: 101 >> Next State_moore_nonover: 000
Time=80 | Serial in=1  | Mealy_Over=1 | Moore_Over=0 | Mealy_Non=1 | Moore_Non=0
Present state_mealy_over: 101 >> Next State_mealy_over: 001 | Present state_mealy_nonover: 101 >> Next State_mealy_nonover: 000 | Present state_moore_over: 101 >> Next State_moore_over: 110  | Present state_moore_nonover: 101 >> Next State_moore_nonover: 110
Detection Success , Overlapping detector With mealy PASSED 
Detection Success , Non-Overlapping detector With mealy PASSED 
Present state_mealy_over: 001 >> Next State_mealy_over: 010 | Present state_mealy_nonover: 000 >> Next State_mealy_nonover: 001 | Present state_moore_over: 110 >> Next State_moore_over: 010  | Present state_moore_nonover: 110 >> Next State_moore_nonover: 001
Time=85 | Serial in=1  | Mealy_Over=0 | Moore_Over=1 | Mealy_Non=0 | Moore_Non=1
Detection Success , Overlapping detector With Moore PASSED  
Detection Success , Non-Overlapping detector With Moore PASSED 

2. Overlapping DETECTION TEST 

Present state_mealy_over: 010 >> Next State_mealy_over: 010 | Present state_mealy_nonover: 001 >> Next State_mealy_nonover: 010 | Present state_moore_over: 010 >> Next State_moore_over: 010  | Present state_moore_nonover: 001 >> Next State_moore_nonover: 010
Time=95 | Serial in=1  | Mealy_Over=0 | Moore_Over=0 | Mealy_Non=0 | Moore_Non=0
Present state_mealy_over: 010 >> Next State_mealy_over: 010 | Present state_mealy_nonover: 010 >> Next State_mealy_nonover: 010 | Present state_moore_over: 010 >> Next State_moore_over: 010  | Present state_moore_nonover: 010 >> Next State_moore_nonover: 010
Time=110 | Serial in=0  | Mealy_Over=0 | Moore_Over=0 | Mealy_Non=0 | Moore_Non=0
Present state_mealy_over: 010 >> Next State_mealy_over: 011 | Present state_mealy_nonover: 010 >> Next State_mealy_nonover: 011 | Present state_moore_over: 010 >> Next State_moore_over: 011  | Present state_moore_nonover: 010 >> Next State_moore_nonover: 011
Present state_mealy_over: 011 >> Next State_mealy_over: 000 | Present state_mealy_nonover: 011 >> Next State_mealy_nonover: 000 | Present state_moore_over: 011 >> Next State_moore_over: 000  | Present state_moore_nonover: 011 >> Next State_moore_nonover: 000
Time=120 | Serial in=1  | Mealy_Over=0 | Moore_Over=0 | Mealy_Non=0 | Moore_Non=0
Present state_mealy_over: 011 >> Next State_mealy_over: 100 | Present state_mealy_nonover: 011 >> Next State_mealy_nonover: 100 | Present state_moore_over: 011 >> Next State_moore_over: 100  | Present state_moore_nonover: 011 >> Next State_moore_nonover: 100
Present state_mealy_over: 100 >> Next State_mealy_over: 010 | Present state_mealy_nonover: 100 >> Next State_mealy_nonover: 010 | Present state_moore_over: 100 >> Next State_moore_over: 010  | Present state_moore_nonover: 100 >> Next State_moore_nonover: 010
Time=130 | Serial in=0  | Mealy_Over=0 | Moore_Over=0 | Mealy_Non=0 | Moore_Non=0
Present state_mealy_over: 100 >> Next State_mealy_over: 101 | Present state_mealy_nonover: 100 >> Next State_mealy_nonover: 101 | Present state_moore_over: 100 >> Next State_moore_over: 101  | Present state_moore_nonover: 100 >> Next State_moore_nonover: 101
Present state_mealy_over: 101 >> Next State_mealy_over: 000 | Present state_mealy_nonover: 101 >> Next State_mealy_nonover: 000 | Present state_moore_over: 101 >> Next State_moore_over: 000  | Present state_moore_nonover: 101 >> Next State_moore_nonover: 000
Detection Failed , Non-Overlapping detector With mealy PASSED 

Detection Failed , Non-Overlapping detector With Moore PASSED 

Time=140 | Serial in=1  | Mealy_Over=1 | Moore_Over=0 | Mealy_Non=1 | Moore_Non=0
Present state_mealy_over: 101 >> Next State_mealy_over: 001 | Present state_mealy_nonover: 101 >> Next State_mealy_nonover: 000 | Present state_moore_over: 101 >> Next State_moore_over: 110  | Present state_moore_nonover: 101 >> Next State_moore_nonover: 110
Detection Success , Overlapping detector With mealy PASSED 

Present state_mealy_over: 001 >> Next State_mealy_over: 010 | Present state_mealy_nonover: 000 >> Next State_mealy_nonover: 001 | Present state_moore_over: 110 >> Next State_moore_over: 010  | Present state_moore_nonover: 110 >> Next State_moore_nonover: 001
Time=145 | Serial in=1  | Mealy_Over=0 | Moore_Over=1 | Mealy_Non=0 | Moore_Non=1
Detection Success , Overlapping detector With Moore PASSED 
 
Present state_mealy_over: 000 >> Next State_mealy_over: 001 | Present state_mealy_nonover: 000 >> Next State_mealy_nonover: 001 | Present state_moore_over: 000 >> Next State_moore_over: 001  | Present state_moore_nonover: 000 >> Next State_moore_nonover: 001
Time=150 | Serial in=1  | Mealy_Over=0 | Moore_Over=0 | Mealy_Non=0 | Moore_Non=0
Present state_mealy_over: 001 >> Next State_mealy_over: 010 | Present state_mealy_nonover: 001 >> Next State_mealy_nonover: 010 | Present state_moore_over: 001 >> Next State_moore_over: 010  | Present state_moore_nonover: 001 >> Next State_moore_nonover: 010
Present state_mealy_over: 010 >> Next State_mealy_over: 010 | Present state_mealy_nonover: 010 >> Next State_mealy_nonover: 010 | Present state_moore_over: 010 >> Next State_moore_over: 010  | Present state_moore_nonover: 010 >> Next State_moore_nonover: 010
 Corner Case Test of S4 to S2
Time=200 | Serial in=0  | Mealy_Over=0 | Moore_Over=0 | Mealy_Non=0 | Moore_Non=0
Present state_mealy_over: 010 >> Next State_mealy_over: 011 | Present state_mealy_nonover: 010 >> Next State_mealy_nonover: 011 | Present state_moore_over: 010 >> Next State_moore_over: 011  | Present state_moore_nonover: 010 >> Next State_moore_nonover: 011
Present state_mealy_over: 011 >> Next State_mealy_over: 000 | Present state_mealy_nonover: 011 >> Next State_mealy_nonover: 000 | Present state_moore_over: 011 >> Next State_moore_over: 000  | Present state_moore_nonover: 011 >> Next State_moore_nonover: 000
Time=210 | Serial in=1  | Mealy_Over=0 | Moore_Over=0 | Mealy_Non=0 | Moore_Non=0
Present state_mealy_over: 011 >> Next State_mealy_over: 100 | Present state_mealy_nonover: 011 >> Next State_mealy_nonover: 100 | Present state_moore_over: 011 >> Next State_moore_over: 100  | Present state_moore_nonover: 011 >> Next State_moore_nonover: 100
Present state_mealy_over: 100 >> Next State_mealy_over: 010 | Present state_mealy_nonover: 100 >> Next State_mealy_nonover: 010 | Present state_moore_over: 100 >> Next State_moore_over: 010  | Present state_moore_nonover: 100 >> Next State_moore_nonover: 010
Present state_mealy_over: 000 >> Next State_mealy_over: 001 | Present state_mealy_nonover: 000 >> Next State_mealy_nonover: 001 | Present state_moore_over: 000 >> Next State_moore_over: 001  | Present state_moore_nonover: 000 >> Next State_moore_nonover: 001
Present state_mealy_over: 001 >> Next State_mealy_over: 010 | Present state_mealy_nonover: 001 >> Next State_mealy_nonover: 010 | Present state_moore_over: 001 >> Next State_moore_over: 010  | Present state_moore_nonover: 001 >> Next State_moore_nonover: 010
Present state_mealy_over: 010 >> Next State_mealy_over: 010 | Present state_mealy_nonover: 010 >> Next State_mealy_nonover: 010 | Present state_moore_over: 010 >> Next State_moore_over: 010  | Present state_moore_nonover: 010 >> Next State_moore_nonover: 010

 Mealy Glitch / Asynchronous Dependence
Time=270 | Serial in=0  | Mealy_Over=0 | Moore_Over=0 | Mealy_Non=0 | Moore_Non=0
Present state_mealy_over: 010 >> Next State_mealy_over: 011 | Present state_mealy_nonover: 010 >> Next State_mealy_nonover: 011 | Present state_moore_over: 010 >> Next State_moore_over: 011  | Present state_moore_nonover: 010 >> Next State_moore_nonover: 011
Present state_mealy_over: 011 >> Next State_mealy_over: 000 | Present state_mealy_nonover: 011 >> Next State_mealy_nonover: 000 | Present state_moore_over: 011 >> Next State_moore_over: 000  | Present state_moore_nonover: 011 >> Next State_moore_nonover: 000
Time=280 | Serial in=1  | Mealy_Over=0 | Moore_Over=0 | Mealy_Non=0 | Moore_Non=0
Present state_mealy_over: 011 >> Next State_mealy_over: 100 | Present state_mealy_nonover: 011 >> Next State_mealy_nonover: 100 | Present state_moore_over: 011 >> Next State_moore_over: 100  | Present state_moore_nonover: 011 >> Next State_moore_nonover: 100
Present state_mealy_over: 100 >> Next State_mealy_over: 010 | Present state_mealy_nonover: 100 >> Next State_mealy_nonover: 010 | Present state_moore_over: 100 >> Next State_moore_over: 010  | Present state_moore_nonover: 100 >> Next State_moore_nonover: 010
Time=290 | Serial in=0  | Mealy_Over=0 | Moore_Over=0 | Mealy_Non=0 | Moore_Non=0
Present state_mealy_over: 100 >> Next State_mealy_over: 101 | Present state_mealy_nonover: 100 >> Next State_mealy_nonover: 101 | Present state_moore_over: 100 >> Next State_moore_over: 101  | Present state_moore_nonover: 100 >> Next State_moore_nonover: 101
Time=292 | Serial in=1  | Mealy_Over=0 | Moore_Over=0 | Mealy_Non=0 | Moore_Non=0
Present state_mealy_over: 100 >> Next State_mealy_over: 010 | Present state_mealy_nonover: 100 >> Next State_mealy_nonover: 010 | Present state_moore_over: 100 >> Next State_moore_over: 010  | Present state_moore_nonover: 100 >> Next State_moore_nonover: 010
Present state_mealy_over: 010 >> Next State_mealy_over: 010 | Present state_mealy_nonover: 010 >> Next State_mealy_nonover: 010 | Present state_moore_over: 010 >> Next State_moore_over: 010  | Present state_moore_nonover: 010 >> Next State_moore_nonover: 010
Time=296 | Serial in=0  | Mealy_Over=0 | Moore_Over=0 | Mealy_Non=0 | Moore_Non=0
Present state_mealy_over: 010 >> Next State_mealy_over: 011 | Present state_mealy_nonover: 010 >> Next State_mealy_nonover: 011 | Present state_moore_over: 010 >> Next State_moore_over: 011  | Present state_moore_nonover: 010 >> Next State_moore_nonover: 011
Present state_mealy_over: 011 >> Next State_mealy_over: 000 | Present state_mealy_nonover: 011 >> Next State_mealy_nonover: 000 | Present state_moore_over: 011 >> Next State_moore_over: 000  | Present state_moore_nonover: 011 >> Next State_moore_nonover: 000
Present state_mealy_over: 000 >> Next State_mealy_over: 000 | Present state_mealy_nonover: 000 >> Next State_mealy_nonover: 000 | Present state_moore_over: 000 >> Next State_moore_over: 000  | Present state_moore_nonover: 000 >> Next State_moore_nonover: 000
$stop called at time : 330 ns : File "D:/ECE/FPGA Training NTI/Sequence_detector_overlapping_nonoverlapping/Sequence_detector_overlapping.srcs/sources_1/new/seq_detector_TB.v" Line 177
INFO: [USF-XSim-96] XSim completed. Design snapshot 'seq_detector_TB_behav' loaded.
INFO: [USF-XSim-97] XSim simulation ran for 1000ns
launch_simulation: Time (s): cpu = 00:00:02 ; elapsed = 00:00:07 . Memory (MB): peak = 1738.898 ; gain = 0.000
close_sim
WARNING: [filemgmt 56-199] Attempt to get parsing info during refresh. "On-the-fly" syntax checking information may be incorrect. [D:\ECE\FPGA Training NTI\Sequence_detector_overlapping_nonoverlapping\Sequence_detector_overlapping.srcs\sources_1\new\nonoverlapping_seq_detector_moore.v:]
WARNING: [filemgmt 56-199] Attempt to get parsing info during refresh. "On-the-fly" syntax checking information may be incorrect. [D:\ECE\FPGA Training NTI\Sequence_detector_overlapping_nonoverlapping\Sequence_detector_overlapping.srcs\sources_1\new\overlapping_seq_detector_moore.v:]
WARNING: [filemgmt 56-199] Attempt to get parsing info during refresh. "On-the-fly" syntax checking information may be incorrect. [D:\ECE\FPGA Training NTI\Sequence_detector_overlapping_nonoverlapping\Sequence_detector_overlapping.srcs\sources_1\new\non_overlapping_seq_detector.v:]
WARNING: [filemgmt 56-199] Attempt to get parsing info during refresh. "On-the-fly" syntax checking information may be incorrect. [D:\ECE\FPGA Training NTI\Sequence_detector_overlapping_nonoverlapping\Sequence_detector_overlapping.srcs\sources_1\new\seq_detector_TB.v:]
WARNING: [filemgmt 56-199] Attempt to get parsing info during refresh. "On-the-fly" syntax checking information may be incorrect. [D:\ECE\FPGA Training NTI\Sequence_detector_overlapping_nonoverlapping\Sequence_detector_overlapping.srcs\sources_1\new\non_overlapping_seq_detector.v:]
WARNING: [filemgmt 56-199] Attempt to get parsing info during refresh. "On-the-fly" syntax checking information may be incorrect. [D:\ECE\FPGA Training NTI\Sequence_detector_overlapping_nonoverlapping\Sequence_detector_overlapping.srcs\sources_1\new\non_overlapping_seq_detector.v:]
WARNING: [filemgmt 56-199] Attempt to get parsing info during refresh. "On-the-fly" syntax checking information may be incorrect. [D:\ECE\FPGA Training NTI\Sequence_detector_overlapping_nonoverlapping\Sequence_detector_overlapping.srcs\sources_1\new\nonoverlapping_seq_detector_moore.v:]
WARNING: [filemgmt 56-199] Attempt to get parsing info during refresh. "On-the-fly" syntax checking information may be incorrect. [D:\ECE\FPGA Training NTI\Sequence_detector_overlapping_nonoverlapping\Sequence_detector_overlapping.srcs\sources_1\new\overlapping_seq_detector_moore.v:]
WARNING: [filemgmt 56-199] Attempt to get parsing info during refresh. "On-the-fly" syntax checking information may be incorrect. [D:\ECE\FPGA Training NTI\Sequence_detector_overlapping_nonoverlapping\Sequence_detector_overlapping.srcs\sources_1\new\non_overlapping_seq_detector.v:]
WARNING: [filemgmt 56-199] Attempt to get parsing info during refresh. "On-the-fly" syntax checking information may be incorrect. [D:\ECE\FPGA Training NTI\Sequence_detector_overlapping_nonoverlapping\Sequence_detector_overlapping.srcs\sources_1\new\seq_detector_TB.v:]
WARNING: [filemgmt 56-199] Attempt to get parsing info during refresh. "On-the-fly" syntax checking information may be incorrect. [D:\ECE\FPGA Training NTI\Sequence_detector_overlapping_nonoverlapping\Sequence_detector_overlapping.srcs\sources_1\new\overlapping_seq_detector_moore.v:]
WARNING: [filemgmt 56-199] Attempt to get parsing info during refresh. "On-the-fly" syntax checking information may be incorrect. [D:\ECE\FPGA Training NTI\Sequence_detector_overlapping_nonoverlapping\Sequence_detector_overlapping.srcs\sources_1\new\overlapping_seq_detector_moore.v:]
WARNING: [filemgmt 56-199] Attempt to get parsing info during refresh. "On-the-fly" syntax checking information may be incorrect. [D:\ECE\FPGA Training NTI\Sequence_detector_overlapping_nonoverlapping\Sequence_detector_overlapping.srcs\sources_1\new\nonoverlapping_seq_detector_moore.v:]
WARNING: [filemgmt 56-199] Attempt to get parsing info during refresh. "On-the-fly" syntax checking information may be incorrect. [D:\ECE\FPGA Training NTI\Sequence_detector_overlapping_nonoverlapping\Sequence_detector_overlapping.srcs\sources_1\new\overlapping_seq_detector_moore.v:]
WARNING: [filemgmt 56-199] Attempt to get parsing info during refresh. "On-the-fly" syntax checking information may be incorrect. [D:\ECE\FPGA Training NTI\Sequence_detector_overlapping_nonoverlapping\Sequence_detector_overlapping.srcs\sources_1\new\non_overlapping_seq_detector.v:]
WARNING: [filemgmt 56-199] Attempt to get parsing info during refresh. "On-the-fly" syntax checking information may be incorrect. [D:\ECE\FPGA Training NTI\Sequence_detector_overlapping_nonoverlapping\Sequence_detector_overlapping.srcs\sources_1\new\seq_detector_TB.v:]
WARNING: [filemgmt 56-199] Attempt to get parsing info during refresh. "On-the-fly" syntax checking information may be incorrect. [D:\ECE\FPGA Training NTI\Sequence_detector_overlapping_nonoverlapping\Sequence_detector_overlapping.srcs\sources_1\new\seq_detector_TB.v:]
WARNING: [filemgmt 56-199] Attempt to get parsing info during refresh. "On-the-fly" syntax checking information may be incorrect. [D:\ECE\FPGA Training NTI\Sequence_detector_overlapping_nonoverlapping\Sequence_detector_overlapping.srcs\sources_1\new\seq_detector_TB.v:]
INFO: [Simtcl 6-16] Simulation closed
ERROR: [Common 17-180] Spawn failed: The operation completed successfully.

launch_simulation
Command: launch_simulation 
INFO: [Vivado 12-12493] Simulation top is 'seq_detector_TB'
INFO: [Vivado 12-5682] Launching behavioral simulation in 'D:/ECE/FPGA Training NTI/Sequence_detector_overlapping_nonoverlapping/Sequence_detector_overlapping.sim/sim_1/behav/xsim'
INFO: [SIM-utils-51] Simulation object is 'sim_1'
INFO: [SIM-utils-72] Using boost library from 'C:/Xilinx/2025.1/Vivado/tps/boost_1_72_0'
INFO: [SIM-utils-54] Inspecting design source files for 'seq_detector_TB' in fileset 'sim_1'...
INFO: [USF-XSim-97] Finding global include files...
INFO: [USF-XSim-98] Fetching design files from 'sim_1'...
INFO: [USF-XSim-2] XSim::Compile design
INFO: [USF-XSim-61] Executing 'COMPILE and ANALYZE' step in 'D:/ECE/FPGA Training NTI/Sequence_detector_overlapping_nonoverlapping/Sequence_detector_overlapping.sim/sim_1/behav/xsim'
"xvlog --incr --relax -prj seq_detector_TB_vlog.prj"
INFO: [VRFC 10-2263] Analyzing Verilog file "D:/ECE/FPGA Training NTI/Sequence_detector_overlapping_nonoverlapping/Sequence_detector_overlapping.srcs/sources_1/new/non_overlapping_seq_detector.v" into library xil_defaultlib
INFO: [VRFC 10-311] analyzing module non_overlapping_seq_detector_mealy
INFO: [VRFC 10-2263] Analyzing Verilog file "D:/ECE/FPGA Training NTI/Sequence_detector_overlapping_nonoverlapping/Sequence_detector_overlapping.srcs/sources_1/new/nonoverlapping_seq_detector_moore.v" into library xil_defaultlib
INFO: [VRFC 10-311] analyzing module nonoverlapping_seq_detector_moore
INFO: [VRFC 10-2263] Analyzing Verilog file "D:/ECE/FPGA Training NTI/Sequence_detector_overlapping_nonoverlapping/Sequence_detector_overlapping.srcs/sources_1/new/overlapping_seq_detector.v" into library xil_defaultlib
INFO: [VRFC 10-311] analyzing module overlapping_seq_detector_mealy
INFO: [VRFC 10-2263] Analyzing Verilog file "D:/ECE/FPGA Training NTI/Sequence_detector_overlapping_nonoverlapping/Sequence_detector_overlapping.srcs/sources_1/new/overlapping_seq_detector_moore.v" into library xil_defaultlib
INFO: [VRFC 10-311] analyzing module overlapping_seq_detector_moore
INFO: [VRFC 10-2263] Analyzing Verilog file "D:/ECE/FPGA Training NTI/Sequence_detector_overlapping_nonoverlapping/Sequence_detector_overlapping.srcs/sources_1/new/seq_detector_TB.v" into library xil_defaultlib
INFO: [VRFC 10-311] analyzing module seq_detector_TB
INFO: [USF-XSim-69] 'compile' step finished in '2' seconds
INFO: [USF-XSim-3] XSim::Elaborate design
INFO: [USF-XSim-61] Executing 'ELABORATE' step in 'D:/ECE/FPGA Training NTI/Sequence_detector_overlapping_nonoverlapping/Sequence_detector_overlapping.sim/sim_1/behav/xsim'
"xelab --incr --debug typical --relax --mt 2 -L xil_defaultlib -L unisims_ver -L unimacro_ver -L secureip --snapshot seq_detector_TB_behav xil_defaultlib.seq_detector_TB xil_defaultlib.glbl -log elaborate.log"
Vivado Simulator v2025.1.0
Copyright 1986-2022 Xilinx, Inc. All Rights Reserved.
Copyright 2022-2025 Advanced Micro Devices, Inc. All Rights Reserved.
Running: C:/Xilinx/2025.1/Vivado/bin/unwrapped/win64.o/xelab.exe --incr --debug typical --relax --mt 2 -L xil_defaultlib -L unisims_ver -L unimacro_ver -L secureip --snapshot seq_detector_TB_behav xil_defaultlib.seq_detector_TB xil_defaultlib.glbl -log elaborate.log 
Using 2 slave threads.
Starting static elaboration
Pass Through NonSizing Optimizer
Completed static elaboration
Starting simulation data flow analysis
Completed simulation data flow analysis
Time Resolution for simulation is 1ps
Compiling module xil_defaultlib.overlapping_seq_detector_mealy
Compiling module xil_defaultlib.non_overlapping_seq_detector_mea...
Compiling module xil_defaultlib.overlapping_seq_detector_moore
Compiling module xil_defaultlib.nonoverlapping_seq_detector_moor...
Compiling module xil_defaultlib.seq_detector_TB
Compiling module xil_defaultlib.glbl
Built simulation snapshot seq_detector_TB_behav
INFO: [USF-XSim-69] 'elaborate' step finished in '2' seconds
INFO: [USF-XSim-4] XSim::Simulate design
INFO: [USF-XSim-61] Executing 'SIMULATE' step in 'D:/ECE/FPGA Training NTI/Sequence_detector_overlapping_nonoverlapping/Sequence_detector_overlapping.sim/sim_1/behav/xsim'
INFO: [USF-XSim-98] *** Running xsim
   with args "seq_detector_TB_behav -key {Behavioral:sim_1:Functional:seq_detector_TB} -tclbatch {seq_detector_TB.tcl} -log {simulate.log}"
INFO: [USF-XSim-8] Loading simulator feature
Time resolution is 1 ps
source seq_detector_TB.tcl
# set curr_wave [current_wave_config]
# if { [string length $curr_wave] == 0 } {
#   if { [llength [get_objects]] > 0} {
#     add_wave /
#     set_property needs_save false [current_wave_config]
#   } else {
#      send_msg_id Add_Wave-1 WARNING "No top level signals found. Simulator will start without a wave window. If you want to open a wave window go to 'File->New Waveform Configuration' or type 'create_wave_config' in the TCL console."
#   }
# }
# run 1000ns
1. DETECTION TEST 

Time=20 | Serial in=0  | Mealy_Over=0 | Moore_Over=0 | Mealy_Non=0 | Moore_Non=0
---Present state_mealy_over: 000 >> Next State_mealy_over: 000 | Present state_mealy_nonover: 000 >> Next State_mealy_nonover: 000 | Present state_moore_over: 000 >> Next State_moore_over: 000  | Present state_moore_nonover: 000 >> Next State_moore_nonover: 000----
Time=30 | Serial in=1  | Mealy_Over=0 | Moore_Over=0 | Mealy_Non=0 | Moore_Non=0
---Present state_mealy_over: 000 >> Next State_mealy_over: 001 | Present state_mealy_nonover: 000 >> Next State_mealy_nonover: 001 | Present state_moore_over: 000 >> Next State_moore_over: 001  | Present state_moore_nonover: 000 >> Next State_moore_nonover: 001----
---Present state_mealy_over: 001 >> Next State_mealy_over: 010 | Present state_mealy_nonover: 001 >> Next State_mealy_nonover: 010 | Present state_moore_over: 001 >> Next State_moore_over: 010  | Present state_moore_nonover: 001 >> Next State_moore_nonover: 010----
---Present state_mealy_over: 010 >> Next State_mealy_over: 010 | Present state_mealy_nonover: 010 >> Next State_mealy_nonover: 010 | Present state_moore_over: 010 >> Next State_moore_over: 010  | Present state_moore_nonover: 010 >> Next State_moore_nonover: 010----
Time=50 | Serial in=0  | Mealy_Over=0 | Moore_Over=0 | Mealy_Non=0 | Moore_Non=0
---Present state_mealy_over: 010 >> Next State_mealy_over: 011 | Present state_mealy_nonover: 010 >> Next State_mealy_nonover: 011 | Present state_moore_over: 010 >> Next State_moore_over: 011  | Present state_moore_nonover: 010 >> Next State_moore_nonover: 011----
---Present state_mealy_over: 011 >> Next State_mealy_over: 000 | Present state_mealy_nonover: 011 >> Next State_mealy_nonover: 000 | Present state_moore_over: 011 >> Next State_moore_over: 000  | Present state_moore_nonover: 011 >> Next State_moore_nonover: 000----
Time=60 | Serial in=1  | Mealy_Over=0 | Moore_Over=0 | Mealy_Non=0 | Moore_Non=0
---Present state_mealy_over: 011 >> Next State_mealy_over: 100 | Present state_mealy_nonover: 011 >> Next State_mealy_nonover: 100 | Present state_moore_over: 011 >> Next State_moore_over: 100  | Present state_moore_nonover: 011 >> Next State_moore_nonover: 100----
---Present state_mealy_over: 100 >> Next State_mealy_over: 010 | Present state_mealy_nonover: 100 >> Next State_mealy_nonover: 010 | Present state_moore_over: 100 >> Next State_moore_over: 010  | Present state_moore_nonover: 100 >> Next State_moore_nonover: 010----
Time=70 | Serial in=0  | Mealy_Over=0 | Moore_Over=0 | Mealy_Non=0 | Moore_Non=0
---Present state_mealy_over: 100 >> Next State_mealy_over: 101 | Present state_mealy_nonover: 100 >> Next State_mealy_nonover: 101 | Present state_moore_over: 100 >> Next State_moore_over: 101  | Present state_moore_nonover: 100 >> Next State_moore_nonover: 101----
---Present state_mealy_over: 101 >> Next State_mealy_over: 000 | Present state_mealy_nonover: 101 >> Next State_mealy_nonover: 000 | Present state_moore_over: 101 >> Next State_moore_over: 000  | Present state_moore_nonover: 101 >> Next State_moore_nonover: 000----
Time=80 | Serial in=1  | Mealy_Over=1 | Moore_Over=0 | Mealy_Non=1 | Moore_Non=0
---Present state_mealy_over: 101 >> Next State_mealy_over: 001 | Present state_mealy_nonover: 101 >> Next State_mealy_nonover: 000 | Present state_moore_over: 101 >> Next State_moore_over: 110  | Present state_moore_nonover: 101 >> Next State_moore_nonover: 110----
Detection Success , Overlapping detector With mealy PASSED 

Detection Success , Non-Overlapping detector With mealy PASSED 

---Present state_mealy_over: 001 >> Next State_mealy_over: 010 | Present state_mealy_nonover: 000 >> Next State_mealy_nonover: 001 | Present state_moore_over: 110 >> Next State_moore_over: 010  | Present state_moore_nonover: 110 >> Next State_moore_nonover: 001----
Time=85 | Serial in=1  | Mealy_Over=0 | Moore_Over=1 | Mealy_Non=0 | Moore_Non=1
Detection Success , Overlapping detector With Moore PASSED 
 
Detection Success , Non-Overlapping detector With Moore PASSED 

2. Overlapping DETECTION TEST 

---Present state_mealy_over: 010 >> Next State_mealy_over: 010 | Present state_mealy_nonover: 001 >> Next State_mealy_nonover: 010 | Present state_moore_over: 010 >> Next State_moore_over: 010  | Present state_moore_nonover: 001 >> Next State_moore_nonover: 010----
Time=95 | Serial in=1  | Mealy_Over=0 | Moore_Over=0 | Mealy_Non=0 | Moore_Non=0
---Present state_mealy_over: 010 >> Next State_mealy_over: 010 | Present state_mealy_nonover: 010 >> Next State_mealy_nonover: 010 | Present state_moore_over: 010 >> Next State_moore_over: 010  | Present state_moore_nonover: 010 >> Next State_moore_nonover: 010----
Time=110 | Serial in=0  | Mealy_Over=0 | Moore_Over=0 | Mealy_Non=0 | Moore_Non=0
---Present state_mealy_over: 010 >> Next State_mealy_over: 011 | Present state_mealy_nonover: 010 >> Next State_mealy_nonover: 011 | Present state_moore_over: 010 >> Next State_moore_over: 011  | Present state_moore_nonover: 010 >> Next State_moore_nonover: 011----
---Present state_mealy_over: 011 >> Next State_mealy_over: 000 | Present state_mealy_nonover: 011 >> Next State_mealy_nonover: 000 | Present state_moore_over: 011 >> Next State_moore_over: 000  | Present state_moore_nonover: 011 >> Next State_moore_nonover: 000----
Time=120 | Serial in=1  | Mealy_Over=0 | Moore_Over=0 | Mealy_Non=0 | Moore_Non=0
---Present state_mealy_over: 011 >> Next State_mealy_over: 100 | Present state_mealy_nonover: 011 >> Next State_mealy_nonover: 100 | Present state_moore_over: 011 >> Next State_moore_over: 100  | Present state_moore_nonover: 011 >> Next State_moore_nonover: 100----
---Present state_mealy_over: 100 >> Next State_mealy_over: 010 | Present state_mealy_nonover: 100 >> Next State_mealy_nonover: 010 | Present state_moore_over: 100 >> Next State_moore_over: 010  | Present state_moore_nonover: 100 >> Next State_moore_nonover: 010----
Time=130 | Serial in=0  | Mealy_Over=0 | Moore_Over=0 | Mealy_Non=0 | Moore_Non=0
---Present state_mealy_over: 100 >> Next State_mealy_over: 101 | Present state_mealy_nonover: 100 >> Next State_mealy_nonover: 101 | Present state_moore_over: 100 >> Next State_moore_over: 101  | Present state_moore_nonover: 100 >> Next State_moore_nonover: 101----
---Present state_mealy_over: 101 >> Next State_mealy_over: 000 | Present state_mealy_nonover: 101 >> Next State_mealy_nonover: 000 | Present state_moore_over: 101 >> Next State_moore_over: 000  | Present state_moore_nonover: 101 >> Next State_moore_nonover: 000----
Detection Failed , Non-Overlapping detector With mealy PASSED 

Detection Failed , Non-Overlapping detector With Moore PASSED 

Time=140 | Serial in=1  | Mealy_Over=1 | Moore_Over=0 | Mealy_Non=1 | Moore_Non=0
---Present state_mealy_over: 101 >> Next State_mealy_over: 001 | Present state_mealy_nonover: 101 >> Next State_mealy_nonover: 000 | Present state_moore_over: 101 >> Next State_moore_over: 110  | Present state_moore_nonover: 101 >> Next State_moore_nonover: 110----
Detection Success , Overlapping detector With mealy PASSED 

---Present state_mealy_over: 001 >> Next State_mealy_over: 010 | Present state_mealy_nonover: 000 >> Next State_mealy_nonover: 001 | Present state_moore_over: 110 >> Next State_moore_over: 010  | Present state_moore_nonover: 110 >> Next State_moore_nonover: 001----
Time=145 | Serial in=1  | Mealy_Over=0 | Moore_Over=1 | Mealy_Non=0 | Moore_Non=1
Detection Success , Overlapping detector With Moore PASSED 
 
---Present state_mealy_over: 000 >> Next State_mealy_over: 001 | Present state_mealy_nonover: 000 >> Next State_mealy_nonover: 001 | Present state_moore_over: 000 >> Next State_moore_over: 001  | Present state_moore_nonover: 000 >> Next State_moore_nonover: 001----
Time=150 | Serial in=1  | Mealy_Over=0 | Moore_Over=0 | Mealy_Non=0 | Moore_Non=0
---Present state_mealy_over: 001 >> Next State_mealy_over: 010 | Present state_mealy_nonover: 001 >> Next State_mealy_nonover: 010 | Present state_moore_over: 001 >> Next State_moore_over: 010  | Present state_moore_nonover: 001 >> Next State_moore_nonover: 010----
---Present state_mealy_over: 010 >> Next State_mealy_over: 010 | Present state_mealy_nonover: 010 >> Next State_mealy_nonover: 010 | Present state_moore_over: 010 >> Next State_moore_over: 010  | Present state_moore_nonover: 010 >> Next State_moore_nonover: 010----
 Corner Case Test of S4 to S2
Time=200 | Serial in=0  | Mealy_Over=0 | Moore_Over=0 | Mealy_Non=0 | Moore_Non=0
---Present state_mealy_over: 010 >> Next State_mealy_over: 011 | Present state_mealy_nonover: 010 >> Next State_mealy_nonover: 011 | Present state_moore_over: 010 >> Next State_moore_over: 011  | Present state_moore_nonover: 010 >> Next State_moore_nonover: 011----
---Present state_mealy_over: 011 >> Next State_mealy_over: 000 | Present state_mealy_nonover: 011 >> Next State_mealy_nonover: 000 | Present state_moore_over: 011 >> Next State_moore_over: 000  | Present state_moore_nonover: 011 >> Next State_moore_nonover: 000----
Time=210 | Serial in=1  | Mealy_Over=0 | Moore_Over=0 | Mealy_Non=0 | Moore_Non=0
---Present state_mealy_over: 011 >> Next State_mealy_over: 100 | Present state_mealy_nonover: 011 >> Next State_mealy_nonover: 100 | Present state_moore_over: 011 >> Next State_moore_over: 100  | Present state_moore_nonover: 011 >> Next State_moore_nonover: 100----
---Present state_mealy_over: 100 >> Next State_mealy_over: 010 | Present state_mealy_nonover: 100 >> Next State_mealy_nonover: 010 | Present state_moore_over: 100 >> Next State_moore_over: 010  | Present state_moore_nonover: 100 >> Next State_moore_nonover: 010----
---Present state_mealy_over: 000 >> Next State_mealy_over: 001 | Present state_mealy_nonover: 000 >> Next State_mealy_nonover: 001 | Present state_moore_over: 000 >> Next State_moore_over: 001  | Present state_moore_nonover: 000 >> Next State_moore_nonover: 001----
---Present state_mealy_over: 001 >> Next State_mealy_over: 010 | Present state_mealy_nonover: 001 >> Next State_mealy_nonover: 010 | Present state_moore_over: 001 >> Next State_moore_over: 010  | Present state_moore_nonover: 001 >> Next State_moore_nonover: 010----
---Present state_mealy_over: 010 >> Next State_mealy_over: 010 | Present state_mealy_nonover: 010 >> Next State_mealy_nonover: 010 | Present state_moore_over: 010 >> Next State_moore_over: 010  | Present state_moore_nonover: 010 >> Next State_moore_nonover: 010----

 Mealy Glitch / Asynchronous Dependence
Time=270 | Serial in=0  | Mealy_Over=0 | Moore_Over=0 | Mealy_Non=0 | Moore_Non=0
---Present state_mealy_over: 010 >> Next State_mealy_over: 011 | Present state_mealy_nonover: 010 >> Next State_mealy_nonover: 011 | Present state_moore_over: 010 >> Next State_moore_over: 011  | Present state_moore_nonover: 010 >> Next State_moore_nonover: 011----
---Present state_mealy_over: 011 >> Next State_mealy_over: 000 | Present state_mealy_nonover: 011 >> Next State_mealy_nonover: 000 | Present state_moore_over: 011 >> Next State_moore_over: 000  | Present state_moore_nonover: 011 >> Next State_moore_nonover: 000----
Time=280 | Serial in=1  | Mealy_Over=0 | Moore_Over=0 | Mealy_Non=0 | Moore_Non=0
---Present state_mealy_over: 011 >> Next State_mealy_over: 100 | Present state_mealy_nonover: 011 >> Next State_mealy_nonover: 100 | Present state_moore_over: 011 >> Next State_moore_over: 100  | Present state_moore_nonover: 011 >> Next State_moore_nonover: 100----
---Present state_mealy_over: 100 >> Next State_mealy_over: 010 | Present state_mealy_nonover: 100 >> Next State_mealy_nonover: 010 | Present state_moore_over: 100 >> Next State_moore_over: 010  | Present state_moore_nonover: 100 >> Next State_moore_nonover: 010----
Time=290 | Serial in=0  | Mealy_Over=0 | Moore_Over=0 | Mealy_Non=0 | Moore_Non=0
---Present state_mealy_over: 100 >> Next State_mealy_over: 101 | Present state_mealy_nonover: 100 >> Next State_mealy_nonover: 101 | Present state_moore_over: 100 >> Next State_moore_over: 101  | Present state_moore_nonover: 100 >> Next State_moore_nonover: 101----
Time=292 | Serial in=1  | Mealy_Over=0 | Moore_Over=0 | Mealy_Non=0 | Moore_Non=0
---Present state_mealy_over: 100 >> Next State_mealy_over: 010 | Present state_mealy_nonover: 100 >> Next State_mealy_nonover: 010 | Present state_moore_over: 100 >> Next State_moore_over: 010  | Present state_moore_nonover: 100 >> Next State_moore_nonover: 010----
---Present state_mealy_over: 010 >> Next State_mealy_over: 010 | Present state_mealy_nonover: 010 >> Next State_mealy_nonover: 010 | Present state_moore_over: 010 >> Next State_moore_over: 010  | Present state_moore_nonover: 010 >> Next State_moore_nonover: 010----
Time=296 | Serial in=0  | Mealy_Over=0 | Moore_Over=0 | Mealy_Non=0 | Moore_Non=0
---Present state_mealy_over: 010 >> Next State_mealy_over: 011 | Present state_mealy_nonover: 010 >> Next State_mealy_nonover: 011 | Present state_moore_over: 010 >> Next State_moore_over: 011  | Present state_moore_nonover: 010 >> Next State_moore_nonover: 011----
---Present state_mealy_over: 011 >> Next State_mealy_over: 000 | Present state_mealy_nonover: 011 >> Next State_mealy_nonover: 000 | Present state_moore_over: 011 >> Next State_moore_over: 000  | Present state_moore_nonover: 011 >> Next State_moore_nonover: 000----
---Present state_mealy_over: 000 >> Next State_mealy_over: 000 | Present state_mealy_nonover: 000 >> Next State_mealy_nonover: 000 | Present state_moore_over: 000 >> Next State_moore_over: 000  | Present state_moore_nonover: 000 >> Next State_moore_nonover: 000----
$stop called at time : 330 ns : File "D:/ECE/FPGA Training NTI/Sequence_detector_overlapping_nonoverlapping/Sequence_detector_overlapping.srcs/sources_1/new/seq_detector_TB.v" Line 177
INFO: [USF-XSim-96] XSim completed. Design snapshot 'seq_detector_TB_behav' loaded.
INFO: [USF-XSim-97] XSim simulation ran for 1000ns
launch_simulation: Time (s): cpu = 00:00:03 ; elapsed = 00:00:08 . Memory (MB): peak = 1738.898 ; gain = 0.000
close_sim
INFO: [Simtcl 6-16] Simulation closed
launch_simulation
Command: launch_simulation 
INFO: [Vivado 12-12493] Simulation top is 'seq_detector_TB'
INFO: [Vivado 12-5682] Launching behavioral simulation in 'D:/ECE/FPGA Training NTI/Sequence_detector_overlapping_nonoverlapping/Sequence_detector_overlapping.sim/sim_1/behav/xsim'
INFO: [SIM-utils-51] Simulation object is 'sim_1'
INFO: [SIM-utils-72] Using boost library from 'C:/Xilinx/2025.1/Vivado/tps/boost_1_72_0'
INFO: [SIM-utils-54] Inspecting design source files for 'seq_detector_TB' in fileset 'sim_1'...
INFO: [USF-XSim-97] Finding global include files...
INFO: [USF-XSim-98] Fetching design files from 'sim_1'...
INFO: [USF-XSim-2] XSim::Compile design
INFO: [USF-XSim-61] Executing 'COMPILE and ANALYZE' step in 'D:/ECE/FPGA Training NTI/Sequence_detector_overlapping_nonoverlapping/Sequence_detector_overlapping.sim/sim_1/behav/xsim'
"xvlog --incr --relax -prj seq_detector_TB_vlog.prj"
INFO: [VRFC 10-2263] Analyzing Verilog file "D:/ECE/FPGA Training NTI/Sequence_detector_overlapping_nonoverlapping/Sequence_detector_overlapping.srcs/sources_1/new/non_overlapping_seq_detector.v" into library xil_defaultlib
INFO: [VRFC 10-311] analyzing module non_overlapping_seq_detector_mealy
INFO: [VRFC 10-2263] Analyzing Verilog file "D:/ECE/FPGA Training NTI/Sequence_detector_overlapping_nonoverlapping/Sequence_detector_overlapping.srcs/sources_1/new/nonoverlapping_seq_detector_moore.v" into library xil_defaultlib
INFO: [VRFC 10-311] analyzing module nonoverlapping_seq_detector_moore
INFO: [VRFC 10-2263] Analyzing Verilog file "D:/ECE/FPGA Training NTI/Sequence_detector_overlapping_nonoverlapping/Sequence_detector_overlapping.srcs/sources_1/new/overlapping_seq_detector.v" into library xil_defaultlib
INFO: [VRFC 10-311] analyzing module overlapping_seq_detector_mealy
INFO: [VRFC 10-2263] Analyzing Verilog file "D:/ECE/FPGA Training NTI/Sequence_detector_overlapping_nonoverlapping/Sequence_detector_overlapping.srcs/sources_1/new/overlapping_seq_detector_moore.v" into library xil_defaultlib
INFO: [VRFC 10-311] analyzing module overlapping_seq_detector_moore
INFO: [VRFC 10-2263] Analyzing Verilog file "D:/ECE/FPGA Training NTI/Sequence_detector_overlapping_nonoverlapping/Sequence_detector_overlapping.srcs/sources_1/new/seq_detector_TB.v" into library xil_defaultlib
INFO: [VRFC 10-311] analyzing module seq_detector_TB
INFO: [USF-XSim-69] 'compile' step finished in '1' seconds
INFO: [USF-XSim-3] XSim::Elaborate design
INFO: [USF-XSim-61] Executing 'ELABORATE' step in 'D:/ECE/FPGA Training NTI/Sequence_detector_overlapping_nonoverlapping/Sequence_detector_overlapping.sim/sim_1/behav/xsim'
"xelab --incr --debug typical --relax --mt 2 -L xil_defaultlib -L unisims_ver -L unimacro_ver -L secureip --snapshot seq_detector_TB_behav xil_defaultlib.seq_detector_TB xil_defaultlib.glbl -log elaborate.log"
Vivado Simulator v2025.1.0
Copyright 1986-2022 Xilinx, Inc. All Rights Reserved.
Copyright 2022-2025 Advanced Micro Devices, Inc. All Rights Reserved.
Running: C:/Xilinx/2025.1/Vivado/bin/unwrapped/win64.o/xelab.exe --incr --debug typical --relax --mt 2 -L xil_defaultlib -L unisims_ver -L unimacro_ver -L secureip --snapshot seq_detector_TB_behav xil_defaultlib.seq_detector_TB xil_defaultlib.glbl -log elaborate.log 
Using 2 slave threads.
Starting static elaboration
Pass Through NonSizing Optimizer
Completed static elaboration
Starting simulation data flow analysis
Completed simulation data flow analysis
Time Resolution for simulation is 1ps
Compiling module xil_defaultlib.overlapping_seq_detector_mealy
Compiling module xil_defaultlib.non_overlapping_seq_detector_mea...
Compiling module xil_defaultlib.overlapping_seq_detector_moore
Compiling module xil_defaultlib.nonoverlapping_seq_detector_moor...
Compiling module xil_defaultlib.seq_detector_TB
Compiling module xil_defaultlib.glbl
Built simulation snapshot seq_detector_TB_behav
INFO: [USF-XSim-69] 'elaborate' step finished in '3' seconds
INFO: [USF-XSim-4] XSim::Simulate design
INFO: [USF-XSim-61] Executing 'SIMULATE' step in 'D:/ECE/FPGA Training NTI/Sequence_detector_overlapping_nonoverlapping/Sequence_detector_overlapping.sim/sim_1/behav/xsim'
INFO: [USF-XSim-98] *** Running xsim
   with args "seq_detector_TB_behav -key {Behavioral:sim_1:Functional:seq_detector_TB} -tclbatch {seq_detector_TB.tcl} -log {simulate.log}"
INFO: [USF-XSim-8] Loading simulator feature
Time resolution is 1 ps
source seq_detector_TB.tcl
# set curr_wave [current_wave_config]
# if { [string length $curr_wave] == 0 } {
#   if { [llength [get_objects]] > 0} {
#     add_wave /
#     set_property needs_save false [current_wave_config]
#   } else {
#      send_msg_id Add_Wave-1 WARNING "No top level signals found. Simulator will start without a wave window. If you want to open a wave window go to 'File->New Waveform Configuration' or type 'create_wave_config' in the TCL console."
#   }
# }
# run 1000ns
1. DETECTION TEST 

Time=20 | Serial in=0  | Mealy_Over=0 | Moore_Over=0 | Mealy_Non=0 | Moore_Non=0
Time=30 | Serial in=1  | Mealy_Over=0 | Moore_Over=0 | Mealy_Non=0 | Moore_Non=0
Time=50 | Serial in=0  | Mealy_Over=0 | Moore_Over=0 | Mealy_Non=0 | Moore_Non=0
Time=60 | Serial in=1  | Mealy_Over=0 | Moore_Over=0 | Mealy_Non=0 | Moore_Non=0
Time=70 | Serial in=0  | Mealy_Over=0 | Moore_Over=0 | Mealy_Non=0 | Moore_Non=0
Time=80 | Serial in=1  | Mealy_Over=1 | Moore_Over=0 | Mealy_Non=1 | Moore_Non=0
Detection Success , Overlapping detector With mealy PASSED 

Detection Success , Non-Overlapping detector With mealy PASSED 

Time=85 | Serial in=1  | Mealy_Over=0 | Moore_Over=1 | Mealy_Non=0 | Moore_Non=1
Detection Success , Overlapping detector With Moore PASSED 
 
Detection Success , Non-Overlapping detector With Moore PASSED 

2. Overlapping DETECTION TEST 

Time=95 | Serial in=1  | Mealy_Over=0 | Moore_Over=0 | Mealy_Non=0 | Moore_Non=0
Time=110 | Serial in=0  | Mealy_Over=0 | Moore_Over=0 | Mealy_Non=0 | Moore_Non=0
Time=120 | Serial in=1  | Mealy_Over=0 | Moore_Over=0 | Mealy_Non=0 | Moore_Non=0
Time=130 | Serial in=0  | Mealy_Over=0 | Moore_Over=0 | Mealy_Non=0 | Moore_Non=0
Detection Failed , Non-Overlapping detector With mealy PASSED 

Detection Failed , Non-Overlapping detector With Moore PASSED 

Time=140 | Serial in=1  | Mealy_Over=1 | Moore_Over=0 | Mealy_Non=1 | Moore_Non=0
Detection Success , Overlapping detector With mealy PASSED 

Time=145 | Serial in=1  | Mealy_Over=0 | Moore_Over=1 | Mealy_Non=0 | Moore_Non=1
Detection Success , Overlapping detector With Moore PASSED 
 
Time=150 | Serial in=1  | Mealy_Over=0 | Moore_Over=0 | Mealy_Non=0 | Moore_Non=0
 Corner Case Test of S4 to S2
Time=200 | Serial in=0  | Mealy_Over=0 | Moore_Over=0 | Mealy_Non=0 | Moore_Non=0
---Present state_mealy_over: 011 >> Next State_mealy_over: 000 | Present state_mealy_nonover: 011 >> Next State_mealy_nonover: 000 | Present state_moore_over: 011 >> Next State_moore_over: 000  | Present state_moore_nonover: 011 >> Next State_moore_nonover: 000----
Time=210 | Serial in=1  | Mealy_Over=0 | Moore_Over=0 | Mealy_Non=0 | Moore_Non=0
---Present state_mealy_over: 100 >> Next State_mealy_over: 010 | Present state_mealy_nonover: 100 >> Next State_mealy_nonover: 010 | Present state_moore_over: 100 >> Next State_moore_over: 010  | Present state_moore_nonover: 100 >> Next State_moore_nonover: 010----

 Mealy Glitch / Asynchronous Dependence
Time=270 | Serial in=0  | Mealy_Over=0 | Moore_Over=0 | Mealy_Non=0 | Moore_Non=0
Time=280 | Serial in=1  | Mealy_Over=0 | Moore_Over=0 | Mealy_Non=0 | Moore_Non=0
---Present state_mealy_over: 100 >> Next State_mealy_over: 010 | Present state_mealy_nonover: 100 >> Next State_mealy_nonover: 010 | Present state_moore_over: 100 >> Next State_moore_over: 010  | Present state_moore_nonover: 100 >> Next State_moore_nonover: 010----
Time=290 | Serial in=0  | Mealy_Over=0 | Moore_Over=0 | Mealy_Non=0 | Moore_Non=0
---Present state_mealy_over: 100 >> Next State_mealy_over: 101 | Present state_mealy_nonover: 100 >> Next State_mealy_nonover: 101 | Present state_moore_over: 100 >> Next State_moore_over: 101  | Present state_moore_nonover: 100 >> Next State_moore_nonover: 101----
Time=292 | Serial in=1  | Mealy_Over=0 | Moore_Over=0 | Mealy_Non=0 | Moore_Non=0
---Present state_mealy_over: 010 >> Next State_mealy_over: 010 | Present state_mealy_nonover: 010 >> Next State_mealy_nonover: 010 | Present state_moore_over: 010 >> Next State_moore_over: 010  | Present state_moore_nonover: 010 >> Next State_moore_nonover: 010----
Time=296 | Serial in=0  | Mealy_Over=0 | Moore_Over=0 | Mealy_Non=0 | Moore_Non=0
---Present state_mealy_over: 010 >> Next State_mealy_over: 011 | Present state_mealy_nonover: 010 >> Next State_mealy_nonover: 011 | Present state_moore_over: 010 >> Next State_moore_over: 011  | Present state_moore_nonover: 010 >> Next State_moore_nonover: 011----
$stop called at time : 330 ns : File "D:/ECE/FPGA Training NTI/Sequence_detector_overlapping_nonoverlapping/Sequence_detector_overlapping.srcs/sources_1/new/seq_detector_TB.v" Line 185
INFO: [USF-XSim-96] XSim completed. Design snapshot 'seq_detector_TB_behav' loaded.
INFO: [USF-XSim-97] XSim simulation ran for 1000ns
launch_simulation: Time (s): cpu = 00:00:02 ; elapsed = 00:00:07 . Memory (MB): peak = 1738.898 ; gain = 0.000
close_sim
INFO: [Simtcl 6-16] Simulation closed
launch_simulation
Command: launch_simulation 
INFO: [Vivado 12-12493] Simulation top is 'seq_detector_TB'
INFO: [Vivado 12-5682] Launching behavioral simulation in 'D:/ECE/FPGA Training NTI/Sequence_detector_overlapping_nonoverlapping/Sequence_detector_overlapping.sim/sim_1/behav/xsim'
INFO: [SIM-utils-51] Simulation object is 'sim_1'
INFO: [SIM-utils-72] Using boost library from 'C:/Xilinx/2025.1/Vivado/tps/boost_1_72_0'
INFO: [SIM-utils-54] Inspecting design source files for 'seq_detector_TB' in fileset 'sim_1'...
INFO: [USF-XSim-97] Finding global include files...
INFO: [USF-XSim-98] Fetching design files from 'sim_1'...
INFO: [USF-XSim-2] XSim::Compile design
INFO: [USF-XSim-61] Executing 'COMPILE and ANALYZE' step in 'D:/ECE/FPGA Training NTI/Sequence_detector_overlapping_nonoverlapping/Sequence_detector_overlapping.sim/sim_1/behav/xsim'
"xvlog --incr --relax -prj seq_detector_TB_vlog.prj"
INFO: [VRFC 10-2263] Analyzing Verilog file "D:/ECE/FPGA Training NTI/Sequence_detector_overlapping_nonoverlapping/Sequence_detector_overlapping.srcs/sources_1/new/non_overlapping_seq_detector.v" into library xil_defaultlib
INFO: [VRFC 10-311] analyzing module non_overlapping_seq_detector_mealy
INFO: [VRFC 10-2263] Analyzing Verilog file "D:/ECE/FPGA Training NTI/Sequence_detector_overlapping_nonoverlapping/Sequence_detector_overlapping.srcs/sources_1/new/nonoverlapping_seq_detector_moore.v" into library xil_defaultlib
INFO: [VRFC 10-311] analyzing module nonoverlapping_seq_detector_moore
INFO: [VRFC 10-2263] Analyzing Verilog file "D:/ECE/FPGA Training NTI/Sequence_detector_overlapping_nonoverlapping/Sequence_detector_overlapping.srcs/sources_1/new/overlapping_seq_detector.v" into library xil_defaultlib
INFO: [VRFC 10-311] analyzing module overlapping_seq_detector_mealy
INFO: [VRFC 10-2263] Analyzing Verilog file "D:/ECE/FPGA Training NTI/Sequence_detector_overlapping_nonoverlapping/Sequence_detector_overlapping.srcs/sources_1/new/overlapping_seq_detector_moore.v" into library xil_defaultlib
INFO: [VRFC 10-311] analyzing module overlapping_seq_detector_moore
INFO: [VRFC 10-2263] Analyzing Verilog file "D:/ECE/FPGA Training NTI/Sequence_detector_overlapping_nonoverlapping/Sequence_detector_overlapping.srcs/sources_1/new/seq_detector_TB.v" into library xil_defaultlib
INFO: [VRFC 10-311] analyzing module seq_detector_TB
INFO: [USF-XSim-69] 'compile' step finished in '2' seconds
INFO: [USF-XSim-3] XSim::Elaborate design
INFO: [USF-XSim-61] Executing 'ELABORATE' step in 'D:/ECE/FPGA Training NTI/Sequence_detector_overlapping_nonoverlapping/Sequence_detector_overlapping.sim/sim_1/behav/xsim'
"xelab --incr --debug typical --relax --mt 2 -L xil_defaultlib -L unisims_ver -L unimacro_ver -L secureip --snapshot seq_detector_TB_behav xil_defaultlib.seq_detector_TB xil_defaultlib.glbl -log elaborate.log"
Vivado Simulator v2025.1.0
Copyright 1986-2022 Xilinx, Inc. All Rights Reserved.
Copyright 2022-2025 Advanced Micro Devices, Inc. All Rights Reserved.
Running: C:/Xilinx/2025.1/Vivado/bin/unwrapped/win64.o/xelab.exe --incr --debug typical --relax --mt 2 -L xil_defaultlib -L unisims_ver -L unimacro_ver -L secureip --snapshot seq_detector_TB_behav xil_defaultlib.seq_detector_TB xil_defaultlib.glbl -log elaborate.log 
Using 2 slave threads.
Starting static elaboration
Pass Through NonSizing Optimizer
Completed static elaboration
Starting simulation data flow analysis
Completed simulation data flow analysis
Time Resolution for simulation is 1ps
Compiling module xil_defaultlib.overlapping_seq_detector_mealy
Compiling module xil_defaultlib.non_overlapping_seq_detector_mea...
Compiling module xil_defaultlib.overlapping_seq_detector_moore
Compiling module xil_defaultlib.nonoverlapping_seq_detector_moor...
Compiling module xil_defaultlib.seq_detector_TB
Compiling module xil_defaultlib.glbl
Built simulation snapshot seq_detector_TB_behav
INFO: [USF-XSim-69] 'elaborate' step finished in '3' seconds
INFO: [USF-XSim-4] XSim::Simulate design
INFO: [USF-XSim-61] Executing 'SIMULATE' step in 'D:/ECE/FPGA Training NTI/Sequence_detector_overlapping_nonoverlapping/Sequence_detector_overlapping.sim/sim_1/behav/xsim'
INFO: [USF-XSim-98] *** Running xsim
   with args "seq_detector_TB_behav -key {Behavioral:sim_1:Functional:seq_detector_TB} -tclbatch {seq_detector_TB.tcl} -log {simulate.log}"
INFO: [USF-XSim-8] Loading simulator feature
Time resolution is 1 ps
source seq_detector_TB.tcl
# set curr_wave [current_wave_config]
# if { [string length $curr_wave] == 0 } {
#   if { [llength [get_objects]] > 0} {
#     add_wave /
#     set_property needs_save false [current_wave_config]
#   } else {
#      send_msg_id Add_Wave-1 WARNING "No top level signals found. Simulator will start without a wave window. If you want to open a wave window go to 'File->New Waveform Configuration' or type 'create_wave_config' in the TCL console."
#   }
# }
# run 1000ns
1. DETECTION TEST 

Time=20 | Serial in=0  | Mealy_Over=0 | Moore_Over=0 | Mealy_Non=0 | Moore_Non=0
Time=30 | Serial in=1  | Mealy_Over=0 | Moore_Over=0 | Mealy_Non=0 | Moore_Non=0
Time=50 | Serial in=0  | Mealy_Over=0 | Moore_Over=0 | Mealy_Non=0 | Moore_Non=0
Time=60 | Serial in=1  | Mealy_Over=0 | Moore_Over=0 | Mealy_Non=0 | Moore_Non=0
Time=70 | Serial in=0  | Mealy_Over=0 | Moore_Over=0 | Mealy_Non=0 | Moore_Non=0
Time=80 | Serial in=1  | Mealy_Over=1 | Moore_Over=0 | Mealy_Non=1 | Moore_Non=0
Detection Success , Overlapping detector With mealy PASSED 

Detection Success , Non-Overlapping detector With mealy PASSED 

Time=85 | Serial in=1  | Mealy_Over=0 | Moore_Over=1 | Mealy_Non=0 | Moore_Non=1
Detection Success , Overlapping detector With Moore PASSED 
 
Detection Success , Non-Overlapping detector With Moore PASSED 

2. Overlapping DETECTION TEST 

Time=95 | Serial in=1  | Mealy_Over=0 | Moore_Over=0 | Mealy_Non=0 | Moore_Non=0
Time=110 | Serial in=0  | Mealy_Over=0 | Moore_Over=0 | Mealy_Non=0 | Moore_Non=0
Time=120 | Serial in=1  | Mealy_Over=0 | Moore_Over=0 | Mealy_Non=0 | Moore_Non=0
Time=130 | Serial in=0  | Mealy_Over=0 | Moore_Over=0 | Mealy_Non=0 | Moore_Non=0
Detection Failed , Non-Overlapping detector With mealy PASSED 

Detection Failed , Non-Overlapping detector With Moore PASSED 

Time=140 | Serial in=1  | Mealy_Over=1 | Moore_Over=0 | Mealy_Non=1 | Moore_Non=0
Detection Success , Overlapping detector With mealy PASSED 

Time=145 | Serial in=1  | Mealy_Over=0 | Moore_Over=1 | Mealy_Non=0 | Moore_Non=1
Detection Success , Overlapping detector With Moore PASSED 
 
Time=150 | Serial in=1  | Mealy_Over=0 | Moore_Over=0 | Mealy_Non=0 | Moore_Non=0
 Corner Case Test of S4 to S2
Time=200 | Serial in=0  | Mealy_Over=0 | Moore_Over=0 | Mealy_Non=0 | Moore_Non=0
Time=210 | Serial in=1  | Mealy_Over=0 | Moore_Over=0 | Mealy_Non=0 | Moore_Non=0
---Present state_mealy_over: 100 >> Next State_mealy_over: 010 | Present state_mealy_nonover: 100 >> Next State_mealy_nonover: 010 | Present state_moore_over: 100 >> Next State_moore_over: 010  | Present state_moore_nonover: 100 >> Next State_moore_nonover: 010----

 Mealy Glitch / Asynchronous Dependence
Time=270 | Serial in=0  | Mealy_Over=0 | Moore_Over=0 | Mealy_Non=0 | Moore_Non=0
Time=280 | Serial in=1  | Mealy_Over=0 | Moore_Over=0 | Mealy_Non=0 | Moore_Non=0
---Present state_mealy_over: 100 >> Next State_mealy_over: 010 | Present state_mealy_nonover: 100 >> Next State_mealy_nonover: 010 | Present state_moore_over: 100 >> Next State_moore_over: 010  | Present state_moore_nonover: 100 >> Next State_moore_nonover: 010----
Time=290 | Serial in=0  | Mealy_Over=0 | Moore_Over=0 | Mealy_Non=0 | Moore_Non=0
---Present state_mealy_over: 100 >> Next State_mealy_over: 101 | Present state_mealy_nonover: 100 >> Next State_mealy_nonover: 101 | Present state_moore_over: 100 >> Next State_moore_over: 101  | Present state_moore_nonover: 100 >> Next State_moore_nonover: 101----
Time=292 | Serial in=1  | Mealy_Over=0 | Moore_Over=0 | Mealy_Non=0 | Moore_Non=0
---Present state_mealy_over: 010 >> Next State_mealy_over: 010 | Present state_mealy_nonover: 010 >> Next State_mealy_nonover: 010 | Present state_moore_over: 010 >> Next State_moore_over: 010  | Present state_moore_nonover: 010 >> Next State_moore_nonover: 010----
Time=296 | Serial in=0  | Mealy_Over=0 | Moore_Over=0 | Mealy_Non=0 | Moore_Non=0
---Present state_mealy_over: 010 >> Next State_mealy_over: 011 | Present state_mealy_nonover: 010 >> Next State_mealy_nonover: 011 | Present state_moore_over: 010 >> Next State_moore_over: 011  | Present state_moore_nonover: 010 >> Next State_moore_nonover: 011----
$stop called at time : 330 ns : File "D:/ECE/FPGA Training NTI/Sequence_detector_overlapping_nonoverlapping/Sequence_detector_overlapping.srcs/sources_1/new/seq_detector_TB.v" Line 189
INFO: [USF-XSim-96] XSim completed. Design snapshot 'seq_detector_TB_behav' loaded.
INFO: [USF-XSim-97] XSim simulation ran for 1000ns
launch_simulation: Time (s): cpu = 00:00:03 ; elapsed = 00:00:08 . Memory (MB): peak = 1738.898 ; gain = 0.000
close_sim
INFO: [Simtcl 6-16] Simulation closed
launch_simulation
Command: launch_simulation 
INFO: [Vivado 12-12493] Simulation top is 'seq_detector_TB'
INFO: [Vivado 12-5682] Launching behavioral simulation in 'D:/ECE/FPGA Training NTI/Sequence_detector_overlapping_nonoverlapping/Sequence_detector_overlapping.sim/sim_1/behav/xsim'
INFO: [SIM-utils-51] Simulation object is 'sim_1'
INFO: [SIM-utils-72] Using boost library from 'C:/Xilinx/2025.1/Vivado/tps/boost_1_72_0'
INFO: [SIM-utils-54] Inspecting design source files for 'seq_detector_TB' in fileset 'sim_1'...
INFO: [USF-XSim-97] Finding global include files...
INFO: [USF-XSim-98] Fetching design files from 'sim_1'...
INFO: [USF-XSim-2] XSim::Compile design
INFO: [USF-XSim-61] Executing 'COMPILE and ANALYZE' step in 'D:/ECE/FPGA Training NTI/Sequence_detector_overlapping_nonoverlapping/Sequence_detector_overlapping.sim/sim_1/behav/xsim'
"xvlog --incr --relax -prj seq_detector_TB_vlog.prj"
INFO: [VRFC 10-2263] Analyzing Verilog file "D:/ECE/FPGA Training NTI/Sequence_detector_overlapping_nonoverlapping/Sequence_detector_overlapping.srcs/sources_1/new/non_overlapping_seq_detector.v" into library xil_defaultlib
INFO: [VRFC 10-311] analyzing module non_overlapping_seq_detector_mealy
INFO: [VRFC 10-2263] Analyzing Verilog file "D:/ECE/FPGA Training NTI/Sequence_detector_overlapping_nonoverlapping/Sequence_detector_overlapping.srcs/sources_1/new/nonoverlapping_seq_detector_moore.v" into library xil_defaultlib
INFO: [VRFC 10-311] analyzing module nonoverlapping_seq_detector_moore
INFO: [VRFC 10-2263] Analyzing Verilog file "D:/ECE/FPGA Training NTI/Sequence_detector_overlapping_nonoverlapping/Sequence_detector_overlapping.srcs/sources_1/new/overlapping_seq_detector.v" into library xil_defaultlib
INFO: [VRFC 10-311] analyzing module overlapping_seq_detector_mealy
INFO: [VRFC 10-2263] Analyzing Verilog file "D:/ECE/FPGA Training NTI/Sequence_detector_overlapping_nonoverlapping/Sequence_detector_overlapping.srcs/sources_1/new/overlapping_seq_detector_moore.v" into library xil_defaultlib
INFO: [VRFC 10-311] analyzing module overlapping_seq_detector_moore
INFO: [VRFC 10-2263] Analyzing Verilog file "D:/ECE/FPGA Training NTI/Sequence_detector_overlapping_nonoverlapping/Sequence_detector_overlapping.srcs/sources_1/new/seq_detector_TB.v" into library xil_defaultlib
INFO: [VRFC 10-311] analyzing module seq_detector_TB
INFO: [USF-XSim-69] 'compile' step finished in '2' seconds
INFO: [USF-XSim-3] XSim::Elaborate design
INFO: [USF-XSim-61] Executing 'ELABORATE' step in 'D:/ECE/FPGA Training NTI/Sequence_detector_overlapping_nonoverlapping/Sequence_detector_overlapping.sim/sim_1/behav/xsim'
"xelab --incr --debug typical --relax --mt 2 -L xil_defaultlib -L unisims_ver -L unimacro_ver -L secureip --snapshot seq_detector_TB_behav xil_defaultlib.seq_detector_TB xil_defaultlib.glbl -log elaborate.log"
Vivado Simulator v2025.1.0
Copyright 1986-2022 Xilinx, Inc. All Rights Reserved.
Copyright 2022-2025 Advanced Micro Devices, Inc. All Rights Reserved.
Running: C:/Xilinx/2025.1/Vivado/bin/unwrapped/win64.o/xelab.exe --incr --debug typical --relax --mt 2 -L xil_defaultlib -L unisims_ver -L unimacro_ver -L secureip --snapshot seq_detector_TB_behav xil_defaultlib.seq_detector_TB xil_defaultlib.glbl -log elaborate.log 
Using 2 slave threads.
Starting static elaboration
Pass Through NonSizing Optimizer
Completed static elaboration
Starting simulation data flow analysis
Completed simulation data flow analysis
Time Resolution for simulation is 1ps
Compiling module xil_defaultlib.overlapping_seq_detector_mealy
Compiling module xil_defaultlib.non_overlapping_seq_detector_mea...
Compiling module xil_defaultlib.overlapping_seq_detector_moore
Compiling module xil_defaultlib.nonoverlapping_seq_detector_moor...
Compiling module xil_defaultlib.seq_detector_TB
Compiling module xil_defaultlib.glbl
Built simulation snapshot seq_detector_TB_behav
INFO: [USF-XSim-69] 'elaborate' step finished in '2' seconds
INFO: [USF-XSim-4] XSim::Simulate design
INFO: [USF-XSim-61] Executing 'SIMULATE' step in 'D:/ECE/FPGA Training NTI/Sequence_detector_overlapping_nonoverlapping/Sequence_detector_overlapping.sim/sim_1/behav/xsim'
INFO: [USF-XSim-98] *** Running xsim
   with args "seq_detector_TB_behav -key {Behavioral:sim_1:Functional:seq_detector_TB} -tclbatch {seq_detector_TB.tcl} -log {simulate.log}"
INFO: [USF-XSim-8] Loading simulator feature
Time resolution is 1 ps
source seq_detector_TB.tcl
# set curr_wave [current_wave_config]
# if { [string length $curr_wave] == 0 } {
#   if { [llength [get_objects]] > 0} {
#     add_wave /
#     set_property needs_save false [current_wave_config]
#   } else {
#      send_msg_id Add_Wave-1 WARNING "No top level signals found. Simulator will start without a wave window. If you want to open a wave window go to 'File->New Waveform Configuration' or type 'create_wave_config' in the TCL console."
#   }
# }
# run 1000ns
1. DETECTION TEST 

Time=20 | Serial in=0  | Mealy_Over=0 | Moore_Over=0 | Mealy_Non=0 | Moore_Non=0
Time=30 | Serial in=1  | Mealy_Over=0 | Moore_Over=0 | Mealy_Non=0 | Moore_Non=0
Time=50 | Serial in=0  | Mealy_Over=0 | Moore_Over=0 | Mealy_Non=0 | Moore_Non=0
Time=60 | Serial in=1  | Mealy_Over=0 | Moore_Over=0 | Mealy_Non=0 | Moore_Non=0
Time=70 | Serial in=0  | Mealy_Over=0 | Moore_Over=0 | Mealy_Non=0 | Moore_Non=0
Time=80 | Serial in=1  | Mealy_Over=1 | Moore_Over=0 | Mealy_Non=1 | Moore_Non=0
Detection Success , Overlapping detector With mealy PASSED 

Detection Success , Non-Overlapping detector With mealy PASSED 

Time=85 | Serial in=1  | Mealy_Over=0 | Moore_Over=1 | Mealy_Non=0 | Moore_Non=1
Detection Success , Overlapping detector With Moore PASSED 
 
Detection Success , Non-Overlapping detector With Moore PASSED 

2. Overlapping DETECTION TEST 

Time=95 | Serial in=1  | Mealy_Over=0 | Moore_Over=0 | Mealy_Non=0 | Moore_Non=0
Time=110 | Serial in=0  | Mealy_Over=0 | Moore_Over=0 | Mealy_Non=0 | Moore_Non=0
Time=120 | Serial in=1  | Mealy_Over=0 | Moore_Over=0 | Mealy_Non=0 | Moore_Non=0
Time=130 | Serial in=0  | Mealy_Over=0 | Moore_Over=0 | Mealy_Non=0 | Moore_Non=0
Detection Failed , Non-Overlapping detector With mealy PASSED 

Detection Failed , Non-Overlapping detector With Moore PASSED 

Time=140 | Serial in=1  | Mealy_Over=1 | Moore_Over=0 | Mealy_Non=1 | Moore_Non=0
Detection Success , Overlapping detector With mealy PASSED 

Time=145 | Serial in=1  | Mealy_Over=0 | Moore_Over=1 | Mealy_Non=0 | Moore_Non=1
Detection Success , Overlapping detector With Moore PASSED 
 
Time=150 | Serial in=1  | Mealy_Over=0 | Moore_Over=0 | Mealy_Non=0 | Moore_Non=0
 Corner Case Test of S4 to S2
Time=200 | Serial in=0  | Mealy_Over=0 | Moore_Over=0 | Mealy_Non=0 | Moore_Non=0
Time=210 | Serial in=1  | Mealy_Over=0 | Moore_Over=0 | Mealy_Non=0 | Moore_Non=0
---Present state_mealy_over: 100 >> Next State_mealy_over: 010 | Present state_mealy_nonover: 100 >> Next State_mealy_nonover: 010 | Present state_moore_over: 100 >> Next State_moore_over: 010  | Present state_moore_nonover: 100 >> Next State_moore_nonover: 010----

 Mealy Glitch / Asynchronous Dependence
Time=270 | Serial in=0  | Mealy_Over=0 | Moore_Over=0 | Mealy_Non=0 | Moore_Non=0
Time=280 | Serial in=1  | Mealy_Over=0 | Moore_Over=0 | Mealy_Non=0 | Moore_Non=0
---Present state_mealy_over: 100 >> Next State_mealy_over: 010 | Present state_mealy_nonover: 100 >> Next State_mealy_nonover: 010 | Present state_moore_over: 100 >> Next State_moore_over: 010  | Present state_moore_nonover: 100 >> Next State_moore_nonover: 010----
Time=290 | Serial in=0  | Mealy_Over=0 | Moore_Over=0 | Mealy_Non=0 | Moore_Non=0
---Present state_mealy_over: 101 >> Next State_mealy_over: 000 | Present state_mealy_nonover: 101 >> Next State_mealy_nonover: 000 | Present state_moore_over: 101 >> Next State_moore_over: 000  | Present state_moore_nonover: 101 >> Next State_moore_nonover: 000----
Time=297 | Serial in=1  | Mealy_Over=1 | Moore_Over=0 | Mealy_Non=1 | Moore_Non=0
---Present state_mealy_over: 101 >> Next State_mealy_over: 001 | Present state_mealy_nonover: 101 >> Next State_mealy_nonover: 000 | Present state_moore_over: 101 >> Next State_moore_over: 110  | Present state_moore_nonover: 101 >> Next State_moore_nonover: 110----
Time=301 | Serial in=0  | Mealy_Over=0 | Moore_Over=0 | Mealy_Non=0 | Moore_Non=0
---Present state_mealy_over: 101 >> Next State_mealy_over: 000 | Present state_mealy_nonover: 101 >> Next State_mealy_nonover: 000 | Present state_moore_over: 101 >> Next State_moore_over: 000  | Present state_moore_nonover: 101 >> Next State_moore_nonover: 000----
$stop called at time : 335 ns : File "D:/ECE/FPGA Training NTI/Sequence_detector_overlapping_nonoverlapping/Sequence_detector_overlapping.srcs/sources_1/new/seq_detector_TB.v" Line 189
INFO: [USF-XSim-96] XSim completed. Design snapshot 'seq_detector_TB_behav' loaded.
INFO: [USF-XSim-97] XSim simulation ran for 1000ns
launch_simulation: Time (s): cpu = 00:00:02 ; elapsed = 00:00:07 . Memory (MB): peak = 1738.898 ; gain = 0.000
close_sim
INFO: [Simtcl 6-16] Simulation closed
launch_simulation
Command: launch_simulation 
INFO: [Vivado 12-12493] Simulation top is 'seq_detector_TB'
INFO: [Vivado 12-5682] Launching behavioral simulation in 'D:/ECE/FPGA Training NTI/Sequence_detector_overlapping_nonoverlapping/Sequence_detector_overlapping.sim/sim_1/behav/xsim'
INFO: [SIM-utils-51] Simulation object is 'sim_1'
INFO: [SIM-utils-72] Using boost library from 'C:/Xilinx/2025.1/Vivado/tps/boost_1_72_0'
INFO: [SIM-utils-54] Inspecting design source files for 'seq_detector_TB' in fileset 'sim_1'...
INFO: [USF-XSim-97] Finding global include files...
INFO: [USF-XSim-98] Fetching design files from 'sim_1'...
INFO: [USF-XSim-2] XSim::Compile design
INFO: [USF-XSim-61] Executing 'COMPILE and ANALYZE' step in 'D:/ECE/FPGA Training NTI/Sequence_detector_overlapping_nonoverlapping/Sequence_detector_overlapping.sim/sim_1/behav/xsim'
"xvlog --incr --relax -prj seq_detector_TB_vlog.prj"
INFO: [VRFC 10-2263] Analyzing Verilog file "D:/ECE/FPGA Training NTI/Sequence_detector_overlapping_nonoverlapping/Sequence_detector_overlapping.srcs/sources_1/new/non_overlapping_seq_detector.v" into library xil_defaultlib
INFO: [VRFC 10-311] analyzing module non_overlapping_seq_detector_mealy
INFO: [VRFC 10-2263] Analyzing Verilog file "D:/ECE/FPGA Training NTI/Sequence_detector_overlapping_nonoverlapping/Sequence_detector_overlapping.srcs/sources_1/new/nonoverlapping_seq_detector_moore.v" into library xil_defaultlib
INFO: [VRFC 10-311] analyzing module nonoverlapping_seq_detector_moore
INFO: [VRFC 10-2263] Analyzing Verilog file "D:/ECE/FPGA Training NTI/Sequence_detector_overlapping_nonoverlapping/Sequence_detector_overlapping.srcs/sources_1/new/overlapping_seq_detector.v" into library xil_defaultlib
INFO: [VRFC 10-311] analyzing module overlapping_seq_detector_mealy
INFO: [VRFC 10-2263] Analyzing Verilog file "D:/ECE/FPGA Training NTI/Sequence_detector_overlapping_nonoverlapping/Sequence_detector_overlapping.srcs/sources_1/new/overlapping_seq_detector_moore.v" into library xil_defaultlib
INFO: [VRFC 10-311] analyzing module overlapping_seq_detector_moore
INFO: [VRFC 10-2263] Analyzing Verilog file "D:/ECE/FPGA Training NTI/Sequence_detector_overlapping_nonoverlapping/Sequence_detector_overlapping.srcs/sources_1/new/seq_detector_TB.v" into library xil_defaultlib
INFO: [VRFC 10-311] analyzing module seq_detector_TB
INFO: [USF-XSim-69] 'compile' step finished in '1' seconds
INFO: [USF-XSim-3] XSim::Elaborate design
INFO: [USF-XSim-61] Executing 'ELABORATE' step in 'D:/ECE/FPGA Training NTI/Sequence_detector_overlapping_nonoverlapping/Sequence_detector_overlapping.sim/sim_1/behav/xsim'
"xelab --incr --debug typical --relax --mt 2 -L xil_defaultlib -L unisims_ver -L unimacro_ver -L secureip --snapshot seq_detector_TB_behav xil_defaultlib.seq_detector_TB xil_defaultlib.glbl -log elaborate.log"
Vivado Simulator v2025.1.0
Copyright 1986-2022 Xilinx, Inc. All Rights Reserved.
Copyright 2022-2025 Advanced Micro Devices, Inc. All Rights Reserved.
Running: C:/Xilinx/2025.1/Vivado/bin/unwrapped/win64.o/xelab.exe --incr --debug typical --relax --mt 2 -L xil_defaultlib -L unisims_ver -L unimacro_ver -L secureip --snapshot seq_detector_TB_behav xil_defaultlib.seq_detector_TB xil_defaultlib.glbl -log elaborate.log 
Using 2 slave threads.
Starting static elaboration
Pass Through NonSizing Optimizer
Completed static elaboration
Starting simulation data flow analysis
Completed simulation data flow analysis
Time Resolution for simulation is 1ps
Compiling module xil_defaultlib.overlapping_seq_detector_mealy
Compiling module xil_defaultlib.non_overlapping_seq_detector_mea...
Compiling module xil_defaultlib.overlapping_seq_detector_moore
Compiling module xil_defaultlib.nonoverlapping_seq_detector_moor...
Compiling module xil_defaultlib.seq_detector_TB
Compiling module xil_defaultlib.glbl
Built simulation snapshot seq_detector_TB_behav
INFO: [USF-XSim-69] 'elaborate' step finished in '2' seconds
INFO: [USF-XSim-4] XSim::Simulate design
INFO: [USF-XSim-61] Executing 'SIMULATE' step in 'D:/ECE/FPGA Training NTI/Sequence_detector_overlapping_nonoverlapping/Sequence_detector_overlapping.sim/sim_1/behav/xsim'
INFO: [USF-XSim-98] *** Running xsim
   with args "seq_detector_TB_behav -key {Behavioral:sim_1:Functional:seq_detector_TB} -tclbatch {seq_detector_TB.tcl} -log {simulate.log}"
INFO: [USF-XSim-8] Loading simulator feature
Time resolution is 1 ps
source seq_detector_TB.tcl
# set curr_wave [current_wave_config]
# if { [string length $curr_wave] == 0 } {
#   if { [llength [get_objects]] > 0} {
#     add_wave /
#     set_property needs_save false [current_wave_config]
#   } else {
#      send_msg_id Add_Wave-1 WARNING "No top level signals found. Simulator will start without a wave window. If you want to open a wave window go to 'File->New Waveform Configuration' or type 'create_wave_config' in the TCL console."
#   }
# }
# run 1000ns
1. DETECTION TEST 

Time=20 | Serial in=0  | Mealy_Over=0 | Moore_Over=0 | Mealy_Non=0 | Moore_Non=0
Time=30 | Serial in=1  | Mealy_Over=0 | Moore_Over=0 | Mealy_Non=0 | Moore_Non=0
Time=50 | Serial in=0  | Mealy_Over=0 | Moore_Over=0 | Mealy_Non=0 | Moore_Non=0
Time=60 | Serial in=1  | Mealy_Over=0 | Moore_Over=0 | Mealy_Non=0 | Moore_Non=0
Time=70 | Serial in=0  | Mealy_Over=0 | Moore_Over=0 | Mealy_Non=0 | Moore_Non=0
Time=80 | Serial in=1  | Mealy_Over=1 | Moore_Over=0 | Mealy_Non=1 | Moore_Non=0
Detection Success , Overlapping detector With mealy PASSED 

Detection Success , Non-Overlapping detector With mealy PASSED 

Time=85 | Serial in=1  | Mealy_Over=0 | Moore_Over=1 | Mealy_Non=0 | Moore_Non=1
Detection Success , Overlapping detector With Moore PASSED 
 
Detection Success , Non-Overlapping detector With Moore PASSED 

2. Overlapping DETECTION TEST 

Time=95 | Serial in=1  | Mealy_Over=0 | Moore_Over=0 | Mealy_Non=0 | Moore_Non=0
Time=110 | Serial in=0  | Mealy_Over=0 | Moore_Over=0 | Mealy_Non=0 | Moore_Non=0
Time=120 | Serial in=1  | Mealy_Over=0 | Moore_Over=0 | Mealy_Non=0 | Moore_Non=0
Time=130 | Serial in=0  | Mealy_Over=0 | Moore_Over=0 | Mealy_Non=0 | Moore_Non=0
Detection Failed , Non-Overlapping detector With mealy PASSED 

Detection Failed , Non-Overlapping detector With Moore PASSED 

Time=140 | Serial in=1  | Mealy_Over=1 | Moore_Over=0 | Mealy_Non=1 | Moore_Non=0
Detection Success , Overlapping detector With mealy PASSED 

Time=145 | Serial in=1  | Mealy_Over=0 | Moore_Over=1 | Mealy_Non=0 | Moore_Non=1
Detection Success , Overlapping detector With Moore PASSED 
 
Time=150 | Serial in=1  | Mealy_Over=0 | Moore_Over=0 | Mealy_Non=0 | Moore_Non=0
 Corner Case Test of S4 to S2
Time=200 | Serial in=0  | Mealy_Over=0 | Moore_Over=0 | Mealy_Non=0 | Moore_Non=0
Time=210 | Serial in=1  | Mealy_Over=0 | Moore_Over=0 | Mealy_Non=0 | Moore_Non=0
---Present state_mealy_over: 100 >> Next State_mealy_over: 010 | Present state_mealy_nonover: 100 >> Next State_mealy_nonover: 010 | Present state_moore_over: 100 >> Next State_moore_over: 010  | Present state_moore_nonover: 100 >> Next State_moore_nonover: 010----

 Mealy Glitch / Asynchronous Dependence
Time=270 | Serial in=0  | Mealy_Over=0 | Moore_Over=0 | Mealy_Non=0 | Moore_Non=0
Time=280 | Serial in=1  | Mealy_Over=0 | Moore_Over=0 | Mealy_Non=0 | Moore_Non=0
---Present state_mealy_over: 100 >> Next State_mealy_over: 010 | Present state_mealy_nonover: 100 >> Next State_mealy_nonover: 010 | Present state_moore_over: 100 >> Next State_moore_over: 010  | Present state_moore_nonover: 100 >> Next State_moore_nonover: 010----
Time=290 | Serial in=0  | Mealy_Over=0 | Moore_Over=0 | Mealy_Non=0 | Moore_Non=0
Mealy Glitch is High before clk cycle complete
---Present state_mealy_over: 101 >> Next State_mealy_over: 000 | Present state_mealy_nonover: 101 >> Next State_mealy_nonover: 000 | Present state_moore_over: 101 >> Next State_moore_over: 000  | Present state_moore_nonover: 101 >> Next State_moore_nonover: 000----
Time=297 | Serial in=1  | Mealy_Over=1 | Moore_Over=0 | Mealy_Non=1 | Moore_Non=0
---Present state_mealy_over: 101 >> Next State_mealy_over: 001 | Present state_mealy_nonover: 101 >> Next State_mealy_nonover: 000 | Present state_moore_over: 101 >> Next State_moore_over: 110  | Present state_moore_nonover: 101 >> Next State_moore_nonover: 110----
Time=301 | Serial in=0  | Mealy_Over=0 | Moore_Over=0 | Mealy_Non=0 | Moore_Non=0
$stop called at time : 335 ns : File "D:/ECE/FPGA Training NTI/Sequence_detector_overlapping_nonoverlapping/Sequence_detector_overlapping.srcs/sources_1/new/seq_detector_TB.v" Line 188
INFO: [USF-XSim-96] XSim completed. Design snapshot 'seq_detector_TB_behav' loaded.
INFO: [USF-XSim-97] XSim simulation ran for 1000ns
launch_simulation: Time (s): cpu = 00:00:02 ; elapsed = 00:00:07 . Memory (MB): peak = 1738.898 ; gain = 0.000
close_sim
INFO: [Simtcl 6-16] Simulation closed
exit
INFO: [Common 17-206] Exiting Vivado at Wed Jul 22 20:11:50 2026...
